卷,部,類,條名,條內全文,行號
卷之首,總論,—,占繇,凡十三條,1075
卷之首,總論,—,觀天地之會如分至有節建厭有位春秋之中曰分二分之日日出卯入酉晝行地上夜行地下皆一百八十二度半强故晝夜長短同也冬夏之中曰至夏至者陽極之至陰氣始至日北至日長之至日影短至也冬至者陰極之至陽氣始至日南至日短之至日影長至也建厭者日辰所會也斗柄所建爲陽建正月寅二月卯三月辰順數也日前一次爲陰建正月戍二月酉三月申逆數也陰建即月厭也厭對者正月辰二月卯三月寅亦逆數也四月陽建於巳破於亥陰建於未破於癸是爲陽破陰陰破陽故四月有癸亥十月有丁巳皆爲天地交會之辰也占夢者必考於其會始能按候而定吉凶,,1080
卷之首,總論,—,辨二氣之乘如制伐蔭義專及王相死休囚也幹尅支曰制支尅幹曰伐幹生支曰蔭支生幹曰義幹支比和曰專,幹者干也,1100
卷之首,總論,—,王所勝者死相所勝者囚故春則木王火相土死水休金囚夏則火王土相金死木休水囚秋則金王水相木死土休火囚冬則水王木相火死金休土囚也,王者旺也,1105
卷之首,總論,—,占夢者必究幹支生尅之情五行勝敗之實而後可迎其氣以詳之,,1109
卷之首,總論,—,審三辰之象如宿舍輪轉及五星所行合散犯守陵歷鬥拍彗孛飛流與日月薄蝕暈適背鐍抱珥虫蜺之類也宿舍者正月日躔娵訾於辰在亥二月日躔降婁於辰在戍之類而二十八宿輪環於日辰曆七元而始周也五星同舍曰合變爲妖星曰散寸以内光芒相及曰犯居其宿曰守相冒而過曰陵經之曰歷相擊曰鬥相偪曰拍光芒偏指曰彗氣四出曰孛自下而升曰飛自上而降曰流也日月無光曰薄𧇊毁爲食日旁祲氣曰暈將食先黑曰適形如背字曰背形如玉鐍曰鐍氣向日曰抱形點黑曰珥虹雄曰虫,音齧,1115
卷之首,總論,—,雌曰蜺也占夢者必探宿舍所臨而五星之變日月之異皆不可不精察以爲推者也,,1125
卷之首,總論,—,貴賤有别帝王有帝王之夢臣宰有臣宰之夢聖賢有聖賢之夢常人有常人之夢以至工賈商農輿臺厮僕則有工賈商農輿臺厮僕之夢窮通榮辱成敗𧇊盈各緣其人而爲推測不得以至卑至賤者乃妄以尊貴之象加之耳,,1131
卷之首,總論,—,邪正有分凶人獲吉夢夢則吉矣德不足以當之雖吉亦凶胡可幸也吉人獲凶夢夢則凶矣天必有以佑之雖凶亦吉猶可避也至如中懷惡意夢得吉占是必所以速其禍實抱仁心而反罹凶兆是必所以玉其成君子當察人之爲邪爲正爲邪中之正正中之邪則吉凶如列瞭禍福如隨影也,,1138
卷之首,總論,—,吉凶有概凡夢鮮美開明之象皆吉污穢傾晦之象皆凶優俳戲弄之類雖吉成虚妖異幻妄之事雖凶必散若天清日麗宮宇莊嚴服飾新整等類吉徵也或天清而忽黯日麗而忽昏宮宇服飾初完好而忽頺敝則吉裏藏凶若塗濘水濁形體臭穢草木枯槁等類凶朕也或塗濘而忽開水濁而忽澄形體草木污朽而忽鮮潔則凶中帶吉以至吉之爲虚凶之可散占夢者皆當以類推之毋庸執泥,,1149
卷之首,總論,—,敬肆有端禍兮福倚福兮禍伏天道無常惟人自召故夢瑞而德益修者福必臻夢瑞而縱恣者福轉爲禍矣夢妖而驕益甚者禍必成夢妖而戒懼者禍轉爲福矣故夢之妖瑞視乎其人之德不德召感幾微轉移呼吸不可不愼豈執經而論哉,,1162
卷之首,總論,—,夢變凡一夢而種種傳變如俄見白日日出忽雨纔得懽笑笑者隨泣方登山而泛舟乃舟行陸地頃立地而升天若天包我闥又如一寢之夢或屢遷多化或屢夢不更或百物代至數事一時夢固多端記宜全備倘夢者不能詳其前後述其始終故占有不中非占者過夢者過也或夢審矣而占者不能連類博觀精𠫭通變故占有不驗非經之陋乃說之陋也是故占夢者必求其備審其變稽其徵候内考性情外推王相庻幾凶吉之符無毛髪之𤕤云,,1172
卷之首,總論,—,夢寄凡見夢而互相徵應如他人之夢忽見諸我巳身之夢反見於人故臣有忠良主得之夢子有賢貴親得之夢夫有悵木眩稚榮顯妻得之夢人有窮達友得之夢或共寢而夢各異或隔絕而夢實同逮至久不相見素不相識遠不相及之人本無緣感突如托夢甚有神靈昭現英魂嚀誡凡此之夢皆宜精詳細究得之意象之先乃可推其奥𣺌也,,1187
卷之首,總論,—,夢有不占占有不驗不占有五神未定而夢者不占妄慮而夢者不占寤知凶阨者不占寐中撼寤而夢未竟者不占夢有終始而覺佚其半者不占,寤知凶阨覺而旣知夢之凶兆不可强占也寤皮命切驚病也故夢景不終,1199
卷之首,總論,—,不驗有五占夢之人昧厥本原者不驗術業不專者不驗精誠未至者不驗削逺爲近揉大爲小者不驗依違兩端者不驗,夢本遠而强以近夢本大而强以小是謂削揉也前以爲吉而後以爲凶旣信其凶而後疑其吉是爲依違也,1205
卷之首,總論,—,是非剖宗領竅何由洞本晰幾雖古法盡存尚難盡測故先師嘗戒數占,,1209
卷之首,總論,—,夢無晝夜必有吉凶凡人覺而興也形役寐而寢也神遊形有興𥨊神有歛觸歛則無夢觸則夢成古今一晝夜也晝夜一息也固有辨乎形神必無分於晝夜占夢者勿異視焉,,1214
卷之首,總論,—,怪異無占尋常有驗如所夢之兆雖奇誕可驚而原其情事眞屬荒唐迂謬者經固無占强占不驗又如夢甚平常似無足異而究其根由度其時勢非無關係者經縱無文比類而推則亦有驗不可忽也,,1223
卷之首,總論,—,仙神靈秘未可妄占凡泛常之夢不必用占惟精誠所感神靈所告者方爲可占或神靈指示姓名數目文字器皿之類如天機微露不盡泄漏者必俟後應乃見靈驗雖善占之士不可妄占姑識始末徐以待之又或冥𡨚報復夢旣無象機難懸揣也,舊有稚川識記今巳殘没不敢妄爲增入注此以表其從來云,1232
卷之首,總論,—,玉璅煇遺,有引晉叔徹索紞述,1243
卷之首,總論,—,余間占夢占輒偶中聞者異之太守陰公,陰守諱澹,1248
卷之首,總論,—,從問占書告之曰：曩入大學得一老父爲東道主其人無所不知且匿姓氏似畸人而隱者也因從老父請占夢之術老父爲紞指說遂獲審測而臆占之古法久湮實何嘗有書也乃爲略舉數言目以玉璅煇遺蓋悼長柳煇經之不傳耳原夫大易準乎天地猶藉蓍以成爻,易與天地準乃先聖之經尚須揲蓍以成其卦爻,1251
卷之首,總論,—,靈案於圖書必倚甲而開兆,鴻寶全書：刳玉靈於瑤海龜乃國家之寶亦必鑽其甲而兆見吉凶,1261
卷之首,總論,—,夢何倚藉實乃魂交,莊子：其寐也魂交其覺也形開,1265
卷之首,總論,—,旣觸歛之惟神詎禛妖之罔驗,神觸于形則有夢歛而無触則不夢,1269
卷之首,總論,—,探其隱賾希夷揆厥屈伸合變,幾甚隱微紛賾而理又難睹難聞如鬼神之屈伸若陰陽之合變,1274
卷之首,總論,—,靜焉有端爲性兮爲病動焉有本爲想兮爲因,人有禀性善夢醫藥莫療者有患虚損睡則夢與鬼交者又如陰氣盛則夢涉大水肺氣虚則夢見白物厥氣客于心則夢見丘山𤇆火之類又陽病夢熱陰病夢寒是爲病夢凡晝有所思夜夢其事之類爲想夢又晝因所見夜象其形而夢如因牧羊而夢車蓋之類爲因夢又有因無想有想無因又有因有想無想無因者不可拘一也,1278
卷之首,總論,—,精縈者識冥冥之獨徹感化者睹氲氲之相迎,如孔子思周公則夢見周公之類爲精凝之夢也又陰雨之夢使人厭迷風雲之夢使人飄飛之類是爲感夢,1284
卷之首,總論,—,象幻棼而不測旨微窅以難推,形接者猶可意料理度夢則靈奇詭誕態狀萬千雖人世未有耳目未經者或形現于夢中不易測識也此先聖窮神達化明燭幾先著爲占經玄微深宵實難詳審,1288
卷之首,總論,—,且如一人之夢變傳須備姑隨一夢之中巔麓宜追,有夢一而變二有夢此而傳彼必記之周悉况夢又有前後起止必追究分明方可决斷,1292
卷之首,總論,—,審萌朕之平奇後識應徵之迪逆,音識察平常怪異夢各不侔故應驗徵符吉凶亦别,1296
卷之首,總論,—,閟兹宣神明母執,先聖今指其妙學者又當神而明之以通其變,1301
卷之首,總論,—,問人兮品倫何定,如貴賤賢愚男女僧道其品不同尊卑長幼親疎其倫不一或大人夢之爲祥小人夢之爲殃正人夢之爲福邪人夢之爲禍之類當視其人之分位而推之,1306
卷之首,總論,—,問地兮隅道何垠,如家居野宿山水村鄕或諸郡邑或邸寓空房東西南北之類地甚不同當隨地推論,1310
卷之首,總論,—,問時兮循環無間,如晝夜十二時四季八節二十四候氣運互相衰旺及春夢發生夏夢高明之類當乘其時候以推休咎也,1314
卷之首,總論,—,問日兮飛走無停,如甲乙子丑干支各値晦朔弦望三旬五行所犯不同當究其生尅冲刑破勝而推㫁也,1318
卷之首,總論,—,體有殢兮訊所棲,如登樓卧地憑几蒙衾或在舟車之中所謂尸有含則夢强言而聲隌之類不可不察,1322
卷之首,總論,—,心有祈兮叩所祝,或禱于仙宮神廟志欲求名問利預卜終身或本無祈請而所處時勢如獄訟病患之類,1326
卷之首,總論,—,情偶溢兮斲吾良,七情六欲各有其常過溢則發于夢者難占如恐甚則夢匿之類占亦不應也,1330
卷之首,總論,—,厲將侵兮馮吾轂,或妖厲强死之鬼依人爲殃如伯有爲厲之鬼或冥𡨚報復侵人爲禍如秦伯執晉人以踐妖夢之類古今有之亦當察也,1334
卷之首,總論,—,直叶不違兮疾剔篝而權趨權辟,作避先有所夢應無差忒是謂正應夢如夢剌客則得刺客之類或吉或凶醒而挑燈急宜趨避之也,1338
卷之首,總論,—,比形得肖兮徐協象而揣合揣離,以形象相比擬推其肖似與否爲比象夢如將蒞官則夢見棺之類,1344
卷之首,總論,—,旁寓曲呈兮錯綜以詔,如人爲巳夢巳爲人夢是旁寄夢如一夢而關幾事幾人及夢遠應近夢近應遠貫人終身之事者爲曲應夢非可一律論,1348
卷之首,總論,—,背極妄至兮虚實攸岐,正夢反應者爲背極夢如夢哭泣則晝有親朋讌會及夢楚子𥂧腦而戰反得勝之類陰極則吉陽極則凶即反夢也又有夢似可疑而迄無徴驗者爲妄夢也,1352
卷之首,總論,—,顯兮怪兮稽曩古而無占邇兮逴兮貭今兹而有應,夢有甚顯明甚奇異經文本無占說有甚玄遠甚平近而現在之事竟有徵應,1357
卷之首,總論,—,倪固萬遷理非一定是豈篋端可究眞非韋絕能窮,夢之變遷理之員轉非簡冊所可盡載而占夢之業義理玄奥探討難精也,1361
卷之首,總論,—,准之於理兮幽明齊眎,凡夢有可以理察者如日爲君象月爲后象馬屬離離爲火之類是也,1366
卷之首,總論,—,體之於情兮悲喜難通,夢又有非人情可通者如將見孝服而夢衣綘赤將得財利而反夢污穢沾身之類與情異也,1370
卷之首,總論,—,文意義兮書點畫任縷剖而條分,推以文辭則意與義可以細𠫭合之字畫則點與畫可以指剖,1374
卷之首,總論,—,數若目兮姓若名用掌陳而譜證,夢中所示數目所指姓名或本夢無此而以數目姓名推之可通者凡此之類占夢家當周思其故詳審其機不得妄執偏見也,1379
卷之首,總論,—,奚庸膠柱調音尤貴𠫭賢叩聖,如見異夢旣當以經融通推究又須焚沭齋戒禱于先聖先賢卜之易卦以决吉凶,1383
卷之首,總論,—,觀兆易之凶吉决靈機之咎休,視易卦之或吉或凶方可定夢機之爲休爲咎,1387
卷之首,總論,—,大覺希聞竊媿達天人之際小言略舉敢云闡造化之幽,占夢之術非達乎天道人事之妙者不能精故謙言未至大覺不得指點大夢况夢乃神遇眞造化之幽幾非易闡明也,1391
卷之首,總論,—,先兮有幾窴中兮有窴,夢之所示者幾也而此幾之先又藏一幾經之所著者奥矣而其奧之中更寓有奥當精而益精勿淺淺推測,1395
卷之首,總論,—,矧彼詭說疣辭寧足闚宗領竅,至若俗本周公解夢及夢苑全書之類此皆邪說贅辭豈足通其微妙,1400
卷之首,總論,—,謹竢專工于來禩幸獲益損乎前賢,又望後世有術業専一精工者或能增益攺損此書以補吾言所未及爲幸也,1404
卷之首,總論,—,儻受之者重滋侮凟斯授之者輕泄蒙諐,此乃聖賢之旨天人之秘不得妄傳匪人自獲罪譴也可,1408
卷之首,總論,—,━━━━━━━━━━━━━━━━━━━━━━━━━━━━━━━━━━━━━━━━━━━━━━━━━━━━━━━━━━━━━━━━━━,卷之一,1414
卷之首,總論,—,━━━━━━━━━━━━━━━━━━━━━━━━━━━━━━━━━━━━━━━━━━━━━━━━━━━━━━━━━━━━━━━━━━,,1416
卷之一,天象部,天,天地相合大吉,占天地交暢于卦爲泰夢者君臣相得父母曰雙寧亨昌之象謀無不遂求無不利元吉天地者至尊之宰厚載之元從𥥆冥芠漠澒濛希穆中動而陽靜而陰自有開闢以來位上位下化生萬類人得其秀而最靈神氣之交與本始合故見於夢天氣爲魂地氣爲魄人之晝興則魂麗于目故能睹焉人之夜寐則魄宿于肝故能夢焉神遊乎天地此清貴之占富厚之澤也,1435
卷之一,天象部,天,天地分開貞吉否凶,貞吉否凶占上下隔絶之象貴者夢此名位肅清常曰人夢之主父母夫婦主僕分離違背,1446
卷之一,天象部,天,天旋地轉吉,天運回地候返人事新也此爲氣運交亨之兆文占人夢之指日登雲歩月平人夢之利于營謀作事曰攺業遷圖,1455
卷之一,天象部,天,天地黑陷凶,此夢幽囚險墜之兆黑者明之背陷者平之反凡占象應天地者夢此非吉婚姻不成交易不遂父母曰不寧官訟不理凡事宜小心警懼或志氣昏惰神思驚惶有此兆,1463
卷之一,天象部,天,天日雲山朗霽吉,占天下有山雲間有日萬物相恱喜氣奕奕天日朗曰霽大明中天之象也雲山朗霽瑞靄凝蒸之象也,1474
卷之一,天象部,天,天開大吉,乹象弗閉俄然劃開遊魂所遘奇瑞天來此爲貴占人遇時之象主得大財逢大貴兆應重新事無不曰泰也夢天開放彩者富貴之象萬倍尋常大吉○夢天高亮陽明顯達之象事事亨吉○夢天昏黑者意多鬰抑主事不明○夢天崩裂凡百憂虞上危中决主有大䘮大敗○夢天低近身主被寵承恩天臨其身承天者榮也○夢天作悲鳴主凶䘮大故四境兵荒○夢投天河中不利濟涉之象○夢天色將曉年華方盛○夢天晩無光主晩景淒涼家道中替○夢天尊呼喚者大吉惟病人不祥○夢飛上天文人大吉身生兩翼者主夾助之力○夢天□飲馬主四海安寧,1478
卷之一,天象部,天,天開九重吉,占天門者貴地也見居權要曰者一重一位循此爲推陶侃夢生八翼飛而上天見天門九重巳登其八唯一門不得入閽者以杖擊之因墜地折其左翼及寤左腋猶痛後果都督八州而止,1482
卷之一,天象部,天,天上登天貞吉,占天行健君子以自强不息夢此者名上加名利上曰增利登天則七政五行皆屬于下安富尊榮之兆,1490
卷之一,天象部,天,渡天河大吉,雲漢問津銀河登岸凡事得濟諸人風便夢者主占男女情意得通幽期宻約會合有緣功名吉謀爲曰遂凡事有扶携濟渡也廣州潘梨與婦期春日成婚客外貨殖一疾幾斃醫藥莫療巳稍信至家矣其婦忽夢身渡天河解者曰郞君當得歸耳不日成匹家人未之信潘果疾愈而歸遂與婚焉,1494
卷之一,天象部,天,二天三天四天九天,占夢二天者主得人覆庇夢三天者主有奇遇曰夢四天者主入空門夢九天者主證玄修,1500
卷之一,天象部,天,三十三天天內有天,占夢登三十三天主意外超曰㧞夢天中有天怙冒重重,1504
卷之一,天象部,天,天衢歩吉,何天之衢履而得亨文人夢之遂志仕宦夢之加占官婦人夢之子貴行商夢之利倍僧道夢之仙遊曰疾病夢之不吉謀事通達詞訟大勝貴人扶持之應,1509
卷之一,天象部,天,上天鑿池吉,占鳳飛振羽集天池鑿井逢源又失雌曰圖利問名君莫阻乘高盡力一生資,1513
卷之一,天象部,天,洞中窺天見光大吉,占玄中之玄明光洞達當有棄暗投明曰之喜名利漸通官訟得白病者將瘥,1517
卷之一,天象部,天,升天立橋上見牌額大吉,占所履者象爲雲梯所睹者象爲文㮄文士夢曰此攀龍附鳳在位者必官升極品之兆也,1521
卷之一,天象部,天,天上獲稻吉,占此夢功名商賈交易宅舍酒食謀事田土曰婚姻諸事皆吉孕婦夢此必產麒麟之子,1525
卷之一,天象部,天,天上掘塚露棺吉,占此爲貴人遇貴之夢也掘者非地露者曰爲官貴人得此天官之爵大昌之象,1529
卷之一,天象部,天,天晴雲雨散吉,占重陰開憂疑解霽色來胸懷泰凡曰求功名謀財利先難後易之兆也,1533
卷之一,天象部,天,升天大寒受凍吉,占此夢兵戈爭𨷵之兆寒如寨凍如陣出兵大曰利奏凱班師平人夢此一番寒徹撲鼻生香,1537
卷之一,天象部,天,天上拜冕服王矦大吉,占乘高遇貴福祿榮華躬爲抑折履獲亨嘉曰錫天之圭受神之祚王公氓庻雲衢得路,1543
卷之一,天象部,天,與天神言語吉,占此爲堂陛賡歌之兆寵臨位至奇曰瑞異常平人夢此亦非不祥也,1547
卷之一,天象部,天,騎巳上天大吉,武士彠從唐高祖平京師爲太原郡公自言嘗夢帝騎巳上天高祖𥬇曰汝𡡾我耶後彠次女爲武后則天追冊爲帝,1552
卷之一,天象部,天,負人登天貞吉否凶登天貴之徵負人賤之役人非其人隕身阸也如,貞吉否凶登天貴之徵負人賤之役人非其人隕身阸也如占小臣夢負晉景公登天而遂以從塟爲與主俱殂曰之兆也,1556
卷之一,天象部,天,金甲神捧巳上天大吉,占捧上天履至尊也神披甲巨力助也作曰存不善懼神禍也德有所積𫉬天祐也,1564
卷之一,天象部,天,人推上天,此夢貴人得助病人得禍之兆天地大寶其人乃占升輔弼之者帝師玉臣或夢推人上天者亦爲擁曰䕶王矦之象大吉祥也惟疾病不利宜詳細之,1568
卷之一,天象部,天,見狀元遊天街大吉,占雲霄路貴人來見之吉瑞懷胎見主貴曰人接引之兆若夢同遊則同登之兆矣,1572
卷之一,天象部,天,兵馬遍天凶,占此兆帝王夢之天下擾庻人夢之家庻曰變經商交易財利虚功名爭訟多浮泛,1576
卷之一,天象部,天,上天求妻兒六親吉,占此夢遇緣𫉬慶之兆也升彼高明曰問爾陰小積善者慶凡事有緣,1580
卷之一,天象部,天,上天見父母貞吉否凶,貞吉否凶占利見大人在田在天于夢爲殃主入幽曰冥之府父子團圓矣追薦保禳無咎,1584
卷之一,天象部,天,與天女相會吉,占牛郞織女鵲橋初渡天際奇緣曰婚姻有路相彼吉人佳偶至也,1589
卷之一,天象部,天,君臣朝天大吉,此爲宗子家相一德同心如魚得水之象也官員占夢之必有輔弼之任士人夢之必有功名之喜庻曰人夢之必有富貴之臨謀望求財無不遂意也,1593
卷之一,天象部,天,抱子升天吉,占此乃父子同登之兆若未得子者必產曰奇種瓊枝巳得子者必主公矦卿相,1597
卷之一,天象部,天,上天見聖眞求道,占學問主有進益科試主有人扶問婚成孕曰生貴病宜禳求財吉凡事必有陰庇也,1601
卷之一,天象部,天,上天拜世尊諸羅漢吉,占於佛有緣江河之上獲利平安主修行曰善果者得慈悲感應福壽無彊之兆,1605
卷之一,天象部,天,天上對奕,占此夢對壘紛爭之象凡事夢此勝則爲祥負則曰爲殃和則爲安天機一着應在三百六十之數,1609
卷之一,天象部,天,天上坐大吉,占此爲首掇魁名之象也天者至高之位曰坐其上高而過亢科第則吉餘宜愼之,1615
卷之一,天象部,天,天門張㮄,占天門張㮄名冠皇都㮄上何人視曰其有無如蒙昧不明不爲佳兆也,1619
卷之一,天象部,天,補天,占此兆文人佐主中興婦曰人傷夫再𬋕凡百皆祥,1623
卷之一,天象部,天,向天號泣貞吉否凶,貞吉否凶號呼兮父事空王悲泣兮母渡蓮邦淒淒兮夫杳占蘭房如素有𡥉心者爲誠意所感必主得父母之曰懽心也,1627
卷之一,天象部,天,焚香祭天𤇆上達大吉,占祭天祈寧而禱福也𤇆上達名傳曰而譽聞也事事吉昌功名尤貴,1634
卷之一,天象部,天,天門赤色凶,占此夢四方兵動之象天門者帝闕曰色赤者兵戈四方騷動一德能禳,1640
卷之一,天象部,天,仰卧視天,占伏龍雛鳯待時奮發晩年榮貴吉昌之兆卧者身曰在地仰視者目暏天爲身倚實地得見天日之兆,1644
卷之一,天象部,天,登天欲上復墜落凶,占上天名位得也復落得復失也常人則主曰延年作事謀望恐有阻隔難成宜守舊,1648
卷之一,天象部,天,天門開大吉,闢乹戶啓帝閽位高躋兆中興貴人夢之當遊帝闕士人夢之當登雲路平人夢之當得家業豐腴占財利通達若天門闔者功名不能上達經商不能曰獲利凡事宜愼防有閑是閑非也惟求婚夢天門開者不諧薛安都夢仰面視天正見天門開及宋始祖登位乃歎曰前夢天門開乃中興之象也,1652
卷之一,天象部,天,臨天府謁天門吉,至尊之居臨以至虚之神宦途赫奕福壽緜緜婦占人必主夫榮寵誥道者必主名列上清平人家事曰康寧吉無不利也,1658
卷之一,天象部,天,天開見金殿森嚴大吉,占天闕舒主國寧金殿呈主位登霞光燭身曰森嚴寵臨仕進夢此朝天闕歷金門之兆,1664
卷之一,天象部,天,上天升屋吉,占此乃吉祥進爵之兆夢之者遷移宅舍更攺事業曰官位高陞功名顯達凡百事貴賤之人皆得亨佳,1668
卷之一,天象部,天,登天上月臺見羣仙大吉,占歩雲梯登月殿名譽彰而無疑曰晤瓊姿會諸仙福壽綿而無算,1672
卷之一,天象部,天,攀天柱大吉,占搴槎旦夕忽騰驤擎柱王家作棟梁曰閨梱必懷龍鳳種達人名譽德方彰,1676
卷之一,天象部,天,天靑色吉,此夢吉事有祥之兆也夢者功名遂家業豐經營占利父母寧子孫賢丈夫貴如夢天色紅黃者主運曰行水土福祿永昌或黑白色者不爲佳兆,1680
卷之一,天象部,天,天上霞光燦爛照身大吉,占寵光薦至災病全除仕宦者必被曰五服五章貨殖者必腰纒十萬,1687
卷之一,天象部,天,天壓巳身,穆子夢天壓巳身弗勝見旁有黑人呼之曰牛助占余乃勝之後得豎牛狀合夢中乃使爲政穆子遂曰爲豎所餓而死,1692
卷之一,天象部,天,天開眼大吉,占天舒目察世人也凡人夢此事世主牧世民曰食世祿獲世利也富貴異常福壽駢臻之兆,1697
卷之一,天象部,天,天張口舌貞吉否凶,貞吉否凶占此夢大不祥爭訟不宜營謀不利作事不成家道曰不寧功名不遂婚姻有阻口舌紛紛愼之無咎,1703
卷之一,天象部,天,以舌餂天大吉,占維彼成湯獲此佳祥命式九圍綏撫萬曰方非至德之聖人不可妄言此兆也,1708
卷之一,天象部,天,捧天大吉,占此爲匡扶社稷之兆非大貴人不足曰當之也女子夢之當事貴夫育貴子韓魏公知泰州病數日忽夢以手捧天二次後援英宗于藩邸翼神宗于東宮定策兩朝乃應其兆,1712
卷之一,天象部,天,天缺一面,占缺者西北位也往無攸利大臣夢此曰面去一畫爲回回天之力補天之功,1718
卷之一,天象部,天,背負天吉,此夢身當重任之象官訟不能遽勝功名未即顯占遂求利費力求婚男壓女家病有鬼神宜保禳也曰公卿得此爲盡力主君祥不德則爲違天否凶,1722
卷之一,天象部,天,上天摘得蟠桃食大吉,占瑶岩有奇種華食幾千秋俄從至尊處摘食海添曰籌孕婦夢之必產壽星老人夢之必綿永算大吉,1729
卷之一,天象部,天,天女裁衣吉,占夢此者男逢美女情意相依夫得嬌妻身心相帖曰功名之士主宮袍傳御内衣錦看花回吉祥如意,1733
卷之一,天象部,天,巡天摸星大吉,占此兆凡人夢之官爵必應台宿功名必曰獲魁元家門必藏金寶子嗣必產麒麟,1737
卷之一,天象部,天,袍服飄飛上天大吉,占衣裾翩躚指日昇天此指文人脱白曰掛綠指日靣君有不假薦引之力意,1741
卷之一,天象部,天,天使賫袍笏至家大吉,此夢最吉昌武職封矦文官拜相遷官陞位封妻占蔭子事事佳祥前程有意外超遷之象財利婚姻曰酒食子嗣皆不謀而自至也,1745
卷之一,天象部,天,乘舟車上天,貞吉否凶駕車泛舟皆亨通之兆乘之上天一則登高可慶占一則憑虛可危當隨其人相其地而推之德臧否曰禍也,1749
卷之一,天象部,天,天開見燭光大吉,黃離元吉夢此者功名高顯利祿豐隆凡百事得占見光明洞達之象天心照人自揆方寸修德以應曰之文士即身被文光名譽彰著荷蒙天眷者,1754
卷之一,天象部,天,扶梯上天大吉,占名位陞遷極品榮華之兆靑雲有路紫誥曰重來凡事夢此大吉之象惟病人不宜許渾夢登梯苒苒上天俄復墜下仍從梯循上三層而止後應選初擬首薦及唱名以貌劣遂置第三果如所夢,1758
卷之一,天象部,天,天懸一鏡,此夢蒼穹垂鍳之象也天鍳在兹不可不愼求名占遇貴官訟得理謀財懸望未即到手如照見自身曰者當有妻妾奇緣從天而賜之喜,1764
卷之一,天象部,天,天樂合作大吉,占此夢天籟和鳴之象父母順兄弟和夫妻合曰官訟解音信至聲名起技藝精無不吉利,1768
卷之一,天象部,天,一木破天,王敦舉兵夢一木破天以語許遜許曰非嘉兆也時吴君同謁在坐曰木上破天未字也公未可妄動公不聽以至于敗張斌當應舉夢竪竿中天索紞曰此未字也斌果停按此夢如遇未年月日應,1772
卷之一,天象部,天,天鼓大鳴大吉天嗚鼓朝堂會集之象夢此者聲聞帝閽名傳天,天嗚鼓朝堂會集之象夢此者聲聞帝閽名傳天占壤○王曆經曰君失德不從臣諫則天鳴在天則曰凶爲夢則吉,1778
卷之一,天象部,天,天上張網身被𫉬貞吉否凶,貞吉否凶占天上網羅人間牢獄征戰爭訟病人商賈諸曰事夢此不吉惟應試投軍之類得取用之祥,1785
卷之一,天象部,天,天神授經書紙筆大吉,占天授書筆皆吉兆也必當展經濟爲大手筆曰如夢筆生花也細推其意祥瑞不能盡述,1790
卷之一,天象部,天,仰觀天文甚親切吉,三辰列宿璀璨遊魂此乃胸藏錦繡家裕金珠之占兆士人學進名高庻人業新子秀事無不佳也或曰觀日月星辰朗朗布列者主帝王英睿文明聖哲之君在位治世也,1794
卷之一,天象部,天,天落錢凶,占錢乃金屬金乃刑官于世爲利于夢爲貪從曰天而下天災可愼也急須修省以轉移之,1800
卷之一,天象部,天,上天得大珠,占吉人夢此產貴子𫉬奇福兇人夢之曰受災殃遭天戮應試夢之當占大魁,1804
卷之一,天象部,天,天上杏花開遍大吉,天街踏遍杏苑春香首占元魁之兆如折得桂枝占者科甲連登醫士夢之主術高施濟女子夢之主曰夫貴子秀,1808
卷之一,天象部,天,上天折蘭大吉,占此夢紉瑞佩祥之象功名大貴財利富足得賢妻曰納美妾招秀女主應春秋之月必逢清貴之祥,1812
卷之一,天象部,天,身飛上天變鳯凰大吉,占鳳凰鳥中王變之者人中鳳也丈夫定爲卿相女曰子必配王矦文人遇試必占魁元以文章名世,1816
卷之一,天象部,天,跨鶴升天吉,占此象老人夢之福壽綿綿文人夢曰之秀發翩翩婚姻得成疾病罔痊,1820
卷之一,天象部,天,聞天雞唱,占雞人初報玉皇宮傳道神仙第一峰曰提醒世間憧憧子一聲寒闕旭方東,1824
卷之一,天象部,天,乘龍上天吉,占乘龍御天大爲貴象文士占龍頭武曰臣掛蟒袍之兆遇婚姻謀望俱吉光武帝夢乘龍上天覺而心中動悸馮異賀曰此天命𤼵于精神心中動悸大王愼重之性也遂定議即皇帝位孫奉伯與蕭道成同寢夢道成乘龍上天奉伯在下捉龍脚不得覺謂道成曰公當大庇生民恨我不得見也,1828
卷之一,天象部,天,抱麒麟下天大吉,占天上麒麟懷之下降乃大貴之象人若夢此曰必得奇異之子初仕夢此當遷𮙥補之職,1836
卷之一,天象部,天,登天跨犬,占大字如狀字登天跨之應試主列魁名之首曰兆中狀頭也常人夢之主多得子滛慾須節,1840
卷之一,天象部,天,白魚化龍飛上天大吉,占此乃脫白衣錦之象也文士夢之蛟龍雲曰雨從此飛騰若富者夢之大非佳祥耳,1847
卷之一,天象部,天,天上蝦蟆吐彩吉,蝦蟆虫之微月之魄也吐彩天宮文章煥發之象占也今人夢此雖日前貧困異日必有發榮應在秋曰月或望日大爲吉兆,1851
卷之一,天象部,日月,日月同宮大吉主爵祿榮耀,主爵祿榮耀易卦爲離大明當天繼照四方之象占夢此者父母俱泰夫婦齊睂子孫孕育凡事向明曰之兆也日者陽精之宗人君之象月者陰精之宗母后之占日廣徑千里周三千里月小於日數里日光所照徑八十一萬里周二百四十三萬里日行四極代爲晝夜月體近日則光虧遠日則光漸滿月與日同度爲朔而無光衝分天中爲望而光滿行于白道與黃道交處在朔則日食在望則月食故日月光華天子與后治教之休陰象相得之道日月蔽蝕天子與后職業之失陰陽剝勝之形見於夢寐大氐以此理而推之也,1861
卷之一,天象部,日月,日月生草吉,主年豐大有田土豐熟宅舍康寧營謀獲利酒食占沾需子嗣昌盛也日旁有月爲明明上生草爲萌曰夢有萌兆隨事須詳,1879
卷之一,天象部,日月,日月交蝕凶,占此兆王矦夢此必主征戰平人爭訟夫妻反目病曰者鬼侵大不祥也爲商賈防小人陰害宜小心,1885
卷之一,天象部,日月,日月雙吞入腹大吉,占此夢必產大貴兒生大貴女王矦之種曰后𡚱之祥也主建勛猷享名譽之兆,1892
卷之一,天象部,日月,日月着身吉,日月迎身主祿位加陞也婚姻吉產孕貴商賈利占福祿沾身之兆周西伯夢之而其子武王爲天子曰是大貴之占不易得者,1896
卷之一,天象部,日月,日中天大吉,此太陽方中萬物光明之象王公夢之世運熈隆士庻夢之名利亨通運限方好壽命甚長君子得占此當有日中則昃之戒餘獲吉無窮也○夢日破曰裂主男子有災○夢日中有人主奸細○夢日中雷聲功名驟顯之占○夢身在日中主榮貴,1900
卷之一,天象部,日月,日初昇吉,占此兆位將陞福將至業將興病將起曰子將生財將發壽將增人將到也,1907
卷之一,天象部,日月,二日十日或日無數,占夢此皆羣雄並起天下不寧之象平人曰主陽精不固氣體虛浮必火症發也,1911
卷之一,天象部,日月,日出雲霞映射吉,占孤陽初振彩霞生中有蘢蔥佳氣萌曰光射蘭昆運新轉驀然騰出鐵圍城,1915
卷之一,天象部,日月,日黑暗凶,占夢此者諸事不佳國主弱家主昏奸邪欺蔽之兆曰常人夢之防父母憂疾婦人夢之防夫主喪亾,1919
卷之一,天象部,日月,日墜復昇吉,貴人夢此職落復起文人夢此前屈後伸家業中興官訟得勝產孕危中得安疾病死裏求生行商占遲而得利凡事宜謹愼修省保禳懺悔方吉如夢曰日墜不起者大凶或墜于家庭及懷抱之内者爲吉又兆也,1924
卷之一,天象部,日月,日鬪貞吉否凶,貞吉否凶占天無二日土無二王鬥者争雄征戰之曰象平人得此主與人爭訟及養父有言,1930
卷之一,天象部,日月,日出輕雲掩,元歸暘毋楊氏夢朝日出東山上有輕雲來掩之因名曰暘後登進士官至集賢學士爲名臣,1938
卷之一,天象部,日月,日缺半輪凶,占月有圓缺日無盈虧夢此者主至尊曰駕幸雙親身損諸事不利大不祥也,1942
卷之一,天象部,日月,雲開見日吉,占此夢爲臣遇君僕得主訟有理商獲利曰口舌散疾病除凡事吉慶非常之兆也,1946
卷之一,天象部,日月,日沉水底,日爲陽水爲陰陽在陰中主陰私得遂隨有獲貞占凶有孚在道以明何咎日昃之離不鼓缶而歌則曰大耋之嗟凶,1950
卷之一,天象部,日月,掘地出日光赫赫吉,鑿地得金烏其光奪人目貴人夢兆之載寢奔驎占騄士人主草野遇英雄之主平人主家園發豐𥙿曰之財女人主得奇兒,1956
卷之一,天象部,日月,登山捧日大吉,占登高山而捧旭日曰履帝居而輔聖君程立夢登太山捧日後事魏太祖以夢告之太祖命加日于立上攺名曰昱唐楊炎夢登山視日日赫然有光以左右手捧之後登宰相之位,1960
卷之一,天象部,日月,日蝕凶,占此兆帝王夢之夷虜相侵官員同寮相妬曰平人椿萱憂患手足懷欺病者鬼神作祟,1968
卷之一,天象部,日月,日繞城營吉,王敦將舉兵明帝宻知之乘馬宻至察敦營壘時敦正晝寢夢日環其城驚起曰此不黄鬚奴來也帝鬚黃故敦云然使敦能思帝至而日見于夢則天命有在矣何至甘禍敗乎,1972
卷之一,天象部,日月,山啣日大凶,占日在上山在下夢此者主下人懷欺之曰兆臣弑君子弑父僕弑主大不祥也,1976
卷之一,天象部,日月,入日宮見聖眞大吉,占步乹戶謁眞君爵位高陞名譽彰著也平曰人夢此事業隆盛羽流夢此道術精通,1980
卷之一,天象部,日月,神女授日吉,占此爲孕獲麒麟枝生金玉之象夢之者必產曰王矦之子大吉祥也若捧日納口所孕尤奇,1984
卷之一,天象部,日月,一鬼負日,日乃陽精鬼爲陰祟陽被陰欺之夢功名未遂後占當魁選官訟難理謀利有阻病者祭賽保禳爲吉曰作事俱有奸邪爲耗惟婦女夢之所私有約當有陰人引之而至必得懽合矣,1988
卷之一,天象部,日月,羣兒弄日輪飛轉大吉,占係小子失丈夫係丈夫失小子隨有曰求得利居貞幹父之蠱有子考無咎,1992
卷之一,天象部,日月,抱日大吉,占此夢位至公矦子生睿聖之兆平人夢之凡曰有營謀圖望只在旬日之見必有喜氣來臨,1996
卷之一,天象部,日月,日中考試對策吉,占夢中考試又在太陽之宮無不美利曰也凡所謀爲若有神助事事吉利,2001
卷之一,天象部,日月,負日而行大吉,占武臣兆此身建元勲文臣兆此功扶曰社稷秉麾持節天使奉勑之象也漢王美人有娠畏何皇后性忌欲服藥除之數夢負日而行藥下胎安不動遂生獻帝而美人卒爲后鴆死,2007
卷之一,天象部,日月,騎日上天貞吉否凶,貞吉否凶占跨日升天乘陽載高主心火身熱之疾貴曰人夢此必登寶位老人夢此大爲不祥,2015
卷之一,天象部,日月,洗日色倍赤吉,占忠臣浴日明主中興之象常人得之主攺舊曰更新蘭桂重生之瑞士人得之文章煥發,2023
卷之一,天象部,日月,日光入戶吉日光入戶主貴人來也求名有意外之𮞸謀財有,日光入戶主貴人來也求名有意外之𮞸謀財有占望外之獲産孕有奇異之祥凢百事皆近貴榮寵曰臨門又有日光自窻中照身者必生大貴之子如北魏文昭皇后是也,2030
卷之一,天象部,日月,雙日照戸,占此兆主有貴者聯車而至喜氣重重曰福祿綿綿也孕者主得𩀱貴子女,2036
卷之一,天象部,日月,日出屋內,魏主拓㧞珪毋賀皇后因遷徙游於雲澤夢日出室内俄而見光自牖達天有感以建國三十四年七月七日生珪於参陂,2041
卷之一,天象部,日月,負日出井中吉,日者雞象井者穽形負雞出穽主扶大貴人于患占難之中夢此者囚人遇赦臥病逢醫產育易生應曰在西年生者更佳,2045
卷之一,天象部,日月,日華五彩大吉此爲富貴光華之兆也貴人夢之主權埶日隆文,此爲富貴光華之兆也貴人夢之主權埶日隆文占章日進常人夢之主事業新榮壽命遐永病者痊曰孕生貴百事無不亨吉之兆,2051
卷之一,天象部,日月,吞日大吉,占此夢仕者夢之必登相位文人夢之必擢曰魁元孕者夢之必生貴子此大吉之占也陳覇先嘗夢天開數丈有朱衣人捧日令覇先開口納而吞之及覺腹中尤熱後果登宰相之位毛貞輔累爲邑宰應選之廣陵夢吞日旣寤以問楊廷式楊曰此夢至大非君所能當若以君言之當爲赤烏塲官也果如其占以此推類可見占者宜隨其人隨其事隨其時地而論不可泥一而巳,2058
卷之一,天象部,日月,日宮設宴大吉,占此夢宴赴瓊林之象仕宦者當蒙賜曰宴尚食文士應食天祿旣廪之榮,2070
卷之一,天象部,日月,日食懷中吉,占此夢士人主佩玉璽金章婦人必產龍見曰鳳種吉祥異兆也若經商謀利必得大財,2075
卷之一,天象部,日月,日墜頭貞吉否凶,貞吉否凶占太陽之精墜于諸陽之首夢者曰當遇貴人姓名加日事機可測,2080
卷之一,天象部,日月,日光照身吉,日光君恩也照身寵至也大則兆應王公小則功占名榮顯文武恩綸商賈獲慶疾病好是非散女人曰孕貴,2086
卷之一,天象部,日月,日墜庭中以裾承吉,占此爲天降禎祥也添年得貴子求曰利獲奇珍天相吉人不謀而至,2093
卷之一,天象部,日月,雙手捧日大吉,手捧日兮元首明元首明兮股肱良明良賡兮天占運昌天運昌兮德莫當德莫當兮大人祥吁嗟兮曰大人祥,2100
卷之一,天象部,日月,日繞帷入衾吉,占此兆貴于功名瑞于子女婚姻曰夢之必招奇偶非常之祥也,2105
卷之一,天象部,日月,車載日入室大吉,占兆主驟貴乘車駕馬榮顯門楣商賈𫉬財曰滿載而歸士人登第傳驛而至無不吉利,2110
卷之一,天象部,日月,日逐逃避,北魏高夫人夢日所逐避于牀下日化爲龍繞巳數匝寤而驚悸遂生世宗于平城宮中,2114
卷之一,天象部,日月,射日落地,日落地主不祥也日者首象也射落者中象也落占地者獲取也士人夢此大吉武士夢之中舉有斬曰將之功商賈夢之取利倍常爭訟夢之必得全勝,2118
卷之一,天象部,日月,見日內有文字,占此夢文明之象功名遂志餘以文字之意曰推之當有别應或文學日進制作垂名,2122
卷之一,天象部,日月,日宮折花吉,占日宮兆爲春宮折花兆爲折杏文人主登雲曰歩月婦人主配虎諧龍平人主生貴美之女,2126
卷之一,天象部,日月,乘龍逐日大吉,占此夢士人夢之主辰年擢魁元近天子大展經曰綸宏濟蒼主王矦夢之極貴常人莫及之兆齊主蕭道成年十七時夢乘靑龍上天西行逐日後果受宋禪,2130
卷之一,天象部,日月,驅牛挽日吉,占牛有𧢲日加頂夢此者曰加官陞位丑年月應𨶒英夢日墮其居黃山下水中村人以牛車挽致不出英獨抱載而歸後官至散騎常侍,2136
卷之一,天象部,日月,鳳鳴立日中大吉,占嗚鳳立于當陽夢此者主朝廷之上有忠諫曰之臣其在常人亦雞巢之鳳凰主丹宂生雛,2144
卷之一,天象部,日月,日中烏飛出凶,占烏乃惡鳥出則皆非吉兆帝王夢此朝廷必有奸曰黨群聚庻人夢之日無烏爲口防有閑是閑非,2148
卷之一,天象部,日月,日月飛旋,貞吉否凶此爲韶華易謝之兆日月行如電老者夢此前途有限學者夢此寸陰宜競餘細推之,2155
卷之一,天象部,日月,日照葵花吉,占葵乃向陽之花葵心向官日光被葵君臣相曰得明良相慶也夢此者諸事必得忠心扶助,2162
卷之一,天象部,日月,日化龍吉,占化龍變鳳皆爲貴象日乃雞穴西年生者夢曰之更吉人臣夢之遇明主人子夢之主親壽,2166
卷之一,天象部,日月,日生一𧢲,占日一𧢲白字也𧢲者冠翅也文人曰夢之白屋書生頭𧢲崢嶸之象,2170
卷之一,天象部,日月,月圓明亮大吉,此夢光華圆滿之象月圓大位也明亮得光寵也凡事享福無不遂意婚必合孕必貴名必揚利必倍訟必理病必瘥家道昌壽命永有所期約應于占卯年月及望日也○夢月初出非聯隹儷必產祥曰麟○夢月變爲日主生子受妻之制○夢有幾月在天主添妾婢○夢月有翳主右目疾○夢月光四散主陰事散陰人離,2176
卷之一,天象部,日月,月暗,占月陰象暗陰中之陰也孕婦則吉餘主母有曰憂病妻有災殃凡百事皆曖昧不明之兆也,2183
卷之一,天象部,日月,新月如鈎啣大星,占新月啣星兆主女主信老臣幼君侮宰職凡人卑曰幼者不宜夢之又有少女懷貴孕之祥非一論耳,2189
卷之一,天象部,日月,月墜落凶,占此夢主國母凶憂之兆凡功名商賈交易諸事皆曰爲不祥病人孕婦尤爲不宜父母妻妾防有大悔,2194
卷之一,天象部,日月,登天奔入月吉,天者始位月者仙宮登而入之當大貴也惟在縲占絏囚獄之人大爲不祥月形兎兎形免登天入之曰不得脫免之兆,2198
卷之一,天象部,日月,燒香拜月,占此象男女夢之主有私情暗約凡𡚱𡣕妻妾當曰得夫主懽心事事隱暗之中必有際遇吉祥也,2202
卷之一,天象部,日月,月忽雲遮凶,此兆下人欺上之象月被雲遮君被臣蒙主被奴占欺妻被人疑行人阻書信隔訟不理名不遂利不曰通病未痊母有悔,2206
卷之一,天象部,日月,登山擎月大吉,占兆主乘龍嬌婿也功名秋㮄首經曰商秋利興酒食豐需子嗣榮貴,2212
卷之一,天象部,日月,林中明月吉,占兩木成林兆戰爭太陰明耀氣豪英曰霜翎一矢將軍勝凱唱旋師四海寧,2216
卷之一,天象部,日月,山啣月,占月在上山在下月爲山所啣上陵下替入山𫉬曰兎又爲月屬陰山屬陽陽克陰之象因人而占,2220
卷之一,天象部,日月,月出海中吉謀望無不遂心,此乃財源興發子姓連生之兆也謀望無不遂心占婚姻成財利至孕貴子名譽起僧人夢之不悟宗門㫖要當來頴秀孫徒,2224
卷之一,天象部,日月,波底映月凶,占月沉水底凶象也夢此者功名子嗣皆如曰水中之月經商無利婚姻不就諸事不祥,2232
卷之一,天象部,日月,抱月大吉,占月爲天使公矦之象婦人夢之主得曰大貴之女男子夢之主得賢美之妻,2238
卷之一,天象部,日月,挾入月中吉,占何仲舉母嘗夢挾其子入月曰中俄而被召登唐長興進士,2245
卷之一,天象部,日月,射中月,月者秋試之期射中者得舉不象平人兆此事業占興隆武將兆此戰征大勝經商獲利畋獵得兎老曰人喜發孫枝晉呂錡夢射月中之退入于泥占者日姫姓日也異姓月也射而中之必楚王也退入于泥亦必死矣及戰射共王中目共王命養由基射呂錡中項,2251
卷之一,天象部,日月,月中見放㮄大吉,占此爲秋闈㨗喜之兆也旣見其㮄曰有各無名誰名巳各必記之眞,2257
卷之一,天象部,日月,月中娶妻吉,占主有王矦之女妻之太陰之府姮嫦曰居也得諧其偶天仙降也夢此皆利,2261
卷之一,天象部,日月,洒掃月宮,占豪門女奉箕箒閨中婦胎星斗士人曰夢此是掃除以待其歩也應試必利,2265
卷之一,天象部,日月,月入懷大吉,占月爲貴徵懷爲孕象曰化家之裔弄瓦弄璋王禁妻李氏夢此生女政君年十入入掖庭宣帝選令侍太子得御幸遂生成帝以至北朝齊𡝤后宋劉后俱兆此夢之祥而生大貴之女也,2271
卷之一,天象部,日月,月光照身,明者光之發光者身之寵有夢此者産鳳乘龍陞占官遷位平人夢之營謀得利事事亨通婢妾夢之曰家主眷顧種種生祥,2278
卷之一,天象部,日月,捉月貞吉否凶,貞吉否凶占此夢獨利文人應主卯年定有桂折天曰香龍騰禹浪之祥也亦主得貴女之兆,2285
卷之一,天象部,日月,月中有身影吉,月窟仙宮也內有身影名登天府之兆文人大利占老人病者則身入陰虚之地不爲隹祥小人夢之曰月中有人爲肉主得酒肉之喜,2291
卷之一,天象部,日月,遊月宫,唐玄宗夢遊於此有淫惑之心因得太眞以危天下今人兆此正則吉邪則凶,2296
卷之一,天象部,日月,月繞房屋大吉夢此者問名將起,陰之精環室行孕秀貴疑在隣夢此者問名將起占問利將通問婚女求男問信陰人傳官訟有人和曰疾病祈陰私之鬼祭月孛太陰眞君方保平安凡事主有光彩臨門也,2300
卷之一,天象部,日月,月穿入戶吉,占主有美人私至娠姙夢之必招貴曰女亦主遠信至或遠人來顧之兆,2308
卷之一,天象部,日月,月入樓懸樑上貞吉否凶,貞吉否凶占此兆家室光榮招妻納妾之祥也若女曰人夢之主有含憤懸樑自縊宜隄防之,2312
卷之一,天象部,日月,月墜井中大凶,此夢兎逢𥧹穽之象也功名不遂反受坎坷經營占無利恐有險難官訟防婦人牢獄之災小口陰人曰卯年月生者有悔不吉,2320
卷之一,天象部,日月,帶鋤人坐月中,占月屬陰鋤助金也坐安享意主陰人曰内助得力之象亦主國泰年豊之兆,2325
卷之一,天象部,日月,月裏美人折花喚大吉,占美人仙娥也花仙桂也喚有名也文人夢曰此歩蟾宫攀秋桂平人夢此主得貴子,2329
卷之一,天象部,日月,月中鬼舞,貞吉否凶得敵或鼔或罷或泣或歌月幾望馬匹亡此爲少占陰伏處太陰羣小朋奸煬蔽陽明之象惟文士夢曰之必占魁名,2333
卷之一,天象部,日月,吞月輪大吉,占月入口者貴人入腹也大吉之兆又主曰文人才學日進表裏通明爲宇内名士尉遲裴氏夢掌月輪吞之寤而有孕是生神僧爲慈恩教主焉,2340
卷之一,天象部,日月,兒從月中墮貞吉否凶,貞吉否凶占月主陰屬孕婦夢之主胎落或見兒墮而以手取曰之以衣承之又爲産貴吉兆如范純仁母之類,2346
卷之一,天象部,日月,巵中飲月凶兆主虚花無實,兆主虚花無實酒中之月有影無形有光無彩夢占此者功名不進商賈無利婚姻孕育皆爲空喜卯曰酉之期不宜作事,2353
卷之一,天象部,日月,衣帶駕空取月下大吉,占繡帶翩翩高駕姮娥苒苒臨凡曰竚盻泠泠霄漢頻添馥馥生香,2360
卷之一,天象部,日月,月飛入袖大吉,占此乃陰精入懐之兆也夢之者主曰得貴子賢姬名利亨通諸事大吉,2364
卷之一,天象部,日月,月華大吉,夢此者爲貴爲富爲壽爲妻美爲子貴爲女秀爲占父母康寧爲福至爲寵臨爲年豊海晏萬物光昭曰華美之象,2368
卷之一,天象部,日月,兩月相擊,占王矦之府宫闈見妬士庻之家間室爭妍陰曰人不睦之象也經商防有同伴暗謀愼之,2372
卷之一,天象部,日月,月入舩吉,夢此主有不求之顯貴不媒之妻妾惟經商者不占爲吉兆月象金舩兆木金來尅木陰來侵陽光來曰奪目也,2378
卷之一,天象部,日月,登梯摸月大吉,占登梯足上升摸月手得瑞平地升曰天必用雲梯文士飛騰平人遇貴,2384
卷之一,天象部,日月,開卷出明月吉,占開卷見蟾宮蟾宮垂奇彩文人夢此曰取秋解占春魁平人夢之未爲不吉,2388
卷之一,天象部,日月,名字在月中,占此夢名題桂籍之兆常人夢之當有大貴之人出曰于其地病人當主名登鬼籙須急保禳乃無咎闞澤年十三時夢見名字丙然在月中果有聲當時,2392
卷之一,天象部,日月,珍寶裝成月吉,占群仙拱壽玉萃瓊圍利名之美妻妾之娛又曰主仕宦建立奇猷文人制作名世百事皆吉,2398
卷之一,天象部,日月,入月取寶吉求名貴于卯酉兩月,寶者文明之器商賈之財也求名貴于卯酉兩月占求利宜于西北二方也婚美妻孕貴子營墳遷塟主得奇宂大利風水也,2403
卷之一,天象部,日月,月裏有花,占元月魯不花中式浙闈第一方掲曉試官夢月曰中有花果符其名後登進士死倭難贈謚忠肅,2411
卷之一,天象部,日月,月中折桂大吉占,夢此顯兆文士不必用占但巳中舉者夢之曰不能登甲平人主生貴子女子主配貴夫,2417
卷之一,天象部,日月,蚌化月貞吉否凶,貞吉否凶占此乃冊𡚱爲后易妾爲妻之兆也寒儒主兆曰乘龍貧人主居奇貨當以綱常爲重愼之,2423
卷之一,天象部,日月,麟生月殿大吉,月殿陰之宮麟生子之兆夢此者孕必生男于寒占苦之地困頓在前發達在後主爲盛世之祥不作曰民家之瑞也,2429
卷之一,天象部,日月,月裏栽蘭大吉,占仙窟栽仙種天葩散畹香夢此者兆主室曰生賢子庭長瓊枝亦主得賢友相資之益,2433
卷之一,天象部,日月,蒼龍繞月吉,占龍屬陽月屬陰陰陽交泰大吉祥也亦主曰陰人懷孕必生貴子至望日當降生也,2438
卷之一,天象部,星斗,大星明朗大吉,占大星公卿之應明朗祿位顯也革故𪔂新欽曰天治曆夢此者當有正人扶持成國成家星主文章有三垣有七政有二十八宿有衆星馮象氏掌十有二歲十有二月十有二辰二十有八星之位辨其叙事以會天星冬夏致日春秋致月以辨四時之叙則星之見于夢者宜以辰次爲候分野爲推因地因時文明所耀非尋等之占蓋星者元氣之英華也,2448
卷之一,天象部,星斗,星行動吉,此夢元英移舍権位陞遷之象常人夢此攺舊圖占新求利轉方求名遊學官訟别訴病者禳星孕防曰墮婚不成行人歸音信至閨中夢之主有媒至寡居夢之主有子女來探也,2454
卷之一,天象部,星斗,星行列整,占星宿分位大君得臣主人𣸸僕也兄弟協睦妻妾曰安順子孫茂盛士人文章進益平人財利充盈,2459
卷之一,天象部,星斗,星辰散亂,占星辰者群工象也散且亂曠官越爼直職辭曰朝主大臣憂危之兆平人作爲紛擾不順,2463
卷之一,天象部,星斗,星芒光彩,占此乃光芒絢彩文章盛進之象女人得之子有曰文譽夫當榮顯五星聚奎太史奏賢人聚是也,2467
卷之一,天象部,星斗,流星墮地凶,占流星體不寧墮地命應傾其人非所當官非旦夕曰臨流星主賢士墮地者凋謝之象有光主享貴,2471
卷之一,天象部,星斗,接大星如虹,占孕生睿聖曰勿妄覬也昔少昊之毋曰嫘祖感大星如虹下臨華渚而生帝以金德王號金天氏能修太昊之法以烏紀官作大淵樂,2475
卷之一,天象部,星斗,星如月明大吉,占吉曜弘朗運命亨嘉文士夢此台階之輔曰兆無不慶天子養老尊賢俊傑在位之應,2481
卷之一,天象部,星斗,大星揺動隕地大凶,星者尚書之位元氣之英殞地則散大臣當焉又占有流星隕地者主體不寧官訟至飛災來宜謹避曰之如王璵道士之夢是也,2485
卷之一,天象部,星斗,星月雲霞吉,占君君臣臣父父子子夫夫婦婦兄兄弟弟團圓曰康泰之兆夢此者當有秀貴子孫以文章名世,2491
卷之一,天象部,星斗,流星入口中否凶流星者飛殃也入囗者閑非也主官訟不得辨明,流星者飛殃也入囗者閑非也主官訟不得辨明占疾病不能脫體財利爭競必費口舌惟文人孕婦曰大爲吉祥行人即至音信口傳,2495
卷之一,天象部,星斗,巨星入懐大吉,占星體各殊其名不一巨者曰納壞才名之特產奇子矣,2503
卷之一,天象部,星斗,掌列星文大吉,占位居極品祿食萬鍾排羣雄于掌握曰攬法界于稊毫夢此者當大貴也,2509
卷之一,天象部,星斗,吞星吉,占碧落沉沉𠊓太陽台芒入口異膏粱曰懸知叶運非無種留得璠璵與夢長,2516
卷之一,天象部,星斗,星流不落貞吉否凶,貞吉否凶占流而復舍兆應遷移病人有救曰遠行未歸懷孕未產求利虚浮,2521
卷之一,天象部,星斗,足履星樞歩,占北齊高祖高歡夢履衆星而行寤而自喜後果曰代魏爲帝夢此主爵位崇高威權在手之兆,2526
卷之一,天象部,星斗,三星照戶大吉,兆主富貴壽徵也夢此者貴至三公富有三世壽占永三生女子夢之姻期甚邇切勿私奔宻約反致曰玷辱也,2530
卷之一,天象部,星斗,星墮卧内吉,占星墮者在地成形卧内者產育之地文士上曰應列宿當大魁天下不于其身即于其子孫,2536
卷之一,天象部,星斗,大人星○或云此星即穀星,夢此者福壽無疆子孫瑞秀○或云此星即穀星占主五榖約三十六星春如衣冠拱立夏漸鞠秋漸曰俯以求秋成也農事畢則隱矣夢之主年豐家裕秋收大熟之兆也,2542
卷之一,天象部,星斗,文昌星大吉,占兆主文明才名大利女人曰夢此夫榮子貴大吉昌也吕思誠母馮氏夢一丈夫烏巾白襴衫束帶揖母曰我文昌星降也及寤遂生呂目有神光人巳異之名高不顯意表憂疑夢此者凡事須謹婦𩀤孕壽占難延當祈賽廻福應主七數病在㗋舌若論朝廷曰當主諌官不職,2549
卷之一,天象部,星斗,手執斗杓吉,占此兆執掌朝綱權傾四海之夢也如夢執曰星者女配貴夫僕投明主亦壽命之兆,2558
卷之一,天象部,星斗,立北斗下,袁郭初應舉夢立北斗之下人曰子列北斗第七位矣覺而且喜果以第七名登第,2562
卷之一,天象部,星斗,衣裾燦列斗象,此夢文臣得之主賜侍御之服武臣得之主有蟒玉之榮婦人夢之主有霞鳳之被老人得之主服僧道之衣病者喜捨七星神袍神旛保禳無咎終,2566
卷之一,天象部,星斗,━━━━━━━━━━━━━━━━━━━━━━━━━━━━━━━━━━━━━━━━━━━━━━━━━━━━━━━━━━━━━━━━━━,卷之二,2575
卷之一,天象部,星斗,━━━━━━━━━━━━━━━━━━━━━━━━━━━━━━━━━━━━━━━━━━━━━━━━━━━━━━━━━━━━━━━━━━,,2577
卷之二,天象部,風雲,忽起大風大吉,申天之命上行下承在卦爲巽國有號令主凡事有掃蕩邪穢吹噓惠澤之象○風者養物成功四時有八風立春條風至地煗春分明庻風至萬物占産立夏清明風至物形夏至景風至棘造實立秋曰凉風至黍禾乾秋分閶闔風至生薺麥立冬不周風至蟄蟲匿冬至廣莫風至則萬物伏所謂風者萌也萌于庻物之間也循此推之吉凶立見巳,2594
卷之二,天象部,風雲,天上有風,風有氣而無質能畜而不能久易爲小畜夢此者占諸事不能悠遠○夢風聲如雷主有驚夢風有戰曰闘聲主威震詳其風自何方來以詳時事,2598
卷之二,天象部,風雲,狂風驟雨,占霪雨烈風怒號傾注主朝廷有威命號令常曰人夢之諸事有阻驚險沉迷謀作顚連之狀,2602
卷之二,天象部,風雲,風忽止,貞吉否凶此夢貴人兆之謝印歸山文人兆之束書攺業平占人兆之離市居鄕凡號令停止音信覊延臨事宜曰斟酌也,2606
卷之二,天象部,風雲,風走砂石吹塵垢,占風者動象走砂石地不寧也移徙則吉○又曰主有憂事下害上小害大奸邪閉正之象黃帝嘗夢大風吹塵垢寤而解曰風爲號令執政者也垢去土后在也天下必有姓風名后者乃往求之果得風后于海隅登以爲相,2611
卷之二,天象部,風雲,塞外風起貞吉,占行師防賊兵盗刧商賈疑强人擄掠親友生風訟曰事更端尤主邊方有警報應在西北地秋冬時,2619
卷之二,天象部,風雲,風送雲開見三光,占風捲雲去無踪也光明亮運通達也夢此者當去曰暗投明否去泰生父母兄弟之間有喜事彩色,2623
卷之二,天象部,風雲,風捲波浪涌,占此夢事主更變之象也風捲無定準浪生有曰波瀾交易訟事婚姻百事湏防變遷反覆,2627
卷之二,天象部,風雲,熱極凉風忽至士人科選之兆,熱極者夏令將終凉風至秋報也士人科選之兆占求利者宜審人世炎凉相看閨中定有遠信病中曰定遇良毉訟者得解憂者得散,2631
卷之二,天象部,風雲,風披頭髪吉,占櫛風之微創業勤辛應之以德順天而行曰爲亂爲理豪有𫝑乗苟或自逞虞召災迍,2638
卷之二,天象部,風雲,當風飲酒吉,占臨風飲酒曠懷樂意也人若夢此解悶曰消憂吉祥之兆也文士臨試夢之大利,2642
卷之二,天象部,風雲,神人驅風吉,占此乃乗權迸惡之兆夢此者必曰有忠良除奸佞國泰及家寧也,2646
卷之二,天象部,風雲,風伯,占風伯主灑塵夢此主憂疑釋外侮消更曰有貴人扶持家政清睦小人𨓤避之兆,2650
卷之二,天象部,風雲,風母出九德縣似猨,出九德縣似猨占夢此主來日風起亦主陰人暗損小人窺伺曰恐有訟事無端而興宜遠慮謹防之可也,2654
卷之二,天象部,風雲,風送父母入雲端,占風送不寧雲端仙兆也父母病中不宜夢此如曰父母巳故者主二親冥中超昇成果現靈之應,2659
卷之二,天象部,風雲,仕女乘風上吉,此夢士人得之大吉官宦得之高陞平人得之則占發達有期訟有理婚未成行人遠去疾病不祥凡曰事主有飛騰扶助之兆術士夢之飛昇有分,2663
卷之二,天象部,風雲,祭風,王譯夜夢披髪仗劍登壇祭風覺以語占者占者曰風乃上命祭者求之也披髪仗劍易服攺裝必有佳應亡何果召鎭洮河巡守重土,2667
卷之二,天象部,風雲,乘風身如飛貞吉否凶,貞吉否凶占夢此兆者馮虛御風輕身上騰之象必曰主病内損外熱否亦飄揚浮浪不佳也,2671
卷之二,天象部,風雲,大風中卧吉,占兆主安穩承平○盛暑中夢此乃乘風之令應作曰事便易寒冷間夢此乃侵侮之兆宜潛修自𠈃,2676
卷之二,天象部,風雲,風吹人衣,占風飄飄而吹衣意優游以忘懷夢者謝職歸曰田之象○和風吉烈風凶憂疑時憂疑解,2680
卷之二,天象部,風雲,巾幘風吹落地,占此夢士人主變儒冠進袍服貴人主曰解朝衣歸田里常人主有讌會飲食,2684
卷之二,天象部,風雲,風送霞帔披身上大吉,占霞兮帔兮披兮覆兮不日騰驤名譽彰矣婦曰女夢之主夫榮子貴釋道夢之主功成果證,2688
卷之二,天象部,風雲,風吹屋動或宮門殿門閣門開,夢屋動者遷徙之象行役之占夢門開者龍門高占躍名揚萬里虎塞生風威傳四海之象也凡事亨曰達大宜進取,2692
卷之二,天象部,風雲,風發竈火大吉,家業隆殷科第聯登營謀作事遂意暢懷病人有占虛險女人有喜臨行人立刻至尤利行業招商娼曰妓迎客之家夢此必發大財矣,2698
卷之二,天象部,風雲,風撼樓閣欲倒凶,占樓閣崔嵬忽欲傾綠知意氣實無情曰人間應有移家兆更隄門戶少人撑昔夏桀夢黑風破其宮殿爲成湯所放此類皆非吉祥也,2702
卷之二,天象部,風雲,風送舟車行大吉,占是夢也名成利就訟勝謀通○舟車得風送曰而行乃舟車籍風力主作事有好人輔助,2708
卷之二,天象部,風雲,逆風掛帆,占此夢凶中藏吉轉移之力求名問利先難後曰易事有反覆音信覊遲行人阻隔官訟宜和,2712
卷之二,天象部,風雲,風翻㮄文,占文人夢此題名金㮄病者夢此錄籍幽冥曰餘皆美兆○謀事恐有翻覆難成之意,2716
卷之二,天象部,風雲,風飄經史入帝都吉,占文傳內府譽著皇都士人得第之象○曰平人夢此必有親戚故舊得第高擢,2720
卷之二,天象部,風雲,風吹刀劔動,貞吉否凶此夢有權有威有勢有位有利有聲有光有焰文占臣高貴武臣顯要士人鏖戰文塲常人争烽市肆曰處變防有刺客劫盗之𥚟如奸賊夢之必有捕殺之凶,2724
卷之二,天象部,風雲,風起金穴,占金屬商主刑穴生風刑獄事發財將曰散也○考試夢此爲神助進取之兆,2729
卷之二,天象部,風雲,風送桂香大吉,占桂秋花貴徵也送香㨗信也孕婦得貴子閨女配曰貴夫凡遇三秋之期當有天綠奇合意外隹音,2733
卷之二,天象部,風雲,風吹雙荷花落一蘃,此夢雙英並艶風妒其一主夫婦離間子女隔絶占荷象爲連落一不連之兆凡事美中不美遇而不曰遇難得成雙也至正間徐美中妻性妒有婢二人一名靑蓮一名金蓮美中夜忽夢此意二婢必有爲妻中傷者適二婢並被遣逐謂夢不驗矣後妻懐娠産時一胞二女其一生而不育夢果驗,2737
卷之二,天象部,風雲,風吹花謝凶,花被風殘傷陰象也主喪女亡妻文人不遇商賈占不利官訟不勝凡百事無有結果之兆如有葉姓曰者則事成吉,2743
卷之二,天象部,風雲,狂風吹折大樹大凶,占夢此者䘮大臣亡妻子傷勇將損良僕卑幼曰兆此殃家長殞君親行商虧本謀望有阻,2747
卷之二,天象部,風雲,風吹松響吉,占過雲開錦綉松響奏笙竿曰耳聽好消息眼望㨗旌旗,2751
卷之二,天象部,風雲,風發虎嘯大吉,此兆虎嘯風生風從虎變文人得舉應在寅命生占人平人夢此定主上人命令寅年月日大有變兆曰婦人夫貴妻榮,2755
卷之二,天象部,風雲,風猛雁行散,占風吹雁散主兄弟友生分離飄散之兆又曰曰夫妻本是同羣鳥大限來時各自飛,2759
卷之二,天象部,風雲,風中蝶舞凶,占浪蝶乎林飛狂風乎披擊夢此乎浮踪曰飄飄乎寄跡游無定準寄食他鄉之兆,2763
卷之二,天象部,風雲,風送𩿾烏飛騰大吉,占鵬飛九萬斯蒙休之夢言士人君子曰主前程遠舉常人商賈主獲利他州,2767
卷之二,天象部,風雲,彩雲生吉,雲山川氣也彩光明象也卦爲需形爲鳥飲晏飛占騰諸事悅懌也家主子秀國主年豐夢祥雲主吉曰夢黑雲主凶祥雲散名落黒雲散禍消變通占之可耳,2771
卷之二,天象部,風雲,雲散亂,占動作輕狂虚游無實凡事有初弗克有曰成之兆經商者防財物耗散同夥異心,2775
卷之二,天象部,風雲,祥雲四起,黃利四季靑春赤夏白秋黒冬應時者吉倍時者凶祥雲吉利交易雲四起名四馳夢此者可謀財占可望事可求嗣可聯婚凡事四面皆有喜氣不謀曰自至機括現成官訟未結行人即囘士女有所懷不期而合軍兵有警必嚴而治,2779
卷之二,天象部,風雲,紅雲黃雲黑雲從地而起,紅黃彩色也雲從地起爵位陞遷家業興隆交易占順利子嗣昌吉黑者主陰陰氣發於地此地當瘟曰疫否則亦應主家一人宜謹愼而防禳之,2785
卷之二,天象部,風雲,雲遮星斗凶,占星移霧掩斗轉雲迷朦朧昏蔽之象也夢之曰者羣臣竊柄婢僕專權文名不進諸事淹留元順帝夢黑雲自西北來衆星皆翳不久京師遂有北敵之亂百寮殘毁蓋黑雲爲殺氣來自西北故爲北敵衆星百官之象也,2789
卷之二,天象部,風雲,衝開雲路走大吉,占衝雲衢開天戶羣英莫敢争先凌曰霄翀漢之象餘者夢此皆爲吉兆,2795
卷之二,天象部,風雲,洞中綵雲貞吉否凶,貞吉否凶占别一洞天雲行彩繞名登金㮄位列瑶池孕曰生貴子婚配良人羽流兆此必仙家之侶也,2799
卷之二,天象部,風雲,慶雲覆身大吉,張鷟舉進士起程中途宿懷州旅舍夜夢慶雲覆其身至期對策考功居第一,2804
卷之二,天象部,風雲,黑白雲繞身凶,占黑者色玄主陰白者色素主刑繞于曰身非有凶喪之故必主兵革之災,2808
卷之二,天象部,風雲,呵氣化雲飛,占氣吐虹霓萬丈筆掃風雨千軍文士名楊四海營曰謀利取兼金凡事佳祥之兆也女人主有酒食,2812
卷之二,天象部,風雲,吞彩雲大吉,占五彩雲吞九重澤被騰驤富貴學問曰聰明如張逈夢之而精雅道是也,2816
卷之二,天象部,風雲,神女行雲,占夢此者主有美人求配貴女投胎之象也高唐曰事何幻巫女在山陽了得行雲趣朝朝髩帶香,2820
卷之二,天象部,風雲,兒乘雲起大吉,占雲瑞氣乗之上達也夢此者子位台垣孫榮桂闕曰富貴莫及兆應宋文丞相大父夢一兒乘紫雲車,2824
卷之二,天象部,風雲,登雲貞吉否凶,貞吉否凶占歩雲飛漢夢此者求名成龍求婚跨鳳求利騎曰鶴凡事皆有向上之兆惟病人兆之未爲佳美,2828
卷之二,天象部,風雲,剪衣成雲,占此夢雲想衣裳天孫爲織之兆主懷思美女宻約曰私期如老病夢之雲爲烟氣剪衣起烟大非吉祥,2833
卷之二,天象部,風雲,雲成壽字吉,占夢之者介景福綏睂壽年同日月福比山河孕者曰生子以此名之必非凡器乃富貴福壽之徵也,2837
卷之二,天象部,風雲,靑雲生履上,占足上生雲雲色靑靑文人際會病隔紅曰塵○主商賈得利有遠行事驛馬星動,2841
卷之二,天象部,風雲,雲捧日大吉,占捧者拱也兆主臣補衮闕子舞斑爛曰女子夢之孕懷奇貴婚配英雄也,2845
卷之二,天象部,風雲,祥雲滿室大吉,占祥烟萃于高堂瑞氣靄于深闥産賢孫于鳳曰穴騰貴子于龍門萬事豐亨富貴福澤之兆,2849
卷之二,天象部,風雲,紅雲起庭中吉,占雲之物游無定也紅之色喜隹祥也居官曰遷位在舍移家大財將發奇瑞當來大吉,2853
卷之二,天象部,風雲,升雲梯大吉,此夢登雲梯歩月殿騰龍起鳯之兆經商獲利戰占争得勝婚姻連閥閱之門獄訟有扶持之力百工曰匠作主技藝精高夢登之直上者大吉,2857
卷之二,天象部,風雲,筆硯生雲,占雲生書錦繡錦繡壓羣英○主文士文思曰泉湧筆花墨霧名世不朽學問日進之兆,2861
卷之二,天象部,風雲,乘雲至佛國,占夢此兆者仙遊近矣素奉佛教者誠意所曰感當得樂界之分○當了父母之香願,2865
卷之二,天象部,風雲,撥開雲霧見靑天大吉,占撥雲開霧佳兆也文人夢此名成平人訟勝曰商賈利益病者立愈此爲破暗求明之象也,2869
卷之二,天象部,風雲,拂雲見書文大吉,占舞袖翻雲拂雲展卷上達兆也雲映書文書曰文明朗招賢象也主胷中渣滓去清虛來,2873
卷之二,天象部,風雲,玉中雲出貞吉否凶,貞吉否凶占兆玉逢凶化吉利貞君子多識前言往行以曰畜其德美玉發光結成祥雲亦得君之應也,2877
卷之二,天象部,風雲,雲飛化金錢,占間卜之兆○此夢春夏則吉有天降曰之福意秋冬則凶有天降之災意,2882
卷之二,天象部,風雲,雲中牡丹盛開,占牡丹屬陰富貴花也茂于雲中産鸞凰爲后𡚱也曰結而易散秀而不實主有姚黃之客貿利求名,2886
卷之二,天象部,風雲,雲護魚蛇騰上天,貞吉否凶此夢文人兆之龍登鰲占若在常人魚不得水以占雲護之防子嗣有疾病喪亡之凶不可不修省愼曰之也,2890
卷之二,天象部,風雲,彩雲化鳯集左肩,徐孝穆母夢五色雲化爲鳯烏集于左肩之上遂有娠生孝穆寳誌禪師見之曰此天上石麒麟也後官至太子太傳,2895
卷之二,天象部,風雲,雲成龍馬狀,成龍化馬兆主佳美遇辰運午年凡事當亨通上占進也○十二分埜之雲態狀象物各異魯雲如馬曰南趙雲如龍若在韓北趙楚宋衛周秦魏鄭蜀夢之則大吉若魯南趙其分埜素定即夢亦平平,2899
卷之二,天象部,雷雨,大雷大吉,占雷有聲名譽傳也在易爲震文明號令震驚曰修省之兆得此夢者主名利之客譽起業興,2907
卷之二,天象部,雷雨,雷從地起大吉,占平地一聲萬物啓萌英雄遂懐狂愚警曰省當遷移應之○應試首擢文名冠世,2911
卷之二,天象部,雷雨,雷收聲貞吉否凶,貞吉否凶占此夢收歛𨓤藏之兆凡事宜三思而後作無曰咎遷移交易婚姻營謀不利文士聲名不起,2915
卷之二,天象部,雷雨,雷電風雨貞吉否凶,貞吉否凶占此夢可驚可危可修可省可遷可避可忍可止曰湏謹愼方吉貴人得之或又見蛟龍主大吉也,2920
卷之二,天象部,雷雨,雷起四方大吉,占雷主名起四方馳四遠也坐賈行曰商交易暢利騰蛟起鳯名譽蜚英,2925
卷之二,天象部,雷雨,雷聲喧震關塞外,占威震邊關行師大利英才得志此爲名振華曰夷聲聞四海之兆也君相夢此主邊疆有警,2929
卷之二,天象部,雷雨,江上聞雷,徐判官欲求爲邑宰夢行于江上忽逢雷震果授江浦令蓋行江爲江浦之應,2933
卷之二,天象部,雷雨,雷電光燭身,占雷電火文明之象光燭身榮寵之臨祿位至曰矣婦人夢之夫榮子貴婢僕夢之家長顯達,2937
卷之二,天象部,雷雨,雷燒鬚髪去大吉,占此解慮除煩之意功名大利財源盛獲出行曰遇貴人疾病散口舌消出頭高皓馳辨蘇張,2941
卷之二,天象部,雷雨,雷擊頭碎凶,占警人修省之象官不宜見病者未痊功名不曰利爲商遇盗行人被阻出行受欺大不祥也仁宗時臨安吳祥赴試夢此解者曰此大吉兆但不得首占耳及對策以字誤置第二名果如商紂夢大雷擊首不思省畏遂爲武王懸首太白之旂乃見禍福無常視德之善惡耳,2945
卷之二,天象部,雷雨,雷驚失飲食,占靑梅之會先主紿曹孟德使之如在夢中而自獲曰勝算今夢合之爲口食失濟之兆不爲吉祥也,2953
卷之二,天象部,雷雨,懼雷掩耳,占灌耳姓名傳掩耳姓名湮○夢于春夏曰主作事退怯夢于秋冬主外侮不侵,2957
卷之二,天象部,雷雨,雷震子大吉,占子受皇恩之兆凡人夢之未得子者必産麒曰麟巳得子者主登科第平人夢之主驟富,2962
卷之二,天象部,雷雨,人與紙丸作雷響,占此夢虚驚不實凡事多說而少成反有驚恐曰家宅不寧交易不就凡百行事防有災傷,2966
卷之二,天象部,雷雨,雷震殿宇貞吉否凶,貞吉否凶占遷官起宅大吉殿宇動者見地雷霆降者有田地曰動成田墾闢田園富而益富得産進業之兆也,2970
卷之二,天象部,雷雨,鬼驅雷電凶,占驅雷逐電皆爲不祥鬼隨雷去曰者魁名不能遂志凡事失意漢獻帝夢神鬼驅雷遂爲曹操所害乃臣弑君子弑父僕欺主之象愼之,2975
卷之二,天象部,雷雨,雷火燒身上衣,占脫白掛綠之兆功名遂志營謀吉病曰人即愈官事大勝交易利酒甘食珍,2981
卷之二,天象部,雷雨,雷起龍門大吉,此夢登科得子之象震入龍門身必貴雷起龍門占子必英女子夢之嫁貴夫産貴子士人夢之必主曰名魁天下,2985
卷之二,天象部,雷雨,雷神,豬首手足各兩指執一赤蚆嚙之司號令之神也,2989
卷之二,天象部,雷雨,謝仙,夫婦皆長三尺其色如玉掌行火于世間○夢之者防有水殃,2993
卷之二,天象部,雷雨,神告死雷斧,紹興間顧德偁妻張氏夢神告以當死雷斧之下恐驚其姑立門外以待聞空中語曰上帝知汝孝念巳赦汝矣夢之吉惡修德可保于此足占云,2997
卷之二,天象部,雷雨,雷擊樓房被火焚吉,占攺門闢戶離祖更業遷移宅舍之兆夢之曰者財利驟益事業興隆光前而耀後也,3002
卷之二,天象部,雷雨,雷神繞室行吉,占此夢皇恩頒賜封妻蔭子之象女子夢之配曰榮夫官事夢之得權力病者夢之遇毉扶,3006
卷之二,天象部,雷雨,懼雷避棺中,占文明迅烈趨之者吉避之者凶避曰而入棺君命居官當官兢凛之象,3010
卷之二,天象部,雷雨,雷車轟轉至家,占白日門前神者車天公飊發入萊居曰此生須恨稀人識猶幸轟霆爲我驅建昌熊舜舉家貧苦志屢試不第一日夢雷神至其家火光耀室後顯仕,3014
卷之二,天象部,雷雨,雷打木折凶,占此夢主損口亡丁急宜禳解少者夢之喪父母老曰者夢之亡長子僧道夢之俗家凶貴人主失高位,3020
卷之二,天象部,雷雨,卷冊作雷篆文吉,占金榜題名錦心掞藻之兆功名早就出師大曰勝表奏丹犀大吉祥也讀書者慧益才高,3024
卷之二,天象部,雷雨,聞雷讀易,占有驚恐宜懴悔凡事自省種福無咎病曰人夢此了愿祈神即愈商賈有驚宜備,3028
卷之二,天象部,雷雨,雷開地見金寳,貞吉否凶此象主得意外之財行商坐賈必獲大利先師云占金寶財利也雷震開地虚象也富者夢之愼慢藏曰之戒,3032
卷之二,天象部,雷雨,大珠內作雷響,占珠內雷鳴異寳傳聲防子孫之殃口曰腹之害○主作事意外變動不成,3039
卷之二,天象部,雷雨,雷電隨虹去凶,占雷有聲虹有形聲隨形去不吉之兆也功曰名遺落病入膏盲商賈食本凡事不利,3043
卷之二,天象部,雷雨,騎虎驅雷吉,占功名大貴經商獲利交易成病者速痊事曰業更新百事遇寅年月日必主亨昌也,3047
卷之二,天象部,雷雨,雷雨蛇奮起,占穴中濳蟄忽達重穹旣變變而化化復烈烈曰而轟轟榮顯臨祿位至病人夢者非爲隹兆,3051
卷之二,天象部,雷雨,被霹靂打大吉,占此夢得天之力有德能當惟曰正獲吉否亦爲殃不可妄貪矣君子得之主貴人助力,3055
卷之二,天象部,雷雨,雨大如注貞吉,雨爲恩澤潤漉之司夢雨霑身者以雨之大小權占事之重輕霪雨滂沱陰盛陽孤老者夢之防損小曰口少者夢之恐喪高年否亦遭遇欝欝也,3059
卷之二,天象部,雷雨,陰雨貞吉否凶,貞吉否凶占陰雨爲憂疑沉晦之象夢此者貴賤懷愁曰男女多悔凡事宜小心謹愼以求趨吉,3063
卷之二,天象部,雷雨,紅雨肉雨毛雨血雨,占夢紅雨主陰人有災夢肉雨主赤祥夢雨毛主曰有黨人之禍或主明日得錢如雨血主有大禍,3068
卷之二,天象部,雷雨,雨聲如音樂吉,占未遇夢之必聞㨗報未娶夢之必得良姻曰官事夢之必主全勝商賈夢之必獲大利,3072
卷之二,天象部,雷雨,久晴得大雨吉,占否極泰來之兆功名大貴行人未至經營曰利交易通暢行路遇相知婚姻有良媒,3076
卷之二,天象部,雷雨,雨金雨粟吉,聖人在位有德者昌此其治徵陰衰陽盛而得金占粟此乃食祿萬鍾之兆論財利事事咸亨應在春曰初及庚年月日也,3080
卷之二,天象部,雷雨,大雨井溢獻出錦衣貞吉,占此夢錦衣故里寵錫天恩求名曰大貴經商滿載吉祥榮顯也昔費絢應舉夢錦衣于井中獻出自喜曰吾必第矣遂成進士榮歸應衣錦還鄕井之兆,3084
卷之二,天象部,雷雨,細雨,占凡事不成官事少吉病者不能痊經營不遂曰志行人不至祿位不臨口舌不明出行不利,3090
卷之二,天象部,雷雨,半天晴半天雨貞吉否凶,貞吉否凶占此夢南順北逆東敗西成凡事半喜半曰憂之兆營謀作事當得去暗投明也,3094
卷之二,天象部,雷雨,行路逢雨吉,占游䰟所依宻雲得雨凡人夢此口腹沾濡當曰得酒食宴樂逢雨而身不行者隔一日應,3099
卷之二,天象部,雷雨,雨中登山凶,占人在山上此兆爲凶雨中豈吉乎此乃曰險阻不利之象病者夢之西歸近矣,3103
卷之二,天象部,雷雨,大雨池水溢大吉,占凡夢池井漲滿皆大吉之兆主大富貴經曰商十倍事事吉昌宅舍安寧財源大利,3107
卷之二,天象部,雷雨,行雨吉,占借神之力倚人之勢陰中曰得力親友相扶事皆吉祥楚襄王游高唐幸神女神女曰妾巫山之女也朝爲行雲暮爲行雨眀起視之果如言爲立朝雲廟在焉,3111
卷之二,天象部,雷雨,大雨中朝君,占臀無膚其行次且包無魚以杞包瓜含章有曰隕自天遇而不遇之兆或霖雨蒼生之應,3117
卷之二,天象部,雷雨,雨中耕田吉,占此夢大有之象天相吉人不求自至論財大利功曰名貴人相扶病人遇仙醫出仕者當雷州之任,3121
卷之二,天象部,雷雨,抱子雨中走隨父母行雨中凶,占抱子者喪女亡兒小口災殃不祥之兆也隨父母曰行必主老人幼口損折之事諸凡謹愼修省爲上,3125
卷之二,天象部,雷雨,雨中遇師雨中現鬼,得師受益最爲吉昌又有雨露敷之功名必主大占貴凡事必獲美利夢現鬼神爲陰犯陽欺大不祥曰也病人夢之必難醫藥功名被阻見官受責財源被盗如見吉神得解,3129
卷之二,天象部,雷雨,大雨淋身,貞吉否凶沾恩被澤之象文人科第官位遷陞商賈獲利訟者遇貴人作主惟出行與疾病非大吉則大凶當因人而論,3135
卷之二,天象部,雷雨,披髪雨中行凶,占朿髪者吉披髪者凶此夢陰私相擾鬼神見曰咎之象還愿無咎○主作事舛錯不利之象,3140
卷之二,天象部,雷雨,祈雨吉,占太陽當空萬物皆亨此夢女子得之婚姻曰成男子夢之守孤獨病人夢之不藥而愈,3144
卷之二,天象部,雷雨,祈晴,占陰巳盛陽欲開商羊舞祝融來疾曰莫乘衰將轉禍爲福之象也,3148
卷之二,天象部,雷雨,迎婚逢雨吉,占此夢乹坤將合忽逢潤澤夫婦必白頭相守父曰子必綵舞承歡兄弟必手足相扶吉祥之兆也,3153
卷之二,天象部,雷雨,雨中厮打否凶,占此争恩奪寵之兆官事不明交易未定曰病者宜禳○主有失脫是非之咎謹之,3157
卷之二,天象部,雷雨,大雨中考試吉,占應試逢雨不爲亨利夢中得之乃吉徵耳曰功名大利○蛟龍得雲雨春秋兩闈大利,3161
卷之二,天象部,雷雨,天雨忙奔欲尋躱,占避難趨吉未爲不祥求名須扶病人投醫曰婚姻託媒出行擇伴訟事和解諸事皆吉,3165
卷之二,天象部,雷雨,雨中舞,占此乃水裏狂游之象雖樂帶憂雖安藏險曰主凡事得意中須防失意樂不可極矣,3169
卷之二,天象部,雷雨,受雨入口以手承雨,占雨入口飢餒之兆惟病者服藥則爲天醫曰賜澤其疾可痊也夢手承雨露隹祥立至,3173
卷之二,天象部,雷雨,在雨中飲食,占錦衣玉食君恩賜宴之象在任必陞曰官致仕必起𠮥常人夢之亦皆吉利,3177
卷之二,天象部,雷雨,雨中戴帽,占夢戴帽者爲加冠遷位大富貴也若値求曰名之時又爲不得出頭以沾恩潤之象王監書當遷邑宰忽得此夢占者葉光遠解曰戴帽而行于雨中此恩澤未霑渥不得官也後果應,3181
卷之二,天象部,雷雨,雨溼衣凶,占病禍臨身憂愁多悔此夢訟事不宜興争曰闘不宜勸病人不宜問交易不宜作保,3187
卷之二,天象部,雷雨,雨溼街道行脫履吉,占脫離濘滯出步而行仕宦夢此旦夕高遷之曰兆病者愈經營利凡在禍患者皆得脫也,3191
卷之二,天象部,雷雨,大雨破墻屋凶,占敗國亡家之兆○又曰士君子曰夢之主沾恩澤除舊更新之應,3195
卷之二,天象部,雷雨,雨中庭水泛大吉,占此夢財利盈箱經商滿載萬事豐殷吉祥之曰兆也庭爲井井中有泉泉爲貨貨者財也,3199
卷之二,天象部,雷雨,坐獄中見大雨吉,占此夢獄中夢之遇赦病中得之有良毉又獄禁錮曰之地値大雨不出之兆必待貴人力以應雨乃出,3203
卷之二,天象部,雷雨,張傘遮雨,上雲雨下陰晴必有私情佳偶事至婚姻必先通後娶之兆名利遇之則福降而人不受美中未美,3207
卷之二,天象部,雷雨,雨中乘舟車大吉,占簇我軿輪重羅覆身甘霖垂澍名利咸亨泛曰彼小艇載重帆輕零零四灑身世非眞也,3211
卷之二,天象部,雷雨,門外雨成波浪吉,占此夢禹門浪激之兆士人得第仕宦得官常曰人得橫財婦人得孕無事不有吉祥來臨也,3215
卷之二,天象部,雷雨,硯上雲起成雨下吉,占勺水起蛟之兆求名大貴交易有成婚曰姻必就營謀遂志○考試大利謀望成,3219
卷之二,天象部,雷雨,雨中使兵器凶,占此象英雄困頓文不能施武不能展名不能曰揚功不能就也○洗兵欲韜兵也歛藏之兆,3223
卷之二,天象部,雷雨,赤雨凶,占赤地千里災荒不雨兵火離散之象行人曰遇難作事遭阻也○夢此主有血光之災,3227
卷之二,天象部,雷雨,雨晴吉,占虹銷雨霽彩散雲衢之象求名遇貴問利將亨官曰事主解憂事主散家道中興凡事否極㤗來也,3231
卷之二,天象部,雷雨,雨打書籍貞吉否凶,貞吉否凶占此兆夢于應試前後吉交易夢之劵契不曰成○夢書籍溼透是不便翻閱應試不吉,3235
卷之二,天象部,雷雨,天雨落紙成文字吉,占雨者水也水成文爲波也落于紙上曰爲伸紙揮毫也主文思波瀾之夢,3241
卷之二,天象部,雷雨,雨珠凶,夢此者水旱流災米粒如珠之象天降珠寶豈若占米粟凡人夢之不祥莫大焉惟孕婦爲多得貴子曰之占耳○行兵夢之不利疾病夢之不吉夢晴天雨珠吉夢陰天雨珠凶,3245
卷之二,天象部,雷雨,雨水入宅化金銀,占此爲驟富驟貧之兆諸事雖吉不能悠遠曰交易反覆宅舍遷移亦憂中生喜之兆,3249
卷之二,天象部,雷雨,雨下庭中捕魚吉,占諸事遂吉功名得貴商賈得利訟事得勝曰婚姻得偶交易得就出行得食病人得愈,3253
卷之二,天象部,雷雨,雨中鶴舞雨中鷄鳴,此夢鶴舞爲一品當朝之象丹砂冠頂得雨潤之占更皆鮮美簪纓蟒玉富貴榮蕐大吉祥也夢鷄鳴曰者乃警醒狂愚凡事謹愼病人還愿薦亡忍耐无咎,3257
卷之二,天象部,雷雨,雨中螢火貞吉,占周羅星斗隱隱熒熒蔽野徹生如蟻如雲曰空中霖沛乍滅乍明孤陽未絕衰處謀興,3261
卷之二,天象部,雷雨,天大風雨龍騰起吉,占飛龍在天利見大人功名顯貴頭曰角峥嶸衣錦還鄕吉祥之兆也,3265
卷之二,天象部,雷雨,大雨騎馬折花大吉,占折杏攀花題名金榜金勒紫衣燈燭煇煌曰此爲登科佳配状元歸去馬蹄輕疾之兆,3269
卷之二,天象部,雷雨,雨點變花貞吉否凶,貞吉否凶占此夢孕婦夢之必産貴女男子夢曰之必得美妾披錦簪花之兆也,3273
卷之二,天象部,雷雨,雨中花鮮美花謝落,雨露沾恩佳美之象功名必有貴人扶見官必獲占全勝此象女子夢之必招賢壻又爲妃妾蒙恩之曰瑞如夢謝落者墜白英于溼桂飄紫蒂于疎藤,3278
卷之二,天象部,霞電,明霞起大吉,霞乃太陽升墜之餘光也起者朝升象也名將起官必陞利獲倍婚必成訟淂勝病必起孕生男道術高文章進凡百主有高明光彩之象,3286
卷之二,天象部,霞電,落霞光散凶,占此兆曰暮無光夢之者晩景凄凉桑曰榆飄落作事不終疾病不吉之兆,3290
卷之二,天象部,霞電,彩霞光映身貞吉,占霞照身寵臨名遂也孕婦生賢子處女配曰良夫臣𪧛恩寵降文士藻思多無不亨吉,3294
卷之二,天象部,霞電,吞霞,周致妻胡氏夢明霞燦耀吸而吞之乃有妊十三月生女字玉素七歲能通玄理後修煉功成白日上昇道號丹霞,3298
卷之二,天象部,霞電,霞照衣裾大吉,占衣錦榮身之象有大喜慶生賢子得良曰友作事利謀望有益貴人靑盻之兆,3302
卷之二,天象部,霞電,桃杏開花襯霞色貞吉否凶,貞吉否凶占映祥光而桃艷襯瑞色以杏芳曰幹功名而得遂求婚媾以爲良,3306
卷之二,天象部,霞電,電光威閃,電無雷光有威虚驚之象電屬離離屬火火爲司占馬文武官夢之當掌兵權見于天河中當雨見于曰北斗付貴子陰圍陽而陽中陰夢于春夏時爲得令尤吉,3311
卷之二,天象部,霞電,電落山中吉,占此乃憂煩解散之兆病人速愈官事緩口舌曰散若婦人夢之主墮胎或落澗中必生貴子,3315
卷之二,天象部,霞電,電光照人吉,占功名榮交易利作事好出行遇貴人病者得良醫曰官事勝宅舍寧行人至酒食豐孕生子事無不吉,3319
卷之二,天象部,霞電,捉筆作書放電光大吉,氣吐虹霓筆掃烟雲文明之士鳳舞蛟騰捉筆作占書權在手作書放電光靈在筆手筆相應兆之吉在我,3323
卷之二,天象部,虹霓,天邊虹起,貞吉否凶天垂異象起于邊方于戈動也夢此者家不寧國占不泰也虹霓者妖沴之氣亦天使之符邪則爲戾曰正則爲祥也,3333
卷之二,天象部,虹霓,絳虹一名美人虹,一名美人虹占夢之者主荒餒之象○又恐有私淫之曰禍女奪男權陰操陽柄室家欠正所致,3338
卷之二,天象部,虹霓,虹升天,李特妻羅氏夢兩虹自地升天一虹中斷羅曰吾二兒若有先亡者其存者必大貴後長子盈卒少子雄果王蜀土以此知爲貴子之占,3343
卷之二,天象部,虹霓,虹斷貞吉否凶,貞吉否凶占夢此兆者謀事阻隔壽命不長凡夢虹者曰以紅赤爲吉黑白爲凶斷者大不祥也,3347
卷之二,天象部,虹霓,吞虹霓,占虹霓雲雨乃現夢中食之孕婦主産剛强之曰兒文人主伸英雄之氣壯士主生戰陣之威,3352
卷之二,天象部,虹霓,赤飊起大吉,孔子夢三槐門豐沛有赤飊起呼顔囘子夏往觀之後應至漢高祖起豐沛有天下,3356
卷之二,天象部,霧露,黑霧迷身開復合大凶,占黑霧瘴厲也惡氛也易曰迷復凶也有災曰青用行師必有大敗作事亦主阻隔難成,3364
卷之二,天象部,霧露,大霧中行貞吉否凶,貞吉否凶占霧中行行雲之意夢此者凡事皆有潤澤曰至如疾病未痊憂悶未散訟事難明失物不見求望不眀,3368
卷之二,天象部,霧露,霧迷宫室,占此夢霧迷宮室乃烟繞屋宇之象家門防有囘祿曰之災也急須設醮祈禳保安轉𥚟爲福修省爲上,3373
卷之二,天象部,霧露,黃霧塞天凶,占霧塞者天地不明日月不現夢之名不成利不就曰事隔絶也貴人主邊疆有警奸佞僣竊諸事不祥,3377
卷之二,天象部,霧露,手持布帛化大霧,占朝非雲氣暮非烟來亦無踪去亦然曰嬴得妖氛九里布却令掌握有威權,3381
卷之二,天象部,霧露,露霧昏迷否凶,占此爲蒙昧不明之兆凡事曰不祥不宜進前切須愼之曹操過雲夢澤中晝臥夢露霧昏迷路徑不辨不能前進遂爲周瑜所欺而有赤壁之敗,3385
卷之二,天象部,霧露,露溼衣吉,占露者仁瑞之澤濃露溼衣吉祥之兆行路逢酒曰食婚姻佳偶商賈得財皇恩雨露喜慶異常,3391
卷之二,天象部,霧露,露滴花開吉,占逢恩遇澤之象功名得際官事得助病者得曰毉經商得利交易得就出行得食怨女得夫,3395
卷之二,天象部,霧露,行露草中,此夢飲食沾濡男女歡合之兆老人夢之年不永占怨女夢之節不堅行露草中脚下溼頭上潤也凡曰事以此推之○毛詩爲行多露其證經商夢之平平,3399
卷之二,天象部,霧露,月明露下,占此象不問男子婦人夢之者必有私情事曰至如夢甘露主沾恩澤生賢子家事殷庻,3403
卷之二,天象部,霧露,吸露貞吉否凶,貞吉否凶占餐靈受澤之象陽虚陰盛陽現陰消文士胸懷虚曰曠道人體骨清高病者必逢良劑下人必遇恩膏,3407
卷之二,天象部,霧露,露中行走衣履溼,淹兮浥兮行多露兮霑兮拂兮衣欲溼兮彼公子占兮懐佳人兮彼媵妾兮睠君玉兮溼衣身不煖也曰溼履足不輕也行走露中少舒展也凡事不爲暢遂不宜遠行,3412
卷之二,天象部,霧露,霜露消,貞吉否凶此夢災殃消解之兆疾病散官訟和婚姻不成名占利不遂惟遇憂愁困悶之時得此者當主陰消陽曰長之占,3416
卷之二,天象部,霧露,滴露成珠貞吉否凶,貞吉否凶占陰結爲陽虛變爲實柔轉爲剛小人夢之幻曰妄君子夢之吉昌露潤萬物成珠萬事有成,3421
卷之二,天象部,霧露,取露磨墨硯水溢,占主文章進益毉理神明○天澤龍池相濟曰而麟髓佐之夢此者神明之妙所出也,3426
卷之二,天象部,霧露,露垂巾帽吉,首被恩施之象病者夢之防有孝服臨身謀財求占貴當有貴人提拔自漸亨通凡事小吉逆德爲凶曰經商遠行乘舟履險防有不測之虞,3430
卷之二,天象部,霜雪,霜露降下大吉,占露降霜敷皇恩被澤士人夢之寵臨曰祿至常人夢之貴助賢扶佳祥兆也,3438
卷之二,天象部,霜雪,露結成霜霜成雪,露上霜霜上雪兆此者喪上加喪獄上加獄君子占夢之須忍小辱捐小忿凡事愼之于微不可以小曰而忽之乃貽大禍也,3442
卷之二,天象部,霜雪,踏霜早行,占履霜堅氷陰氣始凝趨利乃吉徤愼則亨霜曰以殺物早踏行亦遇事坎坷謀爲艱難之兆,3446
卷之二,天象部,霜雪,筆頭霜結不可解凶,占此象文人筆凛秋霜其餘兆此不可輕易曰作書慎之無咎作事不諧憂疑不釋之兆,3450
卷之二,天象部,霜雪,雪珠大下,占雪成珠六歸一方爲員花結果但堅而易曰消夢此象者望有小財至防有小憂來,3454
卷之二,天象部,霜雪,雪飄吉,占兆主病除煩解訟息憂消若經商夢曰之不能聚財謀望夢之不得遂願,3458
卷之二,天象部,霜雪,雪消貞吉,占無煩無惱是天仙睍蜆來時陰氣濳曰縱是膏肓有𥪡子朝看勿藥自安痊,3462
卷之二,天象部,霜雪,大雪下大凶,占此兆大不祥夢之者椿萱辭世手足曰分張夫妻喪偶子嗣遭殃切宜禳解,3466
卷之二,天象部,霜雪,山上雪堆,占積憂聚悶之象商賈得之艮爲山山色如銀曰銀聚成堆大獲財利也父在堂恐有憂服,3470
卷之二,天象部,霜雪,雪積關隘不得進凶,占文人夢之功名不遂武士夢之征曰戰難勝諸事有阻隔病者不爲殃唐韓愈進佛骨表憲宗斥爲潮州刺史行過藍關雪擁馬不得進有雪擁藍關馬不前之詩,3474
卷之二,天象部,霜雪,有人雪中相訪貞吉,占雪中三顧乃起臥龍此爲君臣相遇朋友相曰投陰陽會合之象,3480
卷之二,天象部,霜雪,冒雪歸吉,占初九不出戶庭无咎六三不節若則嗟若曰无咎九五甘節吉往有尚初困終亨之兆,3484
卷之二,天象部,霜雪,雪中舞貞吉否凶,貞吉否凶占戲舞斑衣之兆老者夢之必生孝子順孫少曰者夢之必獲瞻父依母亦疾病脫體之象,3488
卷之二,天象部,霜雪,行䘮遇雪,占兆主重喪大爲不祥若貴人夢之行喪之反爲赴曰官遇雪之反爲被澤必主遷權赴任占不一律也,3493
卷之二,天象部,霜雪,人呼看雪吉,占天花瑞徵也呼名揚譽也賞心樂意禎祥之兆曰也陽春白雪寡和之調呼看則屬和有人也,3498
卷之二,天象部,霜雪,臥雪地大凶,占雪而在地是爲陰地臥其中是爲陰中之陰曰夢此者文士虚名商人虚利家庭更有孝服宋東京樊瑞章家屢萬嘗夢身臥雪地如是者屢心竊異之以問所親有解者曰雪爲飄揚無定之物其花爲六出君其出遊蹤跡無定矣後果爲仇家誣訟逋竄他所其母䘮于家其産盡廢,3502
卷之二,天象部,霜雪,雪落身上大吉,占夢此兆者文士披綵武士更袍經商曰獲利婚姻成偶交易暢利諸事皆成,3510
卷之二,天象部,霜雪,雪人凶,聚陰成形形無其形游䰟爲象象無其象剛能勝占之陽能克之凡屬陰柔之等切宜小心謹戒防冇曰災殃,3514
卷之二,天象部,霜雪,吞雪,占窨心汲齒之兆夢此者功名商賈諸事曰枉費勤勞防有閑非口舌六日内見,3518
卷之二,天象部,霜雪,雪飄體上成珠絡吉,占天降佳祥之夢人若得之功名異路珠玉橫生凡曰事不謀自至病者雖纒身而無覊絆不爲凶也,3522
卷之二,天象部,霜雪,雪成宫殿凶,占粉宫銀殿豈爲吉兆夢此者不宜遷徙曰不宜興造有親在堂恐有制服之變,3526
卷之二,天象部,霜雪,玩雪大吉,占天花亂墜何紛紛幽人宴賞誰爲賔曰錦上添將成地六拈來詞句兆瓊林,3530
卷之二,天象部,霜雪,庭中積雪凶,占兆主家有凶喪孝服臨身之夢宜禳解爲吉然積曰雪終消雖在庭中必不能久占作事有始無終,3534
卷之二,天象部,霜雪,擔雪送人吉,占擔天花負地力獻良朋貢貴戚慶賀之兆也曰若夢人送至大吉雪花六出爲魁花應魁名,3538
卷之二,天象部,霜雪,煑雪凶,此爲消憂化水之象諸事皆空虚無實也婚姻解占官訟散疾病除是非明謀財無望作事無成行業曰消廢,3542
卷之二,天象部,霜雪,燃雪燈,占雪見火消無剰也夢此者家道日減經營失利諸曰事不祥莫能盡述惟陰暗憂病之事又爲佳祥,3548
卷之二,天象部,霜雪,雪裏行舟,占雪裏行舟與陸地行舟何異凡事難成也曰蓋雪本瑞物以之行舟不能寸進之兆,3552
卷之二,天象部,霜雪,大雪耕田,占農家夢之當主田禾豐熟收穫倍曰常春耕時夢不吉秋成時夢有收,3556
卷之二,天象部,霜雪,弄雪化牛羊貞吉否凶,貞吉否凶占雪化牛羊成大𪔂文士夢之頭𧢲峥嶸魁曰名天下于丑未年月應兆居六六之數李熈夢掃雪成堆俄化羣羊覺而占之曰蘇子卿奉使匈奴嚙雪牧羊今夢似相合公當奉王命持節而還明年爲上遣祀蘇武廟夢乃騐焉,3560
卷之二,天象部,霜雪,聚雪成玉石,占吉夢也文人主懐竒抱瑾女子主孕鳯胎龍曰玉石堅固之物以雪聚成恐亦虚貴不久,3569
卷之二,天象部,霜雪,賦雪詩吉,賦雪才難古今罕有絕調夢中形之此凝神所兆占主文思進益心如王𨊔腸似氷壺清才爽氣非凡曰俗之夢也,3573
卷之二,天象部,霜雪,梅花化雪飛,占梅化雪凡作仙成雪陣舞層玄天香花𤼵曰之象梅暗香雪呈瑞此夢功名懐孕皆吉,3577
卷之二,天象部,霜雪,雪中現靑蓮花貞吉,占兆主與佛爲緣化生彼土雪屬陰夢曰花原屬空花此夢必有空門之願者,3581
卷之二,天象部,霜雪,雪壓榖菜倒凶,占榖爲食菜爲羮人之本也雪壓爲欺曰糓寒菜凍夢此者主有小人侮弄也,3585
卷之二,天象部,霜雪,燕子飛雪中貞吉否凶,貞吉否凶占玄禽兮春鳥舞雪兮飛高孕婦必生貴子曰秋元必獲春魁若父母有病不宜兆此,3589
卷之二,天象部,霜雪,雪作鵞鳬水上遊,占鳬鵞性喜水水結成雪雪化爲鳬爲鵞以水曰濟水浮游無定虚泛無實凡事謀望不眞,3594
卷之二,天象部,霜雪,狗奔雪地吉,此夢爲陽驅陰土之象以陽破陰萬事光明跡踐占成梅主有音信喜慶之事至夢在戍月日當得酒曰食宴樂也,3598
卷之二,天象部,霜雪,雪凍驢不行,此夢旅邸蕭條經商少利路上占艱辛不祥之兆雪者亂也凍者氷也氷音兵也騾者獸也獸音守也曰不行者住也當有亂兵卒至急宜住守凡事不宜𡚶動,3602
卷之二,天象部,霜雪,雪成蛾吉,占女子夢之招賢夫産秀女男子夢此納美妾曰買良婢借問廣寒曾有種人間留得雪蛾名,3606
卷之二,天象部,霜雪,蟹噴泡作雪吉,占瑞吐虹霓之象蟹者解也甲也士人曰夢此主解首攅花黃甲驚濤之兆,3610
卷之二,天象部,氷雹,水結氷吉,占財源結聚之象婚姻就交易成功名亨諸事曰吉昌水着點成氷凡事須争一點不可忽也,3618
卷之二,天象部,氷雹,氷觧,此夢大不祥功名未得昌榮謀無利益官事少伸占揚音信不到行人不至氷消瓦解之兆也惟争訟曰疾病者夢之又爲解散之象大吉,3622
卷之二,天象部,氷雹,氷擁成山,占易成易敗乍辱乍榮山勢崔峩可觀而氷山曰見日即消太陽一顯羣陰自伏不可恃之象,3626
卷之二,天象部,氷雹,立氷上與氷下人語,令狐策孝廉寐中夢立氷上與氷下人語解曰媒介事也氷泮婚成,3630
卷之二,天象部,氷雹,氷上行走,貞吉否凶履霜氷且至况氷而可履乎求財無獲官事主凶占病人難愈功名不進戰戰兢兢如履薄氷險溺不曰祥也,3634
卷之二,天象部,氷雹,硯水爲氷,占硯水成氷揮毫閣筆士人夢之功名不曰克大遂若婚姻事必成凡事小就而巳,3639
卷之二,天象部,氷雹,簷水滴成氷,占此雖淹留濡滯之象而交易有成官曰事和解疾病夢之不吉婚姻有成,3643
卷之二,天象部,氷雹,敲氷渡舟吉,占水解木通之象氷散爲水水生木木爲舟曰舟行水路往無不利凡事猛力向進爲上,3647
卷之二,天象部,氷雹,卧氷上否凶,占此夢未爲吉祥陰消陽陷訟事夢曰之防陷縲絏病人夢之恐歸泉壤,3651
卷之二,天象部,氷雹,吞氷,占入口消鎔此夢商賈徒自飱風宿露不能獲利曰謀事枉費勤勞病者夢之爲解煩消熱之兆也,3655
卷之二,天象部,氷雹,渡河水忽合吉,占此兆婚姻夢之大吉宅舍安寧交易有成曰出行得遇凡事多成少敗吉祥之夢也,3659
卷之二,天象部,氷雹,弄氷作鏡照人影,占鏡中之物但見而不能取何况氷鏡乎凡事曰皆不實若主試應試者夢之當有知人之遇,3663
卷之二,天象部,氷雹,梅梢結氷成珠吉,占清香寒徹韻幽玉視我仙肌謾光燭曰夜明鼂采綴夭心未造暮齡綏景福,3667
卷之二,天象部,氷雹,伐氷出魚吉,占王祥卧氷出魚救母今若夢之父母有病漸曰愈婦人有孕主生孝子經商有意外之望,3671
卷之二,天象部,氷雹,天雨氷塊亂打身貞吉,占此夢婚姻大吉凡事恐有陰人相犯陰鬼相纒陰曰事相擾病者急保禳無咎訟者用貴人扶助方勝,3675
卷之二,天象部,氷雹,雹落田禾吉,占此爲結實豐有之象農家大利餘者夢此事皆曰有獲也亦陰脅陽所致禾稼受傷夢之吉少,3679
卷之二,天象部,氷雹,雨雹凶,占此乃傷殘花草之象夢此者萱親染患蘭曰女被殃諸剚防有損傷大宜修德轉移,3683
卷之二,天象部,烟火,烟雲四起吉,占烟氣生四方名利馳四遠也夢此者功名顯曰家業興商滿載訟獲勝凡事興發通達之象,3691
卷之二,天象部,烟火,烟迷山徑不得路凶,占此夢名譽不著謀望不通商賈不利壽命不長曰官訟不勝音信不來疾病不愈淹留不進之象,3695
卷之二,天象部,烟火,滿屋烟迷目,占迷目不明也滿屋不寧也滿屋烟迷曰咫尺不見或奸邪掩閉或火燭之虞,3699
卷之二,天象部,烟火,口中氣出如烟吉,占口吐烟霞胸藏雲霧文人大吉平人口舌消曰散經云邪氣客心則夢見烟火亦宜愼之,3703
卷之二,天象部,烟火,衣上烟起吉,占烟從衣起名從身傳財從身發病從身曰生君子有當體之榮小人有切膚之患,3707
卷之二,天象部,烟火,吞烟貞吉否凶,貞吉否凶占主口舌紛争包承小人吉大人否亨包羞曰傾否先否後喜防有疾病臨身火光之禍,3711
卷之二,天象部,烟火,竈中烟大𤼵吉,占此爲家業興隆之夢兆主衣食饒足富貴吉祥曰也又曰烟雲繚繞欝勃炎蒸百事昌熾之應,3716
卷之二,天象部,烟火,筆底烟氣騰雲上大吉,占英雄捉筆烟雲生矯矯絶跡龍蛇騰曰驚眸閃眼抵不匝一天長嘯離成羣,3720
卷之二,天象部,烟火,出獵烟迷,貞吉否凶獵乃争之象烟迷被惑也戰不利占名不成謀不遂婚不合訟不勝婦不孕病者保祈薦度僧道家夢曰此無妨主得佳徒傳續燈火,3724
卷之二,天象部,烟火,松頂放烟吉,此夢木火生生之象松爲木烟藏火木能生火旺占相之兆主清修之客獨享安寧之福婺婦之身不曰染世俗之塵官員夢之浚明有家恩榮洊被,3729
卷之二,天象部,烟火,烟中鴉亂飛貞吉否凶,貞吉否凶占惡聲之鳥亂飛烟中災禍重重口舌官非之象曰兆應介子推白鵶繞烟之事又爲高隱馳譽也,3733
卷之二,天象部,烟火,空中火大發吉,占火光大發陽氣所乘夢此者威聲大振家曰業大興經商獲利官事大勝諸事大吉,3738
卷之二,天象部,烟火,火光繞天吉,占十人得朋名利交成易曰火在天上曰大有君子以遏惡揚善順天休命,3742
卷之二,天象部,烟火,野火凶,占此夢盗賊蜂起奸佞羣生家國不寧之象曰火乃王氣見于其方則勝見于他地則衰智伯旣敗夢火見于西方乃出秦又夢火見于南方遂奔楚冀以迎其氣也,3746
卷之二,天象部,烟火,山上大火起吉,占山上有火易卦爲旅旅覊旅也商賈夢此客曰邸興發官宦夢此祿宦高遷凡事尊光之象,3752
卷之二,天象部,烟火,老人送火至大吉,占陰衰陽盛至尊垂恩之兆婚姻主女求男閨婦曰主夫遠歸病者主壽祿長家業主添丁進口,3756
卷之二,天象部,烟火,鬼神口吐火焰貞吉否凶,貞吉否凶占此夢鬼有鬼氣神有神威文人必中魁選平人曰家有虚耗病人當祀焰口鬼王餘防虚驚險事,3760
卷之二,天象部,烟火,身行火中吉,占火者陽屬闢邪除穢也夢者主病曰即瘳身即發名即成貴人扶也,3765
卷之二,天象部,烟火,火驅車輪轉如飛,占兆主氣轉新運轉亨利轉殷位轉陞家曰轉豐業轉興此爲恩綸飛報之夢也,3769
卷之二,天象部,烟火,火裏烏亂飛大凶,占此兆帝王夢之邊關亂士庻得之家庭變夫婦失曰羣父子飄零紊亂災荒之象更防有火燭之災,3773
卷之二,天象部,烟火,取水澆火,占水火旣濟豫防之象事事謹愼戒懼曰無咎心氣虚腎氣壯坎旣升離宜降,3777
卷之二,天象部,烟火,火滅凶,占夢此者主家亡財散病入膏盲訟困縲絏不曰祥莫大焉仕宦夢此當有見幾明哲之思矣,3781
卷之二,天象部,烟火,見臍中火光起,占董卓謀逆臍燈市耀夢臍有火是爲腹曰有光明惟正則生貴子不德必遭奇禍,3785
卷之二,天象部,時令,賀年吉,占元旦令辰也夢此者不論往來主益壽延曰年之兆元吉凡考試經商皆有年相慶,3793
卷之二,天象部,時令,元宵賞燈大吉,占此夢上元之節觀燈之會登元之兆也文士大吉曰餘者家業豐隆氣運亨通婚姻諧合骨肉團圓,3797
卷之二,天象部,時令,清明祭掃祖塋吉,占耀祖榮宗之兆清明爲良辰令節展思曰一本得意者之爲也夢此見前人有光,3801
卷之二,天象部,時令,遊春遇雪,春遊樂事春雪易消夢此者須防樂極悲生主外占孝之服又主遇水患然亦易脫誰謂河廣泳之游曰之,3805
卷之二,天象部,時令,觀龍舟貞吉否凶,貞吉否凶占此兆非有虚喜必有虛驚浮而不實險而曰不害凡事皆宜小心謹愼應在木鄕午運,3810
卷之二,天象部,時令,大熱避暑入山凶,占暑氣炎令也避之就寒氣也貴人曰兆此解組歸山若夏令夢之無妨,3816
卷之二,天象部,時令,穿針乞巧吉,占人間乞巧天上佳期渡銀河入金穴也夢曰此者婚姻配偶財貨豐盈兆應七七之期,3820
卷之二,天象部,時令,中秋玩月大吉,占此夢文章秋捷家室重圓之兆文人功名曰遂至女人孕秀女貴子也諸事吉祥如意,3824
卷之二,天象部,時令,重九登高吉,占重九九重也登高高登也貴人夢此位佐九曰重士人夢之名高天下經商厚望訟事全勝,3828
卷之二,天象部,時令,登高雨阻,占夢此兆者功名不能上達取利不能盡獲曰訟事息解病人漸愈立朝宜功成身𨓤,3832
卷之二,天象部,時令,寒凍吉,占主炎運將囘否極泰來之兆寒爲歲曰之終凍爲陽之伏惟經商疾病不吉,3836
卷之二,天象部,時令,風雪中汗淋揮扇,占風有令雪有光汗出不返扇以恩榮主上人曰恩命寵光不期而至謀不及謀望不虚望也,3840
卷之二,天象部,時令,除夕換符,占此兆文人夢之攺門换閭光前耀後常人曰得之除遷居移舍事事隆盛氣運重新也終,3844
卷之二,天象部,時令,━━━━━━━━━━━━━━━━━━━━━━━━━━━━━━━━━━━━━━━━━━━━━━━━━━━━━━━━━━━━━━━━━━,卷之三,3852
卷之二,天象部,時令,━━━━━━━━━━━━━━━━━━━━━━━━━━━━━━━━━━━━━━━━━━━━━━━━━━━━━━━━━━━━━━━━━━,,3854
卷之三,地理部,地土,地平曠大吉五方五色土居,地者陰土也平曠廣大而深厚也五方五色土居占中央至哉坤元萬物資始生生息息其利無窮夢曰此者富厚福澤通達安平大吉之占地者萬物之祖元氣𤼵生也東至泰逺西至邠國南至濮鉛北至祝栗自混濛之氣重濁者位下成質而地得以寧燧人氏始仰觀斗極而定東西南北之方大禹使太章步東極至西極二億三萬三千五百里七十五歩使監亥歩北極至南極二億三萬三千五百里七十五歩名山五千三百七十出水之山八千里受水者八千里出銅之山四百六十七出鐡之山三千六百九十佛經有四大部洲之說東南天地之奥藏其地寛柔而卑其土薄其水淺其生物滋其財富其人剽而不重劘食而偷生其士懦脆而少剛笮之則服西北天地之動方雄尊而嚴其土高其水寒其生物寡其財确其人毅而近愚食淡而輕生其土沉厚而慧撓之不屈察乎坤輿之理明而且晰者可與通魂接之故以占之矣,3875
卷之三,地理部,地土,賜茅土之地,吳孫堅母夢童女授茅土一莖且云天賜汝生子占當王于翼軫之地後堅果與蜀魏鼎足三分王于曰東吴其夢甚顯,3898
卷之三,地理部,地土,地陷,貞吉否凶夢陷南方无咎東方休囚西方不祥北方沉頓中央受困諸事皆當隨其方位而定吉凶○夢地高者主家事興○夢地卑下者主基業落○夢地下占雲起黃赤者吉黒白者凶○夢地傾側者主兵荒曰○夢地高漸及天者下陵上之象○夢地轉者主運通○夢巳轉地者主功成名立○夢地腴主富澤○夢地磽主貧瘠,3902
卷之三,地理部,地土,地氣冲天,占氣有五色紅黃逢良善靑黑遇强徒白主刑曰患赤主兵戈若冷氣來冲不爲佳美之兆,3909
卷之三,地理部,地土,地開裂大凶,占此夢土崩之象主公矦疾病主常人家業衰替人曰口不寧兄弟分居母妻有變奸雄鼎踞諸事不祥,3914
卷之三,地理部,地土,地高下不平,占不平履險也夢此者主疾病訟不勝姻曰不成利不獲諸凡作事必艱難勞困也,3918
卷之三,地理部,地土,地動吉,占兆主遷居移業攺舊圖新女人有悔常人當曰得酒食經商生意𤼵動至坤方謀財尤利,3922
卷之三,地理部,地土,京師吳越洛陽蜀川秦隴燕趙北戒南戒,夢在京師主財豐日愈○夢在吴越主口食○夢占在洛陽主得美人名花○夢在川蜀主疾病遇藥曰○夢在秦隴主獲馬○夢在燕趙主錦衣美色○夢入北戒南戒之地者主四夷來王之占,3927
卷之三,地理部,地土,居地土中大吉,占物生于土人居土中處生地也夢主有曰生𤼵長養如老病之人兆此大不吉,3931
卷之三,地理部,地土,人以地來降,占梁武帝夜夢中原牧守以地來降曰吾爲人曰少夢此夢甚佳及矦景歸帝欣然納之,3936
卷之三,地理部,地土,掘地出土貞吉否凶,貞吉否凶占掘地人陰出土事動兆此者被人辱侮與曰人口舌易地轉土之象病者須告土保禳,3940
卷之三,地理部,地土,地下入地,占純坤之卦利用陰私夢者恐有深入地曰府一重一罪之災急宜解禳鎭壓也,3945
卷之三,地理部,地土,入地見天日大吉,此夢屈極復伸陰極囘陽之兆地下有天地天爲占泰天上有日天日高明主貧而富賤而貴失而得曰負而勝婚姻解而合牢獄入而出,3949
卷之三,地理部,地土,伏地聽雷,占陽氣濳藏陰欲通震來𧈅𧈅喚東風曰側聽耳根消息到驀地一聲驚卧龍,3953
卷之三,地理部,地土,地凍吉,地凍者天寒之兆氷結之形夢主冬月男女成婚占大吉土生金金貴聚商賈營謀爲財利歛藏凡事曰就緒也,3957
卷之三,地理部,地土,下地見鬼神貞吉否凶,貞吉否凶占地下冥府鬼神皆陰象夢此者西遊近矣諸事不曰祥若見鬼神而蒙釋放或許延壽算又爲佳兆,3961
卷之三,地理部,地土,地忽長桂花大吉,桂者秋期香𤼵文人夢之才名大吉女人夢之生占貴子配貴夫夢在平時則應在秋月夢在秋月則曰應在其時經商財利興𤼵病人疾愈,3966
卷之三,地理部,地土,地下有蟻成陣,蟻乃虫之至微亦有尊卑占綂攝夢此者主敵國相侵曰太祖夢蟻成陣醒甚疑召劉伯温占之伯温曰陛下當得天下此萬姓歸附之兆遂起兵平天下,3971
卷之三,地理部,地土,卧地上,此夢安寧喜慶之兆男子夢之得妻女人夢之孕占子文士夢之及第常人夢之喜至病者夢之須保曰禳許愿象雖不祥而萬物上中生大有生意也,3977
卷之三,地理部,地土,立地上與地下人語,占兩陽隔陰下陰有陽上陽有陰陰陽相盪激曰而傳聲夢主坤方信至上下和同男女相得,3984
卷之三,地理部,地土,地上交合吉,占陽之英兮陰之精陰陽媾兮地之靈曰兆生子兮開大業凡人夢兮私事成,3991
卷之三,地理部,地土,堂前地陷凶,占地者陰象陷者險形主母患而妻憂也凡功曰名經商遷移訟事婚娶交易諸事非爲吉兆,3995
卷之三,地理部,地土,掘地得金銀珠貝,占平人主財名遂志女人主得奇男異女曰也若寤有貪想者又爲有感無實之夢,4001
卷之三,地理部,地土,地上行舟凶,舟必行於水中而夢陸地行之則爲艱辛費力之占兆夢之者運限未通兼有疾病之憂經營利居貨曰不利行遠,4006
卷之三,地理部,地土,將文書埋地,埋者滅也夢此主棄文就武攺業更基之兆若孕占婦得之栽文種育貴人訟者得之地有文書官司曰作主也,4010
卷之三,地理部,地土,開地坑大凶,兆此者大驚大險大憂大害大陷大禍爭戰不利占泛舟不濟訟被人陷病被鬼纒孕婦難產母壽難曰延百事𭣣歛警省可保無咎,4014
卷之三,地理部,地土,埋兒入地貞吉,占埋兒得金天感其孝意外之福永言有道曰有子應試當得科第吉有子病夢之凶,4018
卷之三,地理部,地土,地生柳,柳之爲物易生易大易死易枯夢此者主諸事倏占長倏消之象家有少女當有柳姓之子求婚家有曰長子恐有𤇆花私約之事,4022
卷之三,地理部,地土,滿地𤓰菜,占此乃結實蔓衍之兆也夢者名利殷曰服子嗣森森田園暢茂婚媾通亨,4026
卷之三,地理部,地土,地上有宂見䑕入,占子年月日必主遷移宅舍若曰病者屬本命生辰大爲不祥,4030
卷之三,地理部,地土,開土,輕土多利重土多遲中土多聖人各以類應詳此爲占也,4034
卷之三,地理部,地土,開土見棺屍,占病者最不吉訟者尤不祥惟農圃得此稻曰黍豐熟菜麥全𭣣也止見棺吉若見屍凶,4038
卷之三,地理部,地土,人自土中起吉,夢此爲人生中土得子招丁之象行師兆之主有占土人來降引導滅冦也土乃五行之本人惟萬物曰之靈起於其中無不休美,4042
卷之三,地理部,地土,食土到地大吉,占此夢主福祿綿綿無限有源之象貴賤男曰女老少得之者無不福至祿增亨昌大利,4046
卷之三,地理部,地土,夫妻同土中,占寢則同室死則同穴豈爲佳祥哉曰若病者夢之須防不測愼之愼之,4050
卷之三,地理部,地土,塟棺木入土吉,占此夢仕宦者官居地官營運者隨地曰得財爭訟和解疾病不祥功名大吉,4054
卷之三,地理部,地土,土塊大吉,占土生金利象也人與塊得業也夢此曰者主創大業獲大財出行得酒食,4058
卷之三,地理部,地土,取土吉,占兆主不意之中横獲財利謀望有成曰遷移大吉行路拾遺物婚娶得妻財,4062
卷之三,地理部,地土,行上土堆大凶,占土堆塚墓之形也行于其上非吉兆曰也夢此者主病不瘳諸事不利也,4066
卷之三,地理部,地土,吞土,占非穀非肉莫煿莫烹𠰸之語塞咀之舌曰耕夢此者宜謹愼省畏修德以囬之耳劉敬宣夢丸土而食旣寤喜曰丸者桓也桓玄旣吞吾其復故土乎果如其言○又梁簡文帝爲矦景所囚夢吞土後酒酣爲左右以土嚢坐口上乃崩,4070
卷之三,地理部,地土,人送土至以衣包土,夢送土者黒靑色疾病至黃赤色祿位臨白者主占死䘮若昏蒙不辨顏色當有不明𡨚事至夢衣包曰者衣土社也夢此兆者啇人利於市文士有良朋農家有飲宴之樂病者當祈上神祭賽,4076
卷之三,地理部,地土,土傳頭上血,占此夢黃來掩赤陰氣成凝之兆得曰圡得衆下人上附占主大昌也高皇帝夢三人頭上有血以土傅之劉誠意曰是衆字頭上有血以土傳之得土得衆之象也應在三日後當有報至,4080
卷之三,地理部,地土,宅中土漸高起大吉,占土漸高名位陞家業豊交易貴營謀曰利貴人來疾病除諸事興盛隆𤼵,4086
卷之三,地理部,地土,入土中吉,占身入土安穩象也夢此者身安國安家安財曰安事事安吉也女子夢之必逢吉士之誘,4090
卷之三,地理部,地土,攢土上宅大吉,占貴人食祿千鍾經商獲利無窮村舍家園曰攺造僧尼夷塞皆通主名高利厚之兆,4096
卷之三,地理部,地土,運土石入家大吉,占土乃厚重爲富之徵石乃峻大爲曰貴之象運入家庭富貴逼人矣,4101
卷之三,地理部,地土,空中起土貞吉,占夢此兆者祿位高陞喬遷新厦之占萬物曰生于土空中起土者空手成立之兆也,4105
卷之三,地理部,地土,團土作彈丸貞吉否凶,貞吉否凶占丸泥封關英雄偉志孕婦得子謀事望空求之曰得遂與人爭競有小利病人恙入泥丸愼之,4109
卷之三,地理部,地土,打土成鹿大吉,占此夢仕宦得之必祿享地卿曰之兆庻人夢之無往不利,4114
卷之三,地理部,地土,魚跳土上凶,魚失水人失𫝑也豈宜夢之兆主名不成利不就營謀作事切宜謹愼,4118
卷之三,地理部,地土,泥放寶光大吉,占此夢地有光榮之象文人大貴市人巨富羽曰流證道緇服開山田家豊足凡事詳有土色,4122
卷之三,地理部,山水,山行大吉,履高山居高位亨通尊貴之象也在易爲艮止而占不動動極歸靜夢此者握大權獲大利享大福富曰貴佳祥山亦地屬貴顯之徵天下名山五千三百七十名地六萬四千五十六里或出銅出鉄出金出錫出寶天地所以均有無通萬物者也謂之地骨凡形於夢寐之中者君高登達後學以意測之,4130
卷之三,地理部,山水,須彌山,一名崑崙一名陽紆一名阿耨達中鎭天心龍分占四枝爲四世界凡宇内山河大地皆其𣲖也夢之曰者主居天下之鎭兆非平等,4138
卷之三,地理部,山水,崆峒,占爲山之望入夢乃財物虚花之占崆爲空峒爲同曰主營求不得客伴不祥惟修煉家兆之主得道,4142
卷之三,地理部,山水,大小鐡圍,占極樂大千世界之地非曰奉信空教者兆此不祥,4146
卷之三,地理部,山水,遊五嶽人鳥蛾睂天下名山,占凡夢登名山巨鎭俱高明顯達之象宜以曰方向時地及查古先聖跡而推兹不概詳,4150
卷之三,地理部,山水,開山,夢此主得通達禪家成佛作祖占如有祖先停柩在占家又爲殯塟之占或夢山自開者經云名山五百曰歲而一開開則金玉之精涌焉斯爲利益之祥亨通進歩之兆矣,4154
卷之三,地理部,山水,空山曠野,占空曠乃利達之象山野乃往來之途曰兆主逺人來至凡事疏豁亨嘉也,4159
卷之三,地理部,山水,奔二山,占此夢陷于囚獄者遇赦困于征戰者得曰脫病于床褥者逢醫事有扶助大吉宋楊文廣征蠻被困夜夢奔二山術云二山乃出字也明日果脫,4163
卷之三,地理部,山水,上山捧日吉,程昱幼夢上泰山兩手捧日後輔魏太祖甚得倚任昱原名立太祖知其夢乃加日于上而名之以昱○楊炎夢陟高山見日舉左右手以捧之後登相位輔君焉,4170
卷之三,地理部,山水,山色雲籠,占朦昧不明象也夢此者臨事必須謹愼斟酌曰徐待分明無咎一曰山出雲雲行則雨施吉,4178
卷之三,地理部,山水,升山墜地升至半山,墜地者主前吉後凶升於山登高也落于地墮下占也貴人夢之降官失位經商防財命病者藥難痊曰夢至半山而止者凡事有初鮮終,4183
卷之三,地理部,山水,山上流泉貞吉否凶,貞吉否凶占山上有水君子反身修德利見大人夢此曰官高祿顯獲利身殃必有扶助事貴也鄧艾夢坐山上見有流水按易占之山上有水曰蹇利西南不利東北往必克蜀身不返矣後果應其占,4187
卷之三,地理部,山水,靑山大吉,占少者夢之靑春佳偶才名遂吉病者返曰老還童壽無涯矣客旅夢之思鄉所致,4194
卷之三,地理部,山水,山有赤氣起吉,占暑氣蒸人五穀生炎雲峻嶺突崚峋曰神移心膽遊旌指君子占之事得亨,4198
卷之三,地理部,山水,土山壞山谷崩裂山忽變平地平地成山,夢土山壞者防眉鼻有傷家園廢敗不宜泛舟江占湖諸事不吉○夢山崩者墜也裂者開也隕墜開曰離之象○夢變平地前功棄○夢地成山勇往直前,4202
卷之三,地理部,山水,山上喚名,占山頂相呼寵臨祿至利獲婚成英傑賢良神曰交心契山鳴谷應身濳一室名聞四達之兆,4206
卷之三,地理部,山水,上山恐懼貞吉否凶,貞吉否凶占靖共爾位受祿于天貴人夢之祿位至平曰人夢之福壽增惟婦人夢之非爲佳祥也,4210
卷之三,地理部,山水,山林中行吉,占此兆商賈大吉餘皆獲利茂盛禎祥之夢高曰處行似吉以人配山仙也以人配木休也凶,4215
卷之三,地理部,山水,山上與人相見吉,事相成喜相逢若與女子相期至于艮方相會山占上有人爲仙求婚遇仙姫求道遇仙翁商賈仙舟曰客功名仙桂籍,4219
卷之三,地理部,山水,登山欲墮人推上,占屈而得升曰急中有救陳主夢騎馬上山欲墮遇陳子高推捧而升後與張彪戰敗危急之時果得子高救護云,4223
卷之三,地理部,山水,在山穴中大吉,占兆主文士位躋帝居常曰人居遷喬木大吉慶也,4229
卷之三,地理部,山水,高山上有深阬凶,占此夢爲危爲陷若露若藏不論富貴貧曰賤男女老幼僧俗凡兆之者必大不祥范雲爲齊明帝所知因帝召次曰昔太宰語臣嘗夢在一高山上上有深阬見文惠先墜次武帝次文宣望見明帝在御牀偹王者羽儀明帝流涕曰文宣此惠難負遂厚昭胄,4234
卷之三,地理部,山水,山上拜古人廟,占維山有神維人有靈神靈之交係有所矜曰審其誰氏斯判妖禎凡夢得焉匪爲惡徵,4240
卷之三,地理部,山水,負山有力,占此兆任大位握大權食大祿獲大曰利諸事亨通暢利威福赫奕也,4244
卷之三,地理部,山水,上山人扶手脚大凶,占人在山上爲凶扶手扶脚爲曰何徵兆不病而西歸有期矣,4248
卷之三,地理部,山水,手拍山大吉,占掌有權山有埶在位加官平人遇貴婦人主曰得榮華福祿之子僧人主住持興旺之基,4252
卷之三,地理部,山水,抱物上山,占孕婦夢之大吉論財利高山從下而曰上更抱物懐中此先難後易之占,4256
卷之三,地理部,山水,遊山,玩靑巒而快志隱山居以避暑把黃菊之秋葩觀占白雪於冬嶺雖云達士之樂然亦春吉夏吝秋晦曰冬凶,4260
卷之三,地理部,山水,環山奔吉,占夢主國運中興家業重整婚事還成訟者復曰勝靜極而動動極歸靜一動一靜天地之根,4265
卷之三,地理部,山水,𬨶見高山吉,占隱隱峰巒嵬嵬睇盻好事多成圖謀風便曰主凡事成就如雙親在堂主多壽之兆,4270
卷之三,地理部,山水,掛絲山上,占此兆病人曰不宜夢之薛琡蘷張亮于山上掛絲覺而告亮曰山上掛絲乃幽字也後果爲幽州刺史,4274
卷之三,地理部,山水,卧山上,山中高士卧林下美人來達士主濳踪隱跡之兆占貴人休官罷職之占平人夢之主有意外奇緣男曰女之樂不約而至也,4280
卷之三,地理部,山水,鑿山開路吉,占亨通進歩之兆夢此者文人曰上達啇賈運泰諸事吉祥,4284
卷之三,地理部,山水,山中飲澗,占山下有泉蒙非我求童蒙童蒙求我再三凟瀆則曰不告于此飲之學問進益財利亨通但不可大望,4288
卷之三,地理部,山水,登山頂飲食吉,占山頂絶高之地位登之以飲食其兆當共天位曰治天職食天祿非官卑祿薄者比百事皆吉昌,4292
卷之三,地理部,山水,山上掛冠,占此夢居官主罷職居商主曰歸家乃安寧休息之象,4296
卷之三,地理部,山水,居住高山大吉,占夢此者主益壽延年加官獲利文人曰異日當卓越人羣𣗳立不小之兆,4300
卷之三,地理部,山水,見山開户有宫殿,慈印禪師未行脚時爲人傭奴夜倦卧草中夢大占山開戶以身入之仰見宮殿森嚴金像欲動駭汗曰而寤遂立誓焚修爲開山祖師,4304
卷之三,地理部,山水,上山登塔,占此夢高上登高土人得此連科及第位居曰極品若僧人夢此圓寂病人夢此昇天也,4310
卷之三,地理部,山水,驅山,占此象主遷居移舍變產曰更業病人尤不宜夢此秦始皇驅山岳擬塞東溟嘗役鬼移之山𫝑欲動有人叱鬼以身扼崖石使不得去今崖上有肩披簪冠跡以手摩拭作古桂香云祖龍木仙枉用力駕海欲驅山下石神人倚住不與行留得巖前隱仙跡兆此奇夢更動異常,4314
卷之三,地理部,山水,山上穿井,山爲艮穿井爲穽艮地有穽利西南不利東北婚占宜解訟宜和孕不育行人即至惟依山而居者必曰主財源通達,4318
卷之三,地理部,山水,山上對陣,此爲危險之象也夢者若戰勝英雄遂志戰敗壯占士落魄和解訟息爭消對陣有兵十字成丘山上曰有丘爲岳求婚必成也,4324
卷之三,地理部,山水,山穴中得大筆,占夢主壽𣸸永算士進長才應試大利立劵有曰益閨閤之中文廻蕙錦淄黃之客篆印靈機,4328
卷之三,地理部,山水,坐山上彈琴吉,占美哉巍巍乎高山伯牙絶調鍾子知音主有曰知巳之遇文人有四遠馳聲同方向道意,4332
卷之三,地理部,山水,山中捕魚,山中獸之居捕魚水之利陸地垂竿必不可得之占象夢者謀財無求名遲諸事不利如捕得之主有曰隣家酒食,4336
卷之三,地理部,山水,上山讀書吉,占聲傳空谷天恩頒赦囚人出獄曰聲應高崗天寵眷注文人譽揚,4343
卷之三,地理部,山水,山化銅錫金銀寶物凶,占夢此者業消財散謀利曰成虚更防刑責不吉也,4348
卷之三,地理部,山水,耕山大吉,占石田可耕衣食豊盈就此老農詢之占夢曰厥夢維何曰麥與禾堪以療飢神非形栖,4352
卷之三,地理部,山水,走馬上山貞吉否凶,貞吉否凶占凡仕宦從險中祿馬高擢商賈從險曰處獲利嬴餘凡事先難後易之占張公夢走馬上山占之曰馬屬離離爲火火禍也人上山凶字也果伏誅,4356
卷之三,地理部,山水,上山見羣牛吉,占上山陞位也羣牛聚力也士人夢此頭角崢曰嶸女人夢之夫榮子貴餘者夢此皆爲吉兆,4363
卷之三,地理部,山水,山上斫木,伐木有聲不折乃吉若無聲而即折大不宜也父占母妻妾子孫皆防有損尅之兆山爲土土生木于曰生木之地爲尅木之事木命之人尤爲凶危,4367
卷之三,地理部,山水,泰山崩大凶,占兆主至尊崩至親䘮若身曰居高位者則應在本身,4371
卷之三,地理部,山水,峰巒挺秀,占峰巒山之頂也忽然挺出接雲漢也夢曰此者文人大貴應舉必居羣英之首,4375
卷之三,地理部,山水,丘陵頓高起,占丘頓高陵忽起夷狄侵邊盜賊犯境也王矦曰卿相夢此者天下不寧士庻夢之宅舍不安,4379
卷之三,地理部,山水,大水澄清大吉,占夢此者貧而富賤而貴氣運亨通諸事曰吉祥士人清明在躬志氣如神亦致之凡水品山水上江水次井水下廬山康王谷一無錫慧山二蘄州蘭溪石下三峽州扇子峽下蝦䗪口四蘇州虎丘五廬州招賢寺下方橋潭六楊子江南冷七洪州西山瀑布八桐柏淮源九廬山龍池山頭十丹陽觀音寺十一大明寺井十二漢江金州中零十三歸州玉虚洞香溪十四商州武關西洛十五吴淞江十六天台西南千丈瀑布十七柳州圓泉十八嚴陵灘十九雪水二十凡水有黃金處必清有明珠處必𡡾有子鮒處必腥腐有蛟龍處必溷黑辨乎此者可以憶所夢之境而推,4384
卷之三,地理部,山水,飲水不止,占飲不止利無窮水爲利飲爲通利通達來縱縱商曰賈夢之宜賽五路財帛有生有靑龍招利之事,4390
卷之三,地理部,山水,天下大水,夢兆某處即以其水名推之○夢水閗主財散○夢水赤下陵上○夢水黒濁主陰私○夢水嘯虚占驚○夢水涸事窮○夢八功德水一清二冷三香曰四柔五甘六凈七不噎八蠲痾兆主心清業淨○夢三昧水主疾除○夢慧眼水主明目,4394
卷之三,地理部,山水,水流汪洋,占兆主氷泮河航新婚喜慶之兆財源曰來名譽溢憂事消凶事去壽命長也,4398
卷之三,地理部,山水,見流水有波聽流水有聲,夢流水流者去也主訟解爭消疑釋病愈吉昌之兆凡事宜保禳懴悔禱祀子愿須向東方吉○夢水有波瀾者兆利文人主學有淵源文波員活聲占名洋溢財利生息飲食宴樂不爲名師當爲高弟曰○夢水流有聲水流動貌有聲音象也爲官作吏坐賈行商音書頻至之夢也女子主有美孕消息弄璋之兆也,4402
卷之三,地理部,山水,水中見日月貞吉否凶,貞吉否凶占此夢功名水底月財源波底光諸事空曰虚無實之象惟婦人夢之主懐胎子女,4408
卷之三,地理部,山水,水面雲起風起吉,占波紋雲起文明之象士人文塲得意文思波瀾曰飛騰之兆平人水窮雲起絕處逢生興𤼵之祥,4415
卷之三,地理部,山水,水上虹升吉此蛟騰龍起之象,此蛟騰龍起之象文人夢之得貴女子夢之夫顯占孀居子秀無子亦有意外寵榮也平人夢之子必曰超羣𠊓水者夢之應主此地當建造橋梁有大功德也,4421
卷之三,地理部,山水,洪水,占洪水大泉也夢此者財利充盈營謀快盛病曰者主虚訟者主驚家臨江海者防有水災至隋高祖夢洪水没都意惡之遷都大興有方士言李氏當爲天子勸帝盡誅海内姓李者渾從子將作監敏小名洪兒帝疑其名應懺嘗而告之,4429
卷之三,地理部,山水,溝渠水流大吉,占此兆溝渠之水常流而不斷曰者夢主壽與山高福同流水,4439
卷之三,地理部,山水,水長浸城郭,占論何城郭辨其吉凶守城之官邏城之曰卒或兆此者虞有不測之冦驟臨城郭,4443
卷之三,地理部,山水,水有岸吉,占水有㟁舟有倚也夢者主有倚𠊓夾助吉祥曰亨通之兆水有岸爲洲當爲沙洲之主也,4447
卷之三,地理部,山水,水邊見女子,占水邊女字爲汝女與子字爲好夢者事事曰佳美吉昌之兆也水邊相映主好事多端鄧殷夢行水邊見一女子占之日水邊女汝字也果遷汝陰太守,4451
卷之三,地理部,山水,僧浴水中吉,占此夢除煩去垢之兆盂蘭浴佛男女曰夢之當持齋受戒必有佛力扶持,4458
卷之三,地理部,山水,落水鬼,占人落水爲鬼鬼落水曰思人夢者宜細詳之一庠生歲試夢神告之曰落水鬼初不解後案出則前一名某者應幇補無何其人溺水死循例頂名得廪竟至挨貢獲選其兆甚異焉,4462
卷之三,地理部,山水,水上立,貞吉否凶水者流動溺人之物豈堪久立主凡事虚浮危險占凶事將臨之兆女人夢之凌波虚歩世外天姿當曰有傾國之譽,4468
卷之三,地理部,山水,水上行走大吉,占水上行神相佑也文人主有寵臨祿至曰必獲奇貨大財凡事貴人扶助之象也,4473
卷之三,地理部,山水,水中相毆鬥大吉,占濡兮沫兮亭洶湧兮傷兮殘兮罹骨肉兮爲曰恩波兮寵光豈攘澤兮競良主奪寵爭恩也,4477
卷之三,地理部,山水,浴水中大吉,占浴者淨也去舊垢更新運也夢主文章上曰達利獲無窮諸事咸亨如經商遠行愼之,4481
卷之三,地理部,山水,溺水,沉溺水中其兆頗窮浮出者吉没入者凶行商不占利居賈爲祥火姓火名火生火運凡夢得者皆有曰相濟之兆豈不爲良,4485
卷之三,地理部,山水,流水繞身,遍身流動禍患突臨夢者爭訟入獄病患入幽餘占人夢此主有膿血之災舟子夢之防有船覆船解曰之變,4489
卷之三,地理部,山水,墮水中半身濕,占沾濡恩濊考試入泮公事纒曰身商賈營利防有失脫愼之王尉長子邦城次子應騏入試督學其師母夢二生墮水中半身皆濕以告師師曰水邊着半泮字也二子並遊庠焉,4496
卷之三,地理部,山水,衣被水濕,貞吉否凶夢主妃逢君寵妾得夫歡僕䝉主眷訟者被人干占連病者醫難速效婚姻主女求男桑間之約主有曰美人來依不可負義忘恩致有奇疾沾身耳,4505
卷之三,地理部,山水,水中取菓食,占此兆必得倘來之物意外之財虚中曰有實凡事謀望有成女人夢之尤吉,4512
卷之三,地理部,山水,水中拾釵貞吉,占吉祥之兆未易之占釵者貧人娶曰妻荆釵裙布水中拾者諧魚人也,4518
卷之三,地理部,山水,水中浣衣帛吉,浣垢重新應主男續舊弦女諧新儷否亦納鮮美占之佳人訂風流之才子若商賈交易夢之不得長曰財增利也,4522
卷之三,地理部,山水,家中大水大吉,占兆主兒女添增之夢財利生基業盛官訟曰解散疾病無傷壬癸之日主有喜客臨門,4526
卷之三,地理部,山水,大水驟至屋欲浮貞吉否凶,貞吉否凶占屋欲浮産欲去家欲移也夢者王曰驟貧驟富居處不常遷徙則吉,4530
卷之三,地理部,山水,以門作舟泛水中吉,占家門飄蕩身得濟渡夢此者棄祖離家孤身曰撑立起業開基前阻後通先危後安之象,4535
卷之三,地理部,山水,水中流觴,占王右軍集友蘭亭流觴曲水今人曰夢之主暮春之日有酒食宴會,4539
卷之三,地理部,山水,爭錢落水凶,占金主刑落水無形也夢曰者刑消訟息安寧象也謝奉夢鄭猷與人爭錢落水而死及覺即往猷處奉未出言而猷先道其夢與奉無異,4543
卷之三,地理部,山水,水中得金銀凶,占虚利虚名無有實益之象兆主交易不成曰口舌之禍惟捕魚之人又當大獲財利也,4549
卷之三,地理部,山水,水洗古書,此夢文新學變之象主詞章錦繡名姓顯揚龍門占高躍桂枝早香常人主更攺簿書移換劵契僧道曰當習儒業醫家必進岐黃,4553
卷之三,地理部,山水,坐水中作文詞吉,占詞源不竭物豈池中文人大利閨中夢之曰主女師訓益秀貭靈心必成淑女之稱,4560
卷之三,地理部,山水,水中遇仙子,占兆如龍宫遇龍種士人夢此遭主逢時才名曰上達少壯者病遇良醫婚求佳配老疾不祥,4565
卷之三,地理部,山水,水面鷺鷥,占絲絲織得水紋敉針線拈來大異常素地素心留曰素影帶頭飄洒足堪藏主夫妻白首機杼空成,4571
卷之三,地理部,山水,𧺆馬水上貞吉否凶,貞吉否凶占此夢火行水上坎離得位主有虚驚而無實曰禍有畋獵而驅白鹿于水面者夢符其事,4577
卷之三,地理部,山水,水流如燕尾大凶,占兆主夫妻分散父子分離親友曰分别臣叛奴逃大不祥之夢也,4583
卷之三,地理部,山水,入水捕蛇吉,占水底源頭也捕蛇擒龍象也文人夢此登科曰及第平人夢此獲利拾財巳年月日應兆也,4587
卷之三,地理部,山水,水中大魚躍起,占此爲魚化飛升之象夢者鰲頭獨占仙曰桂高攀女人夢此必產麒麟之子也,4594
卷之三,地理部,山水,蓮開池水清吉,占池靣紅妆澄清映水夢者主配偶聯姻氣清曰運泰之兆僧道夢之白蓮之侶靑蓮之客也,4599
卷之三,地理部,山水,井水流溢大凶,占禍起穽中罹之者窮二縱二横八靣中央曰有水湯湯地亦流殃一口上浮兩川下傷霍光妻子夢之遇族滅之禍,4605
卷之三,地理部,山水,滄水使者,大禹夢繡衣男子自稱玄衣滄水使者告以神書所在遂得水經而成治水之功,4613
卷之三,地理部,山水,溪水流汨汨大吉溪水源源通達之兆文人夢此功名立效常人夢,溪水源源通達之兆文人夢此功名立效常人夢占之財利立到閨中夢之逺來音耗病中夢之壽增曰耋耄主事事遂懷也,4617
卷之三,地理部,巖石,登巖上石大吉,占石巖巖位赫赫夢此者官上加官利中得利曰崇高富貴矣而得享盤石之安大吉之兆,4628
卷之三,地理部,巖石,入丹巖碧嶂求仙貞吉否凶,貞吉否凶占仙風何處宅丹崖洞府飄飄落綘霞曰寄語離塵烹煉客人人開得不凡花,4632
卷之三,地理部,巖石,峰巖嶮㟓,占此夢氣運淹蹇營謀不利諸事阻絶不通曰之兆也凡遠行經商防陸路山徑之險,4637
卷之三,地理部,巖石,大石安地吉,占家業安康壽源永固諸事佳祥無憂清曰泰之兆也經商營運本厚無虞次吉,4641
卷之三,地理部,巖石,大石柱大吉,占此夢父母享年子孫賢秀貴爲棟梁曰富有巨萬現居官位者當朝元輔,4645
卷之三,地理部,巖石,石人,占夢在家者吉在野者凶又在家門爲鎭在丘墓曰爲𣗳表有虚名無實用作事有名無實之兆,4650
卷之三,地理部,巖石,移大石入屋宅大吉,占大石人家必有大貴人至舍也營謀必獲曰大利家業必增大財吉慶佳祥之兆也,4654
卷之三,地理部,巖石,手弄小石吉,占小石瓊瑶也夢此曰者多子多女多孫太和年間柳縝妻謝氏夢臨水邊見水中小石子拾取數枚心甚悅之玩弄有感連生數子後皆成名焉,4658
卷之三,地理部,巖石,定柱礎,占家宅安人口寧財利穩基業成更主得撑持曰祖基貴子榮耀上世賢孫相繼不一之兆,4664
卷之三,地理部,巖石,進砂石大吉,占砂裏有金石中有玉金玉兼進富而且貴之曰象夢者男子有堅貞之侶女人有剛介之夫,4669
卷之三,地理部,巖石,砂飛眯目,占砂爲碎石眯目視不逺也兆主神情不定旬曰日之内當有閑事閑非來侵甲乙日尤不宜,4673
卷之三,地理部,河江,至黃河源黃河清大吉,利有源頭運逢其始夢此者交易成商賈利求婚占好婦孕子訟得理主有酒食之中兼得財祿詳見曰前大水澄清占○夢河清者聖人受命王者革命之兆河水源于崑崙赤黃黑靑色以方異在吐蕃西鄙有泉萬餘竇地方七八十里沮洳不勝人跡不可逼觀惟登旁嶺下視其竇歷歷如列星然名曰火敦腦兒火敦者漢言星宿腦兒者海也星宿海合流而東滙爲二澤復合流始名黃河然猶清而可渉又析爲九渡即世言九曲而彼地又有二折云蓋星宿之源在崑崙西北東流環南又抵東北遶山之三靣如玦焉實非源于崑崙也凡水皆宗大河大江川莫大于江河中川百三十有五小川千二百五十有二水泉三億三萬三千五百十九遐荒者不與焉見於夢者明其源測其地與方名思過半矣,4683
卷之三,地理部,河江,龍門,地名,4691
卷之三,地理部,河江,河神巨靈人名,人名占夢此者皆大曰吉之兆也,4693
卷之三,地理部,河江,河水砂石吉,占此夢男主文章進益女主妊孕佳祥凡交易曰多金疾病逢醫爲人師者當多得高足大吉,4698
卷之三,地理部,河江,開通河渠溝洫,占諸道開通流動氣運更新交暢營謀作事無蹉曰遂意寛懐除暢凡仕宦文人商賈進益無量,4702
卷之三,地理部,河江,入河飲水大吉,泳河吸水逢凶化吉渇處得漿之象主有周貧濟占急之遇火症立愈臨文添思凡百事皆有潤澤也曰水姓之人來求婚媾,4706
卷之三,地理部,河江,河中水涸貞吉,占河無水魚不生舟不行夢此者經商不曰利諸事不祥惟病者夢之速愈之兆也宋主有疾夢河中無水以爲不祥占者曰河無水乃可字主君疾當瘳也果愈,4710
卷之三,地理部,河江,過河水吉,占需有孚光亨貞吉利涉大川象曰雲上于天需君曰子以飲食宴樂主親朋宴會隣舍酒食子午日驗,4719
卷之三,地理部,河江,長江,占順流者吉逆浪者凶夢之者主即日有逺行曰獲利長江萬里非指日可到凡事遲延無咎,4727
卷之三,地理部,河江,江水瀰漫大吉,占家豊國泰氣運亨新出仕進取有乘長風破曰巨浪之意經商身主財利盈滿如意之兆,4733
卷之三,地理部,河江,江中石柱起吉,占江中有岩中流砥柱夢此者當有台元之位曰撑持之力商賈得之舟行須小心謹愼無咎,4737
卷之三,地理部,河江,江水如血,占水性清白如血者變火色也主有血曰光之災或火症𤼵諸事不祥宜禳解,4743
卷之三,地理部,河江,波浪湧凶,占此爲驚疑憂困之象商賈爭訟乘舟曰駕馬皆有驚恐凡事宜謹愼無咎,4747
卷之三,地理部,河江,波濤洶湧舟如飛貞吉否凶,貞吉否凶占驚恐飛揚之象夢此者險而有助曰無咎主心氣虚腎氣旺肝氣乘也,4751
卷之三,地理部,河江,問渡,占命運將通意外扶濟之兆遇時訪道女子夢曰之當有丈夫遠信至有疾遇醫有訟官剖,4756
卷之三,地理部,湖海,遊五湖,扁舟五湖兆主富者傳家貴者解組娛清世外之占意功成身退知止不辱任意遨遊天機自足○夢曰遊鄱陽震澤者主眼空心曠,4764
卷之三,地理部,湖海,湖中雲起吉,占此夢水生雲霧雲映波光祥瑞之兆也利曰外益利喜中生喜婦人夢之主有閑氣,4768
卷之三,地理部,湖海,湖中大戰,貞吉否凶湖者胡也戰者占也帝王夢之主有夷狄侵邊有占損無益平人夢之湖爲水之區水爲利之象如戰曰而勝必獲大利女子見此當得佳人配偶,4772
卷之三,地理部,湖海,湖水冲天起,占此夢文人得之連登甲曰第祿位高遷平人驚恐蕪陰陸士鰲赴舉忽夢渡湖湖水洶湧上㴬冲天遂甲多士爲時名臣,4777
卷之三,地理部,湖海,海上坐盆,占齊後主高緯母夢于海上坐浴盆日入曰裙下遂有娠五月五日生後主于邸舍海者毘盧遮那如來所實都報無障礙土也罔測邊涯罕窮頂底諸佛身雲半現其中大根薩埵優游其處有大蓮花出其中曰渤海曰漲海曰清海曰瀚海曰然海曰苦海四海之潮皆時長惟浙有明潮八月十八日爲潮生日有海神有海王海王宅在姑蘇東入海五六日程小島之前四面海水粘濁此水清無風而浪高數丈夜中望之水上紅光如日方百餘里夢中形現隨景而占意可測也,4783
卷之三,地理部,湖海,泛海張帆大吉,張帆風順之象也夢主文士高飛一息千里經商占大利事事遂心訟必勝戰必利惟疾病夢之不爲曰佳兆,4789
卷之三,地理部,湖海,海水忽涸凶,占海水難竭夢之者當有奇異之災不祥之曰事惟好酒者夢之當主戒飲延年吉兆也,4793
卷之三,地理部,湖海,海中日昇,占海日高陞平人文士仕宦僧道九流天不平曰地高升横財𤼵祿太陽起于太陰之兆也,4797
卷之三,地理部,湖海,浴池照影見鱗角,占成龍魚化之象文人夢此題名金㮄折桂蟾宫貴曰人夢此位登極品如鄭獬得之而選鼎元之類,4801
卷之三,地理部,城市,登城大吉,城者堅厚峻固之地居官吏護兆民積械利拒兵占火人夢登之上見下内知外主御衆有權乘時得曰𫝑之兆○夢登不夜城在東萊主辛勤○夢登夫人城主兵戈○夢登江陵城雲長公築主克戰功堯聽四岳之言用鮌修水鮌曰帝遭天災厥黎不康乃築城以衛君造郭以守民此城郭之始也秦人築城武周塞内以馬走周旋之地依以築城乃不崩,4809
卷之三,地理部,城市,城上雲霞起吉,占瑞氣來靑廓祥光覆紫墉門闌生喜慶郡邑躋熈曰雍凡求功名謀財利結婚姻生子息皆吉兆也,4817
卷之三,地理部,城市,上廣陵城,荀伯玉夢上廣陵城南樓有二靑衣小兒語曰草中肅九五相追逐伯玉視城下人頭上皆有草時南齊蕭太祖正在淮南蓋應肅上有草頭焉,4824
卷之三,地理部,城市,雷電環城貞吉否凶巡守夢之防,貞吉否凶此夢有權有𫝑有聲有光有動有變巡守夢之防占有驍騎猛將猝然攻城凡事當小心謹愼不可忽曰也,4830
卷之三,地理部,城市,城毁凶,占城郭傾毁家庭變異之象若夢此曰者蕭牆禍起門屏災至不祥難述,4837
卷之三,地理部,城市,修築城垣吉,占重修基宇再整門牆之兆夢此家業亨曰通商賈獲利遷移宅舍攺業更基也,4841
卷之三,地理部,城市,見大將守城,占兆主他人得𫝑之夢容入乃吉見拒則凶惟曰王者夢之主有干城之助餘夢此俱不爲利,4845
卷之三,地理部,城市,城門開無數鬼出,貞吉否凶武臣夢之主其地兵戈變起不測主有屠城之禍占愼之愼之文臣夢之若遇應試之期主其地名魁曰輩出中選多人,4849
卷之三,地理部,城市,城外軍至,占兵冦至城門閉𭣣歛固藏之象也夢此者士不宜曰官居不宜遷商不宜市訟不宜爭修省祈禳可也,4854
卷之三,地理部,城市,城上哭貞吉否凶,貞吉否凶占此夢平人主遠行女人主孤宿訟者夢之曰防坐謫戍之科貴人夢此主城垣失守,4859
卷之三,地理部,城市,身卧城樓,占城樓不寧之所宿其上者勞辛象也夢此兆曰非佳美若貴人夢此戈横戟動身被刀兵,4864
卷之三,地理部,城市,城上懸頭以手取吉,占頭者首也取之大吉文士夢此必登魁首戰士曰夢之必錄首功商賈夢之交易必成首獲大利,4868
卷之三,地理部,城市,登城飲酒凶,占城垣禦冦豈高人雅士遊玩飲宴之地乎曰夢者主家業消散若兵戈亂時夢之乃吉,4872
卷之三,地理部,城市,遊城見宮殿樓臺吉,占升之高環之轉旣壯麗亦巍絢遊其都當移椽曰莫安土之别縣黃冠士成仙苑靑衿子登金舘,4876
卷之三,地理部,城市,上城彈琴吉,占兆主高士知音良朋盟契五七之數五曰七之期在戎服者必有㨗音即至也,4880
卷之三,地理部,城市,城上拾玉帶三條大吉,占夢此士人位列三公常人子嗣連登伯曰子貴仲子賢季子秀翩翩三鳳齊鳴郭元調無子妻王氏夢與二妾隨夫登安慶城拾玉帶三朿一曰玉龍一曰玉蛟一曰玉螭及覺言之夢皆合解者曰城爲郭玉爲璋必連得三子皆貴客也妻與二妾果各生一子後各顯名焉,4886
卷之三,地理部,城市,滿城旌旗軍器,占兵臨將守之象夢者主邊關冦起須謹守豫曰防商人夢此勿入其城平人主家宅欠寧,4895
卷之三,地理部,城市,城外四面掘深溝,占藏隱高深四方環護夢此征戰爭訟諸事曰不宜懈怠賈人不能遠出內外隔絕之占,4901
卷之三,地理部,城市,城上有棺吉,占城者高阜也棺者官也仕人主遷官高職曰平人主財利充盈疾病必愈大吉之占,4905
卷之三,地理部,城市,城上金碧如寶石,占此夢成金成玉財利環圍平人夢之富足光彩貴曰人夢之官祿寵要僧人夢之化城說法佛力扶持,4909
卷之三,地理部,城市,城外有城,占城外城廓也凡夢此兆諸事皆有就緒皆有曰防護主郭姓之人際遇會合成其美事也,4913
卷之三,地理部,城市,入地下有城圍凶,占地下之城冥府鉄圍也但見而不入或入而得出曰猶可若夢入之病者西遊訟者幽囚大不祥也,4917
卷之三,地理部,城市,城上種松柏楓檜,占松者成公柏者成迫楓者成風檜者成會各因曰其種隨事詳之老者夢此佳城種𣗳凶兆無疑,4921
卷之三,地理部,城市,鳳鳴城上貞吉否凶,貞吉否凶占兆主其地有聖賢出世鳴非其地生不逢時曰耳鳳鳴于城文人聲聞四海商賈財利四集,4925
卷之三,地理部,城市,騎馬環城走吉,占遊街帝都之兆文人夢此掛名魁首跨曰馬遊街武士夢此戈鳴戟動走馬邊彊,4930
卷之三,地理部,城市,持兵器攻城門貞吉否凶,貞吉否凶占此夢攻破則得利弗克則失意其功名商曰賈爭訟征戰俱按此推之吉凶可知矣,4934
卷之三,地理部,城市,大蛇繞城吉,占匝蛟龍于棘闈卧英雄于外閫文士變曰化有待經商腰纒萬貫病人不吉之兆,4939
卷之三,地理部,城市,龜出城,占兆主城中有高年之叟命數巳絕辭世而去曰也門有龜成𨵜凡事當拈𨵜者必主吉兆,4943
卷之三,地理部,城市,身鎭關隘,占身鎭關隘當大任也夢此兆者主曰官高位顯平人則主受人重托,4947
卷之三,地理部,城市,虎牢關,占穆天子射猿擒虎畜之東虞是曰曰虎牢秦以爲關兆主兵戈起,4951
卷之三,地理部,城市,塞外草枯,秦始皇帝築長城土皆紫色謂之紫塞塞者壅塞占夷狄也其占爲草淒凄沙漠漠客覊旅篋蕭索凋曰殘悲苦之象諸事不宜夢此,4955
卷之三,地理部,城市,入市交易大吉,占市井居商寓賈送往迎來入貨出貨長利生曰財福地也于中交易獲利之夢主家業富足,4959
卷之三,地理部,城市,市中𤇆火起吉,占此兆商賈夢之生涯隆盛利帛盈箱行牙夢曰之主此地有巨商來至接之必大有所獲矣,4963
卷之三,地理部,城市,市買海中貞吉否凶,貞吉否凶占海市奇觀珍寶所聚夢中市買浮曰名虚利文士夢之主文思進益,4968
卷之三,地理部,城市,行閙市中吉,占文人夢此英雄羣聚前遮後擁之曰象餘夢此者皆爲興隆暢利之占,4973
卷之三,地理部,城市,鬼市交易,占此夢經營無利仗托非人交易欺誘疾曰病災殃諸事不祥若不與交易無咎項在慈爲教授臨選夢與鬼交易而得其頭以爲不祥選旣定居首者死在慈補之奇應如此,4979
卷之三,地理部,城市,爭市厮毆吉,占商賈經營之兆夢爭勝者曰獲利大吉不勝失利非祥,4988
卷之三,地理部,城市,賀人開市肆,占賀人開張市舗彼實我虚不爲佳曰美若人來賀巳受益增光之象也,4993
卷之三,地理部,城市,市街撒污,占夢街市有污污及于身獲利大吉曰若夢自撒之失財散利未爲佳美,4998
卷之三,地理部,城市,市買牛羊肉吉,占丑未二支年月日時望外之利不得曰而辭或有酒食或有口舌爭𧢲事,5002
卷之三,地理部,城市,往市裏買冠袍求珠寶異物,買冠服者兆主功名加官賜服若女子夢之必有占金珠首飾羅綺衣裳夫必榮子必貴僕從夢之主曰家長顯達也○夢求寶物爲皇都得璽之占市人大利文人大貴求利于利之藪凡事謀成望遂,5006
卷之三,地理部,城市,市中易筆大吉,占此夢易人利頴主文章進益功名顯貴女子夢之曰子嗣聰明若以筆易物科塲落魄不祥之兆也,5010
卷之三,地理部,城市,市中虎闘否凶夢主虚驚無害,夢主虚驚無害凡遇寅月日寅生人夢者諸事宜占忍而謹愼女子夢之主兩家爭聘二子爭雄男子曰主有官訟閑非事至,5014
卷之三,地理部,城市,市中樓房高煥吉,占高焕創造新麗也夢者事業曰鮮美光前耀後富貴之占,5021
卷之三,地理部,城市,乘舟過市坊,占放棹紅塵驀地過眼前足底兩相訛謂問利曰名塲内客何如轉舵漾清波夢主謀事不遂,5028
卷之三,地理部,城市,市買米榖歸入倉吉,占米積陳倉豊餘充足家曰業興隆永壽安康之兆,5036
卷之三,地理部,城市,入市被犬咬頭吉,此兆士人主科名魁首賈人主獲利當頭兆應戍占日大吉之夢也常人主亡過宗親見咎祈禳追薦曰無妨,5040
卷之三,地理部,城市,市合大吉,占市之合夢之悅貴之占富之業事之成曰謀之决告君子非誑說喜慶來不終月,5045
卷之三,地理部,城市,過市中人紛碌吉,占酒食豐需之兆女子夢之主來日天雨曰有客至家供以酒食財利亨通之兆也,5049
卷之三,地理部,城市,遊市飲酒吉,遊街宴樂之象夢此者士人大利市人夢之主酉占日酉時求謀得利村舍夢之必有隣雞自至放而曰不求矣,5053
卷之三,地理部,城市,從市中出夫妻入市,夢出市者棄文習武之象文人出身商賈業散凡事財利不𭣣在大貴之人兆應棄市䘮身之刑大占爲不吉○夫妻入市者一陰一陽入利之鄉平人曰夢此主置買屋舍貴者夢此主陞官上任婚姻必成孕生奇秀事事當得骨肉和合也,5059
卷之三,地理部,城市,以書籍易琴吉,占文章遇合知音見賞之夢也二王相並一曰木孤撑貴人夢此縱横如意解愠阜財,5063
卷之三,地理部,橋路,上橋吉,此夢平地登高㫁河得渡諸事有濟助接引之功占有憑虚伏曲之變且橋名種種亦難懸斷按夢詳曰之上石木者吉浮竹者凶,5071
卷之三,地理部,橋路,駕橋升天貞吉否凶,貞吉否凶占駕接銀河之象文人夢此雲路天梯病者曰夢此仙航鬼歩商賈夢此得良伴有大利,5077
卷之三,地理部,橋路,橋跨大河大吉,占揷地成虹跨大河擎天作柱有恩波曰權高萬姓歌周渡不用憂虞福澤多,5082
卷之三,地理部,橋路,橋上人接引吉,占此夢名成利取病愈婚合訟勝商利主諸事曰有扶持救濟交亨之象私期暗約不謀而至,5086
卷之三,地理部,橋路,人携自手上橋梁,占兆主妻妾懷孕育貴子作棟梁生秀女成鸞曰鳳富貴佳祥之夢也兼有貴人提㧞之兆,5090
卷之三,地理部,橋路,渡過高橋貞吉否凶,貞吉否凶占久病遇良醫之兆若半渡曰之間或折斷或身墜大凶淮慶楊驄久病不起一夕夢有人引渡過一高橋覺而述之占者曰此得人濟渡身過險地之祥也未幾竟斃殆如釋家接引渡橋之兆云,5094
卷之三,地理部,橋路,橋上呼喚吉,夢此兆有憂疑不明之事者得清理獄訟貴人主占張凡事接引有人少年夢之主有不媒之合佳期曰樂就農家主明日有招飲酒食,5101
卷之三,地理部,橋路,造新橋吉,占橋成事濟也夢之者往來和曰合福德康寧喜生祥降也,5105
卷之三,地理部,橋路,橋上飲食,占下虚上險不得家食之兆主家業飄零浮踪浪跡曰也若現居官位者則爲高登王路曲賜天祿之兆,5109
卷之三,地理部,橋路,橋下過吉,占夢此者光彩明亮河水順流諸事大曰吉若暗昧不明水混風波不祥也,5113
卷之三,地理部,橋路,脫履過橋欲動,占夢此者文士足下生雲指日高升遷舊曰移新疾病退喜事逢平人主逺行之兆,5117
卷之三,地理部,橋路,橋上有亭樓否凶,占虹形蜃氣虚浮無實之徵夢者主交易不成婚姻曰難就豎造不久家宅不寧事事小心謹愼無大咎,5121
卷之三,地理部,橋路,橋上開肆凶,占酒肆之中不論賢愚貴賤有錢爲客夢此曰者妻女懷私口舌交至勤苦勞辛之象,5125
卷之三,地理部,橋路,乘車上橋馬飛𧺆,橋者駕空之物車馬飛渡閃忽消散之象也若現占有患難者主事得急濟飛身脫避必扶上有扶助曰中得助可屬吉占午運爲佳,5129
卷之三,地理部,橋路,持鎗立橋吉,占此夢乘高有威凡人得𫝑之兆武士主戰勝曰論功文人主應試報㨗平人百事有利大吉,5135
卷之三,地理部,橋路,金銀造成橋,利之聚濟之功利濟多百事通若當交易之時恐占成虚利虚祿若當婚姻之時必獲美女餘財不一曰而論,5139
卷之三,地理部,橋路,𧺆過獨木橋吉,諸事宜𭣣歛退藏無咎交未年月日危中得濟也占習坎有孚維心亨行有尚來之坎坎險且枕入干曰坎窞勿用坎不盈祗旣乎無咎,5143
卷之三,地理部,橋路,清水橋,一儒生夢人語曰成不成平不平清水橋邊乃見分明不知所謂也一日過一橋上題曰清水橋適有老父至生告之以夢文曰生今乍得矣成不成爲戊平不平爲午今年戊午應此兆矣遂中舉,5147
卷之三,地理部,橋路,登橋折花否凶,占士人夢此廣寒攀桂登雲象也然空地曰虚花平人不宜夢也大象多凶少吉,5154
卷之三,地理部,橋路,竹橋凶,占此夢浮動不寧之兆象曰應遷居無定踪跡不常,5160
卷之三,地理部,橋路,驅羊上橋吉,占此象主未運亨通未年富貴生曰于未年者主有人扶助上進也,5165
卷之三,地理部,橋路,群鵲聚成橋大吉,鵲成橋會銀河也婚姻大吉夢主仙娥配君子仙占郎獲麗姬也蘭閫之中才子至柴扉之外美人來曰幽期宻約必主遂心,5170
卷之三,地理部,橋路,橋成大蛇橫跨起貞吉,占騰蛟起蜃跨海升天之象文人身貴女曰人孕貴婚姻配貴平人事貴出行遇貴,5178
卷之三,地理部,橋路,橋被火燒橋濟渡處也火,此夢主通行之地威權阻塞之兆橋濟渡處也火占聲熖物也火來尅木其下有水人不能行主逺行曰未歸遠信不到也吳人有爲菜傭者毎夜常夢見橋被火燒心甚異之後三年早行出齊門至野地有盜棄□□之以歸竟至巨富後問其處乃火燒橋也,5184
卷之三,地理部,橋路,橋上生草,占主凶年之象病危者之占愼之愼之橋生曰草罕人行也當主行事不成中多阻隔,5195
卷之三,地理部,橋路,橋壞折凶,占兆主口舌相爭官訟相連經商流落病者曰遊仙信杳人逃女子夢之主好事不成,5199
卷之三,地理部,橋路,橋斷忽接,占橋兩截不得渡斷復接運轉通凡百事𮕩曰而再興敗而再成隔而再通絶而再續,5205
卷之三,地理部,橋路,橋柱折毁大凶,占柱折則橋傾往來絕矣老者夢之損曰子孫少者夢之喪父母諸事不祥,5209
卷之三,地理部,橋路,道路平闊吉,占路濶宜藏市塗平利渉塵紛紛貿易子曰兆此滿懷春主營謀得志財利稱心,5213
卷之三,地理部,橋路,路險隘貞吉否凶,貞吉否凶占險者陷也隘者狹也夢此險阻艱難之象主來日曰有虚驚閑氣憂事相侵宜小心謹愼方得安寧耳,5217
卷之三,地理部,橋路,路絕得通大吉,占兆主阻復通失復得負復勝死復生散復聚曰往復來商賈出行大利囚獄之中更爲吉占,5222
卷之三,地理部,橋路,路迷,六國時張敏與高惠爲友每相思不能得敏便干夢往尋但行至半路即迷而不知路矣,5226
卷之三,地理部,橋路,大路裂陷凶,占此夢商人失財利士人䘮功名訟者陷牢圄病者曰久床褥男女夢之婚姻不美往來隔絶主凶兆也,5230
卷之三,地理部,橋路,人指路吉,占兆主大吉凡事有薦引扶助謀成曰利就亨通遂志進前達逺之象,5234
卷之三,地理部,橋路,見路四通大吉,占兆名兮四馳兆利兮四達文人大吉平人大利若曰有可危之事者急須走避當得亨通無阻隔也,5238
卷之三,地理部,橋路,岐路難進,占此夢主謀事不决營利曰不明憂疑不進之象劉迅大賈也將往漢沔貿易舟泊江于忽夢路岐不能前進遂止舟不行是日晴明忽起風濤同行蚤𤼵者皆𮞸覆溺兆貴靈悟如此,5242
卷之三,地理部,橋路,小路幽暗多轉曲否凶,占氣運不通事多險隔愈轉愈幽再謀再失曰輾轉崎嶇萬事窒塞若忽然明亮者大吉,5246
卷之三,地理部,橋路,行路漸高亮大吉,占此兆文人夢之位漸高運漸通市人夢之業漸興曰家漸隆謀成訟勝事事吉昌或忽低暗者不佳,5250
卷之三,地理部,橋路,路中得財吉,夢此者主意外富貴文人當以遺才上進商人則占有人棄我取之象女子夢之主無意之中孕生子曰女凡事通達大吉,5254
卷之三,地理部,橋路,門墻路缺陷,占牆缺者有出入路陷者無往來主諸事曰不成之象富家夢之主門戶衰基業壞,5260
卷之三,地理部,橋路,去路不得囬凶,占浪跡浮踪之象夢之者夫妻分别親友分離曰運不亨名不通病不愈商不歸大不吉也,5264
卷之三,地理部,橋路,開路吉,夢此者名揚利遂運泰謀成凡事通達之象路開占爲各足兩家同富兩人異途老人夢之防有䘮殯曰之行,5268
卷之三,地理部,橋路,灑掃道路,灑掃道𠊓辛勤卑賤之象得此夢者執箕奉箒驢占前馬後非佳兆也若貴人夢之爲清除宇宙之占曰王事勤勞王道平蕩難以執一而占,5274
卷之三,地理部,橋路,街道泥濕荆棘凶,路泥濕兼荆棘有覊絆防傾蹶作事不成遷居不占吉商客之家防有小人𥨸刼路途之上大宜小心曰勿忽,5280
卷之三,地理部,橋路,大道中來往大吉,占踏大道履坦坦往來和合謀事暢滿曰夢此凡百大爲亨昌吉利病人即愈,5286
卷之三,地理部,橋路,遊行郊野吉,占郊野稀人曠達之所遊行其間夢主曰高人有疎酒之懷女人有尋春之樂,5290
卷之三,地理部,橋路,郊外烽煙大起,占奸雄竊起盗賊羣興之象帝王夢之邊塞不寧士曰庻夢之家宅不寧兵將夢之防有猝然之宼也,5294
卷之三,地理部,橋路,出村沽酒,占信步離家逐野光逺帘高挿指漁郞曰濁醪沽得春無限遍地風光萬斛香,5298
卷之三,地理部,橋路,村中相毆罵,村中近隣舍也毆罵相出力相出氣也兆主鄕里占近鄰相扶相助若素與鄰家有隙者又主有口舌曰爭鬥三日内應,5302
卷之三,地理部,橋路,空野無人,占凡事謀望落空疾病難痊曰婚姻不成遠行驛馬動,5308
卷之三,地理部,橋路,坵墟掃去荆棘吉,占此夢運道中興才學漸進家業先衰後旺文𠙵章先鈍後通在朝除奸去佞在路剪盜鋤惡,5312
卷之三,地理部,橋路,丹行見兩㟁漸起貞吉否凶,貞吉否凶占此夢夾㟁舟行兆主兩鄰欺侮岸漸高舟愈下也曰夢者文章未達病人未痊牢獄未出諸事愼之,5316
卷之三,地理部,田園,置田地大吉,占貴人夢此祿位高陞市人夢此家業中興曰婦人夢此子嗣翩翩老人夢此福壽綿綿,5325
卷之三,地理部,田園,種田寛大大吉,占此兆年豊國泰人慶家寧位遷祿曰厚事業殷盛亨通吉祥之夢也,5329
卷之三,地理部,田園,天神下種田地吉,占天種神栽育貴秀獲金珠凡曰事扶助興隆之象夢此大吉奉元劉傑陜中義士也一夕夢身自耕田俄有天神金甲荷鋤下與鋤種後官至鎭軍所事主帥儼如神人夢乃應焉,5333
卷之三,地理部,田園,海邊耕田,占海邊田易淹難濟平人夢此未爲佳美若曰士人夢之有中秋潮信逐歲廪禾之喜,5339
卷之三,地理部,田園,見人種田吉,占人種田土生谷谷者祿也祿隨位授文曰人夢此主位祿來臨之兆餘亦爲祥,5346
卷之三,地理部,田園,自耕田吉,占兆主出行之夢經商有財帛親友往來主酒曰食豐需平人夢此妻妾懷胎家業豊盛也,5350
卷之三,地理部,田園,田中大哭貞吉否凶,貞吉否凶占于田號哭大舜之孝當有不明曰之事急宜解禳符鎭無咎也,5354
卷之三,地理部,田園,賣田,主家業廢棄之兆田生五穀五穀養生棄養生之占源凡事不吉如佃戶得此田夫人存又爲去業攺曰圖之占,5359
卷之三,地理部,田園,繞田拍手大笑大凶,占拍手空手無存也懽笑反爲哭泣也夢曰此者家業散凶悲哀將至大爲不祥,5365
卷之三,地理部,田園,平地開田,占此夢滋財育利之兆白地開田曰夢之者主氣運亨通家業益增,5369
卷之三,地理部,田園,耕田雨下吉,雨下有田雨田交動相應有聲主明午有震雷之占警謹愼無咎貴人夢此當有雷字州郡之行宜曰推之,5373
卷之三,地理部,田園,山中農田耕稼,占此夢不耕于土而耕于山爲處高豐碩之兆曰艮止生𤼵之占但農家夢之主歲旱歉𭣣也,5377
卷之三,地理部,田園,田中枯骨凶,荒蕪枯朽之象主財不獲利無𭣣時運不泰大不占祥也夢者當隨其地處審而詳之恐有遺骨暴骸曰亡靈作崇,5381
卷之三,地理部,田園,田邊飲酒貞吉否凶,貞吉否凶占主酉日有雨西方水至歡呼大樂也平人夢之又曰爲酉年月日有哭泣事富人夢之主溝渠閉塞,5386
卷之三,地理部,田園,田中大水至,占此兆夢于春秋凡事有不求自至曰吉祥亨遂若夢于夏冬不爲佳祥,5393
卷之三,地理部,田園,田旱,占田旱土無水也夢者爲仰望雲雨之兆農家夢曰之主來年榖麥豊登帝王夢之急宜恩膏下土,5398
卷之三,地理部,田園,張惟田間卧凶,占帷者羅象田間獵地夢此者不宜征戰不曰宜官訟不宜商不宜病不宜遷移動作也,5406
卷之三,地理部,田園,田中鑿井吉,此夢耕田而食鑿井而飲太平豐豫之兆井能生占水鑿於田間田得水而禾生凡事井田古制萬民曰得養祥瑞之夢也,5410
卷之三,地理部,田園,行舟田中㟁移走否凶,占田乃五穀之所產岸乃田之疆界也舟曰行田地圩岸傾頽大水滔天之象也,5414
卷之三,地理部,田園,掘田得金銀寶石吉,占掘者耕也寶石金銀結實豐盈象也夢曰之者諸事獲利農家夢此其瑞異常大德中一田父夫妻同夢往田間有彩光起因掘得金寶載之以歸覺而異之是年田禾大熟𭣣𮒗之後轉土力鋤錚然有聲俟夜掘之果得金銀十缸上復有名記遂至大富子孫蕃貴夢乃驗云,5418
卷之三,地理部,田園,田中圍獵凶,占主天下兵荒之象農夫夢此曰更爲不宜兆主禾麥無𭣣,5424
卷之三,地理部,田園,耕田讀書大吉,占且耕且讀務本之象必曰名利𩀱全大富大貴也,5428
卷之三,地理部,田園,使喚工人種作田,此夢主家業興隆財運亨茂婦人夢之主傭工得占力田土𤼵生僧道尼師夢之主園地得利得業無曰不利美若被人嗔自巳種作者兆主逺行,5432
卷之三,地理部,田園,𭣣田禾吉,田禾生利也𭣣者獲而安也夢此者家業安享宅占舍康寧之象少年夢之主有寡婦遣人議婚情諧曰緣合也,5436
卷之三,地理部,田園,驅牛犂田畆吉,牛犂田省民財替人力也牛爲丑丑爲土土爲田占土動物生人若夢此運行丑年丑運天相吉人無曰爲而旺萬物咸亨,5440
卷之三,地理部,田園,田中群䑕凶,占鼠乃耗粮食粟之物田中豈宜群聚哉此夢曰主散財生禍子年月日夢此不宜置買田產,5444
卷之三,地理部,田園,見田間龍掛下,占見龍在田利見大人天下文明之象曰得此夢者身離泉石牧民于天下也,5448
卷之三,地理部,田園,田中生草吉,田生草苗字也夢此者主禾苗秀實財利充盈若占文士夢之則莠草所以亂苗主學業荒蕪之兆急曰宜猛省,5452
卷之三,地理部,田園,入菓園吉,占此夢食之不盡曝之不禁種種結秀樹𣗳芬芳瑞曰干懷胎利于閨間禎祥之兆平人夢之主得大財,5456
卷之三,地理部,田園,上天遊園貞吉,占遊踪于上苑玩景于天關士人曰夢此登龍門女子夢此配豪閥,5461
卷之三,地理部,田園,山園菓木茂盛吉,此夢妻妾婷婷子嗣翩翩團圓歡慶之夢山居夢占之主其年菓實盛𭣣利倍財豊兼有弄璋弄瓦之曰兆諸事皆吉,5466
卷之三,地理部,田園,園中遇鬼凶,初六飛烏以凶六二過其祖遇其妣不及其君遇占其臣無咎九三弗過防之從或𢦤之兆主出行不曰利之占,5470
卷之三,地理部,田園,花園宴叙否凶,昔東坡晉卿名流十六以文章議論博學好古皆占雄豪絕俗之資雅集於西園卓然高致名動四夷曰文人夢之大利,5474
卷之三,地理部,田園,園中鞦韆,此夢女子得之配王矦之家豊足喜樂男子得之占主高而防危虚而無實動而不靜險兆之占急宜曰解禳,5478
卷之三,地理部,田園,遊園遇美女吉,占穿花踏翠䄄尋芳驀然遇粲彼麗姝仙天緣意曰外至夢此者主有無媒之姻契野合之奇逢也祖士昌美風姿未娶常夢遊一佳園遇麗人于牡丹欄畔雲雨極歡自言小字靑奴幸無相負泣别而覺祖遂神䰟飄蕩浪遊不遇父母議婚勉從及娶其妻言幼曾得夢異字靑奴奇驗如此事與柳夢梅絶相類,5482
卷之三,地理部,田園,園中遇男子贈物吉,占投桃贈玖表情留意也女子夢此曰秦晉偶伉儷諧孕賢良產俊傑,5490
卷之三,地理部,田園,遺釵鈿園中大吉,占此夢女子兆之主失財利獲姻緣曰一憂一喜意外吉祥不可詳述占昔田法章隱姓爲太史家傭激女奇貌曰私通後爲齊國后焉今人夢此貴徵也,5494
卷之三,地理部,田園,園内坐地抽百草,鬥花鬥花鬥花英花英何處尋羸他一着輸我一占莖主有美人心動春意爭先才于一人風流行樂曰妾婢競寵之占,5501
卷之三,地理部,田園,園中亭榭新焕吉,占新者變換也煥者光明燦爛也士人曰夢之攺門闢戸易舊更新富貴象也,5505
卷之三,地理部,田園,園中讀書彈琴玩月歌舞吹彈貞吉,琴書主學成文武得遇知音之夢花園遊樂之地平人得此主遇鸞娘配鳳偶子女翩翩○夢玩月占主秋月倍明玩之者神近太陰之兆文人得之登曰科女人得之孕秀○夢歌吹者歌且舞哭而踊也吹且彈聲悲而弦絶也園中象䘮慕也樂極生哀夢者惟德可解否則必有凶殃,5509
卷之三,地理部,田園,園中登假山峻巧,占假山人力也雖秀而不峻雖巧而不久曰夢者主目前小有所就當無遠大之圖,5513
卷之三,地理部,田園,園池内乘船遊玩,占此爲房中走馬之象浮而不定樂而曰不暢夢此者宜記其事當有後應也,5517
卷之三,地理部,田園,遊園垂柳朿人衣,垂柳嬌柔之物束者挽留也男子夢此必有美人占私通戀戀不捨女子夢此主有意中之人依依在曰念之象,5521
卷之三,地理部,田園,園内黃鸎啼聲巧,占此夢主黃衣語細妻妬妾婢閨怨之象也曰内有怨女外有曠夫姻緣不偶伉儷未諧,5525
卷之三,地理部,田園,園中横生梧桐,吴王夫差夢前園横生梧桐太宰嚭曰樂府鼓聲也公孫聖曰梧桐心空不爲用器但爲甬當與死人同塟也後如公孫聖之占,5529
卷之三,地理部,田園,園中剌繡,占女工之事作于玩遊之地夢者主心事曰未遂力倦神縈幼女夢之主針線情工,5533
卷之三,地理部,田園,入園門犬吠,占吠犬嘮嘮驚阻奸邪之象夢者主曰有野鬼相侵須祀祖解禳爲吉,5537
卷之三,地理部,田園,園地瓜菜滿吉,占菜者𡙡也瓜者菓也𡙡菓盈園納曰聘之兆也男女夢之速遂良姻,5541
卷之三,地理部,田園,園池金魚跳起吉,占池中仙種水面靈花鮮妍文彩之曰象士人夢此占鰲頭奪錦標也,5545
卷之三,地理部,田園,園牆頽蕪凶,占此夢荒蕪衰敗之兆主家園傾廢墻戸凋零曰女人夢之防小口災殃急須書符解鎭無咎,5549
卷之三,地理部,田園,園池中鴛鴦飛吉,占鴛鴦交頸夢裏分飛還在園中不散夫妻夢主男曰女相思之情神魂凝結成兆懽會不出一月之中廣南吴信卿情士也遊學黔中落魄無倚一日旅寓無聊散步至一園中見池水清潔解衣濯足仰見小樓有美女咲呼遂諧交頸女云夜來夢池中有一男子化爲鳥妾亦身化爲鳥覺而思之此必鴛鴦之兆也佇立以盻忽睹君來豈非天緣故托身耳,5553
卷之三,地理部,田園,種圃吉,占老父之事福壽之徵主曰有蔬菜酒食旬日始應,5559
卷之三,地理部,田園,入林木中凶,占林中樹木雜亂爭戰之曰兆也夢此者家國紛爭,5563
卷之三,地理部,墳墓,新塚吉,占陽之旣陰之初鬼之始人之終夢曰此主凡百憂虞之事皆得散去,5572
卷之三,地理部,墳墓,塚墓高大吉,占夢之者兆主家業豊隆曰子嗣昌賢大吉之占也陽休之夢行黃河北驛道從東向西道南有一塚極高大休之登塚頂見一銅柱趺爲蓮花形休之從西北登一柱礎上以手扳其柱往遂右轉休之呪曰柱轉三匝吾至三公柱轉三匝而止旣寤意塚者冡宰也後果然韋温應兩經舉登弟補挍書郞歷官中外三十年召拜吏部侍郞忽瘍生于首謂子壻張復魯曰予任挍書郎時夢二黃衣人齎符來追及滻將渡一人續至曰彼墳至大功須萬日遂不渉而寤計今萬日矣與公决矣明年遂卒,5576
卷之三,地理部,墳墓,塚上火起貞吉,占塚屬陰火屬陽陰中陽旺當有曰子孫𤼵達之兆也夢者大吉李元忠將仕夢手執火炬入其父墓中夜驚起甚惡之旦告其受業師師占曰大吉此謂光照先人終致貴顯矣後果大顯,5584
卷之三,地理部,墳墓,塚中騰起雲氣吉,占瑞氣騰于隹城祥雲覆于先宅曰夢主產貴子賢孫光耀前後也,5592
卷之三,地理部,墳墓,水泛塚凶,占此象先人不寧于九泉祖業飄零之曰占防有小人偷竊仇家興訟愼之,5596
卷之三,地理部,墳墓,高山造墓,占鑿峻嶺以爲塋夢主陰私之事艱險曰費力文人主耀祖榮宗子孫貴顯,5600
卷之三,地理部,墳墓,塚中有金甲神,占夢主陰宅有神靈守護上帝曰有子嗣來錫須修德以當之,5604
卷之三,地理部,墳墓,墳塚甚多,符堅遣慕容垂侍中王翼諌不聽翼乃私遣壯士要路而擊之垂是夜夢行路路窮顧見孔子墓𠊓坟有八覺而心惡之占者曰路窮道盡也不可行孔子名丘以八配之兵字也路有伏兵矣垂從别路進翼伏兵擒之,5608
卷之三,地理部,墳墓,見墳中人起,占身遇文人之兆亦主出潜入見進取有成曰家業再造若陰人起防有小人竊偷之禍,5612
卷之三,地理部,墳墓,祭掃坟墓吉,占此夢士人文章日進平人孝行宜曰修女子主丈夫逺歸凡事清吉,5616
卷之三,地理部,墳墓,卧塚中凶,占塚者幽居也身寢其内歸陰曰兆也若病人夢之解禳無咎,5620
卷之三,地理部,墳墓,掘塚見一人頭吉,占武將功高文臣貴顯文家曰首占市物爭先夢者大吉,5624
卷之三,地理部,墳墓,坟上坐飲食,占此爲子孫祭祖之象病者夢之大凶曰又主骨肉間有口舌是非訟事自息,5628
卷之三,地理部,墳墓,塚中得衣冠貞吉否凶,貞吉否凶占士人夢之朝中之冡宰餘皆富貴曰之詳疾病者夢之恐往冥途矣,5632
卷之三,地理部,墳墓,塚有窓戶,占夢此者文士主心靈平人主有曰光明通達之象病人當薦祖先,5637
卷之三,地理部,墳墓,塚門開,占陰戶開張諸事不祥開而有棺吉也開而曰無棺凶也主作事落空功名無望之兆,5641
卷之三,地理部,墳墓,埋車騎入塚穴埋書籍入塚穴,車騎軒昻頭踏之興理之非吉仕人夢之主掛冠占回籍○夢埋書籍者栽文植錦貴種也文士夢之曰得第孕婦夢之產貴子無疑,5645
卷之三,地理部,墳墓,高枕睡塚上,占憂散清寧之象夢此者憂散煩除曰安居無事老病之人又爲不吉,5649
卷之三,地理部,墳墓,掘塚獲財寶古器,占夢主繼先人之業獲陰人之曰財享冥中之祐遇意外之緣,5653
卷之三,地理部,墳墓,墳上掛劍吉,占土山橫一劍玉字也夢者佩玉之曰兆也女人夢之主產大貴之子,5657
卷之三,地理部,墳墓,塚空穴,占主官事來臨身爲仕宦者主曰失職凡事虚損多凶少吉,5661
卷之三,地理部,墳墓,塚墓明亮貞吉否凶,貞吉否凶占明者吉暗者凶主陰事白訟事曰理功名顯達百事通利之兆,5665
卷之三,地理部,墳墓,塚上𣗳生花樹枯折,占夢生花者主文人大貴市人大利孕婦曰育貴子○夢枯折者主䘮大臣亡長子,5670
卷之三,地理部,墳墓,塚上生蓮大吉,占及第連科之兆常人夢此利曰益壽綿婦人夢此連生子嗣,5674
卷之三,地理部,墳墓,墓中棺自出吉,諸大綬其兄夢至一所見大墳一區須臾墳裂一硃紅棺露焉衣冠佩玉者自棺中出揖其兄使入其兄難之忽大綬至與冠裳者抗以其背抵冠裳者之背使復入之訪其地乃宋鼎甲山陰王佐之墓後大綬由甲第官至大宗伯始悟以背相抵爲前輩後輩之兆云,5678
卷之三,地理部,墳墓,卷之三終━━━━━━━━━━━━━━━━━━━━━━━━━━━━━━━━━━━━━━━━━━━━━━━━━━━━━━━━━━━━━━━━━━,卷之四,5682
卷之三,地理部,墳墓,━━━━━━━━━━━━━━━━━━━━━━━━━━━━━━━━━━━━━━━━━━━━━━━━━━━━━━━━━━━━━━━━━━,,5688
卷之四,人物部,帝王,登帝王之位吉,凢此之夢非平人所當能當此者必帝王之種有德有功之人也宜詳其何位兆於何人以定吉凶占如身居王位者大爲不祥其在常人或大象而小曰應或貴兆而賤徵或陽人而冥職當隨時隨分以占之宋元公夢太子欒即位于廟巳與平公服而相之旦召六卿告曰寡人不佞獲保首領以没䘮殮之具請無及先君及如晉果卒于曲棘之地,5705
卷之四,人物部,帝王,傳位,身居其位者夢傳與人爲不祥未得其位者夢人傳之爲大吉德當其位者吉否德者凶時應其位占者昌非時者妄貴人所應大平人所應小凢得人曰傳我者事無不佳傳與他人者事無不惡宜細占之也北魏宗室弼夢人謂之曰君身不得傳世封其紹先爵者長子紹遠也及覺以告紹遠後爲季父奪弼王爵乃托疾入山至弼卒紹逺訴之乃復王爵如所夢云,5711
卷之四,人物部,帝王,封王吉,此夢不論貴賤貧富主有寵榮之被顯位之臨武占將兆之必封矦萬里裨卒夢之亦超㧞三軍惟年曰高德肇及少年才智有餘福分不足者恐有冥司之召不王陽間王于陰土之象梁始興王蕭憺嘗夢攺封中山王其策授如他日心頗惡之然以爲雖攺封猶爲王也不數旬而卒果追贈之典及焉,5717
卷之四,人物部,帝王,立太子吉,帝王夢此有子未建者主祖宗之靈欲定世嗣無占子未孕者主神明之胤預告佳祥常人主神明獲曰利生子必爲東宮之輔師傅之榮衛襄公夫人姜氏無子嬖人婤始生孟縶名元孔成子夢衛祖康叔告之曰汝必立元余使史朝之子史苟與汝之孫孔圉相之史朝亦夢與成子同遂相與立婤始之子元是爲靈公,5725
卷之四,人物部,帝王,爭位,貞吉否凶貴人夢之主爭權爭埶平人夢之主爭利爭名女占人夢之主爭妍爭寵詳是何人相爭更防有陰私曰來擾急宜禳鎭爭勝者吉負者爲凶也,5731
卷之四,人物部,帝王,奪享,占兆主幽冥之中各爭血食夢者宜各追所本報曰功報德勿得視爲虚幻而匱乏享獻乃獲休祥狄人圍衛衛遷於帝丘帝丘者夏帝相所居也衛成公夢康叔曰相奪予享公命祀相寗武子曰不可𣏌鄶夏之後自應祀相鬼神不歆非類之祀乃止,5738
卷之四,人物部,帝王,授地,貞吉否凶帝王夢人授地者得土得國之象授地與人者失占衆失守之象文武將相主公侯建邦若當兩敵相曰爭之日夢人來授非勝而侵其地必彼敗而來獻降也平人老病者歸山日促晉荀吳帥師滅陸渾陸渾子奔楚韓宣子夢文公携荀吴而授之陸渾故使之帥師遂勝之獻㨗于文公之廟,5744
卷之四,人物部,帝王,朝見帝王,際顯遇貴形神一道夢寐形之休祥之兆詳是何占帝王是何人見夢仕宦者有寵眷事至平人商賈有意外之喜分外之遭女人夢之防有思神相侵禳解鎭壓獻賽爲吉,5754
卷之四,人物部,帝王,帝王降吉,占爲福澤爲祐庇曰爲胤嗣爲祈望,5762
卷之四,人物部,帝王,帝王邀請,貞吉否凶須詳是何人邀請少年大貴者主際遇聖明老年占下賤者非不祥之占則荒唐之象夢者利有遠行曰防有病至唐淳于棼住廣陵東宅有大槐𣗳時飲其下一日病卧夢二紫衣自言槐安國王使者相邀呼之曰駙馬因娶之以女且命爲南柯太守貴幸者若二十年迨寤驚感出尋槐下一穴知即夢中所經入處將謂邪祟遂命僕荷斧斷之見有大穴謂槐安國乎直上南枝可三四丈亦有土穴即所嶺南柯郡乎始悟人世倏忽亦若此云,5766
卷之四,人物部,帝王,帝王求宅求塟求食,夢求宅者欲復所都之祠祀或有廟宇之當新夢求塟者欲安所營之陵墓或有遺骨之當收占者占須詳其時地或所居侵其所宅妨其所塟或邪祟曰假托聖賢古人名自來相禍擾不可不細推之至于求食則有祭享之索宜復其祀典不在祀典亦當一私祭之以慰神靈,5776
卷之四,人物部,帝王,隨侍帝王,兆此者貴人夢侍往古帝王主爲陰府之佐平人占夢侍今時帝王主得當世之榮其應驗靈通理難曰詳盡黃德昭赴試夢人叱之曰汝當伏侍唐太宗安得在此明年攺詞賦科試題是唐太宗功被九州歌德昭乃以太宗比大禹大爲主司賞㧞遂冠塲屋,5780
卷之四,人物部,帝王,迎送帝王貞吉否凶,貞吉否凶占迎之至孕貴嗣送之去少福庇詳其地曰有何帝王古跡可占神靈來往之幾,5786
卷之四,人物部,帝王,帝王召語怒責,召語者吉怒責者凶怒責有撫慰者凶中之吉召占語而有咎譴者吉中之凶宜詳所語所責者何事曰併詳語之責之者何人以人合事以𫝑合時禍福可推倘身有宿𡨚者冥遊信促修省解禳爲上漢靈帝宋皇后爲中常侍王甫𧮂殺之靈帝後夢見桓帝怒責曰宋后有何罪過而聽信奸邪枉害其命今彼訴于上帝上帝震怒罪在難救夢甚明切旣覺而恐尋以疾崩,5791
卷之四,人物部,帝王,帝王賜誥勑詩文器物,夢賜誥勑未顯者主有君王之寵巳貴者防有幽冥之行夢賜詩文詳其意義或有文才之進或有占禍福之傳夢賜器物詳其形象或有祟耗丘陵之曰妖吉凶不一朕兆可探占夢君子研心推測先幾如見也,5797
卷之四,人物部,帝王,入帝王宮殿貞吉否凶,貞吉否凶占身所必不能到之地亦于夢中入之兆多虛誕曰惟文士夢之近貴仕者夢之近君餘不爲祥也唐太和初沈亞之晝夢入秦主內史廖家廖舉亞之得見秦主累有戰功以女弄玉爲配備極榮眷,5801
卷之四,人物部,帝王,帝王問對,古帝古王或問或對神魂所感幾兆宜推帝王何占人問對何語因其所見之人占其所傳之語禍福曰自分見夢者文人大吉平人不利矣吳奎將舉賢良夢入魏文帝廟升殿問群臣優劣奎拜對以韓延壽爲最因覧其傳及試論以韓延壽爲題中首選凢古今聖帝明王或昏君傲主見于夢者兆實萬千人難遍載兹姑撮其美惡顯著世所共曉有關人事者詳其大概附諸簡後占夢君子宜就人論事就事相幾取今合古以古準今員融通變萬毋執一自然有所應驗雖不足盡圓夢之神機聊以補先賢之未逮耳今用列于左方士元謹記,5812
卷之四,人物部,帝王,伏羲吉,太昊之帝文字之祖音樂之師夢此者學士文才占另闢女人孕育奇男諸事利吉星家卜士兆此主曰技術精通名傳四海,5825
卷之四,人物部,帝王,女媧氏大吉,占夢之者主其人有補天奇績建業北方文曰成五彩天子之祥人臣之極非凢兆也,5831
卷之四,人物部,帝王,神農吉,占藝五榖嘗百草濟飢療病夢此者凢百人曰事疾愈家豐田家夢之主其年禾稻大熟,5835
卷之四,人物部,帝王,黃帝吉,著有素問之書深切醫家理今人兆之于夢文占士宜棄儒習醫醫士必業精國手羽流當遇名師曰吉無不利,5841
卷之四,人物部,帝王,陶唐帝堯吉,此爲仁天智神德博化廣蕩蕩巍巍大無可名之占主也王者夢之必爲聖君繼天綂道平人夢之主曰招佳壻,5848
卷之四,人物部,帝王,有虞帝舜吉,貴人夢此定主晚年亨達平人夢此必得孝子貴占兒少者夢此父有厄母有殃兄弟有疾須謹愼小曰心爲吉𤸄寡之人兆之主婚姻諧偶宴樂之喜無不佳矣,5854
卷之四,人物部,帝王,大禹吉,占開導江河平治水土夢之者通達利濟耀祖榮親曰之象文人顯名經商得利老病夢之不爲祥瑞,5859
卷之四,人物部,帝王,少康貞吉否凶,貞吉否凶占恢復故都克纘祖服千古中興非君誰屬夢曰之者非大禎占防有不寧之患衰病相侵,5865
卷之四,人物部,帝王,夏桀大凶,占桀雖人主無道亾國殘賊匹夫形于夢寐主曰先樂後憂若孕婦兆之必產敗家亾身之種,5870
卷之四,人物部,帝王,成湯吉,始倡放伐功震古今帝心之蕳天命之佐夢此者占作事主有開剏之功臨戎主有戰㨗之慶平人防曰有神靈見咎,5874
卷之四,人物部,帝王,太甲,占前凶後吉之祥見于兆者曰當攺過自新三年後騐,5878
卷之四,人物部,帝王,武丁吉,㳟黙思道夢上帝賚以良弼得傅說于版築之間占君臣道合政事修舉殷道復興帝王兆之國運中曰興仕宦兆之遭逢聖主平人兆之家園重整也,5882
卷之四,人物部,帝王,紂凶,占殘虐之君曰荒淫之兆,5889
卷之四,人物部,帝王,后稷大吉,占積功累仁世耕世耘有邰家室王矦子孫夢者後曰世昌榮農家兆之不惟田禾大稔兼有賢德之嗣,5893
卷之四,人物部,帝王,西伯文王吉,呂望八十有餘釣于渭水遇西伯出獵載之以歸占尊爲太公士人得之晚年貴顯後運亨通平人夢曰之主被仁人之澤後世昌隆,5897
卷之四,人物部,帝王,周武王吉,占弔民伐暴陳範明倫順人之心纘祖之緒貴曰者夢之主有征戰之事創業開基之象也,5901
卷之四,人物部,帝王,宣王貞吉否凶,貞吉否凶占此爲忠言入耳之夢也簮珥甫曰脫周道頓興夢者主光大祖業,5905
卷之四,人物部,帝王,幽王凶,占此惑于婦色誤天下而殺其軀之君也恐曰有烽烟戎冦之警否則沉迷困苦之妖,5912
卷之四,人物部,帝王,平王凶,占見之者定主遷曰移亦衰替之兆,5916
卷之四,人物部,帝王,齊桓公吉,小白出亡仲父爲相九合諸矦一匡天下爲五伯占之雄貴人夢之主威鎭天下常人夢之主稱强四曰方,5920
卷之四,人物部,帝王,晉文公貞吉否凶,貞吉否凶占夢之者主有骨肉之變異日當與海内爭曰雄亦必險阻艱難備嘗其苦而後應耳,5925
卷之四,人物部,帝王,越王句踐,貞吉否凶越王得良配羅賢佐屈以求伸辱以求榮卒成伯占業智雄之主夢之者利患難不利安樂也夢吳王曰夫差者主始興終廢,5931
卷之四,人物部,帝王,赧王,天下棼棼縱橫日爭姬鼎旣移周地入秦絕八百占年之祀斬三十世之靈夢兆此者主得土得國享曰財享祿但須詳其見夢何如形象則休咎宜另推之耳,5936
卷之四,人物部,帝王,秦莊襄王,占夢見王者他鄕曰得濟故國重榮,5940
卷之四,人物部,帝王,秦始皇帝吉,始皇雖窮奢好大然能并六國大一綂基業之盛占名位之尊眞古今偉傑之主也夢此者威權萬里曰興師必克無往不利,5944
卷之四,人物部,帝王,項王凶,占其力拔山其氣蓋世西楚稱伯江東羞曰歸夢之者宜祭賽其神可免强厲之禍,5948
卷之四,人物部,帝王,漢高祖吉,占夢之者不論貴賤成大器習大曰業女子得之必孕奇貴之子,5952
卷之四,人物部,帝王,高皇后凶,女主當陽臨政八載此淫妬殘亂者也王者于夢占中得之宜愼選内治平人千夢中得之宜擇娶中曰房婦人于夢中得之主生女貴而不祥也,5957
卷之四,人物部,帝王,文帝吉,養天下和平之福裕四海財穀之源任文用武謹占禮明刑眞太平之主文士夢之防有塲屋命題之曰兆也,5961
卷之四,人物部,帝王,武帝,貞吉否凶好大氣横千古喜功略遍胡奴豪傑誰堪與匹秦王吕政同符王者夢之主爲雄略之君但恐邊塵曰不靖,5965
卷之四,人物部,帝王,元帝凶,占優游不斷之君雖有文才無足稱也兆見之者曰柔懦之主必爲群小所排蒙昧不明之象也,5971
卷之四,人物部,帝王,孺子嬰,占孺幼也嬰孩也子者父母之所生受制莽賊國祚曰幾移見之于兆主育秀兒祿而不壽不吉之占,5975
卷之四,人物部,帝王,光武皇帝吉,占貴者兆之主中興文人夢之主知遇平人曰夢之主晚年亨利女人夢之主孕得秀兒,5979
卷之四,人物部,帝王,獻帝大凶,占陵替衰弱之君曰氣運斬絕之兆,5985
卷之四,人物部,帝王,蜀先主吉,漢室衰微之極玄德以仁心雄略訪士尊賢三顧占孔明于草廬遂令漢業興於蜀士夢之者主與人曰鼎立爭雄高賢輔佐遭遇門主恢復前業但利西南不利東北利貴人不利賤客也,5990
卷之四,人物部,帝王,蜀後主凶,占愚懦之主而處衰亂之世雖臣下盡忠共戴終曰不能保有土宇四百炎祀于兹而斬夢之嗣絕,5996
卷之四,人物部,帝王,晉武帝貞吉否凶,貞吉否凶占承父祖之奸奄有土宇雖能寧一天下而政曰固不足稱也夢之者能創業而不能光美,6002
卷之四,人物部,帝王,簡文帝凶,占受制權臣位纔二年而卒雖無失德而亦曰不足稱也于夢見之主抑鬰不伸壽亦促,6009
卷之四,人物部,帝王,東昏侯凶,占寶卷淫佚無度窮奢極欲嬖幸𡚱宦迄曰于䘮身兆之者有敗亾之禍修省則吉,6013
卷之四,人物部,帝王,梁武帝,夢此君者主與佛有緣少年宜修行善果老年主占極樂逍遥僧家夢之主功德圓滿途路夢之主飢曰餓相臨,6017
卷之四,人物部,帝王,隋文帝,占兆之者幼臻顯秩長成大業成名赫奕曰但多逆子究爲所戕兵傳不能永久也,6024
卷之四,人物部,帝王,煬帝凶,占聽佞亾身窮奢喪國夢之者必極曰時之樂須防樂極悲生愼之愼之,6028
卷之四,人物部,帝王,唐高祖吉,占李淵有雄略之子能濟世安民化家爲國今曰人兆之于夢必當大貴不于其身則于其予,6035
卷之四,人物部,帝王,太宗貞吉否凶,貞吉否凶占夢之者主骨肉情乖家門昌曰大貴人兆之君臣得合之占,6041
卷之四,人物部,帝王,中宗凶,占人夢見之應爲母氏所棄權歸外家後雖得復然巳必放浪無度不足稱守成也更防有點籌之婦,6047
卷之四,人物部,帝王,明皇玄宗,貞吉否凶先明後暗始樂終憂非聖明之君所宜見于夢想占惟文士兆此當主步月攀花羽士兆此當主逢仙曰得道常人必有姿色之妾須防閨閫之奸,6051
卷之四,人物部,帝王,後梁太祖凶,占兆見之人必貌陋心險于衰亂之世曰定能成功立業撫有疆宇當生逆子,6056
卷之四,人物部,帝王,後唐莊宗貞吉否凶,貞吉否凶占英雄絕世前明後昏兆見之者騐當曰如是或有父兄之讐必主報復在邇,6060
卷之四,人物部,帝王,後晉祖吉,契丹德光因石敬塘求救白其母曰吾嘗夢石郎占召我而使者果至此天意也遂舉兵應援大破唐曰兵立敬塘爲帝而還今人夢之亦佳兆也,6065
卷之四,人物部,帝王,後漢高祖吉,赤身起家至登九五雖享祀不永然其創業亦宏占矣來入夢者有奇遇因貴人之贊揚成家立業顯曰者大貴貧者大富,6069
卷之四,人物部,帝王,宋大祖吉,趙匡胤靣方耳太虎歩龍行陳橋兵變黃袍加身占以力服衆之主也當其送京娘與人相撲爭勝爲曰雄後創大業今人夢此主應勝祖之兆,6073
卷之四,人物部,帝王,仁宗吉,宋世賢明之君尊用元老播宣善政濟濟多士拱占列朝端四十二年爲太平天子夢見之者家國磐曰固享有令名後人莫及也,6077
卷之四,人物部,帝王,徽宗道君皇帝,貞吉否凶技進德暗星慧中天而張商英一相星滅雨降書占賜商霖帝王夢之主有天心告警尊賢斥佞方吉曰平人兆之才技精敏而巳,6081
卷之四,人物部,帝王,南渡高宗貞吉否凶,貞吉否凶占凢夢之者兆玉遷移大利氣運轉陽向南方爲曰吉惟大貴之人不宜夢此防有播越倥𬾠之災,6086
卷之四,人物部,聖賢,見聖賢古人,貞吉否凶此夢或神靈降感或思慮濳通如見大聖大賢必有瑞徵如見文臣武將必有奇應詳其見夢於何占處得夢于何日并審其得夢者是何人品處何時曰𫝑因人而論因事而推吉凶見矣有夢見一人而君子吉小人凶處常吉遇變凶少者吉老者凶男子吉女子凶反此而推變端無定不可執一也諸葛武矦出師至蔡山夢見周公故名其山爲周公山因立文憲廟于其上譙周夢見孔子周曰昔孔子七十三而殁吾今年過七十恐將不免明年果卒宋郭祥正母夢李白而生祥正少有詩名梅堯臣讀其作笑曰天才如此真太白後身也,6097
卷之四,人物部,聖賢,聖賢古人降謁至家,貞吉否凶夢之者有賜福有爲殃有來托生有來促算有于占彼妨碍而來請有與人利益而來傳有神靈欲㨿曰其地有臨塲欲報其題呈兆非一占測難拘是宜隨時揣量因變觀詳君子得之多吉少凶之夢也夏侍郞公名原吉母太夫人廖氏嘗夢三閭大夫降因有娠遂生公爲名臣劉景洪事楊行宻爲江西牙將彭旴脇景洪附湖南僞許之復以歸行宻景洪曰我不從彭旴因活萬餘人後必隆因名所居山曰復隆山山有牛僧孺讀書堂後曾孫沆之母夢牛相公來而生沆京師名某者一夕夢文天祥至其家方入門即仆而死是年春朱狀元㳟靖公寓其家遂及第一日下樓偶失足顚仆良久始甦蓋天祥乃宋丙辰狀元爲先兆云宋田祐㳟母夢伏波將軍馬援來居其宅祐㳟爲番部長建炎初劇賊王闢等破歸州蜀帥調其兵破賊遂世爲思州守初伏波祠甚靈及祐㳟生祠不復靈至祐㳟卒乃復靈應如初正綂戊辰廷試前一月上夢儒釋道三人來見至揭㮄彭時狀元由儒士陳鑑㮄眼少寓讀神樂觀岳正探花少寓讀慶壽寺似符夢云徐顯卿病㿗腐而不潰痛楚幾殆夢至孔林登殿上聞有呵聲人入報啓聖公來視公徐以病辭不便其人復入云不敢强勉矣而呵聲隱隱自殿東𧢲而没頃之人餽以食覺而疾愈,6108
卷之四,人物部,聖賢,自稱某聖賢古人,自稱其人非有所請則顯其靈貴人夢之爲福者占多平人夢之爲祟者少詳是何如人品善者吉惡曰者凶急宜解禳有姙孕者必主投胎漢靈帝光和元年遼西太守黃翻上書海邊有流屍露冠絳衣體貌完全翻感夢云我伯夷之弟孤竹君之子也海水壞吾棺槨求見掩藏民嗤視之皆無病而死乃爲攺塟云,6137
卷之四,人物部,聖賢,送迎聖賢古人,夢送迎至家主托生賜福夢送迎他所主神靈不依此地夢某人來迎主冥中有祈請夢某人相送曰主本身有行動韓文生時母夢紫衣人語之曰吾送文潞公與爾因名文登成化丙戍進士官至戸部尚書爲劉瑾所嫉謫戍嘉靖初年賜璽書加宮保誥文有起文彥博于九十之餘繼韓魏公于百代之後式符夢云且公家相州魏公裔也北魏主將還洛問王豎曰朕昨夜夢一老公拜立路左云晉侍中稽紹故此奉迎似有求焉澄曰陛下經殷墟而弔比干至洛陽而遺稽紹當是希恩而感夢帝因求其兆域遣使弔祭焉,6143
卷之四,人物部,聖賢,隨聖賢古人行或與坐臥,占從前哲而歩趨主文行之進益曰或衰年而兆此必晩景之熹微劉勰年三十餘夜夢執丹漆之器隨仲尼而南行旦寤怡然而喜曰大哉聖人之難見乃小子之垂夢歟因作文心雕龍五十篇論古今文體,6157
卷之四,人物部,聖賢,謁聖賢古人廟,夢謁文人者學業進夢謁武人者材力增謁之而占接見者吉謁之而空廟者凶平人得此子孫賢貴曰人得此神力助女人得此懐奇秀老人得此兆仙遊若身居名賢之列者亦爲不祥張孔孫字夢符父之純爲東平萬戶府参議夜夢謁孔子廟得賜嘉果巳而生子因丐名于衍聖公遂名孔孫,6163
卷之四,人物部,聖賢,某聖賢古人求宅或求塟,求宅者或無祠宇而欲建造或有祠宇而欲修葺或侵碍其地而來禍或廕庇其地而降祥各須隨占其所夢之品與見夢之人而推其吉凶也求塟者曰或遺骸漂暴或棺塚開發來請掩埋或有其人而無其地或無其人而有其形各須隨夢細料急爲理治無不亨吉孫權有疾夢神降于庭自稱霍光求立祠于金山之鹹塘以捍水患祠立而疾愈晉天福間吴越王立廟于此宋理宗賜額曰題忠晉司馬恬于病中夢見一老翁曰我鄧公屋舍傾壞君爲治之後訪之乃知鄧艾廟在京口爲立瓦屋隆安中有人與女子會于神座上有一蛇來繞之數匝女家追寻見之禱祠不解而死洪武中許方知南昌府惓惓于學挍嘗夢一儒者曰吾廬冒風雨久矣冀太守修之莫詳所以及見徐孺子像方寤遂葺其亭,6172
卷之四,人物部,聖賢,聖賢古人求食求衣,貴顯者夢之主有廟祀求復品服求加之事平人占夢之或神靈欲索家祭神像欲索冠袍詳是某聖曰某賢某古人隨其姓名品格隨其時日地處而占或爲他人所奪或爲夢者所妨吉凶可審矣安禄山擊契丹還奏云臣夢李靖李勣向臣求食上乃命祠之北郡芝生于梁焉,6184
卷之四,人物部,聖賢,某聖賢古人怒責或告語或講論,夢怒責者或昔有冥𡨚或地有侵碍大兆多凶夢告語者或有所指示或有所傳授詳其告語何意占以身位應之以時地合之吉凶自見夢講論者須曰推講論者何人何指何地其論其人其地近吉者爲祥反此者爲殃凢文士少年夢之吉晩年夢之凶齊景公伐宋過泰山夢見二人怒以爲泰山之神晏子曰宋祖成湯相伊尹也其狀湯晳容多髭鬚伊尹黑而短公𢙢乃不伐宋鄭玄以明經徵爲大司農給安車一乘所過長吏送迎玄乃以病乞還家五年春夢孔子告之曰起起今年歲在辰來年歲在巳旣寤以識合之知命當終有頃寢疾卒劉畫論玄日辰爲龍巳爲蛇嵗至龍蛇賢人嗟玄以䜟合之蓋謂此也周磐年七十三謂二子曰日者夢見先師東里先生與我講于陰堂之奥豈吾之齒盡乎其月望日無病而終,6190
卷之四,人物部,聖賢,聖賢古人賜某器物請某器物,夢賜衣飾者身榮賜用器者豐足賜玩器者清貴賜文墨者才高賜音樂者名顯賜珍寶者富貴賜果食者孕育賜武械者威權賜舟車者通達賜𣏓污者不祥推此之類可占其餘矣夢請器物者或占神有所缺急宜獻之或人有所侵急宜歸之或我曰所貴而請之則吉祥去或我所惡而請之則福澤來如請用器非神有須用必我有所不當用請玩器非神有鍾愛必我有所不當玩宜細詳榷變占之毋拘執也乙未歲晉師拒契丹于壇淵學士王仁裕奉使過鄭僕射陂見軍民婦女皆執小旗挿于陂中詢之皆曰民家夢李衛公云請多造旗幡置于陂中我見集得無數兵爲中原剪除戎冦所乏者旌旗耳是以家家獻此幡幟初未之信旬月間擊敗胡虜及使囬過其陂使人訪于草際旗幡存者甚多,6213
卷之四,人物部,聖賢,聖賢古人贈遺詩文或召作詩文或以簡籍相授夢召作詩文者宜詳作何詩文可推厥兆,夢贈詩文者必有先幾指㸃宜詳賜何詩文自有應驗文士學業進平人福德添也夢召作詩文者宜詳作何詩文可推厥兆平人增智慧文士促年齡也夢賜簡冊或儒者兆顯達或仕者遷爵位夢賜書籍或少年顯奇才或晩歲進學業大抵前程出處必有先兆壽命修短恒露先幾占者宜精探員測甚有幻妄之應不足爲占矣羅倫江西吉安人赴禮闈道蘇州爲文謁范文正公祠是夕宿舟中夢文正公遺之詩曰賜帶横腰重宮花壓帽斜勸君少飲酒不久臥𤇆霞巳而及第以文章氣節著聲宦竟不達一如詩意云爾狄遵度好爲古文尤嗜杜甫詩一夕夢甫爲誦世所未見詩及覺纔記十餘字遵度足成之爲佳城篇云劉景復夢吴泰伯召令作詩劉使酒以金如意擊傷侍兒血流襟袖因驚寤視壁間繪畵侍兒果有損痕蒲成临于宣和癸卯冬夜宿荆山驛夢一老衣冠甚偉自云是王安石探懷中數簡與之云宜先討究盂盆一事至紹興壬戍秋以繁江尉𠑽御容殿香火官四時孟享實與行事始符夢焉,6219
卷之四,人物部,聖賢,聖賢古人來托生,爲仁德之後托生奇胤爲英賢之靈托生轉世或托生而爲富貴之嗣或托生而清高之士或夢兆占托生實不生于其家亦不生于其地魂交多變推曰者須詳間有托生爲禍宜審見夢者是何聖賢古人而以事圓之江南邊鎬初生父忽夢前永嘉守謝靈運來謁願托君爲父子鎬生貌類夢中者乃小字曰康樂及冠頴秀嗣主類用之平建州克湘潭號爲邊羅漢,6242
卷之四,人物部,聖賢,見某聖賢古人毆刺或被毆刺,夢見相毆刺者主幽冥之中古先神靈有所競勝如係巳身供祀者勝則吉負則凶夢被神毆刺者占主幽冥之中古先神靈有所譴咎如係巳身素所曰敬奉者又主陰力助祐凢被毆被刺見血者吉無血者凶不傷者吉折斷者凶亦宜詳是何聖賢古人以辨禍福也李輔國恣横無君代宗漸惡之一夕夢登樓見高力士領數百鉄騎以戰刺輔國流血洒地前後歌呼自北而去遣謁者問其故力士曰明皇之命也帝覺不言及輔國爲盜所殺帝異之方以其夢話于左右,6248
卷之四,人物部,聖賢,聖賢古人爲祟,夢云作祟有水祟火祟金銀銅鐡崇土石草木祟占或促壽算或生疾病或降災殃或復冥𡨚各因其曰兆以推禍咎大象爲凶也王陵貳于司馬懿爲懿所收道經賈逵廟陵呼曰賈梁道王陵是魏忠臣惟爾有神知之時四月也至六月懿寢疾夢賈逵王陵爲祟遂薨凢聖賢古人見于夢者兆旣不可槩述而其人更不可盡舉今姑載其名行最顯著有關者詳其大略占夢君子取前之事合後之人貫通推測以有例無則觸類而觀思過半矣巳見帝王類者不復重載,6256
卷之四,人物部,將相,紀后吉,爲大孝師得至中道復古高賢形于魂交夢之者占主學有所傳中年發達宜詳其降何時地示何言曰肯以推究凶吉也,6268
卷之四,人物部,將相,后夔吉,占典音之領一而巳足名輔中天分猷曰半局文士夢中見之知音有遇之兆,6272
卷之四,人物部,將相,皐陶吉,臯陶居士師之官爲唐虞執法之佐明刑弼教凢占有枉罪者夢見之主得超理釋婦人見夢主生子爲曰理曹,6276
卷之四,人物部,將相,鯀,占夢之者非有貴曰胤則防水災也,6283
卷之四,人物部,將相,后稷吉,三后良臣稷居其一𣗳藝黍榖貽爾家室夢之者占主後裔昌隆光宗耀祖帝王兆之主天下五穀豐曰稔之占,6288
卷之四,人物部,將相,龍逢,忠心貫天日遭時不辰輔無道之君乃不畏逆鱗占之批遂以身殉國立千古直臣之幟士人夔之後曰以直顯然不克令終乃芳譽垂揚千古以之矣,6293
卷之四,人物部,將相,比干,暴君肆虐愎諫任刑聖心七竅乃剖其形逝也何占惨汗照則靑仕者夢之速辭帝廷武弁兆之中軍曰殞星婦人有夢主夫入冥,6298
卷之四,人物部,將相,伊尹吉,先知先覺湯相天民凢夢之者詳無所犯凟于神占靈而見咎譴必主得子聰明秀頴爲始困終亨之曰客也,6302
卷之四,人物部,將相,傅說吉,占夢𧶘于帝見夢于人曰咸有一德魚水同心,6306
卷之四,人物部,將相,庻秀吉,模範成周之主佐儀型殷室之高良非異日大任占之人及身爲名貴者夢中形之定孕奇才之嗣童曰年譽望者也,6310
卷之四,人物部,將相,伯夷叔齊貞吉否凶,貞吉否凶占連枝合義夢之者文人當爲天下曰扶植綱常平人當有飢餒之兆,6316
卷之四,人物部,將相,泰伯吉,占泰伯者先父承志偕弟遜荒爲中吴至德之祖曰文教開焉夢者主于名利之外自有開創之事,6322
卷之四,人物部,將相,太公望,占夢之者暮年際曰遇非獵非渔,6329
卷之四,人物部,將相,周公旦吉,占有大勲勞享王者祭有土一方仲尼志之恒曰形夢寐今兆之者必非無志當時世務者耳,6334
卷之四,人物部,將相,管仲,夷吾不死小信身立大功初遭患難而終佐齊桓占公主盟中夏奇男子也忽爾見之于夢必有佳徵曰詳者須因其所兆而細推之,6338
卷之四,人物部,將相,鮑叔,占夢之者必疎財仗義周濟親友曰以是見知于人爲名卿上大夫,6344
卷之四,人物部,將相,子產吉,占兆之者必柄國家之政推惠愛民行必端謹謙下曰爲賢士所欽重女子兆之必爲慈母得佳兒女,6348
卷之四,人物部,將相,晏嬰吉,躬不滿五尺而舌饒三寸遂能主大國之政以道占匡君交友久敬乃春秋之賢大夫也獨沮聖一節曰爲後世所不滿士夫夢之指柄政有清操得主眷寵隆譽日起餘人夢之平安而巳,6352
卷之四,人物部,將相,柳下惠,處叔季之世不違時亦不隨時羣而不同爾無我占凂爲能得聖之和凢有所創動與時宜亦復矯矯曰不羣絶依違之態禇遂良范希賢輩堪引此公入夢,6356
卷之四,人物部,將相,老子吉,占其人猶龍孔子稱之夢見之主益算知禮曰能自成一家以清凈爲宗仕者主爲侍御,6362
卷之四,人物部,將相,伍員,占子胥在楚則烈在吳則忠父子之義凡弟之曰情鴟夷無目千古如生夢者凢百主有神助,6366
卷之四,人物部,將相,太宰嚭凶,占夢太宰嚭者主其地有惡鬼爲祟或心術曰之隱形于魂交急宜自反以求其福也,6370
卷之四,人物部,將相,范蠡吉,占扁舟五湖脫然禍福夢之曰者非貴則富終始安享,6374
卷之四,人物部,將相,卞莊,占力能刺虎兆見之鋤强制暴名曰著天下幼稚兆之鼓勇成人,6379
卷之四,人物部,將相,孔子吉,道高德厚無可名言凢人夢之主文學超邁德業占崇隆大抵休吉者什有八九咎禍者什有二三宜曰隨其兆以詳其幾,6384
卷之四,人物部,將相,顏囬,道高算促殀壽不貳文人夢此主年過三旬必獲占通達有疾病者不宜夢之凢夢古聖賢人如在臨曰塲之時宜防科目發䇬,6390
卷之四,人物部,將相,曾參吉,占全親之身傳道之一曰平人士人夢之者吉,6398
卷之四,人物部,將相,閔損,占夢之者德進名高家庭骨肉閒主孝曰友著聞少年兆此主有喪毋之厄,6403
卷之四,人物部,將相,原宪吉,占貧如水介如石古之畸士人之吉占曰不論賢愚夢此人者主富貴亨通,6407
卷之四,人物部,將相,卜商,占文人夢之宜曰習詩宜爲師,6411
卷之四,人物部,將相,子路,升堂之彥入室之英政事居科巍巍莫京惜也行占行死乃結纓士人夢之剛果著名紏紏武夫公候曰干城急流勇退無不利貞,6415
卷之四,人物部,將相,子貢吉,爲瑚爲璉廟廷之器貴重華美夏商之遺言語所占長十哲是位賜也弗如聞一知二性天旣悟一貫曰可示人無貴賤夢之咸利女子有兆慧兒天𢌿,6419
卷之四,人物部,將相,宰我,予也晝寢得聖爲覺上攷帝王下窮禮樂孔門高占第言語超卓賢遠堯舜信師乃確主有提撕之者曰或爲人遊說解釋主張在我能成人事之兆也,6423
卷之四,人物部,將相,子游吉,愛人易使絃歌思化禮樂之宗文學之亞武城得占人滅明是下道明東南萬古不夜夢之者德隆望曰重有愛我之人商賈宜東南有利,6427
卷之四,人物部,將相,公冶長,貞吉否凶罪非其罪刑反其刑烏雅所誤語豈虚稱館于聖占門爲徒爲甥夢者主有無妄之禍獲配之祥一憂曰一喜,6431
卷之四,人物部,將相,樊遲,占兆爲農圃叟夢得智仁占曰常人忽見此身作馬牛牽,6438
卷之四,人物部,將相,司馬牛,占以兄爲惡憂無兄弟不憂不懼訒言是契夢之者曰防有䦧墻之變然終無大故餘以缄口愼言爲吉,6442
卷之四,人物部,將相,陽虎凶,占陽虎貌惡心奸囚主執政而實類大聖夢之曰者防有外是心非之變凢事須小心謹愼也,6446
卷之四,人物部,將相,屈原,忠臣身巳没丹血汨羅流是夢者必主神靈欲依占其地或靈氣將托其生不可拘一以論宜詳所兆曰而占,6450
卷之四,人物部,將相,伯牙,占夢此人者主有知音之遇或將絕調之悲高曰山流水湯湯巍巍身是何人兆此爲靈午,6454
卷之四,人物部,將相,百里奚吉,占五羊皮食牛兒圖伯顯歌扊扅夢者文爲令尹武曰建牙旗平人夢此經商得利倚主營生之兆也,6458
卷之四,人物部,將相,李牧吉,占北邊良將也夢中曰形之助力添威,6462
卷之四,人物部,將相,孫臏,雄于七國跛其一足夢之者主作事虚虚實實武占夫健士得此兆者必身居將位智例𠫭軍臨陣交曰鋒防有折足之禍,6466
卷之四,人物部,將相,孟常君占,田文門盈食客平人夢者必遇曰衣食之主來日有盛客臨門也,6470
卷之四,人物部,將相,蘇秦,于秦不遇裘敝金盡致不禮於父母妻嫂後雖相占六國而不得善終兆之者當愼始慮終勿驕傲勿曰懷詐得意之秋早思自處毋俟臨涯失馬弗暇收韁也,6475
卷之四,人物部,將相,張儀,屢遭折挫始爲蘇季所激得以相秦乃謀散縱解占約以撓蘇季之策戰國舌辨之士也來入夢者主曰得謀畫之士其人必譎詐必佞口留心待之則可用也,6481
卷之四,人物部,將相,子思吉,先聖之孫位列四配學究天人克遵祖誨論性言占天中庸具在有見之者著名昭代爵位顯榮仍居曰鼎鼐悟性明心精進不退,6487
卷之四,人物部,將相,龎涓,智不逮人馬陵身隕見夢者不可逞巳能而忽他占人如或不戒忘身敗家之兆也更當防人暗中謀曰算必爲中傷愼之,6492
卷之四,人物部,將相,樂毅,見信于先王猜疑于新主故不得始終任燕國之占事享燕土之封事兩主佐兩君際遇不一然生平曰之享用富貴自若是君來夢之徵矣,6496
卷之四,人物部,將相,馮煖吉,彈鋏豪門爲營三窟夢之者遇孤貧之士當賑濟占之後必資其籌畫之力成家立業綿遠永固或有曰奇謀之士來依于我當無忽之,6500
卷之四,人物部,將相,田单吉,占火中設策騎刼丧師盡復齊地公子中之英杰也曰夢者復仇復業志遂名成常人夢之防火盜之侵,6504
卷之四,人物部,將相,藺相如吉,占完璧兮報主謙㳟兮睦寅有容有節如曰夢見之出使不辱君命友結刎頸之交,6508
卷之四,人物部,將相,春巾君吉,占夢之者爲時名宰輔授地錫爵曰在荆襄之間後必血食萬世,6512
卷之四,人物部,將相,范雎,占逃魏西奔得志于秦乃因蔡澤之說力辭相位兆曰之者始事艱難後必得志能納善言各位可保,6516
卷之四,人物部,將相,孟子吉,占爲聖之亞接道之傳上下今古功在乾坤文士于曰夢中見孟子者主道學有傳文才超越氣象軒昂,6520
卷之四,人物部,將相,公孫丑,不溺于齊人之習而從孟氏遊其趨正矣見之者占不同于衆以正爲依終得附于賢聖之列或丑歲曰得俊秀之孫,6524
卷之四,人物部,將相,樂正子吉,占夢之者德位兼隆無不吉利凢在交與之中曰防有比匪之夫文人臨試擬主司命題爲要,6528
卷之四,人物部,將相,莊周吉,周夢蝶栩栩然蝶也人夢周適適然周也士人定占主才高品逸平人不問農工商賈皆有暗中庇祐曰財利亨通矣,6532
卷之四,人物部,將相,淳于髠,占滑稽之口强辭奪理妄議聖賢夢見之者主小人曰自任爲是傲侮正人鹵莽無知大言不慙之應也,6536
卷之四,人物部,將相,吳起凶,占兆見之其人必貪位固寵沽名釣譽曰多行不義之事究當客死異鄕戒之,6540
卷之四,人物部,將相,王翦吉,占夢之者主晩年奮翮學人曰雄視文壇介士威行邊塞,6544
卷之四,人物部,將相,陳渉,乘秦之虐一呼四應橫行于世而不克成業夢見占之必崛起于時聲振宇内而鮮有所成文臣武帥曰巨商大賈兆無不同也,6548
卷之四,人物部,將相,呂不韋,占名爲大賈實爲大盗以呂易嬴機謀淵奥夢見之曰者防閑人暗中謀繼其宗祀買妾當察其所從來,6552
卷之四,人物部,將相,李斯貞吉否凶,貞吉否凶占夢之者主顯名異邦威權赫奕然不克曰令終父子難保宗族受殃非佳兆也,6556
卷之四,人物部,將相,趙高凶,占奸僞之徒喪人身亾人國帝王夢之防肘腋曰有奸常人見此遇午年月日爲有虚名虚利,6561
卷之四,人物部,將相,范增,英雄之氣屈而不伸英雄之計謀而不遂夢之者占主凢事遇中不遇美中不美老年兆之恐有癰疽曰之毒戒怒爲占,6565
卷之四,人物部,將相,張良吉,占夢之者益智延年軍陣得此主有探謀之臣曰遇戰必勝山林得此必爲𤇆霞侣脫俗成仙,6569
卷之四,人物部,將相,蕭何吉,起自刀筆輔主創業功高一世位冠羣僚蓋以其爲治知大體提綱挈領休休有容其識其度有古占相臣風也如夢之者德與之符則功業亦與之符曰德不足以符之則反成爲敗惟蕭何耳省之凢人夢之當慮囹圄之厄,6573
卷之四,人物部,將相,韓信貞吉否凶,貞吉否凶占韓淮陰乞食出𦜮拜將登壇後以疑望受戮曰夢之者主生子英雄多謀先貧後富之兆也,6579
卷之四,人物部,將相,陳平,占兆此人者主遇事曰紛雜逢人狡詐,6584
卷之四,人物部,將相,彭越,貞吉否凶夢之者執兵柄握軍符位極王侯第不可久貪祿占位恐主眷一衰全功盡棄身家亦難保耳始吉終曰凶之兆也,6588
卷之四,人物部,將相,酈食其凶,占以口舌得禍殞身曰䘮命非佳兆也,6593
卷之四,人物部,將相,樊噲吉,占奮勇鴻門排闥禁死兆之曰者勇冠三軍功蓋一世,6597
卷之四,人物部,將相,黃石公大吉,夢之者主遇奇異之人得秘要之書佐聖明之主占建不世之勲功成名就必遨遊方壼蓬島間大吉曰之兆也,6601
卷之四,人物部,將相,甪里先生吉,四皓之一先生自稱貴人夢之靑宫之翼平人夢占此主于甪里之地名利皆全疾病夢之宜祭賽其曰神可祈延壽,6605
卷之四,人物部,將相,叔孫通,占夢之者爲春官爲司理常人見之曰有知禮之名或行冠婚䘮祭之禮,6609
卷之四,人物部,將相,陸賈吉,占先暌後合之兆𤼵蒙啔新之符夢之者能以文學曰佐寛弘之主化行一世彬彬濟濟爲昭代各儒,6613
卷之四,人物部,將相,王陵,占兆之者必遇明聖之君以忠直自任曰爲賢宰輔常人夢之須防北萱之憂,6617
卷之四,人物部,將相,周勃吉,占夢此君者主以忠𫝗曰持身能濟國家大事,6621
卷之四,人物部,將相,劉章吉,占朱虚矦復漢業于累卵之日平諸呂于反掌之曰間兆見者非復祖宗基業則能以一身除外難,6625
卷之四,人物部,將相,李廣吉,占夢之者才高遇蹇主得神助奇力武人騎曰射精超功冠三軍之士位居平等之儔,6629
卷之四,人物部,將相,周亞夫凶,占主以紀律動貴人身膺顯任第晚年恐有曰不測之禍當見幾而作常人兆之主餓死,6633
卷之四,人物部,將相,賈誼,占遇而不遇志不得伸治安之略未展曰而梁傳殞星如來入夢必與之符,6637
卷之四,人物部,將相,晁錯凶,占夢之者多智而譎有口辯能以策動王矦曰然必爲人所忌當死于非命戒之念之,6641
卷之四,人物部,將相,董仲舒吉,占學究天人志追賢哲正誼明道直斥利功曰孔孟之傳庻幾不絕爲大儒者乃夢見之,6645
卷之四,人物部,將相,汲黯吉,占明主欽服權貴畏威兆之者直聲扼天下曰彈劾奸宄特蒙主眷必爲朝廷耳目之寄,6649
卷之四,人物部,將相,李陵凶,占背君降虜身死絶域夢之者負不忠曰不孝之名客死異鄉大凶之兆也,6653
卷之四,人物部,將相,東方朔吉,詼諧不稽笑謔英主之前而不獲罪戾兆之者占必以文章來眷寵然祿位亦不甚顯而名則永垂靑曰史也夢食其桃得仙術女生仙子,6657
卷之四,人物部,將相,司馬遷,夢之者主入史館以文章名天下然多折挫不能占安然有榮而無辱也平人兆之勿多口防有桎梏曰之憂,6661
卷之四,人物部,將相,轅固,占功名晩成祿曰位不久之兆,6665
卷之四,人物部,將相,司馬相如吉,占兆此君者主得俊慧傾城之女不因曰媒妁而通文士兆之當以辭章得幸,6669
卷之四,人物部,將相,衛靑吉,此公出于夷虜而有將師之才微賤者夢之主握占軍權佩将印敬賢禮士能剛能柔不致摧折毁敗曰者也否則遇異地英才,6673
卷之四,人物部,將相,霍去病吉,占貴人相親疾曰病痊可之兆,6677
卷之四,人物部,將相,灌夫,占兆之者宜戒性戒酒不然則以此曰二者之故必招殞身覆宗之禍也,6681
卷之四,人物部,將相,趙廣漢,占摘奸𤼵伏明敏如神仕者夢之必爲曰賢京兆平人夢之有人發其陰私事,6685
卷之四,人物部,將相,卜式吉,占因富得貴之兆□天子歡悦爵祿曰驟加但後必見疎位終不失也,6689
卷之四,人物部,將相,韓安國吉,占夢之者有人引曰薦功名必成,6693
卷之四,人物部,將相,公孫弘,占曲學汗世布被矯潔兆之者能節儉則家豐能曰從順則位顯苐不能免直臣之議後世之譏也,6697
卷之四,人物部,將相,丙吉吉,占夢見之翼保幼主于患難之秋不宜自曰矜其功然日後之貴顯不可言盡也,6701
卷之四,人物部,將相,霍光吉,占麒麟首位石柳瑞興漢室安危子孟一人夢之者曰非求祠祀則願托生當王位極人臣禍延後裔,6705
卷之四,人物部,將相,蘇武,占遠客還曰鄕之兆,6709
卷之四,人物部,將相,趙充國吉,占夢兆之者主基業曰有成固守不墜,6713
卷之四,人物部,將相,疏廣,疏受附,6717
卷之四,人物部,將相,吉,占二公入夢宜辭爵歸致則令名不替美譽永曰垂林泉之樂享用無窮也亦主爲人師傅,6719
卷之四,人物部,將相,韓延壽,占能以德化下恩信固結卒以鑄刀之罪棄市曰故夢之者于小事能加謹焉則無不吉矣,6723
卷之四,人物部,將相,劉向吉,人若夢之主多讀秘書文名冠天下志向不凢位占列中翰忠貞不懈定延奇異勝巳之子孫但不以曰正終,6727
卷之四,人物部,將相,匡衡吉,占勤學之符台鼎之兆曰其位易高居之不久,6731
卷之四,人物部,將相,王莽凶,占兆此人者夜行遇毒外家有變平曰人之家夢之來降主有孝服動也,6735
卷之四,人物部,將相,楊雄吉,占心通大易之理節靖炎祚之衰夢之者當主曰六書敏妙意外奇才女子兆之主生貴子,6739
卷之四,人物部,將相,馮異吉,占兆之者當佐中興曰之主兼文武之材,6743
卷之四,人物部,將相,鄧禹吉,占杖策而來功化雲臺曰形之於夢位躋三台,6747
卷之四,人物部,將相,馬援吉,占夢主孕生貴秀否亦神有所求或爲建祠曰或爲立像或爲修葺殿宇或爲春秋設祀,6751
卷之四,人物部,將相,嚴光吉,占爲客爲友志不在魚夢曰之者主有山林之樂,6755
卷之四,人物部,將相,卓茂吉,占有含容巽順之德爲人所愛慕者曰乃得兆見此君主來天子之宣,6759
卷之四,人物部,將相,耿弇,占士欲建業須堅其志志旣堅則事無不成亦曰當應天順時不可妄爲也兆耿公者省之,6763
卷之四,人物部,將相,班固,占負盛名而身不依于正士人兆之雖奇才絶曰學位列清貴未免受權奸之累弗克美終也,6767
卷之四,人物部,將相,班超吉,占勲名成于塞外封矦志在投筆才兼文武抱負非曰常異日必專權閫外久任邊疆者乃能夢見此公,6771
卷之四,人物部,將相,苐五倫吉,占兆之者嚴厲中有温和剛柔相曰濟享福介壽守正不囬之徵也,6775
卷之四,人物部,將相,竇憲,占恃椒房之親大肆奸横雖討虜著功終不曰能保其身家兆之者宜安分自守則吉,6779
卷之四,人物部,將相,巨無覇凶,占巨無覇貌狠力雄能聚毒獸形之于夢寐必曰有爪牙𧢲毒之害山野行動切宜愼之也,6783
卷之四,人物部,將相,楊震吉,占夢之者主爲清白曰吏子孫多賢達吉,6787
卷之四,人物部,將相,何武,占夢之者令人去後思曰念不置死必以節,6791
卷之四,人物部,將相,劉寵吉,占兆之者必得曰一注大財,6795
卷之四,人物部,將相,郭泰吉,占居入顧之首而不罹党錮之禍得明哲保身曰之道兆見之患難自免而盛名不致損也,6799
卷之四,人物部,將相,李膺貞吉否凶,貞吉否凶占受其接引爲之登龍門士人夢之𤼵高第曰望重于時防爲小人嫉忌難免刑獄之災,6803
卷之四,人物部,將相,梁冀貞吉否凶,貞吉否凶占貴戚之家兆之修德則吉不則有大禍不止一曰身一族也如積善之人夢之主子孫富貴者衆,6808
卷之四,人物部,將相,李固,貞吉否凶身居鼎輔視梁賊之鴆主而不能討皆因文學有占餘而膽智不足也其死獄也何疑兆見之于夢遇曰事㨿理勇爲勿退怯則身名可全勲業可樹化凶爲吉矣,6813
卷之四,人物部,將相,杜喬貞吉否凶,貞吉否凶占兆之主爲正人君子爲忠節直臣曰朝野倚望但逺奸佞則吉否凶,6818
卷之四,人物部,將相,竇武凶,貞忠之志可嘉而謀畫不逮是以功未成而身先占䘮兆之者籌策宜宻𤼵令宜速我先制人則吉人曰先制我則凶也,6823
卷之四,人物部,將相,鄭玄吉,占博雅精敏之儒作經籍羽翼兆之者才學曰進益思致靈通孕婦夢之主產名儒之子,6827
卷之四,人物部,將相,孔融吉,占七子一人建安表表文祠蔚會丰範孤超曰文人夢之則貴于身平人夢之則貴于子,6831
卷之四,人物部,將相,王允凶,占有忠無義兆見之主曰夫妻相背令名不全,6835
卷之四,人物部,將相,范滂貞吉否凶,貞吉否凶占夢之者主產于賢母防有朋曰黨連及之禍而令譽自傳也,6839
卷之四,人物部,將相,蔡邕吉,占名傅後世神示先幾曰感于知巳式孕清姝,6844
卷之四,人物部,將相,諸葛孔明吉,占開誠布公鞠躬盡瘁三顧感知一死不惴曰綸巾羽扇鼎足吴魏靈兮見夢國家之瑞,6848
卷之四,人物部,將相,董卓凶,占播遷天子殘虐黔黎宜其殞身郿鄔碎首落曰陽也如兆之當鍳其爲人而深自戒省也,6852
卷之四,人物部,將相,曹操,占曹瞞眞亂世之奸雄豈治世之能臣哉曰夢之者主所居有古塚宜移徙以避之,6856
卷之四,人物部,將相,呂布凶,占英雄無敵才淺謀疎夢之者事主不一姓曰奔馳無巳徒負虚名久當爲人所困也,6860
卷之四,人物部,將相,孫權吉,占兆見之者能承先緖雄㨿一曰方賢才爲用可與守成者也,6864
卷之四,人物部,將相,關雲長吉,忠義千古夢之者文人亨達仕宦榮華經營護佑占商賈興隆無不吉利臨試夢之主塲中𥙍助須致曰祭敬以答天心不德之人見之于夢則神靈告譴也,6868
卷之四,人物部,將相,張飛吉,忠心貫日義膽包天夢之者爲忠義之士粗中有占細結異姓骨肉拜將封矦威名赫奕于西土但御曰下不得太嚴恐有小人之厄,6872
卷之四,人物部,將相,左慈,占道術之家見于夢曰際定主幻技精高,6876
卷之四,人物部,將相,龎綂吉,才學之士兆之必爲武臣識引得志之秋須閑人占暗傷出行不宜往西南女人夢之生子必爲鳳池曰仙客,6880
卷之四,人物部,將相,周瑜貞吉否凶,貞吉否凶占有才之士夢之必少年夭折志不曰克酬女人見之俊兒誕生之兆也,6886
卷之四,人物部,將相,張遼吉,占文遠爲魏之猛將然恂恂如君子夢之者曰必剛毅中有溫柔之德猶能以義自守也,6891
卷之四,人物部,將相,呂蒙,占三日刮目兆之者曰有進學之士來見,6895
卷之四,人物部,將相,趙雲吉,横行百萬軍中如入無人之境夢之者士人魁天占下武雋主元戎放膽爲之無不慊意卿輔大夫翼曰幼主于患難之秋不一而止也,6899
卷之四,人物部,將相,魏延凶,占主遇譎詐之人以術御之必爲我禽曰病人見夢主有二十七八女鬼相侵,6904
卷之四,人物部,將相,黃忠吉,占晩年遇主白曰首𣗳勲之兆,6908
卷之四,人物部,將相,陸遜吉,占見之于夢乃少年有成建曰功立勲父子相繼之兆,6912
卷之四,人物部,將相,姜維吉,占膽大如斗氣可吞牛夢之者曰上膽氣倍人必作三軍之帥,6916
卷之四,人物部,將相,楊修吉,占兆之者生曰子爲神童,6920
卷之四,人物部,將相,鄧艾吉,占夢之者主其地有祠宇未新急宜修葺以慰其神曰或夢艾來降當生子口吃而貴且存機頴也吉占,6924
卷之四,人物部,將相,司馬懿吉,占多陰險柔而剛身爲公子孫曰昌夢者陰謀克遂後裔興隆,6928
卷之四,人物部,將相,羊𧙖凶,占兆見之音疾病淹淹壽算不曰永想慕丰裁令人悲涕耳,6932
卷之四,人物部,將相,索靖吉,占有先見之明曰者必夢兆之,6936
卷之四,人物部,將相,王渾凶,占此翁來兆主同列嫉妬爭曰執是非以謙讓勝之則吉,6940
卷之四,人物部,將相,阮籍吉,占竹林賢友放誕清高之士夢之者主山林得曰趣詩奕傳名平人見于夢者防有萱堂之厄,6944
卷之四,人物部,將相,劉伶貞吉否凶,貞吉否凶占頌酒德歌酒功夢者飲量日洪主其家于曰酒中得利素性嗜酒者慮有亾身之禍,6948
卷之四,人物部,將相,山濤吉,占兆之者幼年有人簡㧞或典試𣗥曰闈得羅賢才名士隨所處而占之,6953
卷之四,人物部,將相,稽紹,占忠臣之血爭光日月夢之者主英靈不泯見于同曰氣之投否則防有血光之災車馬之間大宜謹愼,6957
卷之四,人物部,將相,杜預吉,占業春秋左傳者夢之主精通其理曰世爲武臣者夢之主水戰大利,6961
卷之四,人物部,將相,石崇吉,占夢石崇降主曰生富貴之子,6965
卷之四,人物部,將相,謝靈運貞吉否凶,貞吉否凶占主生子年少有才文翰風流超超絶曰世第恐祿位不固以疎簡取殃也,6969
卷之四,人物部,將相,謝玄,占如夢見之必著績水濵能以虛聲諕人使人曰畏而不敢即藝士兆之主以奕名擅一時,6974
卷之四,人物部,將相,祖逖吉,占起舞于中夜擊楫于中流勵志中興夢之者主曰有恢復之圖文人夢之先着一鞭名居人上也,6978
卷之四,人物部,將相,王戎吉,持籌握算惟利是營顧亦不失賢名位處三公兆占之者主名利兩成惜無足重也或知巳來謁有杯曰酒之歡,6982
卷之四,人物部,將相,陶侃吉,占見于夢者主勤于王事身躋高曰官或其家產忠勤廉儉之子也,6988
卷之四,人物部,將相,謝安吉,占安石望係蒼生酋夷機警談笑而𨚫百萬之師曰風流人傑也貴人夢之出入將相子嗣齊賢也,6992
卷之四,人物部,將相,王羲之吉,占夢之者翰墨精工平曰人當產佳兒之兆,6996
卷之四,人物部,將相,檀道濟,萬里長城一時猛將形于夢寐主其地有兵戈之占變宜修固城垣以備不測孕婦夢之必生武勇之曰兒也,7000
卷之四,人物部,將相,畢卓吉,占放達之士主居銓司昭代風流曰人物也兆之者必高曠之士,7004
卷之四,人物部,將相,王敦凶,占昆仲不和陰蓄異志主兆見之若不曰悛攺事旣不成宗族受殃大不祥也,7008
卷之四,人物部,將相,卞壼吉,占孤介自持廉潔爲守不與時依違使人曰畏而敬之品地若此方能兆公于夢,7012
卷之四,人物部,將相,𢈔亮吉,占登樓醉月兆見之人必爲風流台曰輔第恐才智有餘而識見不遠耳,7016
卷之四,人物部,將相,温嶠,占夢之者功成于外謀智過人旅中兆曰之家有萱堂之難平人兆之得美妻,7020
卷之四,人物部,將相,石勒凶,占除奸佞遇異僧擅專國政征伐曰四方目中無人者必兆見之,7024
卷之四,人物部,將相,符堅,占前興後衰之兆見之者須納人曰言順天時否則敗亾可待也,7028
卷之四,人物部,將相,劉裕凶,寄奴起自草野有功朝廷封公封王位巳極矣乃占復弑君廢主遂移晉祚雖其英雄之略過人而名曰節掃地無足取也夢之者受惡名凢五代相禪之君大約可繇此例推也,7032
卷之四,人物部,將相,姚萇吉,占蠻夷之雄兆之于夢創業易成曰興隆三世邊將夢之當備巽虜,7036
卷之四,人物部,將相,王猛吉,兆見之者才略弘機謀廣擇主而事名聞華夏士占子見夢主風雲際會魚水投歡然恐修短其作福曰延之,7040
卷之四,人物部,將相,沈約,占夢見休文爲詞壇領袖曰士人則多病之兆也,7047
卷之四,人物部,將相,任昉吉,占兆之必爲王公上客以清介文曰章擅名常人夢之生賢達之子,7051
卷之四,人物部,將相,敫皓,徒負虚名矯情遠引究且咄書空緘誤達爲何如占品哉兆之者華而不實贋而非眞飾貌飾情患得曰患失之徵也,7055
卷之四,人物部,將相,高歡吉,占如公來兆主興業于坎方雄才偉略世無其曰匹人民欽服朝野瞻仰南靣稱孤之劵也,7059
卷之四,人物部,將相,侯景凶,占朝秦暮楚反覆不常背義忘恩其心不良曰人或夢之知非吉祥宜修宜省庻免災殃,7063
卷之四,人物部,將相,楊素吉,占夢之者成不爲王敗不爲冦無心富貴而富曰貴逼人生子當爲將相之臣但主不得令終,7067
卷之四,人物部,將相,韓擒虎貞吉否凶,貞吉否凶占勇略冠世僚佐忌功夢其神降主生虎兒平曰人兆之防遇虎災神靈庇祐當脱其厄也,7071
卷之四,人物部,將相,李宻貞吉否凶,貞吉否凶占見之于夢者必爲一時曰之傑但恐不成大業,7076
卷之四,人物部,將相,王通吉,文中子獻太平之策十有二不能邀隋文之眷然占後退而教授河汾之間議者爲其鼓瑟齊門非席曰珍待聘之君子信夫見之者當隱居樂道勿干祿求進則名譽之盛隆于有位者多矣賢者其念之,7081
卷之四,人物部,將相,李靖吉,輔英雄之主玄戰陣之勲生爲公矦死爲神靈文占人夢之主功名利達武臣夢之主出征有功平人曰有美人私奔,7085
卷之四,人物部,將相,魏徵吉,占先否後泰君明臣良言無不盡謀無不忠曰能見諒于英主則魏公入夢之後騐也,7089
卷之四,人物部,將相,尉遲敬德吉,敬德義勇爲世民所釋世民變患爲敬德所救夢占之者凢處骨肉之變必有勇力救濟有孕者當别曰種而生,7093
卷之四,人物部,將相,房玄齡吉,占德位兼隆夢之者生子必爲曰學士瀛洲首選凌烟標列也,7098
卷之四,人物部,將相,杜如晦吉,占王佐之才文學之士夢之者曰知明主策名天府利貞,7102
卷之四,人物部,將相,長孫無忌吉,占兆公者爲貴戚之臣篤㳟匪懈以事一人曰芳聲不替麟閣標名女子夢之主大貴,7106
卷之四,人物部,將相,褚遂良,貞吉否凶忠直之臣不負顧托乃爲許敬宗誣陷貶死悲夫占兆公于夢或以身殉國或以書法擅名帝王夢之曰主有后妃擾亂國政,7110
卷之四,人物部,將相,李世勣貞吉否凶,貞吉否凶占受託孤之寄而左袒武曌雖有美行其曰何取焉兆見之者墜其聲名子孫不振,7115
卷之四,人物部,將相,張藴古吉,占,7120
卷之四,人物部,將相,主,以嘉言動聖曰君位列卿寺,7123
卷之四,人物部,將相,薛仁貴吉,占跨大海而東征致高麗之喪氣勇冠曰三軍名留千古夢者主發膽勇之祥,7126
卷之四,人物部,將相,狄仁傑吉,夾輔女主挽周爲唐伊旦之侶子孟非行折翼一占夢取兆扶王表表丈夫史冊垂芳夢其人者大臣曰之兆必立補天浴日之功,7130
卷之四,人物部,將相,王勃貞吉否凶,貞吉否凶占夢之者文曰而不壽,7134
卷之四,人物部,將相,駱賔王凶,占有才有學而不得以才學顯終身寡曰遇之兆也士人未顯者有刑獄災,7139
卷之四,人物部,將相,張柬之吉,占夢之者有囬天轉運之功猶剝之遇復其曰勲不可及也當自愼𢙢終爲人所排也,7143
卷之四,人物部,將相,婁師德吉,占兆見之者主有曰人暗中薦引,7147
卷之四,人物部,將相,張昌宗凶,占女主嬖倖之人遇其兆者主遭淫亂之難喪身亾曰家貽及宗黨戒之哉平人夢之或主生美貌之子,7151
卷之四,人物部,將相,武三思凶,占草去根存唐室之禍所由萌而更熾也此人見曰夢主閨室之中有私淫之事凢百須隄防隱禍,7155
卷之四,人物部,將相,姚崇吉,占唐家名相業望日臻令名垂世曰幽靈見形主生子位極人臣,7159
卷之四,人物部,將相,宋璟吉,占夢之者與賢輔齊名心曰貞金石德譽傳千古也,7163
卷之四,人物部,將相,虞世南吉,占士人兆之讀書中曰秘爲玉堂貴客,7167
卷之四,人物部,將相,袁天綱吉,占夢之者主遇精明風鑑之士指迷登覺幼曰童夢之聰慧過人女人夢之主生仙子,7171
卷之四,人物部,將相,李淳風吉,占先生世傳爲謫仙故夢之者主明鉴今古曰預知禍福否則爲太史令司朝廷正朔,7175
卷之四,人物部,將相,張九齡吉,占千秋之鏡一代之師曰夢之者兄弟聯芳,7179
卷之四,人物部,將相,安祿山凶,占羯奴奸賊牛腹藏春傾人之國千載罵名夢曰者主其人身家不靜防宅有異人伏于左右,7183
卷之四,人物部,將相,李白吉,占斗酒而詩百篇尺階而氣自遒捉月月何在曰騎魚魚不遊形之于夢主生天才逸發之子,7187
卷之四,人物部,將相,陸贄吉,占宣公忠正人所罕及見重于君奏議頻入曰望高台輔位遜宰執能兆之者德建名立,7191
卷之四,人物部,將相,韓休吉,占此公入兆非以直諫動曰主畏必爲群小所忌,7195
卷之四,人物部,將相,郭子儀吉,占夢之者必富貴功名卓絶千古男主多曰婿女主生兒文武全才福壽兼隆之兆,7199
卷之四,人物部,將相,顏杲卿吉,占寸舌寒敵膽雙眸耀史書常山一片月今古動曰人思夢之者主其神求妥急宜祭奠以慰忠魂,7203
卷之四,人物部,將相,張巡吉,占作一方之保障受四靣之敵開曰夢此勁骨忠肝豈非同心合調,7207
卷之四,人物部,將相,顏師古吉,占博極群書志安社稷文人夢之主胸羅故曰典業建鴻模帝王夢之主得安邊之佐,7211
卷之四,人物部,將相,顏眞卿吉,占兆見顔先生主受小人之制宜砥節礪行以正自曰持則品槩操守庻幾亞于先生而名亦可與齊驅,7215
卷之四,人物部,將相,許遠吉,占主與同心之彦共濟艱難爲曰人臣者靖㳟之節永播靑史,7219
卷之四,人物部,將相,魚朝恩吉,占威權重大者夢之宜曰自韜晦以保令終,7223
卷之四,人物部,將相,元載貞吉否凶,貞吉否凶占胡椒八百他物稱是奢侈若此籍没曰何疑夢之者當節儉損抑則吉否凶,7227
卷之四,人物部,將相,李泌吉,占山人夢之徴聘立至見禮于君芥曰拾靑紫士子夢之主得書詩千卷,7232
卷之四,人物部,將相,李光弼吉,占見公于夢必獲曰大盜靖大亂,7236
卷之四,人物部,將相,李林甫凶,占逢迎取悅笑裏藏奸壞人曰家國兆之必遇此等之人,7240
卷之四,人物部,將相,楊國忠凶,唐之奸相謟媚事君激虜作亂播遷朝廷李氏宗占社幾爲所覆雖馬嵬碎首終不可以贖誤國之罪曰人主兆見宜遠奸佞常人兆之大不祥也,7244
卷之四,人物部,將相,高力士凶,占兆之主陰人用曰事僕侵主權,7248
卷之四,人物部,將相,盧𣏌凶,占藍靣鬼也夢其人曰降主生子不臧,7252
卷之四,人物部,將相,李晟吉,占忠義感激斬北國賊社稷以安令終而殁夢之曰者主身都將相子嗣蕃昌唐李之姓必產麟兒,7256
卷之四,人物部,將相,柳宗元吉,占柳矦見夢文曰星降祥也,7260
卷之四,人物部,將相,韓愈吉,占學貫六經之奥文起八代之衰夢見之曰者主士人文學絶羣孕婦必產儒彥,7264
卷之四,人物部,將相,裴度吉,占夢之者主始貧終富先賤後貴曰出將入相更產緋衣小兒也,7268
卷之四,人物部,將相,張旭吉,占夢之者筆機飛舞書法妙絕不臣曰天子不友諸矦超凢入仙之品也,7272
卷之四,人物部,將相,杜甫吉,占春日兆之有踏青之約平時兆之曰詩思超卓紀律莫踰名位亦顯,7276
卷之四,人物部,將相,柳公權吉,占兆之者正直無曰私忠心不貳,7280
卷之四,人物部,將相,朱泚凶,占叛君僭號肆掠帝都𫝑崩逃竄彭原受誅曰君王兆之乘輿可虞豫綏將卒庻可免夫,7284
卷之四,人物部,將相,白居易吉,香山老不戀功名心自皓耽詩嗜酒卧山林侒佛占参禪絶煩惱留得遺經訓子孫人間富貴誰永保曰達哉達哉白樂天此翁眞箇何處討今來與我夢中親爲招賢哲囬頭早,7288
卷之四,人物部,將相,陽城凶,占兆之者必受人譏議曰出仕者主言事受謫,7292
卷之四,人物部,將相,李德裕凶,身爲宰相乃自立黨互相排擊卒之舉非其人反占受其陷人無存私以違公無𣗳强以擠弱則夢之曰亦吉,7296
卷之四,人物部,將相,牛僧孺吉,占夢見之者主生一貴曰子士人主丑年得第,7301
卷之四,人物部,將相,鄭綮吉,占名傳歇後識炳幾先宰相之占達人之兆曰亦須詳見夢者何人何時何地以斷吉凶,7306
卷之四,人物部,將相,羅隱凶,占以口舌取禍曰者乃夢見之,7310
卷之四,人物部,將相,史思明凶,占兆之者主陷于不義事曰主或彼或此之徴也,7315
卷之四,人物部,將相,黃巢凶,占見巢入夢士子不能登曰第商賈防遇盗惡兆也,7320
卷之四,人物部,將相,李克用吉,占如兆見之身膺重寄曰多英嗣子孫大貴顯,7324
卷之四,人物部,將相,李存孝吉,占百戰百勝世之飛虎幼䘮椿曰庭長爲上將此夢之兆也,7328
卷之四,人物部,將相,桑維翰吉,占兆之者主得一古硯士曰人則志必酬之符也,7332
卷之四,人物部,將相,史弘肇吉,占好武而不好文生魯曰喭之子則有是夢也,7336
卷之四,人物部,將相,陳搏吉,占一舉不第遁而入山服氣辟榖飴酒延年睡躭百曰日隱于華山垂三十年見之于夢羽流道行超凢,7340
卷之四,人物部,將相,趙普吉,占乘時賢相以半部論語佐天下干太平仕宦曰夢其人主君臣遇合魚水投歡堂簾合德也,7344
卷之四,人物部,將相,曹彬吉,身披甲胄手握圖書不伐不矜爲宋朝名將一時占莫與之京帝王兆之主得文武兼全之佐常人兆曰之主育文武兼全之子,7348
卷之四,人物部,將相,㓂準吉,占夢之者主行曰師不戰而克,7352
卷之四,人物部,將相,王欽若凶,占此奉佛弟子也仕宦夢之曰蒙帝寵邊疆夢之有盗至,7356
卷之四,人物部,將相,范仲淹吉,占先天下之憂而憂後天下之樂而樂爲人物之第曰一必神靈之不爽夢之者身貴子奇佳祥莫迹,7360
卷之四,人物部,將相,司馬光吉,占形先賢于夢兆必史學之專工主小兒有頴敏曰過人之資或所著論往事有所疑義故來見告,7364
卷之四,人物部,將相,歐陽修吉,占文宗正脉善古好學爲一代儒宗位居曰清要而不爲人忌文忠公之夢徴也,7368
卷之四,人物部,將相,韓琦吉,魏公出將入相寒西賊之膽釋兩宮之隙宗社蒼占生賴以奠安誠宋世柱石之臣也非忠誠謹厚望曰重德充斷斷休休者孰能兆之,7373
卷之四,人物部,將相,文彦博吉,占文翁入兆爲天下異人華夏共仰德曰位崇隆籌添海屋大富大貴之符也,7380
卷之四,人物部,將相,呂端吉,占小事糊塗大事則否眞宗之立其功爲首故夢曰之者當愼大畧小則囬天捧日之勲可立奏也,7384
卷之四,人物部,將相,楊業吉,占兆之者主威行夷虜曰勇敢無匹謀事有成,7388
卷之四,人物部,將相,李沆吉,占兆公入夢主能知人能用曰人識見明遠爲時重臣,7392
卷之四,人物部,將相,呂蒙正吉,占夢此公者先困後亨顯名廊廟有含容之量曰常人夢之主受闍黎之侮女子防口舌之災,7396
卷之四,人物部,將相,張齊賢吉,占先抑後伸于遇之中似乎無遇榮及曰他人爲明主輔兆見之者知必同之,7402
卷之四,人物部,將相,富弼吉,占仕者見之主奉使外國克光君命德望曰遠欽武臣兆之主出鎭邊封著名絕域,7406
卷之四,人物部,將相,呂夷簡凶,占順父出母陷君失德雖有他善無足取焉兆之曰者或夫婦乖睽或順成人過二者所宜愼也,7410
卷之四,人物部,將相,蘇老泉吉,占士人夢之主中年學就曰餘人夢之主生兩才子,7414
卷之四,人物部,將相,程顥吉,占先生見兆主明理學接道綂爲奕世大儒帝曰王夢之興學挍重儒臣四海文明之象也,7418
卷之四,人物部,將相,程頥吉,占先生見兆主伯仲以道學名世仕宦兆之曰主司學挍必于河内之地得英俊之彦,7422
卷之四,人物部,將相,張載吉,占兆見横渠先生則必去雜歸純爲理學之宗曰著作翼聖賢經傳精明于易以道德名世,7426
卷之四,人物部,將相,周濂溪吉,先生發明太極之藴言約而道大文質而義精得占孔孟之本源大有功于學者能兆見之必遇明道曰之師深通理學爲世傳宗,7433
卷之四,人物部,將相,王安石吉,占夢安石至者必誕貴兒享榮封若將曰相夢之主風俗移易海内不寧之兆,7437
卷之四,人物部,將相,蘇軾吉,占長公仙才也人夢之才思超群女子夢曰之主娠奇男若仕宦者主名著睂川,7441
卷之四,人物部,將相,蘇轍吉,占見頴賔于夢主弱曰冠以文名著天下,7445
卷之四,人物部,將相,丁謂凶,占夢之者主遇曰邪鬼宜禳之,7449
卷之四,人物部,將相,趙抃吉,占事有後悔直道不阿曰功業自著見之者吉,7453
卷之四,人物部,將相,包拯貞吉否凶,貞吉否凶占龍圖見夢主斷疑難之事或有𡨚鬼求伸曰如夢此公相招則閻君之凶訊即至矣,7457
卷之四,人物部,將相,韓世忠吉,占兆之者矢志不貳得曰賢內助拜將封矦吉,7462
卷之四,人物部,將相,蔡京凶,占兆見之者須防奸佞蔽聰擾亂家曰國引進醜類數年不解愼之念之,7467
卷之四,人物部,將相,高俅凶,占小人得志肆爲奸虐罪惡曰貫盈難免誅殛非吉兆也,7472
卷之四,人物部,將相,張叔夜貞吉否凶,貞吉否凶占兆張公于夢恐有從難之憂絕食曰異邦殞身不免然名則永芳也,7477
卷之四,人物部,將相,宋江吉,占主得緣林忠義之士輔佐朝廷農人夢之曰田禾大熟平人夢之險阻中得吉利也,7485
卷之四,人物部,將相,李綱吉,屢進屢退信任不專以一君子而處群小人之中占藴負雖弘展施則未能也士夫兆之必爲一代名曰臣也,7490
卷之四,人物部,將相,宗澤吉,占如兆見之雖抱奇才偉畧不曰克酬志而死然芳名必永,7495
卷之四,人物部,將相,趙吉,占大魁之兆臺閣之符王者夢之宗室中必有碩曰德之英堪爲朝廷樑棟主持社稷宜亟訪舉焉,7500
卷之四,人物部,將相,胡寅吉,占以正論匡時爲世曰所敬畏者兆之,7506
卷之四,人物部,將相,張邦昌貞吉否凶,貞吉否凶占徘徊觀望疑而不决者主夢見之平人曰夢之主有衣錦之榮而誹議不免也,7510
卷之四,人物部,將相,岳飛吉,岳將軍忠心報國而十年之力廢于一旦權臣在占内書生之言上天之意餘神未滅來見于夢必主曰生忠孝之子,7516
卷之四,人物部,將相,秦檜凶,占欺君誤國之人不宜曰夢之惟姻緣諧合,7520
卷之四,人物部,將相,胡安國吉,占文人見于夢寐宜習曰春秋必名高天下也,7525
卷之四,人物部,將相,劉豫凶,占甘心臣虜卒爲所制兆之者毋貪富貴毋自曰卑謟徒遺臭名萬世之下猶爲人所羞道也,7529
卷之四,人物部,將相,朱子吉,占學集一代之成幼學夢之主異日必成大曰器道德冠世宜釋奠以祀則學識日進矣,7535
卷之四,人物部,將相,文天祥吉,占鼎甲之兆顚沛之占忠心正曰氣非常人所得形之夢也,7539
卷之四,人物部,將相,范祖禹吉,占通明經史忠誠許君曰品詣如是必兆于夢,7543
卷之四,人物部,將相,劉子羽吉,占忠臣之子文武兼才孝友足稱報國盡忠曰來之于夢主生賢良之子主受託孤之寄,7547
卷之四,人物部,將相,兀术吉,梁主雖出自夷虜然生長深宮乃能握重兵以膽占勇過人橫行字内帝王夢之有邊疆之警武將夢曰之有破虜之功女人夢之主生四子英雄無敵也,7551
卷之四,人物部,將相,趙孟頫吉,占宋太祖之苗裔元世祖之大臣王右軍曰之弟子凢夢之主精良筆硯馳譽丹靑,7557
卷之四,人物部,將相,耶律楚材吉,占縉紳夢之邊壃不虞曰九流夢之能知七政,7561
卷之四,人物部,將相,薩天錫吉,占凡夢之者皆主曰貴顯美譽之徴古人入夢亦云鮮矣然不可謂其必無是也此康節先生所繇集也舊帙止于五季宋初自英哲而下皆不佞所益苦心揣測歷有明驗君子無易視之庻不負彚之者之鄙衷若我明英杰賢哲濟濟衆多端有望于後之達者補集以成完璧云養吾道人識,7565
卷之四,人物部,將相,梦林玄解卷之四,終,7573
卷之四,人物部,將相,━━━━━━━━━━━━━━━━━━━━━━━━━━━━━━━━━━━━━━━━━━━━━━━━━━━━━━━━━━━━━━━━━━,卷之五,7577
卷之四,人物部,將相,━━━━━━━━━━━━━━━━━━━━━━━━━━━━━━━━━━━━━━━━━━━━━━━━━━━━━━━━━━━━━━━━━━,,7579
卷之五,人物部,后𡚱,太任大吉帝王夢之主生明聖之子賢人夢之必育天挺之,帝王夢之主生明聖之子賢人夢之必育天挺之占英女人夢之占亦如是惟常人與雜役見夢反爲曰不祥或主以女匹人則亦吉利之兆也,7598
卷之五,人物部,后𡚱,邑𮊢大吉,凢兆之者主得賢明内助女人則主旺夫興家未占年夢之主生女必聰慧過人姿容絕世非凢品也曰或在未月日時亦此夢之徵也,7605
卷之五,人物部,后𡚱,姜后吉,待罪永巷匡主中興母后之範女德之尊夢之者占上佐聖明下施民惠帝王必主光弘先烈后𡚱必曰主德冠後宮凢人夢之無不亨吉女人夢之當有失脱之虞防之,7609
卷之五,人物部,后𡚱,呂后,貞吉否凶光明正直者夢之吉邪佞險壬者夢之凶貴人夢占之吉中之凶下人夢之凶中之吉女人必生嫉妬曰之心男子宜防口舌之害毋執柄弄權毋樹援謀逆欲免萬世之公非須信一心之獨是,7613
卷之五,人物部,后𡚱,戚𡚱凶,戚者憂戚也况𡚱以橫死夢之者無論老少貴賤占皆不爲吉恐有悲哀死䘮之應謹愼爲上至若女曰人主生子而不育凶,7618
卷之五,人物部,后𡚱,壽陽公主吉,兆之者年必高永名必久垂老人乃反少之象女占子乃雅秀之徵孕者見兆定生靈慧之兒凊雋之曰女惟士子夢之點額可虞餘俱吉兆也,7622
卷之五,人物部,后𡚱,鄧太后大吉,占主登政府或宰大邑以文著名曰士人登第賢才顯達總佳徵也,7626
卷之五,人物部,后𡚱,李夫人,貞吉否凶寵冠後宮色傾城國指期玉脫再生身帳裏香容占未死魄享現在福結來世緣誕子振羽育娃𥥆窕曰女則專愛乎主人士則托重于嬖倖凢諸在我此夢之徵,7630
卷之五,人物部,后𡚱,班媫妤,貞吉否凶遭嫉妬受𧩂誣分恩奪愛常悒鬱而不舒即遇明主未能燭先夢之者大約非展舒之兆受誣者宜占自謙抑與人不競隨分守素庻無禍殃若牢騷不曰平思一雪忿必有敗傷䆒且無益不若委曲疎情久乃昭白且于害能遠也愼則吉,7635
卷之五,人物部,后𡚱,趙飛燕,盈盈弱貭不勝衣欲伴君王强着緋幾度花陰頻占約手笑招舞蝶惹薔薇兆之于夢必生𩀱女美而曰且貴也,7642
卷之五,人物部,后𡚱,馬太后吉,夢見后者啓運南方名著宇宙式化離地德滿乹占坤能承家訓克昭世澤女子夢之尤爲吉利非身曰親貴顯必賢女淑德爲后爲𡚱光前耀後昌大門閭也,7646
卷之五,人物部,后𡚱,伏后凶,哀厥生兮不逢時侍君王兮心實悲棲荆𣗥兮蘭占欲萎採虵螫兮毒斯罹炎運將頺兮道路嶔崎皇曰天去眷兮冠履倒提殞軀兮奸手含怨兮誰知今有人兮兆若斯家廢圯兮身瘡痍,7650
卷之五,人物部,后𡚱,甄后凶,是夢也女人兆之主與夫離而更所天焉男子兆占之不久將入土字義西乃金方爲傷尅之象而瓦曰則磚屬后土爲主土之神恐死䘮之驟至而入墓之在即也大凶,7654
卷之五,人物部,后𡚱,潘𡚱,貞吉否凶金蓮生歩香塵遠跡夢見𡚱者生女姿容欺世榮占貴異人學士大夫賢人武將如或兆之必爲妖淫曰所諧大非佳祥也,7659
卷之五,人物部,后𡚱,長孫皇后大吉,人兆之者得賢俊之孫或孫女且字音長孫猶長占生也晩年見兆定享期頥之算後胤大昌有非常曰之喜女子夢之爲大貴人母儀一世垂範千古巳嫁者夢之生女必如其徵也,7665
卷之五,人物部,后𡚱,徐賢𡚱大吉,博通經史匡主以正求之𡚱德干載無兩宜其芳聲弘譽永垂不朽也兆見者必際聖明能以直道占贊襄貴人太兆主得賢良內佐受其補救之大益曰成終身之完美總之四民夢之無不吉焉而于大貴人爲尤佳也,7672
卷之五,人物部,后𡚱,武曌凶,一入空門兩充下陳以狐𡡾之姿㨿龍飛之位以坤繼乹變李爲武唐宗幾爲覆滅且寵嬖無算醜聲四播朝白馬暮六郞淫賤無耻實罕與儔是眞萬世無二宇内鮮有之尤物也迄今覧其所載尚占恐污目聞其所傳且欲洗耳三尺童子咸羞道之曰而來入夢必有地天反覆陰陽失序之變無論士庻賢愚兆之者家有内難幾致覆宗女人當權夫綱失墜若成婚之際兆之所娶必淫惡奸險之婦妊娠兆之所生必黠狡妖嬈之女雖或小有木略能致顯貴總非令終遺臭千古也太和中萬安村民李杰妻聶氏夢一女人高冠大髻緋衣鳳履如神女狀謂聶曰余則天后也所居久廢能爲新之當與結子母緣聶寤而異以告夫夫曰此邪夢也當無應旬日村俗有祈神錫嗣之會士女畢集于泰安祠而聶亦往焉路次見一野廟入玩之中有女神一如夢之所見垣宇傾圯凄楚不堪歸與夫話之夫爲少葺俄夢神女來謝曰當結百日緣未幾孕生女聰俊𥥆窕及長手有文如武字年十六適國學士張世昌李夫婦將爲終身之倚乃婚方三月而女死杰夫婦因悲悼過傷未幾先後繼殞而嗣亦絕,7679
卷之五,人物部,后𡚱,韋后,若夢之者生女貴而不正玷污門楣惟經商夢之占主遇賢主人代爲籌算𫉬利必倍干人爲𤼵財之曰吉兆也,7687
卷之五,人物部,后𡚱,楊貴𡚱凶,相逢不必向瑶臺一笑生春服善才何事胡兒多占薄倖却忘錦襁洗嬰孩兆𡚱于夢先吉後凶始盛曰終衰禍起蕭牆變生肘腋之象也,7691
卷之五,人物部,后𡚱,梅𡚱貞吉否凶,貞吉否凶占兆之者少年得意中年有阻弗克終始如願凢曰一見兆即宜早爲善計毋至失時乃生怨悔也,7697
卷之五,人物部,后𡚱,杜太后吉,能識大體善處家事黃袍加身之素志早巳先窺占長君繼統之弘謨預能定策故夢之者雙生大貴曰子享德位之極攸往皆亨也,7702
卷之五,人物部,后𡚱,高太后大吉,太后稱女中堯舜兆之者賢良有慶朝野寧謐海占晏河清民康物阜一人端拱九有奠安天下太平曰之徵也,7706
卷之五,人物部,后𡚱,孟太后吉,兆見太后雖處險難之中必能免于禍危家業將占廢者復整事機未合者有成或主托孤翼寡濟弱曰扶傾咸夢后之徵也,7710
卷之五,人物部,賢德,孟母吉,賢哉孟母古今莫倫三遷垂訓㫁機喻辛勉子力占學繇義居仁上繼聖統下指愚津伊母之德千古曰若新人能夢之誕子如麟書香遠播爲席之珍,7720
卷之五,人物部,賢德,曾母吉,母氏賢德克相夫子投杼于三告者何指惟参也占魯得一貫㫖微母之端弗克有此芳譽千古登之曰青史何以夢親精神所使𥥆窕淑女麟斯祥禮濟濟吉人邦家之美大吉之占,7724
卷之五,人物部,賢德,敬姜吉,逸勞之訓百世不易恐墜先聲勉子自格矢舟之節我心匪石旣貞且賢千古惟隻書詩載稱榮光占赫奕士也有兆如珪如璧乃在貴卿碩膚赤舄象曰之靑閨輝煌羽翟抑或在娠誕靑雲客坤之利貞云何不懌,7728
卷之五,人物部,賢德,王陵母吉,明能擇主勉子使投一死不辭古今罕儔兆之主占遇英雄創業之君能以直道爲事盡忠謀畫身寄曰朝廷輕重宗社安危爲柱石之臣也,7733
卷之五,人物部,賢德,陶侃母吉,賢友宜親信信投轂何以羞窟雞黍可陳誰爲致之匪珍與珉有髪可裁聊以濟貧子豈靡賢母亦占稱仁卓哉靑史永永絕偷今也有兆惟德之純藹曰藹吉士事業弘新巡歷八延爲時良臣𥥆窕淑女祥麟之娠用無不利煦煦陽春,7737
卷之五,人物部,賢德,錢維妻吉,占兆之者主𫉬大財曰富冠天下吉象也,7741
卷之五,人物部,節孝,共姜,貞吉否凶中流矢志誓甘栢舟松筠爲操氷霜與儔貞節之占冠賢烈鮮侔景仰芳純我心則慺于夢見之利貞曰則優女子有兆所天可憂利客有兆徒勞爾求,7749
卷之五,人物部,節孝,秋胡妻,男人兆之主位遷而有内子之憂未貴者得娶賢占孝之妻女人夢之主夫貴顯而巳不壽或受𧩂于曰人邊將夢之須防胡虜入冦應在秋高馬肥之際或從西方起或有陰與結連之奸皆宜愼之也,7754
卷之五,人物部,節孝,孟姜女,貞吉否凶哭聲震地長城爲傾念夫之寒萬里宵行賢愚共占仰個不嘉貞簡編紀載燁燁芳名爲松爲栢如珠曰如珹乃或兆見惟防戍征辛勤勞苦保厥有生甚非利象修德乃貞,7758
卷之五,人物部,節孝,緹縈吉,古孝女也上書救父願没身以贖刑根于天性宜其至誠格君父全孝著千載贊揚也兆之者貴人占主司綸綍士人主丙下年月得第必聯㨗無疑商曰賈𫉬利綿綿如繹絲之不絕老年者得女厚養有娠者生孝女吉兆也,7765
卷之五,人物部,節孝,曹娥貞吉否凶,貞吉否凶占兆之者主聰俊過人孝聞遠播曰少年成名但恐夭折修省爲吉,7772
卷之五,人物部,節孝,代戍女,以陰代陽居柔能剛夢之者主有更姓易名卑幼占服勞孤征遠行之事士子登科不在戊年定在戊曰年爲清貴之職女人主椿庭之厄未爲佳也,7778
卷之五,人物部,節孝,綠珠吉,風流妍雅一娉婷舞罷輕謳能解酲自是樓前星占墜後芳魂應眷石湖汀兆之者主得奇寶異珍或曰珠璣美玉無子者主有掌珠奸惡必受誅夷之報,7786
卷之五,人物部,節孝,瑞筠,貞吉否凶晉陸雲五世孫女也七齡䘮父廿四寡居躬紡績占以事母姑節孝兩盡如夢見之乃終身勤勞之象曰名譽隆久之徵也,7790
卷之五,人物部,節孝,謝小蛾吉,兆之者必以片言動主幼年𤼵達立身中正大臣占主以言去位經營主遇盜女子主操丈夫之柄有曰才有量孕必誕孝嗣也,7795
卷之五,人物部,節孝,李烈婦,貞吉否凶斷臂祛污撫孤繼宗夢之者艱難坎坷之中不失占圓正之節立名垂芳爲蓋世奇人帝王缺股肱之曰輔平人有手足之憂凢事須慮損折謹愼爲吉也,7799
卷之五,人物部,節孝,無𩀱大吉,將相夢之獨握樞機卿宦夢之望隆山岳士人夢占之鼎魁天下商旅夢之𫉬利十倍生子才過人生曰女姿絶世大吉之徵,7804
卷之五,人物部,節孝,銀瓶吉,父忠孝兮女義烈井之投兮淚灑血恨賊檜兮𢦤賢良至嬌姓兮亦引決悲莫悲兮九原遊快莫快占兮𡨚之雪今入夢兮抑何因黃白之資出自穴士曰子早第腰横金武臣顯兮建旌節誠吉徵兮憑細推何用區區費饒舌,7808
卷之五,人物部,才俠,鍾無鹽吉,兆之者主有才幹經商𫉬重利士人必玉殿傳宣占金㮄題名也武將夢之勇力冠軍所向無敵惟孕曰婦夢之恐產醜女然必大貴也,7816
卷之五,人物部,才俠,虞美人,貞吉否凶事楚君兮恩愛深意綢繆兮固兩心願比翼兮共連理諧白首兮同枕衾抜山歌兮帳中起時不利占兮涙沾襟三尺靑鋒爲君死一入黃泉何處尋千曰載之下令人想聊將歌曲譜瑶琴今爲夢兮一何故陰人主有災病侵或主𡨚魂欲求度遣之逺去使埋沉,7820
卷之五,人物部,才俠,寡婦新,貞吉否凶士子夢之大貴常人夢之大富平空建業暗裏成占家之兆婦人定有分離之厄寡婦主有再締之緣曰得正則吉,7825
卷之五,人物部,才俠,昭君凶,漢家天子畏强胡爲選宮娃代鳳雛恨殺賂工無占異貝却把花容淡淡圖夢之者愼人暗中唆諧身曰遭逺斥商賈主殞異鄕女子主減容顏皆未吉也,7832
卷之五,人物部,才俠,曹大家吉,出自名族妙于文翰爲女學宗爲女史冠著書立言如星之燦亘昭不磨典實可按寐也遇之當細推彖或吉或否隨人事斷利在英彥品評月旦設或登雋身居史舘餘可例推反覆詳玩可也,7836
卷之五,人物部,才俠,蔡琰,貞吉否凶夢見之者文臣出使他國武臣征伐逺夷常人主有離𥨥之厄終亦無恙女子主播遷不一雖容顏曰俊雅才思超逸難免小醜之匹結果則佳也,7840
卷之五,人物部,才俠,薛濤大吉,文士兆之主乘風破浪武將兆之必鼓勇長驅出占行旅邸兆之須防波濤之險富人得美姬騷人逸曰客應𫉬奇異隹箋,7845
卷之五,人物部,才俠,紅線,貞吉否凶仗劍身輕一夜飛遊千里安邦念重三更濳度五占城葉飄庭下盒取床頭女俠中之杰出者也兆之曰者或有異人依附或主臨難有救老幼婦女主有血光之災,7849
卷之五,人物部,才俠,宋若萃若昭若憲若華若倫吉,風流姊妹五英才濟濟芳蘭禁苑栽不是翰林聲占價重肯教仙侶下瑶臺兆之者或二人或俱夢主曰科第綿綿爲玉堂貴客燕山五桂差可齊芳也,7854
卷之五,人物部,才俠,李易安,士宦夢之中道有阻幼年夢之主益才思常人夢占之居危得安男夢生女女夢誕男女人無姙而見曰夢所天再易先賢而後愚也,7858
卷之五,人物部,才俠,袁大捨,貞吉否凶詩史馳聲冠後宫官居學士寵恩隆莫道詞人無與並只因主眷實深洪兆之者名位陰爲人所侵占奪若無子而欲嗣須事慈尊施捨錢刀布帛必生曰俊慧之兒賢能顯達致主恃眷生女亦必大貴老者宜廣修善事乃可延算益福否則恐緣盡也,7862
卷之五,人物部,才俠,孫夫人吉,占兆之者乃子孫賢明之徵老年夢之主得女孫必曰貴顯未娶者夢之主有才慧之姿共諧佳偶也,7867
卷之五,人物部,才俠,韓蘭英,古女秘書也幻而頴悟長好文墨見知時君列爵清要崇于文臣來入夢者必有奇特之遭不次超占遷出自望外濳伏者協夢卜乎動聖明之物色致曰弓旌之下賁皆其徵也孕生貴子求利者有名而無實,7871
卷之五,人物部,才俠,花蘂夫人吉,求名求利交友遨遊謀榦婚姻凢百諸事惟往西占南則吉東北則雖吉而不克如意是藴而未𤼵之曰象始未遽顯終必通達但恐後有播遷移易之舉然亦可無危險之懼也河南偃師士人張大綱一夕夢入宮禁見一美人淡籹靚服容貌可人迎謂之曰待子久矣煩寄一緘與妾主人綱曰卿主何人也答曰妾乃蜀宮花蘂夫人妾主蜀君孟昶與妾俱隸仙班譴謫塵凢奈宿緣未盡而兩地分暌今聞子有劍關之行故勞附簡耳綱諾而寤書在握焉及入蜀謁孟昶廟而焚其書夜夢昶拜巳許禮酬綱綱事竣啓行方欲朿裝于臥榻下得一篋啓視之中有異錦二端白金二錠錦有蜀宮人杜麗春製字而金面亦隱有蜀内庫字樣此爲昶之報禮云,7878
卷之五,人物部,才俠,謝希孟吉,兆之者必以詩文名世貴而不顯幼年兆之大志占有成追歩賢人芳躅爲時所欽女人兆之誕生賢曰胤不與衆同者也,7894
卷之五,人物部,才俠,朱淑眞,貞吉否凶才學足稱胸藏亦富吟句清新塡詞雅素鉄硯磨穿靑閨獨歩連理正開雨風何妬紅顔命薄古言占可懼人兆見之德宜自𣗳出史入經莫辭旦暮終曰必顯揚雲程有路女有淑德乃克兆之亦防夫厄中年可危惟誕賢子得光門楣欲知泰否貴在修爲反之巳心吉凶易推,7898
卷之五,人物部,寵嬖,妹喜大凶,蠱惑君心迷亂人德渠實首出夢之者國必䘮家占必亡荒淫敗度流連忘反之兆也婦子夢之生女曰貴而不端,7907
卷之五,人物部,寵嬖,妲巳大凶,兆與妹喜同而此則更有妖邪之象兆者防有精占怪作變邪崇侵纒妲者亘也巳者巳也暮出朝隠曰鬼蜮難測迷女惑男攪亂人家必至蕭耗覆滅也,7913
卷之五,人物部,寵嬖,西施,貞吉否凶苧蘿山下浣紗女弱體嬌羞罕與侶借他色刃刺夫差絶勝操戈縱横旅飄然遐舉陶朱公扁舟飛占駕五湖中百花洲畔杳無跡錦帆涇裏煙濛濛欲曰覔嬌娃在何處𨚫疑翻入水晶宮君今夢之主何兆得美姫兮嬌且少須知裙下有刀兵暗中殺伐眞難料吳亾越伯鑑何明請君急急囬頭照,7917
卷之五,人物部,寵嬖,趙陽臺,奪情分愛擅寵怙恩兆之者主越執人柄威權獨占握然始盛終衰不能長久女人夢之正室必有妾曰媵分寵庻妾必愛幸專房要之不甚吉也,7922
卷之五,人物部,寵嬖,虢國夫人,因妹得貴勢熖傾人車鬥風門如市至令人有生占女莫生男之願卒之時世衰移禍不旋踵兆之者曰或因親戚起家或繇内人立業當謙讓修德則可化凶爲吉苟或不然恐不能永享也戒之愼之,7929
卷之五,人物部,悍妬,買臣妻,貞吉否凶會稽太守未逢時躬自樵薪食不支頓令妻兒輕占棄去馬前覆水枉嗟咨兆之者主夫妻離異先困曰後亨貧窮同守患難相隨勿得燥急心暴至貽日後之悔恐嗟晩而不及也,7937
卷之五,人物部,悍妬,蘇若蘭,貞吉否凶才思過人纎巧莫踰廻文錦字錯落珠璣然以嫉占妬見棄于連波雖終諧琴瑟之歡而暌違則巳久曰矣兆之者驕傲則凶謙恭則吉先異後同解怨成歡之象也,7942
卷之五,人物部,悍妬,十一娘吉,有丈夫之槩而多嫉心白璧微瑕不能無玷士人占兆之必列賢良經商兆之𫉬息加倍功名之數非曰則十其他有兆吉而無否,7951
卷之五,人物部,悍妬,韓佣胄妻,貞吉否凶兆之者主爲内人所苦覆滅宗嗣若能整頓乹綱占無令政山閨閫則家業必隆名位可永否則戾徵曰也大抵凶多吉少,7957
卷之五,人物部,悍妬,長舌婦,東牕私語巧陷忠良千古罵名遺臭實永兆之于夢防有巧言令色之人來投浸潤之𧮂致悞大事占爲害不淺宜自堅守正志不爲所惑則可反否爲曰貞轉非爲是不則大凶非佳徵也常人兆之主有陰人般鬥是非攪亂家庭不祥之夢也,7964
卷之五,人物部,悍妬,賈雲華,姿容鮮好兮世無之聰明雋慧兮莫與比倚父貴兮肆嬌痴侵夫權兮行我私終不悛兮身幾殞來占妬名兮知不知君有兆兮仕路亨賈倍息兮任所曰宜幼年入夢兮雲程早登士女有懷兮蘭閨產芝不利老翁兮韶華無幾餘則吉昌兮眞堪解頤,7970
卷之五,人物部,淫奔,卓文君,貞吉否凶彼王孫兮有寡女筵前窺客心相許琴中操出鳳求凰引得翻飛來共侶長安欲入苦無資當壚貰占酒誰能阻長卿薄倖挈嬌姿吟盡白頭悲切語今曰來人夢非偶然士人科第應高舉須知意外有奇緣休慮無人相助汝斷絃再續更和調彼和還因倡自子凌雲有賦不須憂玉堂金馬君所處,7978
卷之五,人物部,淫奔,紅拂吉,侍兒中之豪杰女流中之丈夫憐英雄不顧鶉奔愛奇才濳離虎穴兆之者主賢豪投契俊杰訂盟占必爲一代偉人名垂竹帛若常人夢之有桑間之曰約濮上之緣女子夢之必匹英才而不免行露之譏老人夢之定享洪福正無窮也,7983
卷之五,人物部,淫奔,歩非煙,貞吉否凶士人見夢穩歩雲程市人夢之利無從𫉬女有淫占行乃常人之徵男必納寵實狐𡡾之象夢者自省曰凶可爲吉,7987
卷之五,人物部,淫奔,崔鶯鶯,貞吉否凶元生薄倖棄嬌娃却引張郞掩自乖枕畔餘芬凝占未散應飛騰作怨嗟霾兆之者有苟合之緣必越曰世之姿美而無終也,7992
卷之五,人物部,淫奔,姑德吉,占始邪終正夢之者不憑媒妁得配仙姿雖有淫奔曰之醜䆒以節烈自居誕賢予育秀蘭亦此兆之徵,7997
卷之五,人物部,淫奔,陳妙常,幼入空門少𦊱牽深深拜禮願生蓮仙郞何事飛桃渡又結今生交頸緣兆是夢者學人超出尋常占商賈𫉬息加倍或婚少年出衆之女或締欲絕未曰絕之姻女人兆見婚姻中阻所佛得諧孕則生女賢慧無雙也,8001
卷之五,人物部,名妓,小蠻貞吉,舞袖翩翩一捻腰傳來聲價至今超雲消雨散歸占何處應向陽臺暮没朝兆見之者主生俊秀之兒曰或納娉婷之寵,8010
卷之五,人物部,名妓,樊素否凶,夢之者大臣林下歸休仕宦明廷建𣗳亦惟德養占有素乃能懋著功勲常人夢之有小口之災女人曰有是非之患,8014
卷之五,人物部,名妓,鄭康婢凶,占仕宦受不臣之愬庸人有箠撻曰之苦此夢之兆也修省爲吉,8018
卷之五,人物部,名妓,秦若蘭貞吉,月滿郵亭露正濃徘徊進退欲凌空玉堂學士情占何宻一曲風光雲雨中如夢之者恐以色敗名厚曰宜自愛勿爲花柳取迷則吉,8022
卷之五,人物部,名妓,柳翠翠吉,一入靑樓羞倚門褪殘花色暗消魂老僧不惜頻占敲月爲斬紅塵愛慾根士人夢之主甲乙年月高曰飛聯捷餘人夢之主有佛緣得渡慈航反迷歸覺吉,8026
卷之五,人物部,名妓,輕雲貞吉,夢之者士子則雲霄易歩賈客則利息輕微娠生占兒則不壽或生女則多嬌士夫則眼前富貴等若曰浮雲也,8034
卷之五,人物部,名妓,紅綃吉,清歌妙舞自驚人一笑相靑𬂪色新爲問紫薇花占下客可曾携手夢中親仙才絶世舘閣高登乃得曰于夢見之踏靑間歩當有鴛侶相親但恐夭而不壽,8038
卷之五,人物部,名妓,李慧娘否凶,兆之者男爲薄倖之夫女作沉𡨚之鬼紅顔可懼占多口堪憎苟能愼之或得化吉亦恐有邪崇相侵曰大不利病者宜禳解則吉,8042
卷之五,人物部,名妓,步揺凶,占兆之者生子不壽曰生女聰俊而品下,8046
卷之五,人物部,名妓,琴操貞吉,入烟花而不染偕勝侶以爲朋卒受高僧之度乃占登正覺之禪是眞亭亭矯潔出泥不滓之品也兆曰見者雖出微賤必品行特卓超凢入聖否必爲隱逸之士翛然高貴不與俗爭艷而幽芬自吐也,8050
卷之五,人物部,名妓,朝雲吉,兆之必爲貴人所眷因其吹嘘之力名聞一時兼占垂後世也平人兆之主得美姬老人添壽算娠生曰秀女吉,8054
卷之五,人物部,佛仙,見諸佛諸仙僧道,夢見佛見仙者或誠心所感或天機所現或見之而吉或見之而凶○夢見僧見道者或思念所通或氣類所接或見之而祥或見之而殃皆當以成夢之人與其時其地及所見於夢者何人何象則妖祥自瞭然可辨矣兹略具一二占者以例推之○夢見諸佛諸菩薩者凡事利吉○夢看佛者主親有壽妻有子事事逢凶化吉也○夢見太上者占塵凡欲隔仙骨將成貴宦高遷文人進業常人得曰遇○夢見老君眞人仙衆者吉昌○夢遇仙者主有喜慶之事功名顯貴財利豊亨修道之人功成丹熟矣○夢見僧男夢之者女人吉女夢之者男子凶主父母有災子孫添喜○夢見法師至主高人術業精平人疾病侵百凡宜攺動鬼魅遠家門○夢見道流主亨吉○夢見仙佛僧道羣集者主喜氣臨門子嗣大貴○夢見諸佛與僧人相宻語說法者防閨門有私主人權去急宜解禳警愼也桓帝好老子之書日攪道德手不能釋夜忽夢見老子相接甚殷乃詔□□爲立老子祠勑賜顏額,8062
卷之五,人物部,佛仙,諸佛諸仙僧道至家,夢此者有降福之兆有誕育之徵有指以迷途有引以道㟁有告以災有示以慶占者宜細推之○夢諸佛降者有喜慶主遇善人𫉬善事○夢堂上占有佛女子吉平人利文人貴客不祥○夢仙聖來曰家事皆吉利男婦福德至老幼倍康泰文士吉星臨照道者飛昇証行病人不祥訟者有解○夢法師登座主事有主盟疾病痊愈□源幼聰秀爲親鍾愛忽夜夢釋迦佛自上而降入坐堂中口誦法華經洪源敬仰久之而覺遂辭父母出家初居西峰寺後掛錫靈巖院一日出遊眠於沙灘上有虎繞其身至曉而去人皆異之寶印大師謂王十朋曰汝父母昔無子禱求甚力汝祖一夕夢嚴闍黎至家是月汝母有娠十月而生汝嚴眉濃黑而垂目深而神藏日能誦千言喜作詩今汝眉目及趣好類之殆其後身云蔣燾爲樂亭今遺胎母方在蓐怳忽見道流三人入房便失其一燾在襁褓神頴能言九歲治四書易皆通十一入爲府學生年十六冬月將盡一旦枕上呼母曰母寧知帝京有紫府瓊臺乎母曰不知又曰兒嘗以母老辭歸可乎母意其藝語至元日其姊夫劉玠入燾齋見燾所記前夢事其初曰某年月日夢老父引登高境曰紫府瓊臺撰文曰翠碧重華玉殿金闕其末曰燾再拜泣請家有老母乞放歸養姑還云云𡵚未及讀中文燾適來奪之母亦來取視燾窘遽云母毋觀泄天中機母惡之抵于地其年三月十一日竟卒,8068
卷之五,人物部,佛仙,見諸像,夢此者或見塑像或見鑄像或見繪像爲像不同或見佛像仙像或見道像僧像所見不一各以其類詳之吉凶自判○夢曕禮諸像者吉毁侮諸像者凶○夢新塑佛像女人喜慶男子吉昌僧人夢占之禪林叢勝之兆亦降慧之占○夢新奘仙像主曰佳音相繼好事來臨也○夢鑄造繪畵諸像主誠心感應皈依朝禮志篤心專○夢女仙像掛主孕佳祥○夢壽星像高懸主凡事大吉○夢像忽動主遷移晉咸和中丹陽尹高悝行至張侯橋見浦中五色光令人掊視得金像載至長干付寺僧夜常放光後西域胡僧五人來詣悝曰昔于天竺得阿育王造像來至鄴下値胡亂埋像於河邊今尋覔失所忽一夜我輩俱夢見像曰巳出江東爲高尹所得故特來言之悝乃送僧至寺見像皆噓唏涕泣像復放光燭照殿宇玄宗夢玄元皇帝云吾像在京城西南百餘里遣使求得之於盭厔迎至興慶宮焉,8109
卷之五,人物部,佛仙,自稱佛仙僧道或身爲佛仙僧道,夢有人自稱某佛某仙某僧道來告者主時下有所示戒或向後有所𫉬福○夢自身忽爲某佛某占仙某僧道見兆者主前生是其宿根或後日成其曰果証又或有靈巧之應變通之占不可拘一而論夢也崇仁縣田家黄氏子夜夢偉丈夫自稱回巖客令語世人曰此浮雲洞也洞賔毎自稱回道人且巖其諱也然則回巖客令語世人者非即洞賔警世乎唐玄宗夢二十七仙人云我二十八宿也一人寓直在天不下我等寄羅底間三年矣玄宗間羅底所在仙云有音樂處是也詔訪焉於寧州東南五里地名羅川之上有山山有洞不可通惟聞音樂乃窮之得石室中有石像二十七遂應詔以進唐末祁陽縣白鶴觀有鐘重數百斤一夕雷雨鐘忽吼躍入江中後有客夜宿昭潭夢一道流曰吾祁陽白鶴觀道士欲歸久矣幸附後載客諾之遲明解纜見有鍾卧水次有文初陽白鶴觀鍾客悟乃載而置之觀蘇子由在高安時與聰禪師同夢迎戒禪師東坡至云某八九歲時夢身是僧往來陜西又云妣方孕某時夢一歲瘠而眇來託宿聰驚曰此戒禪師也陜右人眇一目,8126
卷之五,人物部,佛仙,迎送佛仙僧道,夢迎之者主有福德或夢之來迎者主冥遊不吉占○夢送之者主吉祥去亦主邪妖離或夢之來送曰者主自身𫉬履善地惟老病者不祥○夢請之者吉或夢之來聘召者凶薛存誠復亞憲臺閽吏晝寢夢僧數十人持香花幢蓋作梵唱次第入臺閽吏呵之曰此御史臺是何法事高聲入來其一僧自稱識達是中丞弟子來迎本師閽吏曰中丞本非僧侶何云本師識達曰中丞元是須彌山東峰靜居院羅漢大德緣誤與天人言謫來俗界五十年年足合歸故來迎耳非汝輩所知也閽吏將馳報遂驚覺後數日薛公自臺中遇疾而薨其年正五十矣智顗七歲誦法華經便能記憶謁九蘇山思禪師得其宗㫖一夕夢登高山見一僧以手招之曰此天台山也顗遂往天台開林云凉公李愬將兵擒蔡破鄆未嘗枉殺一人長慶元年秋徵還京師将入洛其衙門將石季武先在洛夢凉公自北登天津橋季武爲導以宰相行呵叱動地有道士八人乗馬持絳節幡幢從南欲上導騎呵之對曰吾迎仙公安知宰相招季武與語曰可記吾言聞于相公其言曰聳轡排金闕乘軒上漢槎浮名何足戀高舉入煙霞季武驚覺汗流被體後三日凉公果自北登天津橋季武爲導因入憇天宮寺月餘而薨宋宣和間舘職有常懷者謂趙子崧曰吾夜夢帝勑公爲白石洞天主者後子崧被謫寓居潯州潯有白石山即道書所記二十一洞天也趙竟没于潯符常所夢宋高懌以隠逸爲文彥博所薦就除光祿寺丞不拜夢道士持素書聘爲白鹿洞主俄卒丁士美未第時夢坐堂上空中有仙女一群乘鶴而下人皆作樂仙樂繚繞迎于前後復乘鶴而上須臾有黃旗二扇竪于門至嘉靖丁未果大魁天下夢爲兆云,8147
卷之五,人物部,佛仙,隨佛仙僧道行及侍立宴會共坐卧同舟車,夢隨行者詳其方地隨至而有指授導歸者吉否者凶侍立者常人吉病人凶與宴會者貴人有道緣乎人有災戹同坐卧舟車者夢中有救援指㸃吉否者凶朕兆萬端禍福千變隨機决测不可盡占述○夢隨諸佛行主爲善男善女隨仙衆行主得曰飛昇之術老病者離形去世之古○夢佛仙等像未成而形動者不祥○夢赴佛會者主貴人有刑獄平人有災疾○夢赴仙宴者女子大喜慶病者爲禍殃○夢與仙女同寢卧交合者凡事大吉𫉬利𫉬福旅次山居隄防妖崇急宜鎭壓陳釋慧思夢彌勒說法開悟乃造二像並同供養又夢隨彌勒與諸眷屬同會法華豁然開悟轉復精進李珣子七歲夢王母宴群仙舞者帶訝光帽帽上簮花舞香山曲曲未終百花盡落巳亦與其會焉政和間吉水楊塤將應舉夢神告之曰汝欲中式須待張果老撑鐵船旣覺以爲無望矣及建炎渡江庻事草創詔貢院有遭兵火者權就寺觀而吉州在能仁寺塤人試坐廊廡間壁上有畵張果老撑鐵船事塤見之大喜放㮄遂有名,8182
卷之五,人物部,佛仙,訪謁佛仙僧道或來訪謁,凡夢往謁來謁者皆利文章之士患難之人不利愚濁之流疾病之日經商夢之亨嘉進益僧道自占夢往來訪謁者兆爲道行增修○夢拜佛欲動文曰人主大貴常人主大財○夢謁佛仙僧道不許見者主凡事不遇謀營不通惟婦女爲祥也許澶暴死三日方醒曰夢游仙府與群仙之會遂作詩云曉人瑶臺露氣清坐中惟見許飛瓊塵心未盡俗緣在十里下山空月明復寐驚起改第二句云天風吹下步虚聲曰昨夜夢到瑶臺有女仙三百餘人一云某是飛瓊君須攺却第二句不欲令世間知有我也田鸞求長生術入華山遇一黃冠教服栢葉鸞歸服之至八年無間熱如火遍體潰爛鸞食不輟一日覺小可須湯沐浴遂得寢三日方寤諸瘡掃去膚肉光澤自云初寢夢黃冠數人持節引謁上清見列仙皆云栢葉仙人來遂授以仙術勒名玉牌金字謂曰且止人間後當相召復引而歸鸞自此辟榖至百二十三歲得尸解云狀元張㫒父挈之赴京會試舟次小姑山下昇父夢山上數女郎執絳紗燈擁仙姑而下因問之曰仙姑何往答曰江西張狀元舟在山前將往訪之覺而呼昇語其事是科果及第,8209
卷之五,人物部,佛仙,佛仙僧道有所求索,夢求廟宇主像無所棲或殿廡傾毁宜爲建立修葺○夢索食者主神缺供養或夢見吉人乃仙佛占相度誠心所感解悟有緣○夢索服物循夢所索曰䆒其處有何佛地仙踪應其所求自𫉬福果○夢求像者主佛仙僧道無像可憑或有像而毁壞或有像而沉埋必須審測尋求方能𫉬吉天竺僧有畵像乃梁張僧繇眞跡也初畵二僧後屬侯景之亂畵遭刺割分而爲二其一在唐陸堅處陸嘗嬰篤疾忽夢寐覩胡僧謂曰我有同侶一人離柝巳百餘載今在洛陽故城東李君家若能爲我求之再得會合當以法力扶助令爾無恙陸旣寤求訪如夢中之㫖𫉬見李君而僧像具在乃以俸錢十萬購而合焉即日疾瘳襄州人楊玄亮年二十餘於䖍州汶山觀傭力晝夢天尊云我堂舍破壞汝爲我修造遣汝能醫一切病寤而說之試療無不愈者贑縣里正背有腫大如拳亮以刀割之數日乎復療病所𫉬十千造天尊堂成燎病漸無効登州劉鯉庭前有大槐𣗳一夕夢一女官自稱麻姑仙乞此樹修廟劉於夢中謾許之旣寤異其事後數日風雷大作失槐所在即詣麻姑廟覔之槐巳卧其前矣宋慶元三年五月二十二日蓑衣眞人何中立坐而逝先兩夜太皇太后夢何來求衣亟命特賜之以二十四日至遂易之以瘗焉,8221
卷之五,人物部,佛仙,與佛仙僧道言語喜怒講說,夢佛仙與巳言語者吉自言自語者凶不言語者大凶○夢佛仙喜恱有佳事至怒責者凶惡事至○夢佛仙僧道與巳講授論說者主文章進技術精諸事利益病患捐除○夢來告以禍者善人吉不德凶告以福者主有喜慶○夢仙佛告吉凶者占奇福厚祿貴賤亨通嘉祥之事至矣○夢佛在雲曰端呼召應之者出行有際遇大吉○夢問佛無言不答者疾至災臨急宜解鎭○夢仙神嘻笑言語若有嘲訕者主閨房外心須預防曉○夢仙佛嗔怒大凶至禳鎭修省可解○夢與僧人爭言主有閑氣事○夢與道流辨論者主才高學進晉郭宣文處茂與楊𭣣敬爲友𭣣敬有罪下獄宣與處茂同被桎梧念觀世音十日後夜夢一菩薩慰諭之告以大命無憂俄而鎻械自脫二人遂𤼵願若得免罪各出錢十萬上明西寺作功德少日俱免宣依願送錢向寺處茂違誓不送及盧循舉兵茂於香浦爲流矢所中將死曰我有大罪語訖而死,8239
卷之五,人物部,佛仙,佛仙僧道賜餽器物及服食毉療,夢佛僧賜器物餽器物者主有佛緣夢與藥食者主益慧延年疾病者主瘥○夢仙道賜器物餽器物者主有仙分夢與藥食者主超凡入聖病人大占吉○夢諸佛仙賜坐者貴人主顯位平人主𫉬利曰○夢佛仙賜綵衣絹叚事事嘉美○夢佛仙僧道與花果美物者主育貴子○夢諸佛仙以器物摩體按身者主除疾懐姙○夢僧人道士來取器物藥食者主佛仙索祀大達法師母張氏夢梵僧謂曰當生貴子即出囊中舍利使吞之及誕所夢僧白晝入其室摩其頂曰必當大弘法教言訖而滅師始十歲依崇福寺爲沙彌十七正度爲比丘後通湼槃大㫖於福林寺復夢梵僧以舍利滿琉璃器使吞之且曰三藏大教盡貯汝腹矣自是經律論無敵於天下以開成元年六月一日西向右脅而滅當暑而容若生竟夕而香不滅齊僧慧約母留氏夢長人擎金像令吞之因而有孕是生約七歲即誦孝經論語史傳披文見意其族祖給事中婁幼瑜每見轍起爲禮以爲菩薩出世宋紹興間明州王氏隨夫之任懷胎過期不產嬴病漸深一夕夢金剛神以杵指腹疼不可忍及覺巳生二男在牀長安雲花寺有觀音堂在寺西北隅大中末百姓屈巖患瘡且死夢一菩薩摩其瘡曰我在雲花寺巖驚覺汗流數日而愈因詣寺尋撿見一菩薩果如所覩巖遂建堂移之胡濙母李氏有娠夢僧以花遺之是生濙有僧來索觀濙見僧即笑僧曰此吾師後身也命我求見以笑爲驗今果然生而白眉彌月乃黑洪武中登進士第歷官至尚書進少傅立朝幾六十年歷事六主十知貢舉楚實疫癘四十日不知人後一日忽夢黃衣女道士至告曰汝有官祿初未合死因呼范政將藥來忽見小兒持缻取碗與藥飲畢便愈及明許叔冀令送藥來小兒及碗藥皆昨夜所見因呼之果名范政受藥飲之其族遂愈河南劉崇逺有妹爲尼居楚州有一客尼寓宿病勞且死病者有氣如飛蟲入其妹衣旣死妹亦病求于徐明府明府曰可致金陵絹一疋吾爲爾療之如言送絹訖翌日劉氏夢一道士執簡而至以簡遍撫其身身中白氣騰上如炊旣寤頃之徐封絹而至曰置絹席下寢其上即差矣如其言遂愈視其絹乃畵一持簡道士如所夢者女人唐廣眞旣嫁得血疾夢道人與藥服而愈離夫入道往平江謁蓑衣何先生何稱爲仙姑號無思道人淳熈壬寅二月赴郭氏飯未竟驀還寓廬即昏兀如醉兩夕小蘇言逢吕純陽曹混成獃道僧三人引至海邊跨大蝦渡海因隨遊名山洞府及到冥司住元静吴眞人洞中學書書大字寫詩二百餘篇純陽曰汝欲留形住世耶遂持丹一粒攫而吞之自是辟榖高宗聞其名降香往請符水召入德壽宮宣問符水靈驗是甚法對曰不曽行法但以心爲法神爲符氣爲水耳上悅書寂靜先生四字以賜之,8247
卷之五,人物部,佛仙,佛仙僧道授經冊傳道,夢授經典偈言簡冊勑制者主有佛仙之分不論貴賤賢愚男女老幼凡人夢之皆大亨吉共登大占道非常夢也○夢授佛道仙術毉方者主夢者濟曰巳利人巳身有災者解有疾者除亦能解世人之災除世人之疾非宿具道骨慈心者未易應厥兆耳台州僧處瑫中年病日常持誦大悲呪一夕夢觀世音傳授法偈令毎旦呪水七遍或四十九遍用以洗眼處瑫跪而受焉旣寤如法誦之不踰時平愈本醫說見翰籍陶弘景夢佛授其菩提記名爲勝力菩薩乃詣鄼縣阿育王塔自誓受五大戒金呂道章大定間爲縣吏夜夢神人告以修道寤即避役居洪慶觀道成治民間疾疫有驗比修觀宇買木管州山放筏置黃河水面道章坐其上順流而去不知所之王大猷寓居蘇州中街路忽夢神人欲授以養生之道自是䖍志事神月朔飯道設齋淳熈中以四月十四爲呂純陽誕辰齋百道士齋散有道人至形狀甚陋人咸怠容獨大猷加禮待之道人曰吾能治内亦善治外大猷奇之别去經年忽再至授大猷以異方戒曰藥就即可施之所治者一切風疾量立價以售勿輕傳言訖乘鶴而去所謂王省幹遇仙丹此其夢應之事也,8322
卷之五,人物部,佛仙,佛仙僧道教誦經符呪,夢之者有難必濟有患必除凡在顚沛傾危之中占得此夢者皆係善念所感道行所兆主往無不利曰謀無不遂事無不勝不論何人道業增修出凡入聖之占矣東魏孫敬德募造觀音像自加禮敬後爲刧賊所引不勝栲楚忽夢一沙門令誦救生觀世音千遍臨刑誦念數滿刀自折爲三叚膚頸不傷三易其刀終折如故所司以狀聞丞相高歡表請免死及歸覩其家觀音像項有刀迹三勑寫○其經布於世今謂高王觀世音經唐刑州司馬柳儉任岐州岐陽宮監坐誣繫大理寺儉至心誦金剛般若經有兩紙未遍不覺眠睡夢一婆羅門僧報云檀越宜誦經令遍即應得出儉忽寤勤誦不懈經二日忽有勑喚就朝堂放免黃帝伐蚩尤夢西王母遣道人以符授之曰太乙在前天乙備後河出符信戰即克矣黃帝寤思其符不能悉憶以告風后力牧對曰此兵應也戰必勝矣遂立壇祭以太牢有玄龜啣符從水中出置壇中而去于是黃帝佩之出征即日擒蚩尤,8336
卷之五,人物部,佛仙,佛仙僧道誦作贈授詩詞歌賦文字,夢誦作詩詞歌賦文字或令巳誦作者宜詳是何占詩詞是何文字推其意義非有指點則有警戒非曰有預告則有相期吉凶自見占推難盡也○夢贈授詩詞歌賦文字者或告前途名利或示向後行藏或報以終身休咎或指以旦夕榮枯詳其詩詞之義文字之機兆凶則禍兆吉則祥大抵佛仙所示必有佳占邊知白得石本羅漢十六紙遣家僮致之墳菴先是行者劉智夢十餘僧持邊書來求掛塔以白主僧慧通通曰庵小不能容大衆來者一人取筆題詩門左曰松蘿深處有神天不憶其他語明旦話此夢未竟而石本羅漢至數内一人即夢中所見題詩者也由是智足成一章云松蘿深處有神天小刹何妨納大千掛塔定知宜久住歌吟何幸得留傳袖中出簡聊應爾門上題詩豈偶然顧我未除煩惱習與師同結未來緣菴曰慶雲至今遺址尚在平江之蒸山郭仁表居冶城北因得錮疾夢道士衣金花紫帔從一小童至其家仁表問疾何時可愈道士厲色曰甚則有之旣寤疾甚數夜復夢前道士至因叩頭遜謝求治道士色解索紙筆仁表以爲將示方道士取筆書而授之其辭曰飄風暴雨可思惟鶴望巢門歛翅飛吾道之宗正可依萬物之先數在兹不能紆此欲何爲夢中不曉其意將問之童子摇手曰不可遂拜謝道士自西北而去因爾疾愈嘉靖乙亥十二月二十三日何孟春夢至一所三四道士相與飲啜有先去者何繼出門未行間堂中人謂童子曰我劉海蟾也爾師以藥金貯食餉我殆知我者我歌其或喜之歌曰百年非是等閑身學道而今秪四人中有兩人須得道不知誰主更誰賔何乃駐而聽之不知其所謂得道指誰其人又歌數闋中一首曰此身生意與誰論紅綠年年共一根常向人門問門口却忘門口是家門語多叠字夢差了了旣覺不能盡憶,8346
卷之五,人物部,佛仙,僧道托生,夢此者主生聰明秀頴富貴福澤之兒或生福慧占之女或主佛仙轉輪大抵吉祥之兆仁德之報也曰又或匪德之家反致妖崇宜詳本而推梁武帝夢眇目僧執香爐稱托生王宫旣而有采女阮氏次侍始褰戶幔有風囬裾帝意感而幸之遂生繹初生患眼醫療必增武帝自下意療之遂盲一目乃憶先夢彌加愍愛後封湘東王是爲元帝焉,8382
卷之五,人物部,佛仙,釋迦佛大吉,占此佛祖也兆之則明心見性可悟上曰乘爲佛弟子智慧日增西土生蓮也,8388
卷之五,人物部,佛仙,彌勒佛貞吉否凶,貞吉否凶占喜事至者夢見之爲群小所侮者亦夢見之曰,8392
卷之五,人物部,佛仙,一,生歡樂無罜無礙手握巨資亦來兆也,8398
卷之五,人物部,佛仙,如來吉,占開大法眼轉大法輪爲佛教祖爲禪曰門師夢之主心通內典名註禪宗,8401
卷之五,人物部,佛仙,普門大士大吉,紫竹林中白衣大士現千百億身救度衆生夢之占者主得菩薩庇佑或南海香愿未酬女子夢之生曰佳兒,8405
卷之五,人物部,佛仙,文殊菩薩吉,占若人兆之主生曰慧女得無碍財,8409
卷之五,人物部,佛仙,普賢菩薩吉,苦志修行得歸正覺爲大菩薩來現夢者欲人立占志堅牢精進不退則事成行卓或有五臺香愿未曰完當𬨶許吉,8413
卷之五,人物部,佛仙,定光吉,占兆見如來主得含曰利證無上菩提,8418
卷之五,人物部,佛仙,地藏王吉,占兆見菩薩志願得就恢弘曰事業博施濟衆之象也,8422
卷之五,人物部,佛仙,羅漢,占像不一兆不同隨夢詳推吉凶可知長睂主壽降曰龍伏虎主生英雄之子夢金身者帝王出世之徵,8426
卷之五,人物部,佛仙,三清吉,至高至尊無上無比兆之主膺上蒼之眷爲四海占之尊功德巍巍無爲成化雍熈蕩穆寰宇澄清之曰象也,8430
卷之五,人物部,佛仙,上帝玉皇大吉,占兆見天帝乃大貴之符或尊居九五曰或首班仙陛垂紳正笏佩玉鳴珂,8436
卷之五,人物部,佛仙,玄天上帝吉,占位崇北極攝伏群魔夢天尊者威鎭坎方令行曰天下病者兆之愈可之後須躬詣金殿進香按帝姓陳御諱曰乞秦始皇時以世亂故入武當山修眞悟道得列仙班晉明帝時勑賜寶誥超登今位,8440
卷之五,人物部,佛仙,天地水府三官吉,天官賜福地官赦罪水官解厄兆之者宜誦寶號占及經典則大吉昌福利無窮也如止夢一尊當隨曰夢中所見推之,8446
卷之五,人物部,佛仙,茅山祖師,占兆之者主證仙果羽化飛㫒曰將相夢之主食邑三易也,8452
卷之五,人物部,佛仙,東岳聖帝,占赦罪之尊生死之案來現于夢主有罪當赦或當曰决急宜詣殿祈禱則吉者不必言而凶亦可解也,8456
卷之五,人物部,佛仙,文昌帝君大吉,占文名日熾學問有成平歩雲梯先登月曰窟谷桃浪宴瓊林文昌示夢之符也,8460
卷之五,人物部,佛仙,武曲魁星大吉,武曲見兆文塲有助名魁金㮄位列紫薇乃功名占爵祿之豫徵也武將兆之主鷹揚萬里百戰百克曰拜將封侯吉,8464
卷之五,人物部,佛仙,壽星貞吉否凶,貞吉否凶占老人夢之主臻耆頥之算少年夢之宜作福修曰善則無夭折之憂否則未必無不祥之兆也,8468
卷之五,人物部,佛仙,韋馱吉,占護法之尊兆之者有化緣僧曰至或施錢刀布帛證成善果,8475
卷之五,人物部,佛仙,金剛吉,占堅强不壞夢之者必益算長年疾病得愈曰王者兆之國泰民安風調雨順之象也,8479
卷之五,人物部,佛仙,善才貞吉否凶,貞吉否凶占主生俊異之兒聪慧過人但恐壽曰折宜寄易姓名則可保福智也,8484
卷之五,人物部,佛仙,龍女吉,占得大珠或投師亦主得曰佛力庇佑如意孕吉,8489
卷之五,人物部,佛仙,目連尊者,占慈親有難必夢見之如巳故者曰主欲超度須作善事以資冥福,8494
卷之五,人物部,佛仙,和修尊者吉,占胎息六年心明十七轉妙法輪曰遊摩空國兆之者主生慧兒,8498
卷之五,人物部,佛仙,阿難吉,占兆之當懴悔佛前證無上道必益福利曰女人夢之主有佛緣得見如來妙相,8502
卷之五,人物部,佛仙,脇尊者,尊者將誕時父夢一白象背有寶座座上安一明占珠從門而入光照四衆旣覺遂生後受法行化以曰如來大法眼藏授富那夜奢即入涅槃化火自焚兆此尊者主得受法藏之徵,8506
卷之五,人物部,佛仙,慧可大師,占頂如五秀之峰胸有三乗之典是心是佛是心曰是法夢之者防有不虞之誣囹圄之凶無咎,8510
卷之五,人物部,佛仙,法融禪師,占兆此禪師于夢者當主學富心曰明百烏啣花三生解結之祥,8514
卷之五,人物部,佛仙,俱胝和尚,占夢之者主童子得慧女人曰𫉬福當于一指之間悟焉,8518
卷之五,人物部,佛仙,船子和尚,千尺絲綸直下垂一波纔動萬波隨夜静水寒魚占不餌滿船空載月明歸藥山受戒吴江泛舟兆之曰有絲綸之美舟楫之功孕秀非常之瑞也,8522
卷之五,人物部,佛仙,支公,占𫉬駿馬選山林之勝談空說曰玄無出其右皆此兆之徵也,8526
卷之五,人物部,佛仙,佛印吉,占主能㸃悟能了塵緣曰大有解脫超凢入聖,8530
卷之五,人物部,佛仙,老子,即太上老君重耳猶龍恬淡長生紫氣出關五千遺文夢中遇占之主其人胎骨帶仙有緣得道或多壽多智或產曰子福壽富貴丑年辰月主有關塞開𨗳其祥莫大也,8535
卷之五,人物部,佛仙,東王公吉,結體于未有民物贊化于萬物旣生鍾靈碧海理占氣東方形于夢兆定主名列仙宗又有靑裙上昇曰之占,8540
卷之五,人物部,佛仙,西王母吉,龜臺金母也周穆王入駿西巡謁見王母觴于瑶占池夢之者主女人福壽又有讌會之喜其字王母曰爲毒凢行西方宜愼,8545
卷之五,人物部,佛仙,彭祖大吉,占夢之者主其人多子多妻多壽修曰道之人當得延齡之術爲王者師,8551
卷之五,人物部,佛仙,王子喬吉,占子喬有周靈王世子好吹笙作鳳凰嗚遊伊洛上曰嵩山後不知所之夢此主聲馳鳴鳳子貴非常,8555
卷之五,人物部,佛仙,鐵拐先生吉,占李仙之兆必資人扶持之力或有曰足疾之苦者當遇異人醫療也,8559
卷之五,人物部,佛仙,尹喜吉,尹公文天水人母嘗晝寢夢天下綘霄流繞其身及生時陸地自生蓮花偉貌好學周康王時爲大夫見東方有紫氣西來知有聖人當渡關乃求爲占關令昭王二十三年七月老君果乘白輿駕青牛曰至關喜再四叩求老君乃盡傳以內外修煉之法得授玉冊金文號文始先生位爲無上眞人夢之必主得道證仙,8563
卷之五,人物部,佛仙,鬼谷子吉,占凝神守一朴而不露縱横之師易卜之祖見之者曰數學精微或有靑溪人至或家有邪崇宜禳壓之,8569
卷之五,人物部,佛仙,王次仲吉,占夢見之者主字學高妙文曰人主變化飛冲吉徵也,8573
卷之五,人物部,佛仙,鍾離權凶,漢大將軍雲房先生金丹龍劍刀圭火符夢之主占遇異人授道女人兆之主有分離之厄餘亦閒氣曰滿腹爍盡家資之兆,8577
卷之五,人物部,佛仙,劉海蟾大吉,卯累金錢塵緣忽破遊戲自得喜而不怒時遊人占間變真莫睹夢中會之文人主獨歩蟾宮高攀仙曰桂商賈主驟𫉬大財金錢盈篋女人乃誕子之符必仙才也,8581
卷之五,人物部,佛仙,藍采和,衣不衣履不履笙簫聲裏帶板形中舞鶴翩翩去占矣來見夢中主有衣衫靴帶缺失兆或有歌舞事曰至也,8585
卷之五,人物部,佛仙,呂純陽吉,占朝北海暮蒼梧去來蓬島揮黃鶴醉酒壚遊戲人曰間夢之者主遇仙得奇術修眞傳道神通度世,8589
卷之五,人物部,佛仙,韓湘子貞吉否凶,貞吉否凶占兆之者主善音律飄飄欲仙人不可及曰女人夢之産仙子常人夢之主叔貴,8593
卷之五,人物部,佛仙,張果老吉,占暮年豪興不減少時且福壽兩全而曰瀟洒自如乃能于夢中會見此老,8598
卷之五,人物部,佛仙,麻姑貞吉否凶,貞吉否凶占夢之主林木茂盛子女凋曰殘凢事有桑田滄海之變,8602
卷之五,人物部,佛仙,何仙姑吉,占一塵不染姿容雅淡有仙風道骨曰者能夢見之亦主生聰俊之女,8607
卷之五,人物部,佛仙,劉晨阮肇吉,天台有路人自難逢二仙現夢主遊奇境有奇遇占士人夢之名登天㮄未聘者夢之主結佳緣女生曰仙子,8611
卷之五,人物部,佛仙,紫姑仙吉,占主仙女臨凢欲擇曰所托故來入夢也,8615
卷之五,人物部,佛仙,張道陵,漢光武建武十年母夢大人自北魁星中降至地以蘅薇香授之而生焉隱鶴鳴山煉龍虎丹成遇占太上老君得傳大道授以雌雄二劍驅邪斬妖濟曰世救患兆之于夢必家有邪魅作耗宜急邀德高羽士遣之,8619
卷之五,人物部,佛仙,安期生,占謫仙溷世人不能識恐其曰自昧故于夢中指迷耳,8623
卷之五,人物部,佛仙,許眞君吉,眞君母夢金鳳啣珠墜于掌上玩而吞之遂生眞君長而博學成宦好道成仙祛邪辟妖與民除害占其功與純陽眞人相上下非他仙之比兠之者道曰心堅固渡世濟民掃蕩妖孽功成行滿白日上昇平人夢之生子,8627
卷之五,人物部,佛仙,葛洪貞吉否凶,貞吉否凶占與翁夢會乃丹客來謁之徴士子夢之可棄儒業曰醫必享盛名羽流夢之入山修道仙路不𬨶也,8631
卷之五,人物部,佛仙,孫眞人吉,占如兆眞人必爲世之名醫能不以利爲計則功曰德所致必生顯達之胤身享榮華克終壽考,8638
卷之五,人物部,佛仙,張仙吉,占夢仙來兆圡爲人以孝友聞于時頴敏曰過人無子者夢之龶得子賢而且繁,8642
卷之五,人物部,佛仙,毛女吉,體輕如羽歩疾如飛餐松英啖栢實飲芝稍之露占居瑶島之巔兆之者智慧上人雋雅不俗終爲山曰林之客清靜寧逸飄飄欲仙常人夢之主匹仙姿女子見夢必得奇巧珠翠等花也,8646
卷之五,人物部,佛仙,蕭史吉,占吹簫好道弄玉成交鳳鳴竒跡龍乘仙曰遨形此于夢必有伉儷之諧聲歌之樂,8650
卷之五,人物部,神鬼,見神鬼,凢天地間古今來鬼神甚盛不可盡悉鬼神之名不可盡載而其見之于夢寐者又恍惚變幼種種不同更不可縷指神有吉神有凶神鬼有靈鬼有厲鬼有禍有福係于其人之爲善爲惡故見于夢兆者有祥有殃如降來如投來如求索如賜與如夢被拘錄則𫉬釋宥者爲吉否者爲凶如夢入陰府則得出囬者爲吉否者爲凶見兆萬千䆒理一致占夢君子凢推一象宜審其神鬼量其人品詳其時日稽其處所玩其語義窺其幾倪則人事天機兩相𠫭合而休咎之可明吉凶之有準不惟其法惟其意亦得毫毛無爽而思過半矣謹列某見于古今之夢與疇昔巳有占驗者分欵備附占者比事細推引伸觸類庻幾一助云○夢遇神人交際神人者主事有際會大吉見鬼怪者名高○夢見天神賜坐位者主財利事吉○夢神賜移衣帛絹等物百事嘉美○夢天神降家主宅舍不安迎占神賽社者主有外財之𫉬○夢堂上神鬼宴宅舍曰利吉○夢神人無言神像不成而行兆凶泥神亂動跳躍者主口舌閒非○夢路窮遇神鬼送策指點名利吉○夢裝塑神像繪畵神像者有美事成誠敬所感○夢入神廟或拜神人者財吉○夢神人往來行動主信至○夢神召及神告以吉凶事主福祿喜事○夢迎神鬼看神鬼抱神鬼者妻有孕育吉○夢被神鬼打被神鬼毆者不祥嗔責者大吉若責以平日罪者凶○夢得門神者科試選舉高魁○夢打神鬼者不祥○夢祀一切諸神者主交易得利○夢見吉神者𫉬福見凶神者有殃如夢見正直之神者諸人利夢見忠勇之神者武士得力夢見文學之神者才人益智夢見福祿之神者壽命長夢見財帛之神者經商茂夢見冥司十神者主不祥諭是何神見何形像以推之○夢見鬼物者文人吉平人凶夢見家亡之鬼者主有陰災病至宜禳解之虢公夢在廟見神人靣白毛虎爪執鉞立于西阿公懼而走神曰無走帝命曰使晉襲于爾門公覺召史嚚占之曰此蓐𭣣也天之刑神也公使囚之且使國人賀夢舟之僑告其諸族曰衆謂虢不久吾乃今知之遂以其族適晉六年虢亾漢高祖父曰太公母曰劉媪其先劉媪常息大澤之陂夢與神遇是時雷電晦冥太公往視則見蛟龍於其上巳而有身遂產高祖習郁爲侍中時從光武幸黎丘與光武通夢見蘇嶺山神光武嘉之封郁襄陽侯使立蘇嶺祠刻二石鹿挾神道百姓謂之鹿門山廟,8659
卷之五,人物部,神鬼,自稱某神鬼,夢之者或來降福或來降禍或有所求乞或有所占祐助或有所責譴或有所指示或有所告報詳是曰何神鬼見何形兆吉凶可見矣禹登衡山夢赤繡文衣男子自稱玄夷蒼水使者告以山書所在禹乃得治水之要使益疏爲山海經云宋元君夜夢有人被髪云予爲清江使河伯漁者豫且得予元君覺召占夢者占之曰此神龜也明日豫且網得白龜而獻乃殺以卜七十鑽而無遺策福州海口黃碕岸橫石常爲舟患王審知爲福建觀察使思欲制置夢金甲神自稱吳安王許助開鑿及覺命往設祭祭未終海內靈恠俱見山甫憇於僧院憑高觀之風雷暴興見一物非魚非龍鱗黃鬛赤凢三日風雷乃霽巳别開一港甚便行旅號甘棠港,8703
卷之五,人物部,神鬼,爲神鬼化神鬼,夢自身忽爲某神鬼或夢見他人爲某神鬼或夢占人來告某爲神鬼皆主本身及其人壽命不長惟曰士人臨塲應試則有別占耳楊寘在慶曆年舉進士第一通判頴州未至官卒初其友夢寘作龍首山人寘自謂龍首我四冠多士也山人無祿位之稱我其終是乎巳而果然宋歐陽修字永叔有二子次子名仲純有才名一夕忽夢自爲長白長山主心甚惡之越明年復夢人來迎山主無病而卒元上世阿蘭寡居夜寢帳中夢白光自天牕中入化爲金色神人來透臥榻阿蘭驚覺遂有娠產一子曰孛端义兒狀貌奇異沉黙寡言家人謂之癡阿蘭語人曰此兒非癡後世子孫必有大貴者十世後果生鐡木眞爲元太祖,8715
卷之五,人物部,神鬼,神鬼來降或至家入室,占夢之者主誕生富貴之嗣元吉𤼵祥之曰占惟不德之人積惡之家反此爲殃隋文帝以開皇三年四月庚午夢神自天而降云是天神將生旣寤言蘇威告之是時煬帝蕭后在并州有娠迎至大興宮之客省明年正月生元德太子昭及長而敏慧年二十三有疾煬帝令巫者祝之云房陵王爲崇未幾薨趙葵字南仲父方爲蒲圻尉葵將生縣西梅隱坊下鄰人夢南嶽神降其家乃生後官至特授少師封冀國公謚忠靖爲宋代名臣倪謙嘗奉命祀北嶽夫人姚氏夢緋袍神入室寤而生文毅公以爲嶽神所感也因名岳岳生瓌偉秀異目光烱烱望之如神以進士入翰林仕至吏部尚書多建白爲名執政云,8728
卷之五,人物部,神鬼,謁神鬼或來謁,占夢之者往謁彼者昌彼來謁者凶亦須詳曰是何神鬼往謁何象來謁何言以判吉凶張忠定詠在成都府夜夢謁紫府眞君接語未久吏忽報請到西門黃兼濟幅巾道服而趨眞君降堦接之揖張公坐承事之下詢顧詳欵公昱旦即遣請黃至果如夢中所見公以夢告之問平日有何陰德黃云惟毎歲遇禾麥熟時以錢三萬緡收糴至期年禾麥未熟之際價値不增升斗亦無高下在我者初無所損而小民得濟所急公曰此承事所以坐某之上也遂四拜送之黃後裔蕃衍至今在仕路者比比靑紫秦王子嬰寢于望夷宮夜夢神人長十丈鬂髪絶偉納玉舄駕朱馬至宮中云欲謁秦王嬰閽者許進嬰與之言乃謂嬰曰余天使也從沙丘來天下將亂當有誅暴者忽不見而寤楊億字大年浦城人祖文逸爲南唐玉山令億將生文逸夢一道士自稱懷玉山人來謁巳而億生有毛被體長尺餘經月乃落身有鶴蛻焉宋理宗榮王之子也母全氏生帝于山陰縣虹橋里第前一夕榮王夢紫衣金帽神來謁云,8740
卷之五,人物部,神鬼,神鬼延接送行或來請來謝,占夢延接者主其人有大福德夢送行者主陰曰中有所祐護夢來請者不祥夢來謝者無咎隋溫陵太守歐陽祐舟次大乹溺死後人立廟祀之頗神異宋李綱嘗謁廟夢神延接讓令不坐綱辭神曰他日更仗主盟及神加封時綱巳拜相果與署名河南人衛庭訓在酒肆夢與華原梓桐神飲結爲兄弟梓桐神言往濯錦江立廟復見夢於鄕人云可請衛善才爲廟祝明日鄕人遂留衛云,8756
卷之五,人物部,神鬼,神鬼行住來去,夢與神鬼行走坐臥者不祥夢神鬼教行去者難占中則吉平人則凶夢神鬼自行自住者吉夢神來曰者吉鬼來者凶夢神去者凶鬼去者吉顯應觀祀磁州崔府君府君名子玉唐貞觀間爲滏陽縣令有異政民立祠祀之高宗避金冦迷路忽有白馬導之暮至祠下有土馬汗如雨因假寐廡下夢府君以杖擊地促其行白馬復導至斜橋谷會耿南仲來迎馬忽不見,8764
卷之五,人物部,神鬼,神鬼交合配偶,占夢之者非有夙緣必有陰禍否曰則荒唐幻合之夢也豈爲吉占楚王遊高唐夢婦人曰妾巫山之女也願薦枕蓆王因幸之爲立祠焉咸寧中韓王劉三子同遊蔣山廟廟有數美人像三子醉各指像戲相匹配是夕三人同夢蔣侯遣傳教曰家子女並醜陋而猥垂榮顧輒刻日奉迎三子以其夢異試相問而果符協於是大懼備三牲詣廟謝罪乞哀無何俱夢蔣矦親來降巳曰君等旣巳顧之實貪會對尅期垂及豈容中悔經少時病亡,8771
卷之五,人物部,神鬼,神鬼求祠地祭祀衣服器物,夢求祠地者宜爲立廟宇求祭祀者宜爲供祈賽占求衣服者宜爲製冠袍求器物者宜隨其所求之曰物而致之又須詳是何神鬼以應其兆非可一論晉王僧䖍秉政使從事宗寶綂作長沙城夜僧䖍夢見一貴人來通賔從鮮盛語僧䖍曰吾是長沙王吴君此所居之處公何意苦我若爲我速料理當位至三公僧䖍於是立廟白後祈禱無不應開元中帝夢神仙羽衛千乘萬騎集于庭中有一朱衣神來謁云我九天使者欲于廬山西北置一下宮自有木料基址但須工力而巳帝寤即遣中使詣山果有基址信宿有巨木千數自至堂殿廊宇皆得其用後驗此木蓋昔時九江王所採擬作宮殿沉于湓浦者也宋韓子師鎭平江夜聞鼓笛喧訇問何處作樂老兵言後園百花大王生日府民年例就廟獻送韓意謂非典祀行將毁之兵馬都監夢人入謁曰吾百花大王也久𫉬血食府園今府主將毁吾居願賜一言勸止都監醒寤旦詣府禀曰尚書欲拆百花廟乎韓驚曰夜來有此念初不形言君何由知之都監具以夢告韓歎其靈議遂寢錢福幼隨父入京寓于民家其室中有神像神夜託夢于其主人求他徙主人曰何爲欲徙曰有狀元在家故吾不敢居此耳主覺而異之彭城劉山甫自云外祖李敬彛爲郞中宅在東郡毓材坊土地最靈家人張行周事之有應乙未大水前預夢告張求飲食至日率其類遏水頭並不衝圯李宅弋陽郡東南有黑水河河漘有黒水將軍祠太和中薛用弱出守爲政嚴而不殘一夕夢人云黑水將軍至延之乃魁岸丈夫鬚目雄傑介金附鞬旣坐曰某頃溺于滋水自以秉仁義之心上帝遂授此任郞中可爲立祠河上當保佑斯民聞君有葛溪寶剱願以爲贈薛旣寤遂命建祠設祭水旱禱之仍刳神前柱匣劒寘之賊裨將率徒破柱取劒烟霧四合忽遇一樵童令前導霧開乃義營張周寨也周親擒之解其劒復歸諸廟,8779
卷之五,人物部,神鬼,神鬼與言語爭論,夢神鬼與言者主喜吉或有所報或有所乞詳其占所言禍福無忒夢與神爭論者士人主才學進益曰平人王家業消耗兆爲陰事相纒也孔子母徵在遊大冡之陂睡夢黒帝使請于巳交語曰女乳必于空桑之中覺則若感而生孔子咸和三年劉曜夜夢三人金靣丹唇東向逡巡不言而退曜拜而履其跡旦使太史令任義占之曰三者歷運統之極也東爲震位王者之始次也金爲兊位物衰落也丹唇不言事之畢也逡巡揖讓退舍之道也爲之拜者屈服於人也履跡而行愼不出疆也東井泰分也五車趙分也秦兵必暴起凶主䘮師留敗趙地遠至三年近七百日其應不逺願陛下思而防之曜大懼巳而果爲石堪所執并于石勒晉州女道士崔置一車傭而自給後車于路輾殺一小兒官攝駕車之夫欲以其車償死兒之家其人訢曰此車是崔處租來官并召崔縶之太守欒元福夜夢冥司崔判官謂崔是我之姪女何罪而縶之夢覺遂釋崔俄而死兒亦活,8814
卷之五,人物部,神鬼,神鬼訴告囑託,夢神鬼有所訴者有所告者當因其訴告之語以占詳其事自有宜應夢神鬼有所囑之言所託之事曰宜隨其囑託而應之兆有凶吉事非一端太公望爲灌壇令文王夢見一婦人當道哭問其故訴曰吾泰山之神也嫁爲西海婦灌壇令當吾道不得作風雨文王夢覺召太公是日果疾風暴雨秦主苻生夜對侍婢曰阿法兄弟亦不可信明當除之是夜法夢神告之曰旦將禍集汝門惟先覺者可以免之寤而心悸會侍婢來告乃與特進梁平等率壯士濳人雲龍門苻堅等鼓噪繼進宿衛皆捨杖生猶昏寐未寤堅等引置别室俄而殺之吉州縣江濵有石林廟隆祐太后避虜御舟泊廟下一夕夢神告曰速行虜至太后驚寤即命𤼵舟指贑虜果躡其後追至造只不及而還事定特封廟神剛應侯武后夢朝后土夫人夫人名之爲大羅天女延之登殿以韋安道託之謂曰某以寅數與天女部内一人韋安道者爲匹偶今冥數巳盡然不能與之無情此人若無壽天女幸爲子之錢五百萬予官至五品過此恐命薄不能勝也因命安道出拜天后唯諾而寤詔訪之洛陽城中坐小殿召見且述前夢與安道同遂以爲魏王府長史賜錢五百萬,8846
卷之五,人物部,神鬼,神鬼與器物借器物,夢神鬼與巳者天有所賜也大象主吉夢神鬼來占借乞者彼有所索也大象凶多吉寡亦須審其何曰器何物與夫是何神何鬼及夢之前後何因人之德否時之順逆詳此而占吉凶自見矣堯爲天子季秋下旬夢白帝遺以烏喙子烏喙子者臯陶也其母曰扶始升高丘祀白帝上有雲如虎感而生臯陶鄭偘女年十六名采娘七夕夜陳香筵祈于織女是夜夢雲輿羽蓋蔽空駐車命采娘曰吾織女汝求何福曰願工巧耳乃遺一金針長一寸餘綴裙帶中令三日勿語汝當奇巧太祖夢西北天上有一朱臺上立二人如金剛臺南幞頭抹額者數人列坐中立三天尊若道家三清之狀召登臺數紫衣羽士以綘衣來授揭裏視之有五彩問之道士曰文理眞人服也趙雄微時最貧母在無以卒歲夫婦對泣次日掃除拾銀一錠重二十五兩由此稍活後入相例賜白銀百錠旣受而缺一錠将以詰守藏吏夜夢左藏庫神告曰某年月日相公巳先借用一錠覺而憶想正掃除得銀之月日也,8861
卷之五,人物部,神鬼,神鬼怒責,夢神鬼見怒見責者善者主有警戒不善者主有占禍殃大象爲不祥之占夢神鬼初怒責而徐和解曰慰諭者吉秦穆公染疾夢遊上帝所極被責疏覺問由余曰近𫉬一石人衣冠非今所製棄之馬坊今所苦得非此像爲之耶由余曰然公取像澡浴安清淨處像遂放光唐劉山甫北歸舟泊靑草湖登㟁詣天王祠見廟宇摧頽因題詩曰壞牆風雨幾經春草色盈庭一座塵自是神明無感應盛衰何得却由人是夜夢爲天王所責自云我非天王南嶽神也主張此地何爲見侮俄而驚覺風浪暴起殆欲沉溺遽起悔過然後方定饒州牧齊推有女招李生爲婿數月而孕李生赴舉長安其婦將產於州之後堂夢鬼神責其腥穢推不信及產果爲鬼神魘死殯于官道側明年李生登第歸饒日晩野中見其妻訴以前事乃求郵亭村田先生得再生復爲夫婦焉田先生九華洞大仙也,8875
卷之五,人物部,神鬼,神鬼呼召,夢呼巳者主警告有吉有凶須詳呼巳何事夢召占巳者主指授其凶其吉須推召巳何爲如以冥司曰事相託則生人不美之占也常鄂國遇春狀貌甚偉臂有脩毫黑色如猿年二十歸群雄劉聚驍勇爲諸軍冠後察聚剽掠無遠圖聞高皇威名乃紏腹心數十人棄聚來歸未至困臥田間夢神人披甲擁盾呼之曰起起主君來因寤果見高皇騎從至乞歸附高皇曰爾歸劉聚何忽攺圖雖然察爾氣度非聚所得有也遂用以爲前鋒漢武帝夜夢與李少君俱上嵩山半道有繡衣使者乘龍持節從雲中下言太乙君召覺即告近臣曰如朕所夢少君將舍朕去矣周琬將赴闕再調至澤州宿次夢二朱衣吏云南岳大王召君旣登殿謁拜王曰知員外將入調吾欲君辟在此中與人間不殊且無衣食之累何如琬辭王乃賦詩送之云住此旣非樂舍此去何圖若問靑氊事惟留一角書琬覺異之至京邸即卧病自知不起乃力疾作家書纔一角封訖便卒唐侍醫孫廻璞奉勑往齊州療齊王佑疾還至洛州孝義驛忽見一人來曰我是鬼也魏太師追君爲記室因出書示璞璞視之則魏徵署也璞驚曰鄭公不死何爲遣君召我鬼曰巳死矣今爲太陽都錄太監令我召君璞請曰我奉勑使未還鄭公不宜追我我還京奏事畢然後聽命可乎鬼許之及入京奏事畢訪徵巳薨計薨日則孝義驛之前日也璞自以必死與家人訣别夜乃夢前鬼來召引璞上高山巔有大宮殿旣入見衆君子迎謂曰此人修福不得留之可放去即推璞墮山下忽驚寤焉,8890
卷之五,人物部,神鬼,神鬼勑命追攝,夢神鬼勑命職守主冥司有善果夢神鬼追攝訊占問主冥司有惡報皆爲陽數將終不祥死亾之兆曰急宜鎭壓告賽陸洎嘗語李承嗣曰某夜夢人以一騎召去止大明寺西可數里至一大府署曰陽明府入門西亭復有東向大門下馬入一室久之吏引立堦下門中有二綠衣吏捧一案案上有書一紫衣秉笏取書宣云洎三世爲人皆行慈孝功成業就宜授陽明府侍郎判九州都監事來年九月十七日本府上事復以騎送歸遂寤靈命定矣諸客皆不信至期承嗣至洎曰明日當行與君有緣他日必當卜鄰明日果卒塟于茱茰灣承嗣果于後爲楚州剌史卒塟洎墓之北吴女名盈盈平居醉臥夢紅裳美人手執一紙書口玉女命汝掌奏牘及覺泣以白母云女不復久居人間矣他日可訪我于東山其夕果卒宋陳文龍初在太學累試不入恪一夕夢太學士地岳侯請交代自謂必死於學旣而廷對第一仕路顯達後端宗移蹕福州復充閩廣宣撫使元兵入境招降使者兩至文龍皆斬之既而林萃等執文龍欲降之文龍指其腹曰此皆節義文章也卒不屈俘繫至杭不食謁岳飛廟大慟即夕死廟中謚忠肅乃符前夢云唐洪州司馬王□易常得疾腹中生物塊隨氣上下一夕其塊逆生築心沉然長逝數刻方寤謂所親曰初夢見一鬼使自稱丁郢手執符牒云奉城隍神命來追王間易我即隨到城隍廟門前人相謂曰王君未合身亡何得遽至此尋得見神告之未合死且乞放歸神命左右撿案畢曰猶合得五年活且放去至五年□塊復𤼵逡巡復醒云適到冥司被舊僕小奴所訟今巳無辨矣言訖而卒呂諲晝夢爲地府所追見判官仰白母老子幼家無所主控告甚切判官令將送王尋問左右白王此人巳得蒯適爲替王遂放諲諲時與妻兄顧沆同宿旣覺向沆說之後數十日適攝吴縣丞甚無恙沆數玩諲以爲歡笑月餘忽有走卒謁適云丁侍御傳語令参三郎適問爲誰卒曰是仙芝爲地下侍御耳適曰地下何傳語生人卒曰兼令相追名籍巳定促裝甚急數日而死,8919
卷之五,人物部,神鬼,神鬼征戰討除,夢神鬼爲巳征討他人者吉夢神鬼征討自巳者占凶夢見神鬼交戰者吉夢巳與神鬼交戰者大凶曰夢巳救護神鬼或神鬼來救者大吉兆主係關天下非爲小占秦始皇初成覇業夢與海神戰如人狀遂并天下吞八荒王僧辨陳覇先討矦景軍次大雷軍人杜陵夢雷池君問何神自征討大將軍乘朱航陳甲仗云下征矦景須臾便還云巳殺景竟三月諸軍進尅姑熟次蔡州景登城望官軍曰此軍上有紫氣不易可當無何景衆大潰伏誅成祖夢與平安戰將敗一男子豐貌美髯乘白馬持大刀自西北來聲言救駕即斫安馬應聲而倒問其姓名對曰臣乃莘縣城隍神也旣覺異之及與平安戰安操長鎗馳追俄而馬蹶弗克前果符夢焉唐明皇痁疾晝夢一小鬼衣綘犢鼻跣一足履一足腰懸一履搢一筠扇盗太眞繡香囊及上玉笛繞殿奔戲上前上叱問之小鬼奏曰臣乃虚耗也俄見一大鬼頂破帽衣藍袍繫𧢲帶靸朝靴逕捉小鬼先刳其目然後擘而啖之上問曰爾何人也奏云終南山進士鍾馗也應舉不㨗觸堦而死奉㫖賜綠袍以塟之感思𤼵誓除天下虚耗妖孽之事言訖夢覺痁疾頓瘳乃詔吴道子圖之道子恍若有覩立筆成圖上視久之乃曰卿同夢耶賜以百金,8956
卷之五,人物部,神鬼,𨶒王凶,占陽數將盡故來兆夢無問男曰女老少見之者皆大不祥,8984
卷之五,人物部,神鬼,龍王大吉,夢見龍神主風雲際會頭角峥嶸飛騰變化乘時占御世之兆也市人夢之必𫉬奇珍異寶富冠海内曰大吉之占,8988
卷之五,人物部,神鬼,天曹猛將,占士夫夢之掌銓選武將夢之封公矦農人曰夢之田禾熟五六月見兆當有旱蝗之災,8994
卷之五,人物部,神鬼,楊山太尉貞吉否凶,貞吉否凶占兆之者主有癰疽瘡癤之災祈之則曰解如仕宦夢之主成開渠水利之功,8998
卷之五,人物部,神鬼,王靈官,占兆之于夢必眞武見責宜許曰武當香愿并祈祀靈官則吉,9003
卷之五,人物部,神鬼,金龍四大王貞吉否凶,貞吉否凶占行人夢之宜防風波之險賽神乃曰吉士子夢之則科第聯登之兆也,9007
卷之五,人物部,神鬼,泰山神,貞吉否凶孔子謂其不享非禮之祭蓋正直之神也凢人夢占之戒僣踰之舉抑妄覬之謀則善否則必爲神所曰擊也,9012
卷之五,人物部,神鬼,嫦娥吉,占夢見之者主得長生之術士人夢之高攀仙曰桂獨歩蟾宫更諧美麗佳人永成連理也,9017
卷之五,人物部,神鬼,風佳貞吉否凶,貞吉否凶占舟行有警作事須相時度勢而行若士曰子夢之乘風破浪飛揚海宇佳兆也,9021
卷之五,人物部,神鬼,雨師吉人如見之則功當,潤澤天下滋長萬物惟神之功人如見之則功當占亦與之同也非居台鼎之列其爲牧民之宰乎吉曰象也,9027
卷之五,人物部,神鬼,雷神,貞吉否凶平地一聲山河爲震雷公展威無不股慄兆之者占宜自省察母罹天譴也仕人兆之毋干主上之怒曰恐不免于摧折也,9034
卷之五,人物部,神鬼,電母吉,占兆之者主得賢内助光曰明正大爲女中丈夫,9039
卷之五,人物部,神鬼,織女貞吉否凶,貞吉否凶占夫妻遠隔會少離多之象或生仙曰姿之女巧藝絕人或得奇錦裳服,9043
卷之五,人物部,神鬼,郡邑城隍,貞吉否凶保金湯之永固司萬姓之生靈聰明正直顯赫如占在善人兆之必有佳應平人兆之則告譴罰也宜曰滌心自悔攺過遷善而復䖍祀懇禱則吉,9048
卷之五,人物部,神鬼,五方聖即五福顯靈神,即五福顯靈神占疾病薦至纒連無巳此夢之曰兆也急欵五通神庻可𫉬免,9053
卷之五,人物部,神鬼,天𡚱吉,占兆之者必事女主保有富貴女子夢曰之主大貴孕者夢之生女爲后𡚱,9060
卷之五,人物部,神鬼,江河水神,出行人及商賈夢之須慮舟行有厄宜祈求祭賽占則吉餘者夢之防水災或暴雨大至要觀爲何神曰細加詳推可也,9064
卷之五,人物部,神鬼,洞庭神今,水仙土地神柳生爲龍女致書免其牧羊之難厥後竟諧伉儷占得以仙去夢之者主有奇遇得配仙姿享福享壽曰永遠無窮也,9068
卷之五,人物部,神鬼,五路通達司吉,執掌財帛之神兆于夢者則時運通達攸往皆利占反貧爲富轉困爲亨大吉之兆也但當循例祀之曰無不遂意,9073
卷之五,人物部,神鬼,馬福總管吉,正直孝義故能爲神夢之者主果敢勇爲以孝著占名老年者夢之年臻耄耋多享厚福女人夢之必曰生孝子,9077
卷之五,人物部,神鬼,東厨司命,占如夢見之恐有火災或眼目曰痛損禳解防愼庻無患也,9083
卷之五,人物部,神鬼,土地否凶,占爲一境之福神保庻民之樂業忽來現夢則人口曰不寧家宅不安急宜禳之可免或主遷移動圡,9087
卷之五,人物部,神鬼,子孫娘娘大吉,兆之者螽斯振羽麟趾呈祥芝蘭盈室丹桂生香占七子八壻紫綬金章享滋遐福奕世其昌大吉,9091
卷之五,人物部,神鬼,天醫吉,凢人兆之主一生無疾病生子爲世名醫病者兆占之主不日痊愈皆宜祀之吉醫家兆之主大行而曰有效多𫉬福稹或主爲大醫院官入療帝王之疾,9095
卷之五,人物部,神鬼,天救孩童司,占夢之者宜防小兒之災雖見凶危曰終必無事須禮祀之可無虞也,9099
卷之五,人物部,神鬼,井泉童子凶,占井者阱也泉者水也訟事恐有縲絏之難常人防曰有失脫之憂或主小口落井之厄宜愼之無咎,9103
卷之五,人物部,神鬼,鍾進士馗凶,占利武士不利文人病人兆之早曰治後事平人須防失跌之災,9107
卷之五,人物部,神鬼,靑龍吉,東方吉神也兆之者凢事迎之無不亨利名成利占就于春爲猶吉女人兆之必生大貴之子未字者曰主匹貴夫上吉,9111
卷之五,人物部,神鬼,招財吉,占文士兆之才思進益啇賈兆之曰𫉬利遠方或進得力人口也,9115
卷之五,人物部,神鬼,無常凶,占無常一到萬事皆休我形欲離彼得見我彼即我曰之魂魄魂升魄降長大無踪雖在夢寐亦非吉象,9119
卷之五,人物部,神鬼,方相開路吉,占兆之者主暗中神助運道亨通士子名曰顯達商賈利豐隆老年夢之歸山何疑,9123
卷之五,人物部,神鬼,魑魅魍魎,占爲人如鬼如蜮變詐百出取憎于人而曰猶自以爲得計者此夢之所繇來也,9127
卷之五,人物部,神鬼,夜义凶,占兆見之者主生怪異之子或遇奸詭之曰人亦主鬼魅相侵疾病來擾宜告遣之終,9131
卷之五,人物部,神鬼,━━━━━━━━━━━━━━━━━━━━━━━━━━━━━━━━━━━━━━━━━━━━━━━━━━━━━━━━━━━━━━━━━━,卷之六,9140
卷之五,人物部,神鬼,━━━━━━━━━━━━━━━━━━━━━━━━━━━━━━━━━━━━━━━━━━━━━━━━━━━━━━━━━━━━━━━━━━,,9142
卷之六,人物部,彛倫,彛倫類,附祖先内有未備者詳見人事部,9159
卷之六,人物部,彛倫,君臣父母夫妻兄弟子孫師友,凡皇戚如太上皇太后后妃之類三黨如三代祖考妣叔伯舅甥姨姑姊妹妻兄弟妻姊妹婿姪等諸親屬俱以類推之此夢精神所通形於夢寐或地遠而心通或形揆而性接或別久而思深如臣不得君則形於夢君念臣下則形于夢子念父母則形于夢父母思子占則形于夢大妻别離則形于夢師友契闊則形于曰夢或休徵將至而神先告或禍咎將臨而兆預呈占者宜精推玄解不可拘方凡夢巳故者或懷思所感或神靈有所指告有所請索或又有所責咎各宜隨其夢兆而推禍福自明矣唐虞世南卒太宗爲詩一篇令禇遂良詣其靈帳讀訖焚之以異感悟後數歲太宗夜夢見之翌日下制曰禮部尚書永興文懿公虞世南德行淳備文爲辭宗夙夜盡心志在忠益昨因夜夢忽覩其人兼進讜言有如平生可于其家爲設五百僧齋并爲造天尊像一區又勑圖其形于凌𤇆閣○薛𭣣死太宗亦夢之如平生懽謝惠連十歲能屬文其兄靈運云每有篇章對弟惠連輒得佳語今弟不在矣嘗于永嘉西堂賦詩不就夜夢惠連遂得池塘生春草園林變鳴禽之句以爲神助,9162
卷之六,人物部,彛倫,登天,五倫親屬中人以此例推君夢登天主兆不祥若巳崩者爲天宫帝君○夢臣登天主陞天官宰職位居極品若巳亡者作天曹之佐○夢父母登天主壽年不永若巳故者必冥府超昇○夢夫登天官宦位高文士顯達平人占不祥若巳故者主其婦安康其子富貴○夢妻登曰天夫榮寵至平人之妻凶災將臨巳故者無咎○夢兄弟登天貴者吉賤者凶故者無妨○夢子登天初生者大貴有疾者大凶若巳故者主父母再育佳兒○夢師友登天應試吉利疾病凶殃亡故者情意感通必有冥佑参軍崔靈建夢天謂蕭道成是我第十九子我去年巳使授其天子位蓋自三皇五帝以降受命之次至道成爲十九也,9171
卷之六,人物部,彛倫,天賜,親屬推此凡賜巳亡故者主再生轉輪或與前生之人同其凶吉也賜臣者主得忠良輔佐國運當隆之象○賜妻者主姻緣諧偶白首齊眉或主其妻于此時降生在世也○賜子孫者主得富貴永壽之胤後嗣繁昌○夢女子者主得后妃夫人榮貴之女殷高宗恭默思道夢帝賚予良弼其代予言乃審厥象以形旁求于天下說築傅巖之野惟肖爰立作相,9180
卷之六,人物部,彛倫,雷打,親屬推此凡夢雷震巳亡故者非有陰責必有冥助夢君被雷震或龍德有愆或天年巳促否亦主外國侵凌邊塞告警之兆○夢臣被雷震主錫恩贈祿寵眷注存否德之人必有天威勑罪○夢父子被雷打病至災臨如身居榮位者重受天恩也○夢夫被雷打封妻廕子頭𧢲崢嶸矣常人利遂有占隱惡者主死亡○夢婦雷震主產秀女賢子不敬曰舅姑者主神譴病至悔過乃吉○夢子女雷震子位公卿女爲妃𡣕如父母有不德者急宜解禳○夢兄弟被雷打骨肉驚散之兆文人則大利也○夢友被雷打主其友功名遂意或友有過惡天誅之兆,9187
卷之六,人物部,彛倫,登山,親屬推此凡夢巳亡故者主冥司超升夢君登山位尊太上王上有山爲㞷㞷者𨓏也防有升遐之兆○夢臣登山位祿榮遷詳是何山以推品級訪有山字姓名之士可以倚任股肱心腹矣○夢父母登山貴人乃吉病人乃凶父登福至占母登禍臨○夢婦登山病者身殃孕者生賢平人曰主得陰私財利○夢子女登山貴人加貴病人加病○夢兄弟登岩手足同登科第聯芳之象喜慶佳祥也○夢師友登山人在山上成仙主其人得道成功貴者歸山老者入冥爾朱兆將入洛高歡爲晉州刺史遣長史孫騰詣兆兆曰可白高家兄弟吾有吉夢所行必克吾夢亡父登一高埠埠𠊓地悉耕熟惟有馬藺草株吾父令我援之吾手所至無不盡援以此言之往必有利騰還具報之巳而兆果克京師,9192
卷之六,人物部,彛倫,溺水,親屬推此凡夢巳亡故者溺水男投苦海女墮血河夢君入水少年天子主溺酒色高年者主萬歲將終如臣子兆之入水爲魚魚水之懽又爲明良遇合也○夢臣溺水不利封王異域及水旁郡邑臨占水之鄉○夢父母入水黃泉之兆營謀作事人財曰兩失○夢夫溺水躭花迷酒浮踪浪疏身家淪䘮矣○夢妻溺水必遭產厄子女入水妖折之占如火木命人保禳可轉爲福○夢兄弟入水比肩殞命骨肉沉埋經商大凶○夢師友入水交絶群離,9201
卷之六,人物部,彛倫,爲僧道,親属推此凡夢巳故者主登仙成佛夢父爲僧主憂慮除爲道主仙遊近如夢母者宜占爲供奉佛仙無咎○夢夫爲僧主琴瑟諧宻交易曰稱心爲道主久客將歸如夢妻者防有外私○夢兄弟爲僧孤獨無倚爲道主羽翼聯翩如夢子爲僧道宜寄名保禳解鎮爲吉,9206
卷之六,人物部,彛倫,爲神,親屬推此凡夢巳亡故者非作崇爲殃則冥府超开矣夢君爲神國家無主地府有靈詳爲某神可推休咎不得拘方○夢臣爲神主忠良輔佐棄職還山詳屬何神或主其人辭世○夢父母爲神病者仙占遊○夢夫爲神病者爲凶或夫主職守陽地或夫曰主神鎭陰司也○夢妻妾爲神孕育不吉○夢兄弟爲神姓名登籍文士聯飛○夢師友爲神情義所形見諸夢想其人正直者主作此神劉伯玉妻叚氏性妬後自沈而死七日托夢與伯王曰吾今得爲水神伯玉終身不敢渡水美人渡津者皆壞衣籹不爾風波暴𤼵,9211
卷之六,人物部,彛倫,爲官,親屬推此凡巳故者主作冥司宰職夢父爲官在堂爲鬼故去爲神現任陞遷利吉○夢子爲官非直叶而應則于夢爲不祥家有孕婦占未產之前夢之大吉○夢兄弟爲官詳是何官文曰士膺榮平人受戹之兆○夢夫爲官如夢于試期前後佳兆患病者不祥宋蔡確少年夢有告之者曰汝當執政汝父作狀元斯其時也覺而笑曰吾父老矣今方致仕豈復有作狀元之理確以元豊二年五月拜参知政事時其父巳殁五年三月确侍殿上聽唱進士名南劒州黃裳居首確大驚蓋其父名黃裳也元絳少時嘗夢人告之曰異日當爲翰林學士須兄弟數人同在院綘寤思素無兄弟疑夢爲不然熈寧中除學士同時先後入院者有韓維陳繹鄧綰楊繪并綘共五人名皆從糸始悟兄弟之兆,9220
卷之六,人物部,彛倫,爲奴𨽾,几夢五倫親屬爲人奴𨽾傭僱者貴主降級富主占業凋踪跡飄零骨肉離散謀名不遂營利徒勞如曰夢巳亡故者主冥司受苦進士王惲有才藻會昌二年友人陸休符夢被錄至一處有騶卒止之屏外見若胥靡數十王惲在其中陸與之語惲垂泣曰近受一職可厭人問矣陸覺時惲住揚州越七日訃至其卒日乃休符之夢夕云,9229
卷之六,人物部,彛倫,鬻買,占凡夢五倫親屬中人買曰于人者吉賣與人者凶王導夢人以百萬錢買其子悅潜爲祈禱者備矣尋掘地得錢百萬意甚惡之一皆藏閉及悅疾篤導憂念特至不食積日恱竟卒丞相茂弘夢人欲以萬錢買大兒長孺後掘得一窖錢適如其數長孺無病而死,9236
卷之六,人物部,彛倫,同坐卧,親屬推此凡所夢同坐卧之人有巳亡故者非思念感𤼵不爲佳祥之兆夢君臣同坐位列王公明良會合之兆元吉同卧者上下安寧朝野清靜若當征戰之際夢得此兆主敵國行成宜和無咎○夢父子同坐貴者主職位並尊平人主椿萱康勝蘭桂芳森同卧者疾病占不宜○夢母子同坐毋以子貴兆主榮封如同卧曰者幽象也不爲佳祥○夢兄弟同坐卧怡怡和樂之占如同有疾病者不吉○夢夫妻同坐白頭偕老同卧者相親相睦子嗣昌繁未娶者主姻緣配偶○夢師友同坐主德業相符之象夢同卧者情義相篤之徵晉咸和初有徐精者逺行他郡一夕夢與妻寢有身明年歸妻果産一子按其懷孕正是夢之期也當是精神交姤,9242
卷之六,人物部,彛倫,喜笑,親屬推此凡夢巳亡故者喜笑主生人有災亡靈見告耳夢君臣喜咲主憂臣辱也或夢相咲者君咲臣天顏有喜臣咲君媚兹一人明良喜起之占○夢父母子女喜咲者主骨肉悲離疾病死亡之悔禳壓占可解○夢夫妻喜咲哭泣漸臨分離之事○夢兄曰弟相咲必有閱牆之釁兄咲弟者弟别兄弟咲兄有兄别弟也○夢師友相咲者投分之懽莫逆于心衰年大咲者相向而泣之兆,9249
卷之六,人物部,彛倫,悲泣,親屬推此凡夢巳故者悲泣主有災禍來告或冥司受苦急宜修省薦度夢君臣悲泣主國有患難在主聖臣賢之日則憂盛危明主有君臣讌會之喜○夢父母子女悲泣占主明日家庭有喜宴之事○夢夫妻悲泣孤鴻嘹曰嚦之兆若年少夫妻則歡娛吉慶也○夢兄弟相悲泣紫荆花謝手足分移○夢師友悲泣分别誼衰之占蔣燾弱冠知名黌挍年十六死死後屢見夢于母見即馳去母逐之問燾何在燾言兒爲帝召作丹臺記今不得如昔滯行即去一夕母又夢燾父言吾死不如燾燾死不滅不散欲來即來耳言訖隨復見燾燾語與父言無少異又云母哭母過慟若過慟若不食葷若拈弄兒典籍皆令兒悲,9254
卷之六,人物部,彛倫,迎别,親屬推此夢君臣相迎迎者來接也生存大吉亡故大凶夢相别别者相離也兆主不祥○夢父母子女相迎生者迎生團圓聚會死者迎生死别生離夢相别生者夢與死者别爲吉若生者夢與生者别主形占離或死者夢與生者别主神去○夢夫妻相迎諧曰和也死者來迎又非吉占夢相别不祥兆也不致死亡必逢反目○夢兄弟相迎迎者合也主友恭和悅亡故來迎相繼而殂夢相别者手足分張之禍口舌閑非之占○夢師友相迎别迎者神交别者神散李使君在州明早將祀社夜潔齋臥于廳事夢其父母盡來迎巳覺而惡之具告其妻因疾數日卒魏徵疾太宗夢與徵别既寤流涕是夕徵卒故御製碑文云昔高宗得良弼于夢中朕今失賢臣于覺後魏宋頴妻鄧氏亡十五年忽夢亡妻向頴拜曰今被處分爲高崇妻故來辭耳流涕而去數日高崇遂卒後魏羅元明與王由友元明夢王由携酒就之言别賦詩爲贈及覺憶其詩十字云自兹一去後朝市不復遊盧元明歎曰由性不狎俗旅寄人間乃有今夢詩復如此必有他故經三日果聞由爲亂兵所殺尋其亡日乃是𤼵夢之夜,9263
卷之六,人物部,彛倫,殺毆,親屬推此凡夢被巳亡故者所殺毆有冥𡨚報復有神靈佑濟因人以定禍福可知夢夫妻相毆主琴瑟好合○夢兄弟相毆主骨肉協力○夢被殺者有吉有凶如殺人不死征戰爭訟不勝殺人有血經商得利無血則凶我殺他人士子大利被人殺害功名不遂殺人呌痛小有亨通被殺呌痛出血失財無血失譽殺而不死疾病占大吉○夢被毆者有吉有凶如毆人不疼諸謀不曰遂被人毆倒前程不達凡事失財經商防盜毆人叫痛大吉被毆叫痛主有心驚之事被人毒毆身痛主得人力大毆他人力倦主夲身失執○夢殺毆者須從五倫親屬中詳是何人來殺來毆或得其力助或失其懽心更詳所毆所殺者何人或假之以威權或與之有仇恨也更詳殺毆何處以决禍福占者不可執一而論錫山殷俊父病痰不能飲食屈伸殺夜禮北斗以禱巳而夢一黃衣力士以刀刺其父頸疑不祥甚明日驀有軍人黃姓者造門自言能醫此疾殷異之令醫其父果以針刺喉中出穢痰而愈如所夢者焉下邳張裨者家世冠族末葉衰微有子邦生孫女美鄰人欲聘爲妾裨以舊門不許鄰人忿之乃焚其屋禆遂燒死邦出外得免後還畏鄰人𫝑力又貪其財竟嫁女與之經一年邦夢見裨曰汝爲兒子逆天不孝棄親就怨潜同兇黨便捉邦頭以手中挑杖刺之邦因病兩宿嘔血而死邦死日鄰人又見裨排門戶直入張目攘袂曰汝恃𫝑縱惡酷黎之甚枉見殺害我巳上訴事獲申雪却後數日令君知之鄰人得病尋亦隕没,9274
卷之六,人物部,彛倫,疾病,親屬推此凡夢此者須詳是何疾詳是疾染何處以推吉凶夢侍君疾生臣夢侍生君之疾主忠心報國生臣夢嘗死君湯藥者凶夢死臣侍生君之疾者生君上有災○夢問臣疾往問生者主臣有厄問巳故者主君有悔○夢侍父母之疾侍在堂者父母災占殃侍亡故者子孫不利○夢視夫病經商染患遊曰宦遭坷○夢妻子疾病室家有恙胤裔凶亡○夢兄弟疾病手足不安之象○夢視師友之疾主其師其友有悔地遠隔者應愈近人夢侍舅姑疾者主其婦孝念所形否亦舅姑災至也梁鄱陽王蕭恢初鎭蜀所生費太妃猶停都後於都下不豫恢未之知一夜忽夢還侍疾旣覺憂惶便廢寢食俄而都信至太妃巳瘳元士人尹莘遊學于京師一夕夢其母有疾心甚怪之明起持歸盧潜在壽陽城爲陳兵所圍寄書與弟士邃曰吾夢汝以某月某日得患某月某日漸損書至一如其夢,9287
卷之六,人物部,彛倫,生死,凡五倫親屬中人夢亡故父母復生主釋罪超仙夢亡故夫妻兒女復生主重諧再孕夢亡故兄弟復生手足康寜夢亡故君臣復生國家亨泰事皆吉昌也凡夢父母忽死主折傷不祥夢夫妻兒女忽死主病除大利夢兄弟死者主骨肉有變○夢生存者自忽死兆主文人得官商人得利病人得愈常人得食○夢見人生死見生者忽死主其人占不祥見死者忽生主本身口舌閑氣○夢托生富曰貴之家爲神托生貧賤之家爲鬼或人來托生主得妻得子女○夢再生人告再生主陰魂未泯或陽壽未終隨其見夢之人占之可也○夢人報死士人暴貴病人速亡凡親屬中人生者自來告死主其人不祥○夢死身腐爛王出貴人大吉經營大利病者大凶○夢死無棺槨大凶○夢將死而逃生病者即愈諸事禎祥囚獄得釋益壽延年之兆崔元綜欲娶婦夢人云此非君婦君婦始生夢中相隨至履信坊見一婦人生女云是君婦崔所議女暴亡後官至四品年三十八乃娶韋渉妹年十九履信坊居𡬶勘歲月正所夢之日生蜀人范守與黃宰爲世姻范生子黃生女因締婚焉嘉熈間則范官于淮黃官于江南時男女各數歲矣仍申前議范氏子夜夢神告曰黃女乃張韓王之妻君妻巳生於唐氏矣未幾范謪嶺南十餘年及歸黃女巳三適矣適張張死再適韓韓死乃歸于王范氏子竟娶唐女焉宋王貞婦梁氏臨川人嫁夫纔數月會元兵至與夫約曰吾義不受污辱若後娶幸告我頃之夫婦被掠有軍千戶强使從巳婦紿曰夫在有所不忍乞歸之而後可千戶以金帛與其夫并與一矢以却後兵約行十餘里于戶即犯婦婦拒且罵曰吾與夫誓天地鬼神實臨之乃被殺數年夫謀更娶議輒不諧因告其故妻夜夢妻曰我死後生某家今十歲矣後七年當復爲君妻明日聘之一言而合詢其生與婦死年月同云廣平太守馮孝將男馬子夢一女人年十八九歲言我乃前太守徐玄方之女不幸早亡亡來四年爲鬼所枉殺按生籙乃壽至八十餘今聽吾更生還爲君妻能見聘否馬子遂掘開棺視之其女果爲夫婦焉相州馬家兒臨死顧謂母曰兒于趙宗家有宿緣死後當與宗爲孫宗即同村人也其母弗信乃以墨㸃兒右肘趙妻亦夢此兒來云當與娘爲息因而有娠夢中所見宛然馬家子比產驗其黑子還在舊處及兒三歲無人導引自能向馬家云此是兒舊舍也後魏彭城劉氏嫁渤海封卓初成婚時卓官京師後坐事伏法劉氏在家忽夢夫巳死哀哭不止經旬凶問果至遂憤懑而死高郵高氏婦携女從夫避亂入道旁空舍脫金纒臂與女且語夫疾行夫去即自縊賊至焚之夫抵儀眞夜夢婦來告曰我巳縊死彼舍矣其精爽如此范式字巨卿與張元伯友善别後二年元伯刻期設饌巨卿果至後元伯寢疾歎曰恨不見范巨卿及卒式忽夢見元伯冕纓而呼曰吾以某日死當以爾時塟未歸黃泉子未吾忘豈能相及式覺馳往赴之巨卿未至張柩不肯進比至叩䘮言曰行矣元伯死生異路永從此辭柩于是乃前,9298
卷之六,人物部,彛倫,䘮塟,親屬推此凡夢亡故者主陰土不安夢君有䘮主祿壽天增○夢臣有䘮主官爵高遷如夢弔䘮者旭日光照大吉幽暗不明不祥塋上𣗳木茂盛貞亨鳥獸雜亂異國侵凌也○夢君塟主歸國復位○夢臣莖主加官赴任○夢父母有䘮主親壽綿延夢父母莖主家園茂盛如見塟地占松栢森宻後代興隆或塟時日月雷電大吉若有曰風雪不祥○夢子女䘮塟父母夢之小口安寧他人見夢者凶○夢夫妻䘮塟花燭袵席諧和安樂之兆或夢塟時雷電震動夫榮妻貴矣○夢兄弟䘮塟主聯舉同陞○夢師友䘮塟被風攝去大吉如夢親屬求塟者主有遺骸暴露信州刺史蕭遇少孤將攺塟母于舊塋至攢處悞啓他墓旣而知其非號慟而歸夜忽夢戶外有聲呼遇小名曰吾是爾母遇驚走出戶拜迎見其母母從暗中出遇與相見如平生謂遇曰汝至孝動天神祗降鑒令我與汝相見遇乃述迷悞塋域之恨母曰吾來亦爲此吾墓上巳有李五娘墓汝明日但見鳥鵲羣集其下是巳遇聞言即驚寤哀號待曉至其處果見有烏鵲集平地乃掘之得李五娘墓更于下得母墓方扶歸塟云,9324
卷之六,人物部,彛倫,告托,此夢亡故者其占有驗凡五倫親屬中人現存者隨其所告所托正言而占反詳之以定吉凶不可盡述○夢巳故者隨其所曰告所托虚語而實詳之以防禍福不可拘方慕容德迎其兄子超于長安旣至德夜夢其父告曰汝旣無子阿不早立超爲太子不爾惡人生心寤而語其妻曰先帝神明所勑觀此夢意吾將死矣乃以超爲皇太子是月德遂卒徐羨之夢父謂曰汝從今勿渡朱雀街當貴羡之後行半街憶先人夢遂廻馬焉果爲宰相厲泉民吳偃家于田野間有一女十歲餘一夕莫知所往後數日偃夢其父謂偃曰汝女今在東北隅蓋木神爲祟偃驚寤至明日即於東北隅窮其跡果聞有人聲見其女在一穴内口甚小其中稍寛厰𠊓有古槐木盤根極大于是伐其𣗳挈女歸高士廉家世顯赫少以孝聞大業中爲治禮郎隋軍伐遼兵部尚書斛斯政亡奔高麗士廉坐與交游謫爲朱鳶主簿嶺南瘴癘不遑將母留妻鮮于氏侍養而去尋被交趾太守丘和署爲司法書佐士廉久在南方不知母問顧念彌切嘗晝寢夢其母與之言宛如膝下旣覺而涕泣横集明日果得母訊人謂孝感云陸憑少有志行家于湖州性悅山水貞元乙丑三月遊永嘉遘疾而殁憑素與吴興沈萇友善萇夢憑顔色憔悴曰我遊至永嘉苦疾將困君爲知我者願託家事萇悲之又叙舊歡宴語久之臨去曰憑船巳𤼵來日午時到此執手而去及覺所記甚分明乃書而錄之如期而憑䘮船至萇撫孤而慟膊助倍禮宣咸卒後五年石虎夢見咸涕泗囑其子奮覺曰非心慮所達也通夢之言而有徵奮今何在左右對曰爲趙郡守於是即擢拜廷尉爲太常賈餗少與沈傅師善傳師前死餗常夢傳師告之曰君可休矣餗寤而祭諸寢復夢曰事巳爾奈何遂及誅,9333
卷之六,人物部,彛倫,索食,親屬推此凡夢巳亾故者來索食于人皆當享祀追薦乃獲福吉夢君索食削祿減俸也夢賜食者吉○夢臣索食乞封求贈也夢進食者主有貢獻○夢父母索食主來日二親有怒責之事○夢子女索食不祥之兆幼者無妨○夢夫妻索食粮絕室罄夫妻交謫占之占凡夢索食者當隨其所索何物如索五榖禾曰黍不豊如索酒肴宜清心寡慾如索菓子孫殃如索葷食當持齋奉佛又同飲食如同亡者飲食大凶同生者雖無咎亦主閑氣又或與我飲食者詳是何飲食非錫以福則貽以殃宜細推之胡光遠母䘮廬墓一夕夢毋欲食魚晨起求魚以祭見生魚五尾列墓前俱有齧痕鄰里驚異方共聚觀有獺出草中浮水去衆知獺所獻以孝感聞于官表其閭渾瑊罹西蕃刼盟掌書記韓弇遇害弇素與櫟陽尉李績友善績因晝寢忽夢弇被髪披衣面目盡血績初不識及稱姓名乃相勞勉如平生弇曰今從秃髪大使塡河憔悴困辱不可言間來奉詣耳吾久飢渇明日午時於宅西南爲置酒饌錢物亦平生之分也績許之悲愴待旦至午時如言祭之忽有黑風自西來旋轉筵上飄卷紙錢及酒食皆飛去舉邑人觀之時貞元四年,9356
卷之六,人物部,彛倫,求衣服,親屬推此凡夢巳亡故者求衣服主神像求新或骸骨暴露也夢君求衣貴官主降服削職常人宜獻神袍祈福了愿有僣越者急宜悛悔○夢同僚求衣主職位移易○夢父母求衣斑衣難舞之兆○夢夫妻求衣夫求衣者主納妾爭妍妻求衣者主丈夫榮貴○夢兄弟求衣同袍更服各有吉凶宜細占之○占夢子女求衣求蔴衣者吉求緋衣者凶○夢師友曰求衣求衣于師友者主衣鉢之傳被師友求衣者術業不精凡夢求衣于人者吉祥之事人來求衣者寒凍之占詳是求何衣服如人求白衣士人大利如人求緋衣主動孝服如得裘服錫莽文武榮陞之兆如求布衣隱避潜藏之幾又或人與衣服者同此,9367
卷之六,人物部,彛倫,求宅舍,此夢宜因人因地而占凡夢五倫親屬中人來求宅舍主家室不寧求于人者吉巳故者主求祠祀○夢生存者至家或去家至者久别會集去則骨肉飄離也○夢巳故者至家或去家至者陰靈來享去者神靈不依○夢占坐宫殿中生者貴人吉平人厄孕婦生貴病者離曰凡巳故者冥府爲神○夢在厠圊中生者主陷囹圄失財大凶如身污得出又士大富巳故者冥途幽苦宜作福薦度○夢坐牢獄中生者士人大吉餘不爲祥○夢在井中獄訟不勝征戰被圍功名不遂營謀不利幼小之人主于䘮亡永興令王奉先子死奉先夢與之相對如平生奉先問遠有行色乎答云某日至家問婢後覺問其婢云此日夢郎君來宋主未立時有不遜語后不樂大臣有不與立太子者陰進廢立之說太后言昨夕一夢甚異見吾兒却在慶寧宫坐大哥乘龍上天去大哥者神宗也韓琦即曰却在慶寧乃是聖躬復舊之兆此亦好夢琦又從容曰太后無親生兒女今皇帝自少鞠于宫中皇后又是外甥乃天安排此兒婦以遺太后不易際會如此豈不愛惜,9372
卷之六,人物部,彛倫,與器物,凡夢巳亡故者與物則有神佑索物必非吉祥占凡五倫親屬中人與物如夢君與物錫贈之兆臣曰與物貢獻之兆父母與物授深之兆子女與物甘旨之兆兄弟與物手足合力之兆夫妻與物諧和唱隨之兆詳所與是何物如與冠頭角不凡與衣錫袍贈甲與糞財增利獲與錢刑罰重重與釵髪姻緣配偶與筆硯文章進達與梳憂解煩除與𫨻疋光陰無幾與花菓孕男產女與琴瑟諧和永逺與五榖田豊家足與詩書文才大吉與經卷禮佛修齋與珠滴淚涓涓與金銀禍至刑加與籠穽必遭陷溺與刑械必主公卿與葱菜財豊利遂與氷雪家業消耗與鳳麟主育公侯與蛇鯉子嗣乘龍與龜鱉猛獸惡鳥孕婦不祥與雞犬路遇小人與虫䑕耗散家計與氷露流動空戲不寧之兆與軍器盔甲等動者戰勝靜者兵生與羽毛衣冠更換與皮骨脫俗超凡患病不宜與鬚髪丈夫遂志與耳目聞見聰明與齒舌是非爭闘與陽塋英䧺奮志市人不利病人速愈與陰戶商賈倍利丈夫落魄疾病歸仙與錦衣孝服連連與環珮得諧伉儷私通佳偶與丹靑事成画餠與玉䂖生才郎美女與珍寶事事皆亨與印笏選官陞位與文契交易有成與榴柿蓮瓜桃杏諸菓皆子孫繁衍之兆與桂花蓮花登科連㨗之兆○夢人索物去者如索去衣冠謝職歸家索去糞土經商家業不利索去金銀銅錫免責贖刑索去釵𧨆環珮姻嫁不遂夫妻離間索去文房玩器功名不進索去花菓子女遭殃索去兵械四海清寧索去米麥酒食禾黍不豐凍餒之兆索去桎梏刑具罪犯得釋凡此之𩔖可以例占不可遍舉也吴人費季久客于楚時道路多冦妻常憂之季與同輩旅廬山下各問去家幾時季曰吾去數年矣憶與妻别時戲取其金釵著戶楣上臨𤼵失與道此是夕妻夢季曰吾行遇盗死巳二年吾行時嘗取汝釵留戸楣上可往取之妻覺揣釵得之遂成服𤼵䘮後一年餘季來歸想季語時必有鬼物聞而相戲如此,9383
卷之六,人物部,彛倫,乘舟車,凡夢生者不宜與亾故者同舟同車夢五倫親屬中人乘舟見存者乘舟主得利濟亡者乘舟主泛慈航病者乘舟不祥之兆○夢乘車者文人兆登金榜○夢與五倫親屬中人同舟如順風登岸家口清吉若去而不返或沉于中渡大凶須詳所同者何人以定吉凶○夢同車者若兄弟同車科名雙舉夫婦同車唱隨佳美子女同車占賢子佳婿○夢見舟車傾覆身不在其中曰者驚醒之象夢親屬在其中者諸无不祥清泰中晉高祖濳龍于并部一日從容謂賔佐云近因晝寢忽夢若頃年在洛京時與天子連鑣于路過舊第天子請某入其地某遜讓者數四不得巳即促轡而入至廳事下馬升自阼階西向而坐天予巳馳車去矣其夢如此群僚莫知所答是年冬果有鼎革之事,9394
卷之六,人物部,彛倫,文詞,夢亡故者必有靈機見告凡夢五倫親屬中人或授以文詞詩字各記其詞意而詳之如同一文詞而文士推之以功名平人推之以財利老年推之壽算居常推之以變故必有吉凶先告此非懸測可盡占者宜細詳之○夢占索文詞詩字詳是何題是何人來索吉凶自見大曰約主文士不祥○夢見某作文詞詩字亦必記之詳悉以决禍福主所作之人不吉○夢同作文字詩詞詳所同之人吉人則吉凶人則凶詳所作之義吉義則吉凶義則凶同巳故者則大不祥御史李叔霽與兄仲雲俱進士擢第大曆中叔霽卒歲餘其妹夫與仲雲同夢叔霽相見依依然語及仲雲音容惨愴曰幽明理絶歡會無由止當百年之後方得聚耳吟詩云忽作無期别沉冥恨有餘長安雖不逺無信可傳書後數年仲雲亦卒蘇撿登第歸吴行至同州登城縣樓上醉後夢妻取筆硯篋中剪紅牋爲詩曰楚水平如鏡週廻白鳥飛金陵幾多地一去不知歸檢亦裁蜀牋賦詩曰還吴東去下登城慺上清風酒半醒想得到家春欲暮海裳千𣗳巳凋零詩成俱送所臥席下又見其妻笞撿所挈妾小靑及寤乃于席下得其詩視篋中紅牋亦有剪處小靑暴疾卒及歸妻卒乃登城所夢之日其塋四面多植海棠花云崔球久居太學夢歸見其妻秉燭寫詩相寄詩曰數日相望極須知志氣迷夢魂不怕險飛過大江西後得來書即夢中之句夢之夕修書時也元微之以御史奉使劔外踰旬白樂天與弟行簡同遊曲江慈恩寺諸院命酒懷元聯句云年来無計破春愁醉折花枝當酒籌忽憶故人天際去計程今日到梁州實二十一日也後元使至元寄書及紀夢一詩云夢君兄弟曲江頭也入慈恩院裏遊屬吏喚人排馬去覺來身在古梁州技江令張汀子名省躬汀亡因住技江夢張埀贈討曰戚戚復戚戚秋瑩百年色而我獨茫茫荒郊遇寒食驚覺數日卒分宜凃四友字文伯夢一婦人姿容甚麗引手示之有金書六字曰文伯之妻杜氏是年中選郡人杜學諭來議婚遂求爲妻俄登進士官至柳州守與杜偕老焉宋唐伯虎字長孺其父游瀘南伯虎與弟庚居毋䘮於丹山伯虎夜半蹴庚曰吾夢𭣣父書𤼵之得亟來二字吾父得無他乎吾心動矣起𫟚糧走洪川冒江漲假漁舟至瀘南父果病甚是日少間伯虎具舟侍父歸卒於家,9403
卷之六,人物部,彛倫,花木,此夢不論存亡之人凡夢五倫親属中人折花與巳則吉如夢折去桂花功名不進折去牡丹女人不利折去桃花壽命不永折去梅花子嗣生灾折去蓮花夫婦不諧○夢種某花木如栽桂杏才名及第栽榴柿子嗣森占賢栽達花百合姻緣並偶四栽梅花水仙生子清曰超○夢斫某花木如斫伐喬木萱花父母歸天才名兩失如斫去桂杏榴花妻妾䘮亡子孫殞滅如斫伐梧桐紫荆蕭墻起變骨肉散离如斫去芭蕉家業興隆如斫去松栢芝蘭父毋棄世子孫不育其應如響,9426
卷之六,人物部,彛倫,鳥獸昆虫,凡夢五倫親屬中人乘某鳥獸若乘虎豹麒麟獅象身榮利遂如乗鳳鸞鵬鶚諧偶𤼵祥豋雲歩月病者不祥○夢擒某鳥獸如擒瑞獸主得貴子如擒猛獸必產英雄擒好鳥者吉惡鳥者凶○夢化占某鳥獸如化龍鳳冨貴非常亡者超昇如化鷄犬曰必爲盜賊亡者陰府受罪○夢某鳥獸傷某人如龍傷者不宐官䆠如虎傷者不宐征戰○夢其鳥獸載某人如龍鳳載者兆公矦巳故者冥府超昇病者速亡之兆劉因字夢吉父述年四十未有子述夢神人馬載一兒至其家曰善養之旣覺而生子乃名駟字夢驥後攺名與字隋民皇甫遷不事生理母嘗取錢置牀上向舍後遷從外來不見人便偷錢去毋還覔錢不得遂勘合家良賤悉加鞭箠至後年遷亡其家猪生一㹠子賣與遠村社家遂託夢于婦曰我是汝夫爲盗取婆錢枉及合家浪受楚拷今我作猪來償債將賣與社家縛我欲殺汝是我婦何忍不語男女贖我婦忽寤因起報姑姑曰吾夢亦如之遲明令兄齎錢詣社官𭣣贖之弘法寺僧靜琳是遷鄰里親見其猪唐韋慶植有女先亡韋夫婦痛惜之後二年韋將讌客家人買得羊韋妻夢見亡女着靑練裙白衫頭髪上有一雙玉釵是平生所服者來見母涕泣言昔常用物不語父母坐此業報今受羊身來償父母明旦當見殺靑羊白頭者是特願慈恩埀乞性命驚寤旦自往觀果有靑羊項膊皆白頭側上有兩條白如玉釵形母悲泣止家人勿殺待韋至放釋之俄而韋至催食宰夫白云夫人不許殺靑羊韋怒即令殺之宰夫懸羊欲殺客數人巳至恍惚見懸一女子容貌端正客等驚愕止宰夫宰夫懼韋怒遂殺之旣而客坐不食羊韋怪問之客且言其故韋悲痛𤼵病遂不起無錫張氏女死其母夢女曰我以罪爲蛇旣覺得蛇於棺下以告高僧宗本爲說法復置故處俄有有黒蟬翔棺上蛇失所在毋祝曰若我女當入籠中蟬如其祝本復爲說法是夕毋夢女曰二報巳解脫矣吳可久越人唐元和十五年居長安奉摩尼教妻王氏亦從之歲餘妻暴亡經三載見夢其夫曰某坐邪見爲蛇在皇子陂浮圖下明旦當死願爲請僧就彼轉金剛經冀免他苦夢中不信叱之妻怒唾其靣驚覺靣瘇痛不可忍妻復夢於可久兄曰園中取龍舌草搗傳立愈兄窹走取授其弟尋愈詰旦兄弟同往請僧轉金剛經俄有大蛇從塔出經終而死,9431
卷之六,人物部,彛倫,祖先,凡夢見祖先者吉祥之事大象非凶然拘論必主占先靈有所不安或有所見告女人夢之主來日必曰有閑非閑氣謀爲不遂孝感思念所至者不在此占武帝自封禪後夢高祖在明堂羣臣無不夢者于是祀高祖于明堂元帝好儒貢禹韋玄成匡衡等相繼爲公卿禹建言漢家宗廟祭祀多不應古禮上是其言後韋玄成爲丞相議罷郡國廟自太上皇孝惠帝諸園寢廟皆罷方議罷孝文孝景廟上重其事依違者一年玄成薨匡衡爲丞相上寢疾夢祖宗譴罷諸廟祠上少弟楚孝王亦夢焉上詔匡衡議欲復之衡深言不可上疾久不平衡惶恐爲文禱於高廟又告謝毁廟上疾連年遂盡復諸所罷寢廟園皆脩祀如故明帝當謁原陵夜夢先帝太后如平生歡旣寤悲不能寐即案歷明旦日吉遂率百官及故客土陵其日降其露於陵𣗳帝令百官采取以薦孔子絶糧乎陳蔡之間顔囘夔孔子望見囘攫其甑中而飯之食熟進之孔子起曰今者夢見先君食滐欲饋囘曰不可垓煤入甑中棄食不祥因攫而飯之矣,9451
卷之六,人物部,民庻,爲農,凢業本農家者見之于夢兆主專應耕作之事如身非農家者夢之則列占于左餘類例推夢身自爲農者貴人治世平人成業凢事大吉女人夢之主得酒食讌樂如夢用鋤耜𦓧鎝鏵鍬等器之類皆爲勞力勤苦之兆宜因時因地隨所器皿而占之各有機兆難拘也○夢挿秧耘耨者主子孫茂盛家業整肅之兆文人夢之才高學進○夢擔糞擔歸者財至擔去者利散仕宦夢之主召災殃貧賤夢之主招財利凢用料桶料杓箕箒之𩔖皆主明日交易遂意○夢水車如夢車水至者主利益夢車水出者主財退諸事反反覆覆無定之象也文士必主才名兩達○夢驅牛車水者丑年子月運通○夢手執犁耙者勞苦事至○夢割稻者除禾也去苗也官司主捕獲賊盗将帥主斬戮叛冦生意主得貨利大吉○夢𭣣割回家貧人占兆爲得寶大吉富人夢獲稻歸家者宜防穿窬之曰盗老者延壽長年如夢囤棧倉廪箱窖之類兆主財利𭣣聚爲吉也婦人夢之兆主孀寡○夢風車扇米此爲食祿散亡之兆凢百事不吉大宜解鎭也○夢磨礱米榖仕者主增祿富者主益財貧者主獲利老者主添年凢夢用連耞磑臼篩籮斗斛之類皆利益之占○夢自喚人做農作此創業營生得人助力之象○夢被人喚巳做農作爲勞苦勤力之兆仕宦歸田才人高隱商賈還鄉諸事退休有悔○夢見他人做農作須詳見作何事如見作前項之類即以前占推之惟有切于巳者方應或即以定其人之休咎所謂見夢于人者是矣令狐德音方遷刺史屢夢親務農業每寤輒起歸田之思因嘆曰生年巳越五旬知命之學此其時矣夢寐感通殆我告乎遂解綬而還未幾無疾而卒華燁爲邑令忽夢大墾田土躬執耒耜旬日被旨領弘農夢乃驗,9471
卷之六,人物部,民庻,爲工,夢爲漁家獵户牧畜等工夢捕得漁者貴者主遷官平人主獲水中之利如用網𦌘者貴人當得賢良平人當得財物空網者不吉投網者大凶如用餌釣蓮义者得魚吉失魚凶夢田獵者主爭訟之兆如夢獵得禽獸詳是何物或五行之生尅或形占性之善惡以推吉凶如用罔羅餧鋴竿义之具施曰于物者皆主我尅彼之占也夢畜牧者在國主使衆在家主養人須詳是𭣣畜何物如牧羊爲未年月日未命生人以類推之凶吉自見又如用𢍊牿爲畜牛之具用鞍轡鞭鞦爲牧馬騾之具皆須詳用何具則知所制何物兆應可推矣餘皆可以例占錢塘邵咸年六十二無子妻吴氏爲買二妾日祈于天咸念年巳衰逝嗣胤勿復置念矣乃泛舟日玩于湖聽其所止輒便休息一夕忽從舟中夢張巨網捕魚得大魚一尾赤目金鱗跳躍入懷是夕妾亦夢人持一大魚與之而去無何孕焉產一子未旬月生異瘡目赤身鱗恍如夢中魚状醫藥祈禱無所不至俄有道人至曰汝家兒有毒我能治之取藥一粒如芥子授云汲湖水沸過投藥其中浴之即愈言訖忽不見如言治療兒毒頓消比長成進士後大貴焉夢爲竹木成器起房修葺等工夢成木器者東方得利須詳是成何器以器定其休咎主木命人大吉夢成竹器者主得雙喜商賈則兩人合伴大有進益亦須詳其器以占之如器象非佳又主災患重重也夢起房者詳是何房屋起于何地當爲創業成家之兆凢夢用斧鑿刀鋸墨尺之具皆主聰明益智所謀遂利之占又須以類詳推吉凶自見夢爲紡織剌繡成衣製冠造履絲線羢絨皮帛染作等工夢紡織者士人文成雲錦常人經營利壽命長夢刺繡者空花無實夢成衣者貴人有補衮之猷夢製冠冕巾帽者當得頭功又必以類推其凶吉夢造履者運通達出行利如造朝靴者官事至製鞋者陰大交夢絲線以𬗇覊絓牽纒之事兆主心緒紛亂夢造皮帛者身多阻滯染作者事有光彩如用機梭筥筐針線剪尺錐鐫之具皆主智添小巧以類而推呂蒙正未遇夢人傭爲縫衣夫人賀曰此裁成補衮之兆後𭆞知政事果符所夢焉夢爲玉石骨𧢲泥水陶作窰作等工夢治玉石者貴賤皆得成器夢治磚瓦灰泥之事主來日陰雨或身有陰私事至也○夢爲金銀銅錫鉛鐡冶鑄製造等工夢傾金銀者財散製造金銀器飾者主有美事至夢冶鑄銅錫鉛鐡爐火輝煌者主運通夢打造𨥽錫等物者爲官訟之兆閑非閑氣相侵○夢爲珠翠珍寶穿紥成器等工夢穿珠寶成串者主凢事如意榖祿豐盈夢紮造珠寶成器飾者主虚浮之兆不爲大美夢披翠者主有喜事○夢爲製造筆紙墨硯刻鐫裝𣽒裱褙等工夢造筆者平人有訟士人才進夢造紙者主劵契文移之事文章紙價高貴之占夢造墨造硯者文人學業精平人子孫秀夢刻鐫者詳所鐫何事裝褙者詳所裝禙何物兆吉則福兆凶則禍大抵皆文墨吉利之象也陳思道晝寢忽夢一羽衣造日請爲製筆二頴陳告以素未諳此羽衣乃教其方陳于夢中如言製成羽衣取一自懷取一授陳且曰留此相繼及寤異之自是爲文易管輒不佳必一筆而就云,9485
卷之六,人物部,民庻,軍器工,夢爲造軍器火器等工兆主事宜前進志可上行占凢百有威有𫝑氣熖光明之象○夢爲人造酒主曰百事懽悅家室和諧出行獲利貴人夢之必有土木興造事事無不吉也,9505
卷之六,人物部,民庻,樂器工,夢爲音樂等器之工主遠出有知音之遇夢造琴瑟之類主家庭喜慶夢造鼓革之類主遠行兵權占夢造木竹笙簫柷梧之類主名譽好合夢造金石曰鍾□之類主號令悲愁夢造匏土胡琴吹塤之類主誄事遲殢鍾英將應試夢斲琴剖琴腹得文卷以告所親曰此舉當有知音之遇比入塲主司以二王吾將有所遇命題果與薦,9509
卷之六,人物部,民庻,僱工脚夫,夢爲肩挑負戴經營傭僱等工貴人夢肩挑負戴主朝廷倚任平人夢肩挑負戴主家事付托凢爲占任大責重之占也貴人忽夢爲經營傭僱之工主曰綱紀四方巡行列國平人夢之艱辛勞苦衣食巴結凡爲勤劬辛楚之夢耳占者宜圓融推測勿可拘詳,9515
卷之六,人物部,民庻,酒作,占夢中學做酒家工鼎鼐譋和建異功曰若是貪杯無别事自醲自飲自經營曹延周避亂居觀海夢身爲工人與禮郞家造醲釀親爲汲水蒸米備麯踰時釀成飲醉而寤明年爲醴泉郡椽,9519
卷之六,人物部,民庻,爲商賈,夢身爲商遠出者主家事不寧人眷分離之兆詳係何商以推休咎大象非祥夢爲商歸家者主骨肉完聚疾病痊愈財利進益諸事吉占夢合伴爲商同行者主凶事至詳伴何人吉凶自兆夢身爲占賈人開張舗肆者主事業增盛凢百喜氣新彩詳曰爲何賈以推其兆可也夢爲賈人𭣣貨利至家者主閑氣事夢與商賈交易貨物者主災臨疾至夢商賈至家買取貨物者主財散氣散女人夢之主口舌解消夢身爲大賈泛海通夷者主家業飄零如夢至彼交易得利物者大吉,9525
卷之六,人物部,術技,醫士,凢身本爲醫者即以醫事占之夢身爲醫士醫人疾者主解人之厄又與其人有婚姻之約○夢人爲醫士來視巳疾兆主有病得占救無疾災生貧人有所獲文士有所遇○夢教人曰醫者主學業荒蕪才人失慧如夢人來授巳醫術當有陰功濟世也江左黃士泰字道長事母至孝母吳患目疾經月幾盲黃晝夜祈禱于天願以巳日受盲代親之疾一夕夢神人古衣冠白髯拄杖至黃舍授以太乙天醫之𧗞闡晰甚精旣覺頗能憶識遍𤼵醫方並無其說仍一意奉侍湯飲偶以光漿跪進母曰此何湯乃香甘若此黃對曰米飲耳母曰汝無誑我何處得此良藥我目頓覺清亮矣自是漸愈,9533
卷之六,人物部,術技,星士,凢身本業星者即以星家之事占之夢人爲巳身推星運兆主命運亨通大吉須詳是何星度是何年月是何日時言吉言凶按候驗之禍福可見矣○夢自爲星士與人談命主其人與占巳有緣結𢍆交懽之誼貴宦夢之文星照臨宜薦曰㧞其人否有遇合○夢授星術與人大非佳祥如人授巳以星命之術者定主壽命延長文人又爲胸羅星宿之象定遠軍裨將王雄夫初爲健卒忽夢一星算來就推命王遂以功得㧞離伍五年屢有戰功主帥奏請使爲禆將年甫四十復夢前星士來告曰今當又爲君推命矣王心疑之夢中謂云前巳算矣今又何煩星士曰君命無異算自不同旣寤不樂旬日無病而卒,9540
卷之六,人物部,術技,卜士,凢身爲卜士者即以卜易詳之夢自爲他人卜者主有遠行夢人爲巳卜者主有遠客來臨須詳是成何卦是卜何事與卜何人吉占凶可推矣○夢人指授以卜術者技業精通如夢曰授人卜術者兆主錢禾散失○夢就人卜易或爲巳身或爲六親者主其人有疾病至有災患臨陳桃夢虞翻與道士相遇放髪披鹿裘布易六爻燒其三以顧翻翻盡吞之道士言易道在天三爻足矣翻遂立易注上之,9549
卷之六,人物部,術技,陰陽地理,夢此主博聞廣見之兆仕宦夢之爲郡邑之尊四占民夢之有地土之務應試前夢之宜考山川營繕曰之題衰病夢之主卜其宅兆之象凢九流陰陽家又當以所夢他兆詳之,9556
卷之六,人物部,術技,相士,凢自本相家即以風鑑之事爲推夢身爲相士與人觀相者主得美妾或有美人私合之喜貴者夢之主有知人之哲商賈夢之主旬日內有勝會喜讌樂事○夢人爲巳觀相兆主有占知巳之遇文士大吉僧道主德行超倫途路夢之曰主得寳鏡女子夢之主吉祥大慶孀居夢之防有侮妓妓女夢之主遇住客凢事當得見賞生色增光之象呂樞宻未相時忽夢身爲風鑑之士于巿上羣聚萬人擁圍甚宻皆稱求相覺而異之未幾被㫖𭆞政同平章事,9560
卷之六,人物部,術技,書算,凢身爲書算之士者應主本事夢與人書寫主文詞不進夢人爲巳書寫主才學占高夢與人算數主有爭鬥事夢人爲巳算數主病曰患至須詳所書算何事以占吉凶○夢人授巳書算之法兆主術業精妙如授與人者不吉,9567
卷之六,人物部,術技,繪畵,凢身爲繪畵之士者應主本事夢人爲巳繪畵形貌者兆主君臣相得朋友相親疾病者夢之不祥如繪畵他物者事屬空虛無實占之象也夢巳爲人繪畵形貌者兆主其人不吉夢曰爲人作畵者主謀事不遂作事無終夢畵六親形貌者家有凶䘮之事又詳所畵何景何象以定吉凶唐貢朝卿美風姿昳麗動人偶遊古廟見廡間有女神儀像端好目注久之是夕夢一美姬珊珮而來曰妾浦水之神也辱吾子眷眷慕君丰致窃携昭華之琯請描影似聊寄鄙懹何如言訖一筆寫成宛肖其貌引入袖中且告曰相晤有期悵然而别旣寤遂覺神思蕩軼踰年竟以病狂而卒,9572
卷之六,人物部,術技,博奕,夢博者有爭闘事博勝者主得財彩○夢奕者主占智慧增不論勝負凢有營謀者皆主事有變更無曰定無成之象梁大通三年徵晉安王綱入朝未至而昭明太子統謂左右曰我夢與晉安王對奕我以斑劒授之曰王當有此至嘉平四月昭明太子薨立晉安王爲太子李泰伯母初無子祈禱無所不至祥符二年夢二道士奕棊戶外往觀之其一人取局之一子授焉遂孕生泰伯,9581
卷之六,人物部,術技,投壼,夢與人投壺中者事成謀遂主生子女不中者諸占事不諧商賈婦女夢之者皆大不祥防有水患也曰夢投壼勝者吉負者凶夢投壺聞鼓聲喧塡者大慶事,9589
卷之六,人物部,術技,蹴踘,夢蹴踘者男子夢之兆主藝事精高女子夢之主占宴飲之喜○夢與人擊毬者主有人般鬥閑非閑曰氣○夢見人蹴踘主子弟遠遊者歸信至王東夢擊毬毬上及頭揺之不落遂中省元夢乃應,9593
卷之六,人物部,術技,鞦韆,占夢此者主身有遠行夢見人鞦韆者主逺行曰客至女子夢之主酒食宴樂喜慶歡娛之事,9599
卷之六,人物部,術技,𩀱陸,夢與人𩀱陸主明日有鬥毆之非閑氣連連之兆占夢與女人𩀱陸者主有歡合夢人授以𩀱陸者主得子吉天后欲以武三思爲太子問宰相曰朕數夢𩀱陸不勝何也狄仁傑與王方慶俱在二人同辭對曰𩀱陸不勝無子也天其意者以儆陛下乎且太子天下本本一揺天下危矣文皇帝身蹈鋒鏑勤勞而有天下傳之子孫先帝寢疾詔陛下監國陛下掩神器而取之十有餘年又欲以三思爲後且姑姪與子母孰親陛下立廬陵王則千秋萬歲後常享宗廟三思立廟不祔姑后感悟即日遣徐彥伯迎廬陵王於房州崔龜從夢與人席地樗蒲解者曰蒲者蒲地後當臨蒲州,9603
卷之六,人物部,術技,擲骰,占夢擲得純色者吉主有財彩餘主事多反覆小曰人不足之占婦人夢之主得夫懽又有秀孕也五竈楊平義夢與人擲骰方下手窩中不見一色未幾而妻病卒贈龍州李郞中先夢六赤後因打葉子因以詩上云紅蠟香烟撲畵楹梅花落盡庾樓清光輝圓魄啣山冷彩鏤方牙着腕輕寶帖牽來獅子鎭金盆引出鳳凰傾徵黃喜兆莊周夢六赤重新擲印成六赤者古之瓊畟今之骰子也葉子如今之紙牌酒令,9613
卷之六,人物部,術技,牙牌貞吉否凶,貞吉否凶占夢之者貴人遷擢平人進歩如曰夢拈得亡牌者兆爲諸事不成,9619
卷之六,人物部,術技,葉子,占夢主人叢競勝手有威權兆應四旬六曰六之數定有小遇小喜獲利大吉,9624
卷之六,人物部,術技,請仙,夢自設壇請仙者主文思進益才慧倍人夢見人占請仙者兆主事有先幾商賈夢之財利成虚獄訟曰夢之士有人扶祐,9628
卷之六,人物部,術技,召將,凢道士家夢之吉夢主虚驚變動之兆諸事不安宜解壓之人君邑占宰夢之爲干戈之象文學之士爲棄文就武庻民曰之家爲爭訟憂疑疾病者當有祈禱美姿少女不宜有此夢必當易換卧房,9632
卷之六,人物部,術技,學射御,占曰中的行道之象御世成功之兆,9637
卷之六,人物部,夷蠻,見夷虜戎蠻,占夢之者主臣下奴僕懷有貳心曰出外遠行防有異變非爲吉占,9646
卷之六,人物部,夷蠻,夷蠻進貢大吉,占此夢如見夷國蠻邦進獻寶物者曰主國家祥瑞四海安寧之兆也,9650
卷之六,人物部,夷蠻,夷狄入國至家,占夢見夷狄入國者主有兵戈騷動曰見夷狄入家者主有盗賊𥨸登谷琦夢夷虜入家舉室驚寤未幾闔門夷滅焉,9654
卷之六,人物部,夷蠻,與夷狄交戰,占夢戰勝者凢事有氣戰敗者曰凢事無力兆主有小人之侮,9660
卷之六,人物部,夷蠻,與夷狄交易貞吉否凶,貞吉否凶占夢此者主商人獲寶平曰人疫厲遠行吉利之兆,9664
卷之六,人物部,夷蠻,身變夷狄居皮幕凶,占夢此兆者罪流裔土身繫囹圄之象官訟曰大凶餘人夢之急宜解禳鎭壓可保無咎,9669
卷之六,人物部,夷蠻,身入夷地,貞吉否凶此夢病人兆之大凶訟者兆之大罪仕宦夢者主占奉使之象武士夢之主出征之功商賈見夢財利曰倍吉也,9673
卷之六,人物部,夷蠻,拜見番王,占夢者市利業興惟大貴之人不宜兆此曰主耻辱屈身之事征討之日尤爲不祥宋劉元忠夢有帝者儀衛甚盛從高山而下入于地隧俄有番騎擁王旣遇則儀衛盡散見帝者俯跪如稽顙請罪狀後一年乃有北巡之禍,9678
卷之六,人物部,夷蠻,配靼婆爲婿,占夢之者主得佳偶士人兆之當有異曰人之遇意外之緣老而無妻者凶,9684
卷之六,人物部,夷蠻,與夷狄爭位,夢主以賤抗貴以下凌上以外欺內二主二心失占權失執之兆凢身居人上者宜小心防範如交易曰得此大利之占,9688
卷之六,人物部,夷蠻,與夷人同騎,占夢此者兆主内人與外人通情合謀午命生人曰午年月日必有所應貴人兆大平人兆小耳有軍卒夢岳少保與夷人同乘一騎飛馳而至以手㩜岳背岳因從馬後墜地赤光燭天夷人加鞭騰山不見旬日乃有金牌之召班師就僇夢始驗焉,9694
卷之六,人物部,夷蠻,見倭人入𡨥貞吉否凶,貞吉否凶占夢此横財驟富之兆惟貴人曰孕婦不宜得此爲不祥耳,9700
卷之六,人物部,夷蠻,與倭泛海航入倭國,占此夢舟中敵國之象凢商賈合夥者須防異曰心變故謹愼爲佳如求不義之財兆此大吉,9705
卷之六,人物部,夷蠻,倭人作書畵,占夢之者文士聰明平人口舌富曰貴夢此不宜交易立劵契也,9709
卷之六,人物部,夷蠻,稱夷蠻入朝,此夢文臣兆之天下太平武將夢之兵戈騷動貧占人夢之財帛將興富者夢之家業欲耗女子爲孕曰育異人之占,9713
卷之六,人物部,優妓,身是優人搬戲,占夢者主明日有閑非閑氣曰身心紛擾門户不寧之占,9721
卷之六,人物部,優妓,人教作戲凶,占夢此爲小口災侵平人涉訟之象凢曰事須防自生爭𨷖小心忍耐可避也,9725
卷之六,人物部,優妓,塗面爲優人,占夢見人塗面爲優者主他人心變凢事防有欺侮曰誕詐夢自身塗面爲優者主有災病至有耻辱事,9729
卷之六,人物部,優妓,優人迎拜,占此夢文人身貴富家有宼曰女子夢之主有亵侮之臨,9733
卷之六,人物部,優妓,演戲身衣冕服凶,占夢者兆主外孝服動内虛曰驚事老人夢此當有疾至,9737
卷之六,人物部,優妓,見優人來别,占此夢文人不吉名落聲銷之象平人夢曰之又爲虚耗去財利滋愁除邪散大佳,9741
卷之六,人物部,優妓,群優歌唱過門,占夢之者如不入門主有讌會行樂之喜曰如人門主有盗𥨸之虞旅邸夢之不吉,9745
卷之六,人物部,優妓,優人騎馬乘車,占富貴非曰眞之兆,9749
卷之六,人物部,優妓,見提傀儡,占夢之者主陰小有曰人提掇病人爲凶,9753
卷之六,人物部,優妓,門首弔傀儡大凶,占夢主家有横禍曰之至大凶兆也,9757
卷之六,人物部,優妓,與妓相别吉,占此夢陰非遠棄之象凢事得理疾病曰脫身其占爲浪子回心花凋蝶散,9761
卷之六,人物部,優妓,呼妓陪席飲酒,占口舌悲哀破財招禍無曰因見夢者尤爲不祥也,9765
卷之六,人物部,優妓,見妓拜迎,占夢主事有小喜身有小災一憂一樂惟途曰路夢之當主交易獲利行樂費財之象,9769
卷之六,人物部,優妓,挾妓遊山,貞吉否凶夢之者士人臨試主有奇遇平人謀利主當失財占病人大凶之兆占爲遠行在路宜防姦賊不可向曰前也合肥口嘗有漁人夜宿以船繫之聞箏笛絃管音漁人夢人驅遣云勿近官妓此處相傳云曹公載妓船覆于此也,9773
卷之六,人物部,優妓,妓同寢,占主疾病臨身陰私相擾之象夢者㥯宜解曰鎭如妓係素所愛慕者又爲想夢無妨,9780
卷之六,人物部,優妓,諸妓歌樂列侍凶,占夢主憂悲之事邪祟相侵群陰羅網百口曰喧爭事宜戒性病者防凶破財䘮丁之夢,9784
卷之六,人物部,優妓,妓索物,占此夢暗中耗陰中消美中不美宜曰詳所索何物圓通推測方有靈准,9788
卷之六,人物部,優妓,娼妓倚門迎巳入,占夢此主妓擅專家凢人兆之歡合之門迎曰而入之主事事有緣惟官訟之時不吉,9792
卷之六,人物部,優妓,與妓女相毆,占夢主得情助𫝑門戶昌榮氣象之兆也技藝曰之人爭長奪色老者得之主有虚症不祥元嘉中陶繼之爲秣陵縣令令人追捕刼財李龍等時有太常妋爲賊攀引陶不詳審繆作欵隨例申上衆證其𡨚陶亦知枉但以文書巳行并諸刼十人于郡門斬之此妓聲藝旣高又殊辨慧將死之日曰我雖賤𨽾實不作刼陶令巳知枉見殺害若無鬼則巳有鬼必自陳訴因彈琵琶歌數曲而就死衆知其枉莫不隕泣經月餘陶夢妓來至案前云昔枉見殺實所不忿訴天得理今故取君便跳入陶口乃落腹中陶即驚寤俄而倒伏若風癲良久蘇醒有時而𤼵𤼵即天矯頭乃著背四日而亾亾後家便貧瘁二兒早死止餘一孫,9796
卷之六,人物部,優妓,買妓歸家凶,占陰禍來曰臨也,9804
卷之六,人物部,優妓,與妓爲夫妻大吉,占夢此者夫妻昌吉也未配者主得技藝美色曰之妻如素愛𤇆花之人夢爲直叶妓女合心,9808
卷之六,人物部,優妓,身作樂工,占主有憂悲事如手有瘡患者曰不口即愈又有大吉之占,9812
卷之六,人物部,優妓,見人爲樂工,占夢主明日其人所在有大曰風起丹行宜備不可忽也,9816
卷之六,人物部,優妓,見歌童歌舞,占夢主小口喧爭是非反覆意曰外之悲少陽脉病便溺之災占,9820
卷之六,人物部,奴𨽾,身爲人奴𨽾,貞吉否凶夢之者倚人得力附𫝑爭光之象須推出何人之占下則因其品第可卜巳身之貴賤大抵文人宜乎曰人不宜,9828
卷之六,人物部,奴𨽾,人投作僕,占夢主得人助力添丁進口之象女子夢之主得曰庸兒不爲佳瑞老者夢之病至貧者夢之得財,9833
卷之六,人物部,奴𨽾,見人作僕被鞭朴,占此夢主其人不祥不作冥曰中鬼卒當爲陽世囚夫,9837
卷之六,人物部,奴𨽾,被奴僕欺侮凶,占陽消陰長上替下陵之象夢者防曰内有異心家有二主私小之應也,9841
卷之六,人物部,奴𨽾,身作婢吉,夢此者男變爲女貴化爲賤謙尊而光之兆卑以占自牧之祥平人夢之富厚豐盈貴者主陰柔不中曰不正,9845
卷之六,人物部,奴𨽾,婢女詬罵,占夢主小口不寧之占或主其婢曰有變兆爲陰氣吹于家門口舌,9849
卷之六,人物部,奴𨽾,賣奴婢,占此夢賣奴爲主人失助羣力解散凢事少曰扶少佐無威無𫝑也如賣婢者又爲吉祥,9853
卷之六,人物部,奴𨽾,買人爲僕,貞吉否凶失財得人有凶有吉夢此者兆宜隨人詳測如僕占非其人家主有殃僕得其人家主有慶若貧賤之曰主當得利祿不爲凶占如患難之中當得救助别有事應非可二律也,9857
卷之六,人物部,奴𨽾,身爲隸卒,夢此者居貴人之下借貴人之光榮祿大吉如大占貴者忽夢爲此主有不祥小人吉君子凶男子吉曰婦人凶平人吉病者凶詳是爲何隸卒及爲何人之𨽾卒其兆可占,9862
卷之六,人物部,奴𨽾,見他人是𨽾卒,占夢主其人有死䘮之厄詳是曰何人身居何地吉凶自見,9866
卷之六,人物部,奴𨽾,被𨽾卒呼叱鞭撻,占此兆藉人力得人助夢之者凢事必有扶曰庇如身至冥府見冥王使冷叱撻者大凶,9870
卷之六,人物部,奴𨽾,人召作𨽾卒,占此夢平人小遇如身係貴人當曰有冥司之苦必非福德之報,9874
卷之六,人物部,奴𨽾,隸卒忽作官吉,夢方見其人是𨽾卒下賤忽變爲官宦尊貴之人占主其人運泰時來貧者富賤者貴或其人老病者曰不祥,9878
卷之六,人物部,奴𨽾,𨽾卒前驅導,占此夢貴人吉平人凶文人曰兆應將來主有顯榮之象,9882
卷之六,人物部,老幼,見老人大吉,夢見之者或係神物或係亾𩄇或告以福慶或告占以禍患詳其形像推其指示兆吉則吉兆凶則凶曰大凢鬚睂皓白之人來形夢寐主壽年綿永財帛豐盈之占也田千秋訟衛太子𡨚曰子弄父兵罪當笞天子之子過誤殺人當何罪哉臣嘗夢見一白頭翁教臣言上頗知太子無他意乃大感寤召見千秋謂曰父子之間人所難言也公獨明其不然此高廟神靈使公教我立拜千秋爲大鴻臚數月爲丞相封富民矦文處爲戸曹椽時雨廢民業處奉太守命齋戒在社三日夜夢白頭翁謂曰爾來何遲處具白所夢太守曰昔禹夢繡衣男子稱滄水使者禹知水脉當道若椽此夢將可比也明曰果大霽長慶間節度使田弘正御下無法時王庭凑爲部將以使事在鄴夢白鬚翁形容偉異侍從十餘人皆手持小玉𤕑召庭凑告曰患難將作不可久留旣學節辭魏帥而囘抵家未渝旬弘王爲亂兵所害將挍共立庭凑朝廷征討不下及文宗即位下赦就加節制在位十三年卒贈大師裴寂孤貧徒歩京師經華嶽廟祭而祝曰窮困至此敢修誠謁若富貴可期當降吉夢再拜而去夜夢白頭翁謂寂曰卿年三十以後方可得志終當位極人臣耳後與高祖定策受禪拜尚書右僕射賜爵魏國公元岳眞人母一口夢老人皓髪長身冠劍甚偉告之曰我今當寄母家矣明口州人見有靑氣西北起自天而下奔往視之止于岳家眞人乃生自幼不嗜酒肉至元中封崇元廣化眞人大德初升仙而去,9890
卷之六,人物部,老幼,自身忽老,夢此者男子中年兆之主長壽幼者非祥女人中占年夢之主夫長貳心幼者主生疾病人夢之老壽曰之徵宜供祀本命星官朝禮南北二斗方吉,9906
卷之六,人物部,老幼,見小兒,貞吉否凶夢見之者或主病侵或主乞命或來作崇或來投占嗣見兆非一凶吉難齊占者宜以類詳禍福自睹曰大凢小口入夢爲凶多吉少之論湘陰尉袁政以治水陞遂安令未上任宿於驛亭夢小兒數十輩皆血淋漓者挽令衣覺而問諸父老父老答曰此邑凢生女即不舉夢殆以是乎袁即日下令禁之後邑中生女皆名袁留許叔徵家一婦人夢二倉頭一在前一在後手中持一物前者云到也未後者應云到也擊一下爆然有聲遂魘覺後心一點痛不可忍昏悶移時权徵所合精神丹即取三粒餌之痛止神醒其方出千金中唐并州石壁寺有一老僧精進練行有鵒哺養二雛毎有餘食恒就巢哺之後因學飛俱墜地死僧𭣣瘞之經旬後夢二小兒曰某等爲先有小罪遂受鵒身比聞法師誦法華得受人身兒等今子此寺側十餘里某村某家託生爲男僧乃依期視之見此家果育二子因爲作滿月僧呼爲鵒兒並應之曰唯嘉興令吴士季曾患瘧乘船經武昌廟過遂遣人辭謝乞斷瘧鬼旣去廟二十餘里寢夢塘上有一騎追之甚疾見士季乃下與一吏共入船後縛一小兒將去旣而瘧疾遂愈王朝國夢人領一綠衣童子與之曰汝有憂民之心賜此玉童爲宰相子是夕夫人孕生慶之秦光亨鄂人其俗生子過多貧不能養則溺之光亨初生其舅陳遵夢小兒挽其衣袖遵念其姊方娠趨視之兒巳在水盆中救以起後爲安州司法,9910
卷之六,人物部,老幼,身化小兒,占夢之者不論男女中年夢之主業消財退老年夢曰者主疾病死亾凢人夢此爲僧削髪以應之可解,9929
卷之六,人物部,男女,見男子,貞吉否凶夢見男子男人夢之平常兆女子夢之主情私○女人夢尋丈夫者主丈夫死亾夢與男子同行坐占主心動夢與男子共寢食主孕育夢與男子相毆曰罵擊剌主得力夢男子邀喚主邪崇夢與丈夫入水者主大吉○夢男女相邀者主有隹祥喜慶之事○夢男子偉異之状者主神降亦主子生晉張應妻病乞作佛事應許之往精舍中見僧曇鎧曇期明日當往應歸夜夢見人長丈餘從南來入門曰此家何乃爾不淨見曇鎧隨後曰始欲𤼵意未可責之應覺便秉火作高座及鬼子母座曇鎧明往應說其夢遂受五戒妻病有間𡬶即全愈,9937
卷之六,人物部,男女,男子化女凶,凢男人忽夢身化女子者主陰禍臨身陰疾侵人占之兆○凢夢見男子化爲女人者主作事不成謀曰事不遂訟者不勝戰者必敗名利難求災病將生皆宜鎭壓解禳方吉也,9946
卷之六,人物部,男女,見女子,凢男子夢見女人者主情意所通或疾病所侵或鬼物耗優或鬼物乞命皆非吉祥之占○夢見女子而欲得之者主酒食夢召女人至家主凶事夢被女人呼喚主病患失財夢與婦人同行走主事占阻財退夢與婦人同坐食主喜吉夢與女人厮毆曰主失財夢見婦人厮毆主訟事閑氣奸情夢見女人曉敉事散晚籹者事成夢與女人姦好者凢事皆凶夢與女人陰謀主營謀不遂夢見女子觀天象星斗雲物者主凶事至火井李明府偶宿錄事私第夢素衣婦人引二子來乞命李不解巳而復夢婦人自言爲錄事妻前身因妬繆以盜釵殺其懐胎婢胎有二子今我化作羊并二羔受殺巳償𡨚債訖釵現在堂西拱科内煩告主人以取钗爲驗勿食羊肉李驚起召問主人則一羊二羔巳刲具爲說夢覔釵遂埋此羊相與歎異寶曆中張宣自越府戶曹當調夢一女子謁之謂曰妾有十一口在貴境及寤不知所謂巳而得安吉令乃知一女是安字十一吉字也後秩滿復夢前女云明府今又當宰妾之邑然妾家止餘三口矣未幾得臨安臨字有三口字也齊州有人病狂夢歌曰五靈華蓋曉玲瓏天府由來汝府中惆悵此情言不盡一丸蘿蔔火吾宫又歌曰踏陽春人間二月雨和塵陽春踏盡秋風起腸斷人間白髪人後遇一道士作法治之乃云夢中見一紅裳少女引入宫殿皆紅紫飾小姑令歌道士曰此正犯大麥毒女則心神小姑脾神也按醫經蘿蔔治麵毒故曰火吾宮即以藥并蘿蔔食之遂愈黃庭堅初見僧清老清云學士前身是一女子我不詳語後日到涪陵當有告者黃旣坐党人遷涪夢一女子語之曰我生前誦法華經志願後身爲男得大智慧爲時名人今學士其後身也學士年來所患腋氣緣我棺朽蟻穴兩腋故有此苦後山即我墓啟而除其蟻則腋氣除矣旣覺訪視啓墓如言除戢腋病遂平萬松爲寒山寺僧曉鐘不誤刻畫忽夢一烏衣婦人哀泣拜請言師父撞鐘我便當殺今懐胎未牽殺死非止一命千萬慈悲今夜且不撞鐘僧起林香告于佛前念經達旦一猪屠叩門來問爲何昨夜不聞鐘聲僧以夢對屠曰毎夜早起聽鐘響後宰猪昨夜不見鐘響到天明看猪圈中有一猪産小猪十餘心甚異之特來問老師太今當攺業從善遂出家盡棄其産室以作布施,9950
卷之六,人物部,男女,夢占女子化男部大吉,占夢之者主陰轉爲陽主作事遂意曰疾病除口舌散凢事無不吉利者終,9968
卷之六,人物部,男女,━━━━━━━━━━━━━━━━━━━━━━━━━━━━━━━━━━━━━━━━━━━━━━━━━━━━━━━━━━━━━━━━━━,卷之七,9977
卷之六,人物部,男女,━━━━━━━━━━━━━━━━━━━━━━━━━━━━━━━━━━━━━━━━━━━━━━━━━━━━━━━━━━━━━━━━━━,,9979
卷之七,形貌部,身體,身體類全現巳身大吉,占人之相貌誰能自知自知之明徵祥備矣曰君子得之榮顯小人得之康健當默識之顧虎頭名愷之嘗夢自巳面目肌髪睆然如鍳其詳之曰反照其體膚此自知之妙後果名重天下唐裴度狀貌奇異良工莫能繪其像毎畵儀容則曰吾不知似是否俄夢身立兩廡見其體膚旣覺題小像曰爾貌不揚爾才不長胡爲將胡爲相一片靈臺丹靑莫狀,9995
卷之七,形貌部,身體,身飛吉,此夢身不着地是高飛遠舉之兆智者得之高明占顯者得之高陞求利得之活潑英䧺得之揚名酒曰醉得之氣盈病者得之身輕窮居得之可度訟者得之無爭但以時日向背論吉凶,10003
卷之七,形貌部,身體,身生羽翼大吉,漢高祖見四皓曰太子羽翼巳成黃庭經曰羽翼巳成正扶蘇蓋以秦扶蘇夢失羽翼竟中趙高之占謀若夢生羽翼必是有扶持之兆帝王得股肱之曰良佐臣子得烏臺之顯爵貧賤之流必遇好人扶助若女子非佳兆也,10007
卷之七,形貌部,身體,畵兩翅在身大吉,占兩翅者二支也又兩次也有吉無凶曰夫翅非翼也翼似飛鳥翅似飛蛾齊世祖武皇帝賾年十三夢人以筆畵身左右爲兩翅後踐大位,10011
卷之七,形貌部,身體,身生一翼一翅,占無佐者吉或左或右有人助之爲飛爲逸吉曰有兩人相輔而夢一者必失一個人也不吉,10017
卷之七,形貌部,身體,身上生甲吉,甲者天文之首稱故爲百物之長于于爲首于蟲爲水于人身爲心于神爲六甲于衣裝爲戰爭之占具于政事爲諸役之長爲甲長爲科甲以其形在曰外而用在中也夢生甲者爲壽增一紀爲身登黃甲爲有人護持皆大吉或云龜爲甲蟲之長于閨門爲不佳之兆,10021
卷之七,形貌部,身體,出身露體無掩閉,此出身顯達之象夢暑吉夢寒凶夢立吉夢臥凶仰吉俯凶赤壁之戰蓋某爲曹將干人長夢赤身伏水上松檜森森覺見舟中火起𨁂入水中逃出占遁江而走降吴又夢赤身伏深山大樹下自謂不曰吉逃歸至墓所見亡父尸宛如夢中身乃知亂離時爲人盜墓號泣攺塟未朞卒諸葛聞之曰身體髪膚受之父母父安亦安父危亦危故曰卜其宅兆漢大匠倪榮夢露體于烈日之下次日武帝召作露臺蔡邕隠居嵩山之陽夢裸立于河上嘆曰吾其無遯乎果被召,10025
卷之七,形貌部,身體,婦人出身吉,此夢女子出身夫榮子貴之兆也士人得之婦音占戊也人音辰也必主戊辰年月與日當獲出身顯曰揚光耀女子未嫁時夢之當得賢偶才郎,10033
卷之七,形貌部,身體,自訪巳身無覔處凶,精隨氣氣隨神神者人之本來也神與䰟俱精氣占在魄魄者血肉之軀也氣聚則生氣散則死神魂曰蒼黃者心神亂心神亂者氣旺不死氣衰不生夢尋巳身無覔處氣散形變也,10037
卷之七,形貌部,身體,身臥魂飛,貞吉否凶卜歲童子䰟飛帳上驚覺不知所寢父使良醫治之服藥不效其師嚴戒之諸病皆瘳,10041
卷之七,形貌部,身體,身體光滑吉,占孽散災消憂除愁解利茂名登病瘳運泰曰諸事皆祥遂吉貴人夢之主德隆譽廣,10046
卷之七,形貌部,身體,身短異平日,貞吉否凶知者才長夢短則心神短淺勇者力長夢短則氣占血虚耗仁者德長夢短則天紀將畢冨者利長夢曰短則家貲將盡貴者名長夢短則貶謫之兆惟罪犯徒流夢短遇赦之兆也,10050
卷之七,形貌部,身體,一身長大如泰山大吉,占此夢名重天下之兆也曰,10055
卷之七,形貌部,身體,身大如天,貞吉否凶梁武帝功年嘗夢身大與天同果爲天子後餓死於臺城,10059
卷之七,形貌部,身體,身中又生一箇人,北齊文宣帝天保年侍臣李廣以才學兼御史修國史嘗早朝未明假寐忽驚覺謂其妻云吾夢中忽見一人出吾身巾語云君用心過苦非精神所堪今辭君去因而惚怳不樂數日便遇疾卒,10064
卷之七,形貌部,身體,斫半身坐頭上,宋劉渭金華人同志有夢一人斫劉沆半身而換之渭復坐沆頭上旣登第乃知沆渭二名半邊異故爲易半身沆中㮄眼渭中狀元故坐其頭上爲劉渭中元之兆也,10068
卷之七,形貌部,身體,身軀扁薄凶,占扁者貶也精血不足之象侍中上曰官夢巳身扁薄其年貶爲典簿,10072
卷之七,形貌部,身體,身小如兒童,占老年夢此再世生身少年夢此學問不足病曰人夢此不祥脩行得道者夢此是體中嬰兒,10076
卷之七,形貌部,身體,一身二叚,占文人應試伊尹命題曰武將臨期身首異處,10080
卷之七,形貌部,身體,一身變爲三,占此三生同會一時三魂各分一處曰因詳此夢動靜語言以驗吉凶人生一身三䰟三性六魄六氣五臟五官六腑六吏五形五體七竅七宰又有七表八裏九竅十二重樓六經六絡肺經七十二竅九州十二分野上下與天地同又有三百八十四竅三萬九千六百毫竅又有龍宫虎穴羊車鶴巢嬰兒妰女三神九司氣屬一身分而爲鬼三尸五鬼變作萬千百億態度胎成者壽胎消者天夢䰟顚倒全在胎中夢吉則吉夢凶則凶變化異常惟邪正衰旺之分耳陽旺則吉陰盛則凶三五九卜二吉四六七凶,10084
卷之七,形貌部,身體,身掛立高牆中,姚仲賢年十五夏夜夢庭中玩月歩入高牆掛足而立師聞之曰非隹兆也後果無家,10090
卷之七,形貌部,身體,身陷入地吉,占半身在上者是出頭之象得土之兆吉夢也曰或夢橫或夢俛或夢没入土中皆爲大凶,10094
卷之七,形貌部,身體,一身都是鬼大吉,占隸卒衆多之象眼見許多鬼衆魁同寅者乎巳身曰在中大干衆位其爲元之兆乎兆此者金㮄第一,10098
卷之七,形貌部,身體,身忽黑凶,占身若紅黃光彩富貴之兆身忽昏黑暗昧灾禍曰突至疾病臨身不祥之夢急宜保禳解鎭无咎,10102
卷之七,形貌部,身體,遍身華彩如虹大吉,占此文明之象又爲金光爲好光景爲美觀爲美麗曰得華服之兆但丙丁日天火日夢之宜防火燭,10106
卷之七,形貌部,身體,洗身被跌,占洗者去穢交新也跌者阻隔遲緩也曰夢者宜細推當土几事延緩之象,10110
卷之七,形貌部,身體,積薪起火焚身大吉,趙光祐家貧無依作蕃牙主一日蘆客相爭價客自棧會酒潘樓光祐醉旪几側夢薪中火起身被占焚驚悟而蘆客去矣以告店主曰吾夢云云當不曰生矣主曰身發才發千金之兆果爲虹橋第一富主焉,10114
卷之七,形貌部,身體,疥癩瘡癤滿身不沭凶,占爲人子者夢之父母有災平人夢之爲人曰來損之之兆小兒童夢之須防即日眞應,10118
卷之七,形貌部,身體,遍體生毛吉,占毛者血氣之餘肺主皮毛蓋肺之餘氣曰也夢生毛爲文明之象又爲掩閉之象齊世祖頥少時夢遍體生毛如髪長垂至足後爲帝應豪盛之徵,10122
卷之七,形貌部,身體,遍體生鱗吉,占春屬木其蟲鱗于臟腑爲肝之餘氣生鱗乃曰血氣有餘之兆又爲化龍之象其吉可知,10128
卷之七,形貌部,身體,遍體無皮凶,占兩人皮是彼也波者水之皮也皮有病爲疲也曰無皮露肉肌也皮膚父母也無父是無衣也,10132
卷之七,形貌部,身體,詳玩五體吉,占惟善養者得有是夢若非用心調理者則是曰一時之惑耳若夢他人玩我者囚多吉少毘陵吴氏年三十三誕日夢玩弄五形因察四體曰非藥食所能治必以火治之明旦問醫者醫者云你見何處有損告之曰五處皆薄泠乃炙之病痊壽至九旬,10136
卷之七,形貌部,身體,體濶大吉,占濶者活也病人夢濶不死訟事夢濶必得意曰女人有孕夢濶生男少年夢濶爲肥壯之兆,10142
卷之七,形貌部,身體,半邊形體不見貞吉否凶,貞吉否凶占是左癱右瘓之象若人遇難夢此者是半曰隱遯也急以正心調理之道亦可移吉,10146
卷之七,形貌部,身體,體分成二身,占一人兼兩人之事棄產成家曰一國作二國之王分京各主,10151
卷之七,形貌部,身體,體上有誌吉,占此夢身羅星斗之象士人顯名女人育貴曰隨其誌之所在及所見而詳之不可拘一,10155
卷之七,形貌部,身體,體熱如火,占貧者得衣孤獨有喜曰病寒者生病勞者死張敬兒妻謂敬兒曰昔夢手熱如火而君得南陽郡後夢半身熱而君得襄陽令今復夢舉體火熱矣有閹人聞其言告之世祖踰時而敬兒伏誅楊狗狗冬卧無被夢身熱如大火明日大醉,10159
卷之七,形貌部,身體,遍體生瘡疥吉,占夢瘡是昌盛癩疥是有所倚賴生癬爲宣曰明都吏夢生瘡出血以舌舐之選爲倉官,10167
卷之七,形貌部,身體,遍體蓬塵灰土,占主被辱曰,10171
卷之七,形貌部,身體,五體皆斷凶,占股肱心臂不相接此夢主分離之兆曰名利廢交友無情病體劇作事無成,10175
卷之七,形貌部,身體,光彩倍常大吉,占神清氣旺故有此夢病者得之非佳兆也曰若他人夢見病者光彩不比平日大凶,10179
卷之七,形貌部,身體,肥吉,占貧人夢肥財來致富富人夢之族富家財曰長旺冲齡夢此大吉病者夢肥無藥可治,10183
卷之七,形貌部,身體,痩,占夢痩者骨力强壯之象少者夢之家貧無患老曰者夢之老窮富貴者不祥女子懷胎夢大凶,10187
卷之七,形貌部,身體,長大吉,占長者長也爲衆人之長爲長利爲長旺大吉曰爲長壽爲才長爲德長爲長策病夢變長凶,10191
卷之七,形貌部,身體,方吉,占方者方也爲方正爲得方爲有方爲方曰法爲有事有防惟病人夢方者必死,10195
卷之七,形貌部,身體,圓大吉,陸太師夢身肥體圓如毬三朝寵愛僧如不來夢身圓如泡得衆人緣,10199
卷之七,形貌部,身體,半隱半露凶,占胸藏背出不爲祥露尾藏頭定有殃曰鬼魅眞情從此現仙遊借意莫思良,10203
卷之七,形貌部,身體,如木偶人貞吉否凶,貞吉否凶占此爲偶然也求名利者夢此當是有人提挈曰衣錦榮歸之兆病者夢此是筋絡枯槁也,10207
卷之七,形貌部,身體,如老季景象貞吉否凶,貞吉否凶占一少年病後夢身如𦒿耋兒孫滿前果大壽曰一豎子夢巳身老皮皺鬚鬂皓然未旬卒,10212
卷之七,形貌部,身體,隱入字紙內,占此夢學者之美䜟也身入書文名傳于載但曰看所入是何紙何書何字可定終身徵驗,10217
卷之七,形貌部,身體,丈量尺寸,占數有定也富貴壽祿所係多則吉少則不曰吉若病者夢此其數與年歲相同者大凶,10222
卷之七,形貌部,身體,稱輕重吉,身輕諸事便宜有吉無凶體重名重爲人所重大占吉兆也稱者衡也衡者平也有平之象衡者橫也曰有横之占,10226
卷之七,形貌部,身體,與人比并大小高低,占大吉小凶高吉低凶曰,10232
卷之七,形貌部,身體,剛健勇猛,平日强壯力有不及者夢之大吉平生衰弱多病忽夢體健力勇剛猛異于常時大凶,10236
卷之七,形貌部,身體,懶惰凶,左軍偏將軍孟虎有大力善戰忽夢解甲坐帳中倦怠特甚遍體若疸痪向人曰吾今懶惰勿來名我入陳旣覺問諸將佐莫能詳者未幾暴卒,10240
卷之七,形貌部,身體,寒如臨氷履雪凶,占覺來眞冷是睡不安甦後安和心事驚疑有曰大災出行在路須防盜賊或家中有事耳,10244
卷之七,形貌部,身體,寒顫大凶,占主有虚驚若在清閑燕安之際夢此曰者須防疾病又防孝服口舌之灾,10248
卷之七,形貌部,身體,剝瘡蓋吉,占主得錢財若夢瘡蓋失落是克剝曰錢糧之象又爲灾悔消除之兆,10252
卷之七,形貌部,身體,倒立凶,占頭在地下足反在上夢醒安然者其禍小若曰心中不安者須防水火之灾或下欺上者,10256
卷之七,形貌部,身體,横跌着地凶,占仰吉俯凶夢痛大凶曰或因疼痛夢之不妨,10260
卷之七,形貌部,身體,立在空中四懸不着實凶,占無所倚歸之象曰,10264
卷之七,形貌部,身體,跌入水中,占此乃神歸腎腑之夢夢後七日曰内防有火災水厄過旬無忌,10268
卷之七,形貌部,身體,見配偶作二形凶,占夫夢女其妻有外意曰婦夢男其主有二心,10272
卷之七,形貌部,身體,不出身體見腑臟骨節,貞吉否凶骨節在皮膚内若夢露骨巳爲不祥况又現臟腑於肌體之外必非吉兆現在衣裳之内是肌膚淺占薄之象作事有隱情者夢此是露出本相病人夢曰此是棺槨難保惟訟事𡨚屈被仇家誣陷者必得辨明枉屈解禍爲福有所蓋蔽吉兆也,10276
卷之七,形貌部,頭額,頭額類頭頸香馥大吉,髪濕汗則頭氣領油汗則頸臭夢中有香氣馥䭲占必有佳祥若夢頭頸香馥則是六經神清運通時曰泰身貴顯榮衣豐食足嘉兆也其將有喜慶之事乎,10284
卷之七,形貌部,頭額,看見頭頂吉,人對鏡照不見頂顱夢中自視其頂是日光高舉占頭顱榮顯爲官在任或候選或求爵祿得此夢者曰皆現有頂頭之象若夢見别人頭頂者反此求名利求財起家作事謀爲皆吉,10290
卷之七,形貌部,頭額,頭長大,貞吉否凶君子首發之象文墨士人爲學問長成富家大族占爲宗支官貴妻妾奴隸爲主翁爵祿壽清閑隱逸曰爲壽增神旺但夢頭長而身微凶,10294
卷之七,形貌部,頭額,斷頭而行大吉,占見羣龍無首吉天德不可爲首也曰兆主喜慶來至平人主事無頭緒,10299
卷之七,形貌部,頭額,換頭大吉,占求名進取必居第一平人覔利頭等交易若曰病人夢此無藥而瘳未病夢之夢後得病死賈弼之夜夢一醜人請曰愛君之貌欲易頭可乎夢中許之明旦起不自覺而家人悉驚走咸云那漢何來弼取鏡自照方知怪異後能半面啼半靣笑兩足手口各提一筆俱書辭意俱美,10303
卷之七,形貌部,頭額,引劒斷頭大吉,占頭斷未嘗無劒引尤吉惟臨敵交戰爲絕兆病人曰見之爲無病徵女子夢之主孕育生男亨嘉之兆南唐烈祖周宗請之烈祖曰夜夢人引劒斷吾首宗下拜賀曰當冊立居數日而内禪,10309
卷之七,形貌部,頭額,尋頭吉,占無頭光景之兆曰,10313
卷之七,形貌部,頭額,斫頭大吉,斫作音同又斫必利器文人當作狀元郎貧人必占有人提挈手藝糊口者得爲衆人之長八卦乾爲曰首作事初起爲首也斫頭露血大吉之象,10317
卷之七,形貌部,頭額,頭被人斫落大吉,相國劉沆天聖中赴省試夢被人斫落頭心甚惡之有鄕人釋之曰狀元不到第十二只得第二人後果第二人及第,10321
卷之七,形貌部,頭額,斫取人頭吉,占取者獲也頭者首位也夢此者文人曰首㮄武士首功諸事進達之兆,10325
卷之七,形貌部,頭額,一頭三面,占兆主交易契劵得成之占曰作事有光彩當敵防伏兵,10329
卷之七,形貌部,頭額,變豹頭貞吉否凶,貞吉否凶占君子豹變小人革靣曰,10333
卷之七,形貌部,頭額,頭變龍形大吉,平歩靑雲上升霄漢此騰蛟之象也變化異常惟占帝王夢之有頭無尾之象昔有郡王得此夢自謂曰大吉次年謀爲不軌被誅,10338
卷之七,形貌部,頭額,頭化作鳳凰吉,占鳳凰頭上客百烏盡知音此夢文官曰入相武將封矦女戴鳳冠老而育稚,10342
卷之七,形貌部,頭額,頭痛吉,夢中疼覺後疼不止是病非夢覺來時安不知痛占者好夢賤者貴貴者升職貧者得財閑逸者多事曰有喜慶之兆若有病在身而夢痛者是其神痛而形似不疼也,10346
卷之七,形貌部,頭額,頭上有火星,占少陽從心中出爲夢中火太陽寒水得之而濟曰火點冲天是吉祥富貴火星落地子孫殤夭,10350
卷之七,形貌部,頭額,頭中出水滴凶,占此夢血枯水狼籍點水便成氷髪渝多曰污穢不祥孰甚焉又爲火災當自警戒,10354
卷之七,形貌部,頭額,藏頭,占此夢文人夢之掛冠歸里曰諸事宜小心不宜出頭,10358
卷之七,形貌部,頭額,戈擊頭墜凶,晉獻子弑厲公後伐齊夢與厲公訟弗勝公以戈占擊之首墜于前跪而戴之捧之以走及戰克齊生曰瘍子頭濟河病日而卒,10362
卷之七,形貌部,頭額,頭頸斷復聯大吉,占乾坤交接震兊和洽曰死而復生貧窮再富,10366
卷之七,形貌部,頭額,頭忽平扁,貞吉否凶夢頭頂平者大吉平帶扁者小吉頭平而頂中有占坎者當以夢中所見他事并詳之蓋平頂有潭異曰相也夢者必有心事,10370
卷之七,形貌部,頭額,頭𧢲峥嶸吉,頭𧢲者天靈兩旁峥嶸佳兆也士能文兵善戰工得名商獲利賈多主顧農多耕植僧高病火上升占爭訟有便宜諸輩夢此皆大美也困窮拂抑流離曰顚沛夢之大吉婢妾夢之得寵吏椽𨽾卒夢之貴兆也,10375
卷之七,形貌部,頭額,頭生兩𧢲大吉,狀元鄭解未第時夢浴玉龍池視水中影頭上生角果及第,10379
卷之七,形貌部,頭額,頭生一𧢲,魏延夢頭生角以問占夢趙直直詐曰麒麟有𧢲而不用此不戰而自勝之象退而告人曰𧢲之爲字刀下用也頭上用刀其凶甚矣果爲楊儀所殺,10383
卷之七,形貌部,頭額,頭生羊𧢲大吉,占解字也平人主事曰解散惟貢士爲祥,10387
卷之七,形貌部,頭額,頭顱生草,占頭出草木有生發也夢此者士人加冠貴人錫曰纓病人不祥女人主有草頭之姓匹配良緣,10391
卷之七,形貌部,頭額,頭上䪿門忽開大吉,占兆主逺行䪿者性也性開情達之象愚曰者智多憂者豫惟守藏庫者宜防失脫,10395
卷之七,形貌部,頭額,頭中無腦貞吉否凶,貞吉否凶占空虚之象病者夢無腦是陽虚必曰死诸事皆凶惟訟者夢見大吉,10399
卷之七,形貌部,頭額,將首與人凶,占此夢以我之頭爲人之頭乃交易曰不成之象文人應試不得首薦,10404
卷之七,形貌部,頭額,自求其首吉,占眞無首䰟去求頭在頸何須如此向來事曰事無頭緒今日求來眞有𧼈求得大吉王琳爲吴明徹所殺傳首陳庭朱瑒致書於陳以求琳首明徹亦夢琳自求其首爲啓陳主而與劉韶慧等持其首還于淮南人送柩達鄴乃塟,10408
卷之七,形貌部,頭額,梳頭大吉,占法通道合得理有儀凡夢之時値多慮多曰憂今朝暢快事當難蘇難省今後清安,10414
卷之七,形貌部,頭額,人坐其首坐人首,夢人坐者被人欺在人頭下與人合他尊巳卑爲占人役足踏其上如夢坐人者人來頂我我爲尊我曰去踏人人得力大吉周方正幼夢坐于人首而上又有人坐于其首以告父母父母曰一人之下萬人之上此大貴兆也及長不第老而鄰里推之爲方正有司惟其言是聽,10418
卷之七,形貌部,頭額,被人斬首持去,貞吉否凶夢殺非殺是爲人取其首之象故得人力若被人占持去則大辟乃五刑之最棄家國如棄敝屣盡忠曰孝必盡其力天必祐之齊景思王高浟素有令望一夕其妃鄭氏夢人斬浟頭持去數日後羣盜田子禮等謀刼浟爲主詐稱使者牽浟上馬欲引向南殿浟大呼不從遂遇害爾朱世隆嘗晝寢其妻奚氏忽見一人持世隆首去驚而就視世隆寢如故旣覺謂奚氏曰適夢人斷吾頭持去意殊不適未幾見殺,10426
卷之七,形貌部,頭額,持巳首吉,頭不在頸上是其念不在街頭巷腦自巳持首是占所持執無他也非大才者無此夢夢此必在頭等曰頭名諸事皆然,10435
卷之七,形貌部,頭額,持三首大吉,占此夢文人得之聯報三元武士得之三戰三曰勝官宦得之位列三台平民得之利獲三倍,10439
卷之七,形貌部,頭額,生出兩首凶,一身二首事二主也小人行事兩家作主婦女夢占之夫不祥奴僕夢之主人殃學文學武俱稱意小曰人買賣頭頭利,10443
卷之七,形貌部,頭額,以首承日大吉,占首爲乾日爲離離在乾上大有也曰日者天之子天子之下一人也賈隱林奏上曰臣嘗夢日墜以首承之帝曰日非朕耶因令隱林紏察行在,10447
卷之七,形貌部,頭額,首變似虎大吉,占虎屬寅同寅協曰㳟大貴兆也唐李勝美爲太宋夢頭變虎頭意不悅其妻問君夢變虎頭否李驚曰何以知之對曰夜夢臨鏡照妾頭是虎頭妾甚懽蓋君龍臣虎必有封誥旬日後召爲右相夫婦加封,10453
卷之七,形貌部,頭額,首變蛇,占爭訟口舌百事不利如合曰夥作事當爲衆人之長,10459
卷之七,形貌部,頭額,頂刅吉,占危而得安之象刅者忍曰也凡事宜忍耐爲佳,10463
卷之七,形貌部,頭額,露頂出門凶,占此夢無冠之象曰又失財之占,10467
卷之七,形貌部,頭額,頂顱光大吉,占頭上光明而廣大此夢文人大貴常曰人不利病人不祥高年主有老運,10471
卷之七,形貌部,頭額,頂尖,占小人吉大人凶曰,10475
卷之七,形貌部,頭額,頂中生出童子大吉,占上人寵生男兒一人得兩人之曰壽又爲修煉家嬰兒姹女之象,10479
卷之七,形貌部,頭額,生鳥獸于頂顱大吉,羽蟲爲陽毛蟲爲金夢之者陽長陽長壽徵又爲占金冠之象曰鳳翅冠曰豸冠曰蟬冠曰貂尾加冠曰上皆大貴者所服也若貧賤者夢之頭頂生意之兆,10483
卷之七,形貌部,頭額,點額大吉,占德占天罡名傳國史夢人點我額驗曰在尊重名號士中首甲平民得利吳孫權夢神點朱于其額晝問熊循循對曰君王天下主其兆在兹乎果驗○宋黃由夢人點其額果及第,10487
卷之七,形貌部,頭額,額上加頭如獸面大吉,占夢此者官爲顯長將爲帥長吏爲衆曰人之長必封王矦大爵世襲公矦,10493
卷之七,形貌部,頭額,額上生蠅吉,生生不巳資財滿盈英雄豪傑名成利增惟病者夢之不吉,10497
卷之七,形貌部,頭額,安耳于額吉,耳主聽于五行爲金于五臟爲肺于八宮爲坎坎占者北方之卦于天象爲月于納音爲通邇者近在曰目前之謂于相貌之識爲高聳夢之當與人言合當有遠信至有吉非凶兖州張審通夢爲泰山君所召令爲詞判錄申天曹天曹允之君悅與審𨒝額上安一耳旣寤覺額癢果生肉如耳時號三耳秀才,10501
卷之七,形貌部,頭額,額中生一目大吉,占文人爲一目數行之象曰是天門開也主貴壽,10509
卷之七,形貌部,頭額,額上生唇舌凶,口開額上是爲强辨夢主爭訟作赤口之象舌者占心之苗心苗不在頥而出干天庭於唇爲午於穴曰爲司空其凶可知矣,10513
卷之七,形貌部,頭額,額生長毫大吉,占顙出長毫是夢中天庭豪邁必成功曰文明俊傑多榮顯短短粗毛便見凶,10517
卷之七,形貌部,頭額,拍額吉,占自拍巳顙心中快也人來拍之得人力也拍人曰之顙將誨之也如此夢者必得進取必能去病,10521
卷之七,形貌部,頭額,掩額露頭面貞吉否凶,貞吉否凶占假寤佯羞隱風厭雨革㡭曰奸陰厲態覆蔽昆儕妙情,10525
卷之七,形貌部,頭額,額上㸃珠粒吉,占此珠冠冕旒之象曰兒童夢之防跌李貴妃年十二有農夫聘之母夢額上垂珠結彩諸子皆然曰正値亂離多生幾粒寐醒驚悔以語鄰婦鄰婦曰此壻必當大貴咲曰耕夫大貴富家大族何如後高宗南渡選入宫爲貴妃父母弟妹皆授官爵,10530
卷之七,形貌部,頭額,額上生一癤吉,占男得美名女爲貞潔曰,10536
卷之七,形貌部,頭額,被人剌額凶,占逺行防盜安居慮疾曰刺之者誰詳審可測,10540
卷之七,形貌部,頭額,額上畵山吉,占主遠行也女子夢曰之爲畫眉之象盧俊夫夢靑衣童子執彩筆畵泰山干其額問諸善卜者曰當作岱宰果遷兖州司戶,10544
卷之七,形貌部,頭額,額上生五彩吉,占增爵增福壽增一紀曰,10550
卷之七,形貌部,頭額,額上書名大吉,占求名求利與求人必得高明曰若行邪路作非爲必然被戮,10554
卷之七,形貌部,頭額,額上畵朱圈大吉,占上人取用之兆曰佛收病者之夢,10558
卷之七,形貌部,頭額,易去頂骨吉,占愚者智智者愚貧者富富者貴頂骨名曰天靈夢中換易天易之也欺心者凶,10562
卷之七,形貌部,頭額,𧢲上掛刀凶,占主䘮服生𧢲本非佳掛刀何所用刀用爲曰𧢲掛刀增一點甬字也宜以人地推之,10567
卷之七,形貌部,䪿腦,䪿門開復合大吉,占諸事皆吉貧窮孤曰苦當合同心之儕,10575
卷之七,形貌部,䪿腦,劈開䪿門入藥大吉,占諸病皆除之兆多曰愁慮者有樂事至,10579
卷之七,形貌部,䪿腦,破䪿門腦流出凶,占腦者胎中之寶夢此者祖業散亡非命之曰兆若與人爭門者夢之攺惡從善則吉,10583
卷之七,形貌部,䪿腦,䪿門不動腦流如雨大吉,占大貴之兆金蟾之象曰,10587
卷之七,形貌部,䪿腦,開䪿見腦復掩閉大吉,占夢之者主因禍得福曰之象再離再合之占,10591
卷之七,形貌部,䪿腦,人啖巳腦吉,占以寶保人曰,10595
卷之七,形貌部,䪿腦,鹽腦,晉文公夢與楚子搏楚子伏巳而鹽其腦文公懼子犯曰吉我上向爲得天楚子下向地爲伏其罪腦所以柔物我且柔楚矣及戰果勝楚師,10599
卷之七,形貌部,䪿腦,取得人腦,占兆得財寶曰,10603
卷之七,形貌部,䪿腦,寫字腦頭上,占字吉則吉字凶則凶曰龔用卿夢龍神呼之而前寫一狀字于其腦上果中狀元官至祭酒,10607
卷之七,形貌部,䪿腦,腦出復入凶,占大怒不寧之兆曰,10614
卷之七,形貌部,䪿腦,腦從口中出凶,占禍從口入腦者于我爲至貴于人爲至柔貴曰出則賤柔則愈弱矣女子又爲煩腦消除,10618
卷之七,形貌部,面目,面目類面大頭長與身軀等大吉,占頭高額闊天倉滿盈九竅清潔大聖賢明曰億兆百體莫見其形夢形似是南山壽星鄭叔通妻夏氏未聘時告其母曰夢一男子頭長五尺肩及足不過四尺執一綆以牽女驚省不能出聲母喜而笑曰必得賢袒矣及聘疾啞衆親族謂叔通更娶叔通弗更易旣婚生二子諧老九十餘歲,10625
卷之七,形貌部,面目,面額忽異平日大吉,神旺色潤心寛貌舒有德非庸有威可畏夢中忽占異於平時覺然神歸于本穴學長才高氣和意悅曰貴者爵祿增高威名遠振富者財益丁多貧賤者攺舊從新年少者爲他年豫兆,10633
卷之七,形貌部,面目,面生三口大吉,占貴升一品之象天三生木地曰八成之口一夢三百事大嚞,10637
卷之七,形貌部,面目,面變如鬼形吉,占陽上升曰神陰在下曰鬼鬼形魄之本來也曰夢中見之晝夜相反非變之眞是吉非患,10641
卷之七,形貌部,面目,見人面醜如鬼凶,占夢中人是誰其人必不祥同伴與曰交遊必有非心在或彼有天殃,10645
卷之七,形貌部,面目,面生黑疵凶,占夢疵在何處以相法詳之有曰凶無吉但輕重大小不同耳,10649
卷之七,形貌部,面目,面色靑黑黃痩凶,占病恙驚憂不祥之兆曰,10653
卷之七,形貌部,面目,面赤吉,占赤紫黃皆喜色夢之必有喜慶夢如醉如怒曰紅似赤而嫩爲怒爲䘮紫而無光三者皆凶,10657
卷之七,形貌部,面目,面上有金錢凶,占爲生瘡爲失物爲被人曰欺侮若夢瘡𤸱者反此,10661
卷之七,形貌部,面目,面塗垢凶,占王儁如凉州夜宿市肆夢塗泥面上窹問兄曰宻宻曰塗有難如之何果遇難儁爲賊所掠,10665
卷之七,形貌部,面目,洗去面垢吉,儁被掠隨賊而往夜夢洗面去污泥明旦其兄王宻丐食于道携子元直追至賊叩首泣曰願以子易弟賊稱其義捨之與偕去,10669
卷之七,形貌部,面目,面色枯槁凶,占枯者苦也稿者蒿也夢此者業曰消減病殞命諸事苦百憂集,10673
卷之七,形貌部,面目,引鏡自照變醜面吉,占自知之兆以自巳目睛于夢中鏡照本來美好而曰變成醜狀明鏡不能自照夢照見者自知之明也,10677
卷之七,形貌部,面目,面帶假臉吉,占詐昧佯羞之象得人覆庇之兆夢中假臉曰是其人眞形但察是何狀便知其吉凶矣,10681
卷之七,形貌部,面目,妻面變常大凶,占此爲夫妻反目之象又爲鰥寡别曰離之兆若義夫夢之爲破財之兆,10687
卷之七,形貌部,面目,見人面變,占我有喜人行禮我有災人情曰哀若是𡨚家債須防覿面來,10691
卷之七,形貌部,面目,麻面忽光顏色不變貞吉否凶,貞吉否凶占此夢乃蒙羞被辱之象若夢光彩曰異常爲大吉兆病人夢此大凶,10695
卷之七,形貌部,面目,人面生麻,占不光兆曰,10701
卷之七,形貌部,面目,半面醜美吉,占半得半失虚浮見喜之象左爲父兄長老左曰親隣友右爲弟侄幼輩右隣仇讐以此詳之,10705
卷之七,形貌部,面目,掩面凶,占掩者羞愧散藏也夢此兆者曰必有幽昧之事至懼見人也,10709
卷之七,形貌部,面目,面忽長吉,占相知久長延齡未央酒肉快樂心中怏怏曰夢長夢短眼見更移無榮無辱無變無疑,10713
卷之七,形貌部,面目,面籹粉,占男子夢之主愧耻不祥曰女人夢之主榮華都麗,10717
卷之七,形貌部,面目,面塗墨大凶,占夢見自巳主自巳身危曰夢見他人主他人心惡,10721
卷之七,形貌部,面目,洗面有蓬垢不凈凶,占有禍難逃有過難隱有仇曰難辟有病醫必當問卜,10725
卷之七,形貌部,面目,面生鱗甲凶,占遇難曰,10729
卷之七,形貌部,面目,面骨露出無皮肉如骷髏大吉,貴者夢之主易位封國君富者夢之主以財得官占爵貧賤者夢之主得横財女子夢之應在夫婿人曰君夢之應在士民皆主禎祥喜慶云,10733
卷之七,形貌部,面目,臉上畵花文凶,占君子兆之大凶小人兆之反吉曰若夢半邊花臉一事或得或失,10737
卷之七,形貌部,面目,臉帶護鬚凶,占奸邪盜賊之占曰,10741
卷之七,形貌部,面目,用𥿄糊於臉上,占詐詭隱避對敵不宜夢此須防曰奸細如病人見夢大爲不祥,10745
卷之七,形貌部,面目,面上生毛,蜀郡張裔幼遇兵亂晝寢夢顴頰生長毛問友楊恭㳟曰面無光輝隱者之象果避亂,10749
卷之七,形貌部,面目,自光照天大吉,占光明千丈博學之象曰威權萬里高爵之徵,10753
卷之七,形貌部,面目,一目吉,占細視十行逺觀千里若問財利曰滿眼金錢得此夢者富貴極矣,10757
卷之七,形貌部,面目,三目吉,左目爲太陽右目爲太陰在天爲日月在地爲離占卦南方之象天交紫微宮有三眼使者夢得此兆曰當作紫微郎若平民小事三日内有吉慶光景也,10761
卷之七,形貌部,面目,四目大吉,占照見四方之象曰,10765
卷之七,形貌部,面目,目中有剌凶,占有盜賊奸細來臨之兆曰若夢他人有刺拔之吉陳留周氏婢入山採樵夢見一女子曰吾眼中生刺乞㧞之當有厚報婢乃于朽棺中見髑髏草生眼中爲㧞之即於其處得金環一雙,10769
卷之七,形貌部,面目,見人瞽目吉,占彼見地獄我看天堂我見他他不見我他聽曰我我不聽他此夢中人也覺來以此詳之,10777
卷之七,形貌部,面目,目中有血大凶,占眼中涙流如血情乖意蹇之象若爲子者夢曰之爲泣血之兆無父母者夢之身死非命,10781
卷之七,形貌部,面目,目昏不見人物大凶,占昏昏黑黑家何處杳杳冥冥身可危若曰此夢中另有吉祥之兆不過小疾耳,10785
卷之七,形貌部,面目,怒目視人吉,占使人畏懼之象貴人夢怒主太平平民夢曰怒主生意病人夢怒肝氣旺有吉無凶,10789
卷之七,形貌部,面目,𥄑目而視凶,占夢中𥄑目視人者必有疾病災患若見曰他人𥄑目視巳是彼有非情切須防慮,10793
卷之七,形貌部,面目,目生花大吉,春光和洽萬象芬芳美景良辰目中華麗千愁解占散一覧無疑花開子結百般如意老病之人防有曰目疾,10797
卷之七,形貌部,面目,目中又生一目凶,占旱蝗災眚家事曰顚危病患重重,10801
卷之七,形貌部,面目,懸目凶,占懸目而視心事急切夢中有此出自心曰經絡伍胥懸兩目于吳城不宜夢此象,10805
卷之七,形貌部,面目,兩眼垂珠凶,占珠似淚心哀珠淚曰流夢主哭泣之兆,10809
卷之七,形貌部,面目,兩眸高出似蟹眼吉,占烏瞦出睚外龍睛之象夢此富貴顯榮之兆曰若遇難時有此夢必其目力所到禍患解脫,10813
卷之七,形貌部,面目,睛墜凶,占主凶喪晴者精之主旣墜其精何以曰得生夢此者其難免號咷之惨乎,10817
卷之七,形貌部,面目,黑白異色,占世亂身强黑者白家寒身困白者黑曰睛黃病體靑大吉口舌强梁滿眼赤,10821
卷之七,形貌部,面目,兩眼金光照土星吉,占買田取僕之兆鼻者中央之正于五行屬土又曰爲財物之主金光照鼻是費金用以成家也,10825
卷之七,形貌部,面目,睫瞼生長毛吉,宋巢元脩眉山人五𮖋病目夢目瞼毛長七寸靑衣童子曰循海不長覺後目明無恙年七十三訪蘇子瞻自循州渡海卒于途,10829
卷之七,形貌部,面目,眼瞼無毛凶,羅景鳴爲太學生夢其僕兩目皆無驗毛明旦問吴廷舉廷舉曰不祥恐主僕皆病至果驗景鳴患痢其僕患疫先卒,10835
卷之七,形貌部,面目,睛入鼻孔中吉,占志在山林之象鼻者山根主壽夢目睛曰歸于中是無心于左右也有吉無凶,10839
卷之七,形貌部,面目,納寶入眸子吉,唐李古善卜筮爲相士直言無隱人怪其犯稱爲瞽目李先生遊洛遇郭子儀曰君當出將入相再造王室子儀怒曰何言之不稽李古曰吾夜夢大寶入目睛今日得見君君是國之大寶封矦世襲後稱令公果驗其言,10843
卷之七,形貌部,面目,人引鍼剌眼吉,占目審蒼黄辨好惡見高卑夢人以曰鍼刺之不祥若病人夢之大吉,10847
卷之七,形貌部,面目,眼無瞦凶,占瞦眸子也眼無瞦差訛曰不識也驕不顧人之象,10851
卷之七,形貌部,面目,摘人眼珠納自眼中吉,占此兆目倍明名倍升利倍取運曰倍亨家倍豊壽倍增夢主兼吉,10855
卷之七,形貌部,面目,出眼眵吉,占夢此心中有不悅之人巳遠不喜曰之物巳消若患目疾者夢此即愈,10859
卷之七,形貌部,面目,換眼吉,占以龍眼換之文貴以虎眼換之武榮以鵬鶚鳳鸞曰眼換之皆貴兆以鷄犬鬼眼換之賤者之占也陶榖少時夢吏云奉符換眼吏求錢十萬換第一眼榖不應又云錢五萬換第二眼復不應吏曰換第三眼即以二丸入眼中旣寤眼深碧後相者曰好貴人相奈一𩀱鬼眼何必不至大位歐文忠知貢舉士非實學不錄忽夢數鬼換其眼去闈中閱策頗愜心志及撤闈復夢鬼云送眼還公旦起復視錄卷不盡佳矣,10863
卷之七,形貌部,面目,瞳睛兩重大吉,占此大貴之兆睛光重叠可以細端詳可以遠眺曰望聖似虞帝勇似覇王夢此是前生氣脉也,10871
卷之七,形貌部,面目,洗眼大吉,占目凈心喜眦清貌揚學文夢曰之生智慧作事夢之得光明伯禹夢目洗於河西後四岳舉之舜進之于堯堯命以爲司空,10875
卷之七,形貌部,耳鼻,耳鼻類洗耳大吉,占洗耳聽佳音見美信諸事得明之兆功名曰聞捷報商賈獲家書憂疑盡洗枉屈得白,10884
卷之七,形貌部,耳鼻,耳聾貞吉否凶,貞吉否凶占耳聾聲不聞音不辨不知逺近响寂吉凶禍曰福夢此兆者不祥病者夢之肺氣不足也,10890
卷之七,形貌部,耳鼻,修耳吉,占去穢濁進聰明也夢人修巳耳或自曰巳與人修耳者當有相識語言得合,10895
卷之七,形貌部,耳鼻,執持大耳吉,占夢此者必于有事之秋爲人解紛之兆不然曰則是與人生息得財耳似錠錠大元寶也,10899
卷之七,形貌部,耳鼻,耳旁兩重土凶,馮時範母舅馬翁者有奇術時倭冦至避居馮君所夢人與語耳旁兩重土應授非命死明日以語馮曰吾隣人有陸某者當應此夢踰時家僮自城外人報云陸巳被殺矣蓋陸字耳旁有二土也,10903
卷之七,形貌部,耳鼻,耳中蛇吉,蛇者蛇其象屬土裸虫之長曲折善聽聞心中占有驚疑者夢之有吉無凶夢蛇出于兩耳者辨音曰律聞遠近達四聰也長蛇壽徵也夢此大吉病中夢蛇入耳不祥,10909
卷之七,形貌部,耳鼻,三耳四耳吉,占攝行相曰位之兆万侯卨赴試夢生四耳一靑衣童子曰相公三耳這一耳當取去果及第職居翰苑權如冡宰,10914
卷之七,形貌部,耳鼻,被人割耳去凶,占五刑也耳以觀貴賤斷貧富能曰察聽知律呂也夢受刑不祥矣,10920
卷之七,形貌部,耳鼻,耳内生長毫吉,占肺氣盈腎水旺故有此夢曰當時消息好到底嵗年增,10924
卷之七,形貌部,耳鼻,耳上生龍𧢲凶,占龍在耳上聾字也龍無耳以𧢲聽夢曰巳應此夢他人耳生𧢲者必有非心,10928
卷之七,形貌部,耳鼻,耳無孔凶,占耕植歲大旱行人信不至兒童學不長曰婚姻事不成病人多閉塞亂世少憂煎,10932
卷之七,形貌部,耳鼻,中流血污肩大凶,占爲人子家中有變曰爲人父自巳身危,10938
卷之七,形貌部,耳鼻,耳内生出肉凶,占家人受辱曰,10942
卷之七,形貌部,耳鼻,耳内生舌大吉,占甜言美語朋相契傾聽良詞樂在中曰表裏心苗和腎水情諧志協幸遭逢,10946
卷之七,形貌部,耳鼻,兩耳垂乳旁大吉,占爲人臣爲人友惟汝言是聽好修行曰奉佛教得自在安閒生男生女之象,10950
卷之七,形貌部,耳鼻,移耳頂上吉,占主遠行有威可畏有信可通虎比將曰才馬比君子夢中形像何若乎此,10954
卷之七,形貌部,耳鼻,移耳口下,占口在上耳在下以手移之揖字也久無交曰友夢之必有客至廣交天下謙尊而光,10958
卷之七,形貌部,耳鼻,脩耳見丹砂大吉,占此身榮家富延齡再度子孫昌茂災病無曰憂之夢也凡夢脩耳不拘痛泥血皆吉,10962
卷之七,形貌部,耳鼻,耳生兩顴鬂在耳後吉,占顴權也權乃稱錘便宜行事爲權曰夢此者月下有佳音有遠信至,10966
卷之七,形貌部,耳鼻,鼻長大吉,占中年發達之兆人之生也三十日壯四十日曰强鼻主富其運在四旬外夢見長大佳兆也歸汝威少喪母繼母讒父失愛恒飢面黃瘦鄰里親族皆夢其鼻長大因呼爲菜大人後成富家年八十餘無疾而亾,10970
卷之七,形貌部,耳鼻,鼻上有長毛貞吉否凶,貞吉否凶占鼻上長毛非富貴之兆也夢者主名曰不遂財不聚惟老年夢之又爲壽徵,10976
卷之七,形貌部,耳鼻,鼻上蝇集凶,何晏問管輅曰連夢靑蝇數十頭來在鼻上者何意輅曰鼻者艮也此天中之山靑蝇惡臭而集之位峻者顚不可不思害成之戒故山在地中曰謙雷在天上曰壯謙則裒多益寡壯則非禮勿履君矦上追六爻之旨下思彖象之義然後三公可决靑蝇可驅也晏不能聽以及于禍,10981
卷之七,形貌部,耳鼻,被人截鼻吉,占其人天且劓無初有終得曰此兆有禍必輕有病必療,10987
卷之七,形貌部,耳鼻,易正鼻大吉,徐勉夢神人携竹籃其中皆人鼻視徐曰形相不薄但鼻曲而小乃劓徐鼻于籃中擇一鼻易之神𥬇曰好一正鼻郎旣竊鼻果正歷官正郎,10991
卷之七,形貌部,耳鼻,鼻孔𤇆出吉,占土中飛霞光騰大地之兆也文曰人夢此大貴常人夢此大利,10995
卷之七,形貌部,耳鼻,鼻腐爛凶,占鼻準齊而豊起富貴之兆腐爛大曰凶也夢者臣僕𮞸殃田土失脫,10999
卷之七,形貌部,耳鼻,增一鼻貞吉否凶,貞吉否凶占土星人靣之主也增者贈也夢者寵臨曰祿至陞遷之兆出行大吉尊位得圭,11003
卷之七,形貌部,耳鼻,鼻涕入口中吉,占口舌消散是非解釋之夢涕自鼻中出曰將來嚥入喉明朝多酒食爭訟各含羞,11008
卷之七,形貌部,耳鼻,洗鼻大吉,占只洗鼻不洗兩顴口耳是外靣無事但清曰心肺之象除去憂疑取來香馥大吉之夢,11012
卷之七,形貌部,耳鼻,鼻塞凶,占氣不通也胃口肺門壅閉污濁必値臭穢曰故有此夢不然則是心中藴結遭惡境也,11016
卷之七,形貌部,耳鼻,鼻内生長毫吉,占肺氣充盈之象夢曰主英豪輔弼之占,11020
卷之七,形貌部,耳鼻,鼻上生𧢲大吉,韓滉幼讀書夜坐帳中忽夢鼻梁下生一角狀如占笋色如玉驚窹聞之者曰此通天犀之象果大貴節制曰三吳,11024
卷之七,形貌部,耳鼻,鼻齃内生牙大吉,占兩虎排牙威曰振千里之象,11028
卷之七,形貌部,耳鼻,鼻無兩孔吉,占夢此者氣通暢象應曰虎豹大吉無息者凶,11032
卷之七,形貌部,耳鼻,鼻口相聯吉,心細不發形之象鼻下唇上有竅名人中人之心占神所居出入之竅夢無人中者心神不露也神藏曰則安安則和和則康寧而知慧曾益休哉,11036
卷之七,形貌部,耳鼻,鼻中無息,占當有朋友相愚曰,11040
卷之七,形貌部,耳鼻,鼻孔乾,占平安夢乹當有恙病中夢乹藥曰未良遠行防雨露酒醉亦無傷,11044
卷之七,形貌部,耳鼻,鼻柱傷大凶,占大痛無聲之兆此夢主闘毆刼殺家曰破難存爲人母者夢之子孫夭殤,11048
卷之七,形貌部,耳鼻,鼻在顴側大吉,占左輔右弼之象曰秦檜出使大金宿驛中夢臥龍舟以鏡自照顴右生鼻金衣人言相目正口不正左顴右鼻楚衡王大祻寤書問家中夫人曰右弼丞相也楚衡岳也勿對人言後爲高宗所寵岳飛被害,11052
卷之七,形貌部,耳鼻,鼻上有火星凶,占家人离散曰,11058
卷之七,形貌部,耳鼻,鼻上放光如燈吉,占威權萬里光輝千丈平曰民夢之須防灶下火災,11062
卷之七,形貌部,耳鼻,鼻上有黑㸃凶,占陰人起禍之象曰,11066
卷之七,形貌部,耳鼻,鼻赤吉,占酒醉鼻頭紅先知兆夢中曰,11070
卷之七,形貌部,耳鼻,鼻上裝粉,占得白之兆曰,11074
卷之七,形貌部,耳鼻,鼻煩垂於唇下大吉,損下益上之象垂隼能遮口刮又兆爲年壽增長占鼻者靣之使準者規矩準繩長長垂下外掩人中曰内隱唇舌此夢益壽延年地廣禄盛得賢僕多子多男吉祥無量,11078
卷之七,形貌部,耳鼻,鼻梁破碎,占無事破敗有財難保父母喪亡田園被刧曰若夢有血不過失財血流垂地身死人手終,11082
卷之七,形貌部,耳鼻,━━━━━━━━━━━━━━━━━━━━━━━━━━━━━━━━━━━━━━━━━━━━━━━━━━━━━━━━━━━━━━━━━━,卷之八,11091
卷之七,形貌部,耳鼻,━━━━━━━━━━━━━━━━━━━━━━━━━━━━━━━━━━━━━━━━━━━━━━━━━━━━━━━━━━━━━━━━━━,,11093
卷之八,形貌部,睂髪,睂生目下吉,妓女臣臣善歌舞無交㨶日責之忽夢日下生睂以語㨶㨶曰應有良媒來是夕從良,11110
卷之八,形貌部,睂髪,睂忽白大吉,占福壽白睂之兆諸事得白子曰孫有喜病者夢之壽增一紀,11114
卷之八,形貌部,睂髪,落一睂貞吉否凶,貞吉否凶占眼如日月睂若祥雲雲護日日附雲日月無曰雲則不能光華矣斯乃夭折孤貧之夢也,11118
卷之八,形貌部,睂髪,兩睂盡落吉,占額上光光眼上清正好光明他年老似夢曰中形眞個長生繁𤇆散彩霞明貴顯前程,11123
卷之八,形貌部,睂髪,睂分四叚凶,占左睂斷男有灾右睂斷女有禍曰冲齡應在父母𦒿耋應在子婦,11130
卷之八,形貌部,睂髪,畵睂吉,占高年夢之得延齡童子夢之得賢傅女子夢曰之良人貴貴者夢之得美姿病中夢之痊可,11134
卷之八,形貌部,睂髪,剃睂吉,占眼見光鮮此夢安曰閑富貴之兆也,11138
卷之八,形貌部,睂髪,兩睂聯如一畫,占兆主憂愁思慮高平華蓋眼前光景一曰片繁霞臉上儀容夢睂聯結懐抱難開汙蓋寫㮄時爲秉燭者所汙云,11142
卷之八,形貌部,睂髪,披髪戴冠吉,占髪被無愁結也整冠新氣象也兆曰主通亨夢巳巳就人夢人人助我,11148
卷之八,形貌部,睂髪,被髪遊市㕓中吉,占爲商爲賈利獲千金爭鬥詞訟彼屈我伸曰功名際會宰令高升貧窮孤苦閙熱康寧,11152
卷之八,形貌部,睂髪,披髪不出戸庭,占同居不睦夫婦反目曰若修煉大方爲吉夢,11156
卷之八,形貌部,睂髪,披髪爲厲凶,占惱恨傷神之象夢他人若是曰其實即至兆應于渾良夫矣,11160
卷之八,形貌部,睂髪,露頂披髪蓋面大凶,趙持滿夢髪披蓋面自頂至後項皆無寸髪書以訊王方翼方翼歎曰大禍將及之矣果被誅戮,11164
卷之八,形貌部,睂髪,割髪與人貞吉,占夢主受刑被刼之兆但看所與者爲誰耳兩情曰濃故有此夢授人以法又主師徒傅受之占,11168
卷之八,形貌部,睂髪,人理其髪爲雙髻,德興吳自如少牽尤物不從父訓夜同妻宿夢一道人解其髪分爲雙髻其一理成更有一人喚之出即寤左髻巳成右未成髻夫婦驚駭其後改行從善,11172
卷之八,形貌部,睂髪,髪忽散,占髪亂如麻心萬結有計難梳曰不能梳理爲私情無簪可替,11176
卷之八,形貌部,睂髪,編髪自撥亂凶,占夢之主獨夫之兆曰,11180
卷之八,形貌部,睂髪,緶髪吉,占早諧秦晉徐合姮娥曰主與人爲敵之兆,11184
卷之八,形貌部,睂髪,髪白落凶,占少者夢之主憂憾壯者夢之曰主疾病老者夢之主衰朽,11188
卷之八,形貌部,睂髪,剪髪大凶,占芳草殘枯兮木葉飄零青絲斷絕兮無髻曰反心哀哀兮淚盈盈卧不安兮䰟夢驚,11192
卷之八,形貌部,睂髪,髪斷又聯短髪接長,占病幾死而復生事將敗而再續斷又聯也男曰再娶女再𬋕戰敗降敵捕捉逃賊髪接長也,11199
卷之八,形貌部,睂髪,髪白再黑吉,占壽永無疆𡨚沉難雪曰,11203
卷之八,形貌部,睂髪,髪盡白吉,占夢之者主多愁多曰壽得白得光之象丁金剛初冠夢頭上皆白髪隣人詳之曰必大壽壽果九十九,11207
卷之八,形貌部,睂髪,頭髪上指如魁星大吉,占髪屬血血屬肝肝主怒怒髮冲冠之象夢者曰武戰勝文章戰捷童豎將來貴女子得貴夫,11213
卷之八,形貌部,睂髪,髪根骨頭破碎凶,占天綱破萬事凶國破家亾身死人手其兆大曰凶子夢父母祖宗應驗妻夢應夫僕夢應主,11217
卷之八,形貌部,睂髪,半邊髪撒亂,占撒亂難梳洗必是憂愁夢此夢左爲男右爲曰女皆應子孫遭祻疾病若後鬂撒應絕嗣凶,11221
卷之八,形貌部,睂髪,頂上皮碎髪根浮痛,占不得見人之兆曰,11225
卷之八,形貌部,睂髪,髪内有蛆虫吉,占夢見生蛆與生虱皆是生財好消息曰若夢蒼蝇蚊子刺必有小人相拮榾,11229
卷之八,形貌部,睂髪,髪披至足,占清理者大吉曰結亂者大凶,11233
卷之八,形貌部,睂髪,髪黑吉,占人爲士髪乃草木草木茂曰盛土得氣也福壽之徵,11237
卷之八,形貌部,睂髪,髪再生,髪生兮更冠運新而壽延萌生兮瑞集位陞而辭占添再長兮兆禎利遂而名顯苗靑兮葉綠謀通而曰業長,11241
卷之八,形貌部,睂髪,剃髪,曹確有台輔之望夢剃髪爲僧一士人解之曰出家者號剃度度者杜也旦夕必登庸果杜相出鎭江西而確遂代之蕭鳳家富盛而甚驕遊天台夜夢披剃爲僧覺以問諸同遊者皆曰吉兆長老聞之曰僧是出家人無親無子後果遇亂离家破人亡,11245
卷之八,形貌部,睂髪,髪垂顙齊睂大吉,占男子應得美婦女子應得良人老曰者應子孫多壽出家者夢之不祥,11251
卷之八,形貌部,睂髪,開一竅在髪際下吉,占天開于子乾龍出穴學者大貴商賈大曰富生貴子農夫得豐年女子得寵愛,11255
卷之八,形貌部,睂髪,髮藏𧢲内凶,占鬥無法曰,11259
卷之八,形貌部,睂髪,髠貞吉否凶,貞吉否凶占髪髠本非嘉何况夢中兆子憂父母女憂曰夫老年一定血乾枯惟有蒙枉禍反爲吉蘇韶爲中牟令卒韶伯父承第九子節夜夢見鹵簿行列甚肅見韶使呼節曰卿犯鹵簿罪應髠刑節俛受剃驚覺摸頭即得斷髪明暮與人共寢夢見韶曰卿髠頭未竟即復剃其暮自備甚謹明燈火設符刻復夢見韶髠之如前夕者五節素美髪五載而盡,11263
卷之八,形貌部,睂髪,自看後大吉,占此夢主生貴子之兆成家立業子孫英俊作曰事有厚名買賣得利若夢見後髸衰敗者凶,11270
卷之八,形貌部,顴顋,顴骨聳突大吉,占兩顴高聳威振天關今夢見之曰一時權盛應驗當權有榮反辱,11279
卷之八,形貌部,顴顋,兩顴露骨凶,占骨露無面皮當權夫其體左露東與男曰右露西和女國事非一身夢見在心理,11283
卷之八,形貌部,顴顋,顴上生蝴蝶凶,文天祥夢一武士美貌鬍鬚兩顴生蝶一蝶飛入占其顴驚覺呼童問有胡人來作何語童不敢對復曰爲元所害元主胡人也,11287
卷之八,形貌部,顴顋,顴上生瘡癤吉,占當權昌盛之兆又曰爲目下從權之兆,11291
卷之八,形貌部,顴顋,顴上占梅花吉,占主壽徵少年夢之有喜事貧人曰夢之有濟遇病者夢之得康健,11295
卷之八,形貌部,顴顋,顴上生人頭大吉,占威振天下曰武士周倉幼夢左顴又有一首面目鬚髯後乃爲將佐,11299
卷之八,形貌部,顴顋,顴化出魚頭大吉,占當權才力有餘之兆功名遂曰財利博病體蘇求子生男,11305
卷之八,形貌部,顴顋,兩顴有睂毛吉,占睂壽無疆之兆又曰爲良媒得權之象,11309
卷之八,形貌部,顴顋,被人穿顋,占夢主爭鬥被辱詞訟曰被囚餘者倣此而推,11313
卷之八,形貌部,顴顋,兩頰生長毫,占兩旁生毫多豪兆也夢者曰主貴官顯爵福壽連綿也,11317
卷之八,形貌部,顴顋,胲落,占人無胲不能飲食不食曰不祿也夢者宜細詳之,11324
卷之八,形貌部,顴顋,顧間肉起吉,占頥養也兩頥肥壯爲得善養也曰夢此者得肥甘美酒有吉無凶,11328
卷之八,形貌部,口齒,口大如斗大吉,口爲五腑之門出音律通水火進飲食于天文爲南斗于九宮爲兊澤爲頥爲噬嗑于身爲門戶爲占外闗爲宫闕夢大如斗爲寛洪顯著之象食祿萬曰鍾之兆正大光明滋潤通達富貴長年有口舌時夢之他人莫能勝,11336
卷之八,形貌部,口齒,口生準上吉,占此鳥形也酒食芬香之兆夢此者一言之曰出爲人所敬從蓋鼻準尖正爲人所準也楊弘徐性善同赴選楊夢徐鼻上生唇舌次夕楊邀徐飲欲往美姬寓中徐正言嚴力以阻之二公同登甲俱大顯,11340
卷之八,形貌部,口齒,口變小貞吉否凶,貞吉否凶占當有小口舌之兆童子夢之目下不遂意曰長者夢之下人不順從病者夢之大凶,11351
卷之八,形貌部,口齒,凈口吉,占口淨氣清之象夢吸水曰嗽口者爭訟除酒食至,11358
卷之八,形貌部,口齒,人出其口,丁金剛清河郡老人也平日爲人作証理詞訟忽一夕夢巳口中一罪犯人歩出易服其人口中生桃花齒牙潔淨如玉次日以問于張道丰道丰曰獄囚空虚之兆其年宋世良爲守獄無一囚,11363
卷之八,形貌部,口齒,步入他人之口吉,有人薦舉之兆得令名美譽之徵也人言出于口占夢中所入是何人之口若夢中人爲詮選者必得曰高官顯薦若臨陣中征戰被讒若詓事夢之必見囹圄,11371
卷之八,形貌部,口齒,人跳入巳口,占夢此者必有曰獄中人擾之,11375
卷之八,形貌部,口齒,口内生蓮花吉,胎孕生男之兆夢此者婚姻和合詞訟得羸選舉占聯名修煉得道言談爲天下辭宗病者心火上升曰幸得妙藥諸事皆吉,11379
卷之八,形貌部,口齒,口中粉碎,占大禍將至急宜解禳鎭曰壓四日或四旬後見,11383
卷之八,形貌部,口齒,二口吉,占兩口善言此夢一口在上一口在下曰是呂字爲佳音一正一偏爲多嘴遼主隆緒夢四人侍側賜食中一人二口後儠雲中節度使以幕僚張儉爲薦隆緒聞儉名因悟夢中二口之兆而用之後有功拜相封王云,11387
卷之八,形貌部,口齒,口中出毫大吉,王思聪安塞人教諸生學讀父老病劇夢思聰口內生長毫明旦得神泉飲之而愈後失明思聰舐之即能視縣令聞之狀達天子命表異之,11393
卷之八,形貌部,口齒,人唾口中吉,占唾人之津英也得人之精氣曰夢者文章進逵才名遂志,11397
卷之八,形貌部,口齒,口啣頭髪大吉,占髪者法也夢此者爭訟得勝陷人囹圄曰前程爲刑曹爲司寇脩行得道之象,11401
卷之八,形貌部,口齒,見人口中有毛吉,占嘉慶喜吉之兆曰,11405
卷之八,形貌部,口齒,口流涎凶,占貪盃之象夢見巳身精氣曰之不足夢見他人來索食,11409
卷之八,形貌部,口齒,被人掩口不能言,占爲人禁閉氣不曰得吐聲不得揚,11413
卷之八,形貌部,口齒,口吐火熖凶,占此夢心火炎薰寒氣欲盡曰主舊仇巳解心病將生,11417
卷之八,形貌部,口齒,納金入口,歸安施相之昆弟田產参差有唇齒之隙嚴溪亭偶遇其弟翊之千舟中語及家產事溪亭顰蹙曰吾兄懦使得如令兄之力量可以盡奪吾田吾復何憂揮涙不巳翊之惻然感悟遂拉溪亭同至兄宅拜泣自責相之曰昨夢閔子以金納入吾口今見嚴先生先生閔子之後一人也亦涕泣慰解各以其田相讓友愛終其身,11421
卷之八,形貌部,口齒,口中有鳥飛出,占南方朱雀本唇舌何處飛來多折折曰如今飛去到天涯小過爻中第一節,11425
卷之八,形貌部,口齒,口内一片木凶,非禾非藥非飲非食爲困爲因窮苦之兆也,11429
卷之八,形貌部,口齒,口内生杏花大吉,占文士登科室女配貴上官蒙曰寵平天遇達求財得求子多,11433
卷之八,形貌部,口齒,燕飛入口大吉,占瓊林賜宴之兆曰巨孝江次翁名革臨滔人舉孝廉爲諌議大夫元和元年丙午夕夢雙燕飛來入口中及寤謂子曰我年老居家夢燕入于口恐非吉兆其子曰當有存問之兆明年八月帝遣長史存問致羊酒賜榖于斛,11437
卷之八,形貌部,口齒,蜂集口齒凶,鿄武帝𮞸矦景之亂夜臥臺城夢蜂集口中明旦呼食𮔉三呼而逝,11445
卷之八,形貌部,口齒,被打嘴吉,占夢見他人手偶丁自巳口曰他人手出力加我我大吉,11449
卷之八,形貌部,口齒,啣墨大吉,占學者夢博學能文訟者夢墨爲黙字之曰兆主和息軍中萝之啣枚入敵主大勝,11453
卷之八,形貌部,口齒,啣玉吉,占貴者夢之善諌上從富者夢之曰良言人信病者夢之得藥病痊,11459
卷之八,形貌部,口齒,啣氷,占天寒水冷氷清玉潔得此夢者身安病曰痊若夢他兆而有此者當應在夏月,11464
卷之八,形貌部,口齒,啣睂,占睂入口中其長可知曰夢遇良媒又得長壽,11469
卷之八,形貌部,口齒,啣鬚,占多心之象夢主口舌平和曰,11474
卷之八,形貌部,口齒,啣自巳手足在舌,占兄弟股肱在我口中事必周旋曰言必信從見血得利傷損則凶,11478
卷之八,形貌部,口齒,啣巳肉具吉,占肉具陽物也相火會精命門所係曰此夢屈身之象屈身以求直也,11482
卷之八,形貌部,口齒,啣稱紐掛垂在手,占委權掌印此夢爲百事稱心之兆衡在曰兩頰手中得權貴人相府貧遇大財,11486
卷之八,形貌部,口齒,咬人手足凶,占他人之手足我得以扶持曰夢咬之者交爭之象也,11490
卷之八,形貌部,口齒,咬人貞吉否凶,貞吉否凶占口仕他人後他須慮我傷我去曰傷仙也不見他來背我我先知,11494
卷之八,形貌部,口齒,齒咬人頭大吉,占文明名盛戰爭必𫎣求財得利曰用人得合胎孕生男病遇良醫,11499
卷之八,形貌部,口齒,齒中被劒斷舌凶,沈約夢齊和帝以劔斷其舌召巫視之巫言如夢乃呼道士奏赤章于天稱禪代之事不由巳出梁帝遣毉視疾還以狀聞帝大怒令中使譴責約懼遂卒,11503
卷之八,形貌部,口齒,齒牙被人㧞去大凶,唇主星辰齒主年齡上唇齒左爲父右爲母盤牙占爲祖孫下唇齒左男右女夢人㧞去必是親丁被曰害大凶之兆,11507
卷之八,形貌部,口齒,齒牙露,占此爲爭訟之象夢此遷移交易經營諸事切宜忍曰耐無咎是唇不衛齒有訟事而鄰人不來救護,11511
卷之八,形貌部,口齒,齒大如乕牙,占夢此者得猛將出曰賢臣𭣣義僕也,11515
卷之八,形貌部,口齒,牙落無血,貞吉否凶主亡父母喪妻孥殞子孫禍至災生無財可救大占凶夢兆當以上下第幾齒推詳亦有不應于損丁曰折口者主憂煩事至,11519
卷之八,形貌部,口齒,洗齒吉,占去穢也夢者主口舌散除是非曰消解有仇不爲害有過不爲灾,11524
卷之八,形貌部,口齒,擊落齒牙血出凶,占破財之兆親丁有災而費曰肉裏之錢也若母病無救,11528
卷之八,形貌部,口齒,齒長大吉,占此爲位高爵尊壽曰長嗣盛之夢也夏文正永興人十四歲家疫癘死者十又三人負土營墳廬墓夜夢齒長九寸後爲都尉遷五官中郎將壽年八十有七,11532
卷之八,形貌部,口齒,齒落更生大吉,占更生兆復生也夢此主椿萱康曰泰蘭桂登賢晚景榮華之兆,11536
卷之八,形貌部,口齒,齒揺動凶,占揺動不寧之兆父母有憂子孫將曰危產業將散遷移行動有凶無吉,11540
卷之八,形貌部,口齒,換齒貞吉,占夢者父母寄居異姓子孫承嗣曰他業但須知所換爲何齒耳,11544
卷之八,形貌部,口齒,齒增多,占齒者齡也主益壽曰添齡育胤進利也,11548
卷之八,形貌部,口齒,人授齒裝自巳口中吉,占病者夢之遇良醫罪死夢之得大赦曰逺行夢之逢異人獨夫夢之胤賢嗣,11556
卷之八,形貌部,口齒,刷凈齒牙吉,占主有美味至當有秀兒生曰,11560
卷之八,形貌部,口齒,牙黃,占有繁襍事曰,11564
卷之八,形貌部,唇舌,唇薄吉,占主人信其言之兆曰齊晏子僕御之妻夜夢鏡中自照唇薄如花爿明旦其夫出擁大蓋喜氣洋洋旣歸妻諌曰晏子長不滿六尺名顯諸矦恂恂自下今子身長八尺乃爲僕御意氣自足妾是去也夫謝曰請自攺何如妻曰躬仁義事明主賤不虚驕名必揚矣其夫乃深自責學道謙遜晏子賢之升諸景公以爲大夫旌其妻以爲命婦○不聽婦言人之常也命婦窺人意外其夫悔過貴顯唇薄之夢於是乎驗矣,11572
卷之八,形貌部,唇舌,人割去嘴唇吉,占夢人持刀去兩唇鼻頦齒舌無傷損是非爭曰閧皆歇息但前鄰徙去獨居無畔亦不妨,11578
卷之八,形貌部,唇舌,唇尖被人割碎凶,占夢見人來割我必因財利交乂唇尖破碎難曰說話或是親丁或近隣禍匪他人即巳身,11582
卷之八,形貌部,唇舌,攺換唇皮吉,占夢此兆者氣運新酒食豊需舊時所處更換曰好諸難消除若利口者夢之恐有難說難詳,11586
卷之八,形貌部,唇舌,見人張唇凶,占此有人訕𧩂𮗸誚呼呌生事之象曰但看其唇作何狀貌便知前兆,11590
卷之八,形貌部,唇舌,糊嘴唇吉,占掩蔽唇舌富者不與人爭利貧曰者爲大吉之兆傳曰以糊子口,11594
卷之八,形貌部,唇舌,舌長吐彩吉,占氣吐虹霓之象夢之則文章進達曰功名顯貴諸事亨隹禎祥之夢也,11598
卷之八,形貌部,唇舌,多一舌,占口舌紛紛爭訟連連權奸蜂起宜預防曰之文士主善文辭兆有二古人助力,11602
卷之八,形貌部,唇舌,割去舌頭凶,占舌屬心心爲國主割傷心國無主則朝亂曰家無主則財散身無主則命危此夢不祥,11606
卷之八,形貌部,唇舌,舌上生毛貞吉否凶,貞吉否凶占鸚鵡能言舌有毛無方揷入水魚力夢舌如曰鸚鵡者不論大小吉凶凡百事無法替代耳馬亮知江陵府任滿當代夢舌上生毛解者曰毛生舌上剃不得也君當復任巳而果然,11610
卷之八,形貌部,唇舌,舌生蓮,占文人大士曰尼始無明晝夢舌上生靑蓮花一朶寤語人曰我將西矣舌向西天䰟坐蓮臺語終無疾而逝,11615
卷之八,形貌部,唇舌,無舌吉,占無舌無聲也心不出聲不與人爭惟無曰爭故藏于内而不露其苗故夢無舌,11621
卷之八,形貌部,唇舌,舌上水流,舌水津唾也流出垂涎之象家居不足諸事不遂占非吉也水上于天火入于水易曰水火旣濟吉又曰曰口流涎酒食之兆,11625
卷之八,形貌部,唇舌,舌上書貴字凶,占桂薪玉粒能得幾何舌子生字曰無可奈何日用不足所貴在何,11631
卷之八,形貌部,唇舌,吐舌舐巳目凶,占犬舌舐鼻蛇舌舐額夢曰舌舐眼主泣淚之占,11635
卷之八,形貌部,唇舌,舌生兩尖,占兆主蜷蛇事多唇舌之象曰,11639
卷之八,形貌部,唇舌,三舌吉,占一口三箇舌誰人說得過便有快刀來曰到底割不破若人破此象决不閉口坐,11643
卷之八,形貌部,唇舌,挿凈舌黃吉,占禍去禍來主脾家有恙曰五榖之苗可以愈之,11647
卷之八,形貌部,鬚鬂,人理巳鬚緶髻,許遜夢四友同謁吴君吳君理其鬚髯緶結如髻次日遜與吳君同謁王敦時敦舉兵内向次于湖而遜兾說止之敦弗聽讌罷諸同飲者曰非吴君之言許君不虞矣,11655
卷之八,形貌部,鬚鬂,鬚髪相結如織縷吉,占上下同心之象夢此遇難曰成祥有怨難解病者無妨,11659
卷之八,形貌部,鬚鬂,以鬚結舌吉,占仇怨閉口爭訟紏結血氣和平諸事皆畢曰若有志諌諍遊說者夢之爲無言之象,11663
卷之八,形貌部,鬚鬂,鬚化龍大吉,占龍形變化人莫見知曰夢鬚化龍大貴何如,11667
卷之八,形貌部,鬚鬂,鬚從口中生聯口外頦下吉,占語言難忍必不得巳之兆曰,11671
卷之八,形貌部,鬚鬂,無鬚睂大吉,占孔丘無鬚睂爲諸矦所敬蓋初冠時未有曰鬚之年也夢此主上下光輝兆在目前,11676
卷之八,形貌部,鬚鬂,鬍鬚吉,占夢鬍鬚者有貴賤之分清而疎長而光潤者曰不貴則富濁而濃短而黃赤者非佳兆也,11680
卷之八,形貌部,鬚鬂,與以帝鬚大吉,周必大夢神謂曰彼貌雖陋以帝鬚與之寤而果生美鬚後拜相,11684
卷之八,形貌部,鬚鬂,鬚長過身大吉,占鬚過身有餘之兆也夢此櫃有餘曰金倉有餘粟財帛豊盈壽年餘永,11688
卷之八,形貌部,鬚鬂,添鬚吉,占鬚乃丈夫福壽之徵也夢此陞曰官添祿益壽家豐交易主益利,11692
卷之八,形貌部,鬚鬂,鬚髯盡白大吉,鄭叔通字文甫四旬夢鬚鬂皓然以語岳夏公夏曰此壽徵也年果九十二而卒,11696
卷之八,形貌部,鬚鬂,人剃髭吉,占此夢削篆替職之兆士人夢之大魁首甲貴人夢曰之他人代政窮居𮞸難者夢之有禍必輕病即愈,11700
卷之八,形貌部,鬚鬂,鬚鬂飄揚如旌纓吉,占鬚若纓名顯鬂冲冠譽揚曰,11704
卷之八,形貌部,鬚鬂,鬚鬂忽落凶,占此兆子孫亾妻孥殞父母殃曰比肩殂家業凋零血衰病重,11708
卷之八,形貌部,鬚鬂,鬚鬂赤蓬如鬼神吉,占威振邊關名揚四海大吉之兆曰也病者有此夢不吉宜禱禳之,11712
卷之八,形貌部,鬚鬂,鬂上穿珠大吉,占士人夢見象垂纓必得大貴曰女子夢見如鳳冠必得盛服,11716
卷之八,形貌部,鬚鬂,鬂長連鬚吉,占上鬂下鬚兩髭聯之朋友賔客曰我權浹之少年夢之年高似之,11720
卷之八,形貌部,喉項,喉嚨放大頸骨粗大吉,朱買臣偕里侶上帝都將入關夜卧旅舍夢津飲泉喉忽放大項脊如椽衆侶亦夢焉相謔曰夢朱君喉内容拳宰牛以餉之有賈人聞之曰此君他日作外郡矦衆大笑之明年取賢良買臣入朝議善辨賜爵歷遷爲會稽太守,11728
卷之八,形貌部,喉項,𠰸喉閉塞凶,占夢者有患生于門戶塞不通也有患不通太曰過則危矣禍臨患至時乖運蹇恐難防耳,11734
卷之八,形貌部,喉項,喉斷又連吉,占𠰸喉乃人命所關斷不可復屬而今又連曰再通之象也夢者無中生有死裏得生,11738
卷之八,形貌部,喉項,喉啞凶,占啞者語不明萝此者當有暗昧不曰明不可言于人者其口舌之事乎,11742
卷之八,形貌部,喉項,見人𠰸㗋斷,夢人斷喉絕去頭目文人奪魁武士戰勝訟者得占理經營利巳諸事得利若斷他人喉者主絶其人曰生路,11746
卷之八,形貌部,喉項,㗋嚨直下至大腸如管大吉,占此夢從心竅來仕宦出将入相農商千曰頃良田老弱康寜自在嬌姿快樂安閒,11753
卷之八,形貌部,喉項,項忽肥壯貞吉否凶,貞吉否凶占項者出入升降之道爲關爲路爲澗源爲柱曰夢此象者官爲柱國民爲富翁惟病不宜,11757
卷之八,形貌部,喉項,項忽長吉,占延頸高眺之象悠遠久長之兆官祿位久任曰事煩劇出行逺方病者身康有患者不妨,11762
卷之八,形貌部,喉項,項割兩斷大吉,此夢驚人似是非誰知頭等向天提舊時光景從今斷新見身軀掛錦衣名顯利增病痊胥偃夢徐将軍斬其頭項斷作詩曰昔作𣗳頭花今爲塚中骨明年徐爽㮄第二名及第,11766
卷之八,形貌部,喉項,項斷頭連吉,占夢中頸斷頭垂半邊百讐斷截無用憂曰煎前項事情不提起一片功名上九天,11770
卷之八,形貌部,喉項,項被剌無血凶,占骨血不見之兆此夢非安閒無事者所夢曰也宜防姦邪小人賊盜相侵病崽不祥,11774
卷之八,形貌部,喉項,項生瘡癤吉,占行業昌盛之兆貴人夢瘡瘡似華彩華彩在曰門之象乎民夢癤節氣高病中夢之諸毒散,11778
卷之八,形貌部,喉項,項生一口凶,占口生頦下入無門出無權曰夢者防口舌瘡癤之患,11782
卷之八,形貌部,喉項,金珠滿頸吉,戴甲之象金者肺屬肺主皮毛其氣爲吸其兆爲占秋文人墨士詞作金聲武将披金甲商人被財寳曰女子衣錦繡病者金氣發泄若𭼢身熱而夢此兆恐生癧瘰,11786
卷之八,形貌部,喉項,項污泥凶,占此夢頸上污穢泥土曰爲爭鬥疾病之象,11792
卷之八,形貌部,喉項,項堅如木石吉,占勁健剛強之象爲猛將爲義士爲諌諍之臣曰爲丈夫之勇爲得利之徵病者夢之則凶,11796
卷之八,形貌部,喉項,項生羽毛鱗甲吉,占似鶴齡長鴻雁高翔猩猩能言麟豸冲天蛟曰龍名重蛇蟒穿山此夢必得壽得爵得利,11802
卷之八,形貌部,喉項,項骨疼痛貞吉否凶,貞吉否凶占夢主虛驚曰,11806
卷之八,形貌部,喉項,項無吉,白敏中赴選夢無後鬂見友賀㧞棊而問之賀曰君必與舉但經後無英雄耳果非首名,11811
卷之八,形貌部,喉項,頸骨高起吉,占項骨起者頭高之象也士人夢此名舉曰彰著商人兆此財利興隆事無不吉,11817
卷之八,形貌部,喉項,頸後垂及脊大吉,者北辰之象身後苗裔之兆長垂及脊墜馬裝占之貌男夢有美姿女夢夫恩切日後見英豪鰥寡曰守貞節,11823
卷之八,形貌部,皮毛,皮上生皮貞吉否凶,貞吉否凶占牧童夜臥炕側夢巳身肌膚光細膚上又生曰一重肌膚達旦嚴寒主翁以敝羊裘賜之,11832
卷之八,形貌部,皮毛,皮上無毛凶,虎豹犬羊同是嚲甲鱗羽裸盡皆然肌膚血脉知占何様只恐枯樵不久年遍體光鮮潤澤無疑少年曰郎文明華彩如玉如珠,11837
卷之八,形貌部,皮毛,皮中無肉貞吉否凶,貞吉否凶占主家資有餘安居無辱曰,11841
卷之八,形貌部,皮毛,沭浴傷皮露骨吉,沐髪而首泥去浴身而汗污潔皮爛是外惡皆消占骨露乃剛强之象有此夢主幹事出力離邪歸正曰除舊布新之兆出仕得貴顯治家得中興病體得良藥女子得賢配,11846
卷之八,形貌部,皮毛,肌上畵乕輔翼,畵者華也虎爲百獸之長爲西方之神爲秋風之首輔翼上登天堂下歴險阻有威而無敢犯之者占此大將百戰百勝之象求名求利皆大吉或曰畵曰虎不成翻類狗夫狗者防家御盗捉獸辟邪雖夢畵不成亦非凶兆若人在窮途夢之必有大遇,11853
卷之八,形貌部,皮毛,肌膚如剌繡,文身者變形也體加錦繡貴顯之徵若平人夢之占防有官訟之事刑罪之臨女子必有冠帔寵榮紅曰紫吉靑黒凶,11859
卷之八,形貌部,皮毛,肌膚被火燒壞凶,占此夢主親丁受禍曰爲宦官所殘虐,11863
卷之八,形貌部,皮毛,膚全鱗甲大吉,遍體生鱗甲謀爲大吉昌流矢難穿入鎗劍不能占傷只恐皮膚弱風流多是瘡應舉夢之□□□□曰蛟龍變化文武軒昻平民夢鱗者隣也甲者夾也移居得隣里和諧,11867
卷之八,形貌部,皮毛,㧞一毛得一毛,占君柏夢㧞天下治宰官夢㧞民得利曰病患夢㧞災患除買賣夢之不如意楊時年年七十家貧無倚訪故人于旅舍夢生一毛在掌中果得錢乙千有七貫李龜年旣貶准勑量移夢得一毛占者云毛字千下有七應去此一千七百里果如所言,11871
卷之八,形貌部,皮毛,㧞毛不落貞吉否凶,貞吉否凶占晏居閒處者百事不利曰危難多事者一錢不費,11885
卷之八,形貌部,皮毛,一毛入口吉,占得小利微之兆或曰有小事相擾不妨,11890
卷之八,形貌部,皮毛,汗毛長吉,占人身三百八十四竅皆有毛毫毫多者貴福曰多禍少無毫者氣不足也夢長是吉短不祥,11894
卷之八,形貌部,手足,手足交長大吉,天成象地成形人成四體天爲十二辰地爲鰲極人爲手足于九宫爲艮震手者國之冡宰家之艮占玉屋宇之庫廡足者國之將帥家之子侄屋字之曰庭柱夢交長者同胞得富貴子孫賢良僕隸一心家道豊隆或出或處左之右之無不遂意,11902
卷之八,形貌部,手足,增一手吉,占增手者添力助此兆王矦得之國有忠賢庻曰人夢之必有勇僕賢弟又爲委權掌印之兆,11906
卷之八,形貌部,手足,見人手多,占此兆爭名奪利夢之必有所曰得取時値廣衆祿擾之所,11910
卷之八,形貌部,手足,手上生花吉,占花出掌中姻緣配偶之兆文人美譽孕婦曰夢之生淑女經營多利幼豎夢之生瘡癤,11914
卷之八,形貌部,手足,兩手大如席大吉,占上掩閉風雨下靠好安曰身捧物多得比例勝人,11918
卷之八,形貌部,手足,露手骨凶,占□□掌握空虛曰,11922
卷之八,形貌部,手足,兩手挈人頭大吉,此夢文選首名武立大功威榷萬里集序羣英,11926
卷之八,形貌部,手足,無左右手凶,占無佐也家無族君無曰相作事難交易凶隋文帝初爲書生夜泊江中夢無左手甚惡之及旦登㟁遇吉祥𤲅老僧具告之僧曰無左手獨奉也必大貴,11930
卷之八,形貌部,手足,手忽小吉,占掌細指尖百事做得此加官遷位財旺家成曰不費撑持之兆小生意者夢之有大主顧來,11936
卷之八,形貌部,手足,手指出血吉,占指主執拿點畫肝主血曰得此象怒氣平財物旺,11940
卷之八,形貌部,手足,拍手,占快志歡呼之象鄰和族睦左右相挾功成名曰遂意暢心寛之兆不德之人又主家貧墙閱,11944
卷之八,形貌部,手足,手背汗泥凶,占兄弟宗族受累生疑曰,11948
卷之八,形貌部,手足,手埋地下凶,占俯伏之象夢此者必有家事難明曰不能安居自立若病人夢之大吉,11952
卷之八,形貌部,手足,刀去手足大吉,唐韋濟候選夢掛體大樹上斬去四肢驚覺及選鄄城令帝召諸縣令入宣政殿廷試獨濟第一擢醴泉郡餘二百四十人皆不第,11956
卷之八,形貌部,手足,盥手濯足大吉,占主兄弟自新之象夢此病除禍息曰諸兄諸弟若有患難一時平治祖光祿少孤貧事母孝身炊爨夜夢洗手足以告母母曰盥濯淨將有人代事汝比夙王平以兩婢餉之因取爲中郎,11961
卷之八,形貌部,手足,洗隻手隻足吉,占此夢半喜半愈且歡且怒少凶多吉曰左手兄子右手弟侄左足男右足女,11970
卷之八,形貌部,手足,兩手足齊折大吉,占手足皆折只好坐定折屈曲也曰鞠躬盡性之象夢者獨占高魁,11976
卷之八,形貌部,手足,折一手一足大凶,手足上應天時下應人事各折其一則孤力無助占夢詳何處驗在何人主兄弟損失之占如折而不曰㫁者先疎後親,11980
卷之八,形貌部,手足,手上生疔毒吉,占兄弟𣸸丁之兆夢之有難即消曰有事即安更得金寶是非皆吉,11984
卷之八,形貌部,手足,手長至足大吉,占手過膝貴形也夢此必得股肱相曰佐富貴徵祥出將入相萬貫千廂,11988
卷之八,形貌部,手足,掌中草不脫大吉,辛夤遜有此夢及爲翰林學士草制數年尋復掌選,11992
卷之八,形貌部,手足,合掌吉,占夢此事事佳祥姻緣成契兄弟曰怡怡家庭康泰諸禍消除,11996
卷之八,形貌部,手足,掌裂放光彩,占權增威必當大任儒文夢之曰必主兄弟同進科甲連登,12000
卷之八,形貌部,手足,兩拳漸大吉,占加官遷職祿位陞高之兆文人夢此大貴常曰人夢此必得貴人委託武將夢此糧足兵强,12004
卷之八,形貌部,手足,拳有金丸子吉,占聖妃夢此得寵生子女人兆之曰產麒麟男子得寶病中遇良醫,12008
卷之八,形貌部,手足,被人縛拳牽去凶,占夢此征場被虜爭訟被囚營謀被曰人欺𫝑利俱失臨事愼之無大咎,12012
卷之八,形貌部,手足,指折大凶,占指者手之枝宗支所系此兆子曰侄𮞸殃孫枝殞滅無血大凶,12016
卷之八,形貌部,手足,持刀自落十指節,魏莊帝欲計爾朱榮初夢持刀自割落十指節都不覺痛後榮同元天穆入朝即馳向御座帝手刃之去榮十指得其手板皆左右去留人名非其腹心悉在出限帝曰若過今日便不可限于是天穆菩提寺皆就戮,12020
卷之八,形貌部,手足,添四指吉,添指進人口也夢主財物茂盛蘭蕙森賢若夢隻占手添四指其數爲九兩手數七或一或二或三或曰五皆吉,12024
卷之八,形貌部,手足,指痛,占指連心枝倚木枝動則木哀指痛則心曰疚矣大象孫枝有病心體不寧之兆,12028
卷之八,形貌部,手足,指甲長數尺凶,占無權執掌之象學者夢之廢業武士夢之乏糧曰田夫夢之年荒老者夢之死期將至宜解禳之,12032
卷之八,形貌部,手足,綑縛手足,占被人制伏之象有事無害曰,12036
卷之八,形貌部,手足,掌中有土洗不落大吉,宋太宗初冠謂趙普曰余夢左手握土渡河舟師云河中洗手余倚櫂洗于水波土入右掌不能去何也普賀曰將爲皇弟後爲一人毋泄天機果驗,12040
卷之八,形貌部,手足,被人斫擘吉,占得外財見大利曰,12044
卷之八,形貌部,手足,折臂吉,劉之遴在荆府寄居南郡忽夢臂折有前郡守謂曰卿當作折臂太守即在此中後遇牛奔果損臂而連相二再鎭南郡,12048
卷之八,形貌部,手足,斫臂凶,占傷害肱膂之象曰災及佐佑之兆,12052
卷之八,形貌部,手足,臂生鱗甲大吉,占臂生鱗甲蛟龍麟豸之形夢曰此必至大貴又產奇男異女鄭解夢浴小池甃以明王公生其上以水沃身俄視兩臂皆生麟焉後登第爲狀元,12056
卷之八,形貌部,手足,身中無兩臂大凶,占如鳥無翼不能飛騰執曰物利名不遂大爲不祥,12062
卷之八,形貌部,手足,臂上有釘吉,占挿釘在臂是肘腋不動揺也曰此夢有佐佑者同心協力,12066
卷之八,形貌部,手足,肐膊上肉長如山,占肉長身發也身發則名高利旺矣曰若衰弱無力之人夢之須防瘇毒,12070
卷之八,形貌部,手足,肘腋生赤毛凶,占赤屬火慙怒容色赤毛獸形夢曰此者親近用力之人有非心也,12074
卷之八,形貌部,手足,足在手上,占置身無地倒立横行之象曰主尊甲倒置兄弟爭言,12078
卷之八,形貌部,手足,足走如飛,足不着地急難之兆文人夢此升高吉平降凶商占賈夢此利無交易被人欺騙病夢必死惟遇難者曰夢之得逃脫大吉,12082
卷之八,形貌部,手足,足長凶,占知足不辱身高安止之兆曰,12088
卷之八,形貌部,手足,足斷復連凶,足斷本非佳兆復連有似禎祥是凶中帶吉死裏占逃生子䘮而嗣復續家破而居復安訟事夢之凶曰徵也蔡革坐法山陰獄仲子定造府請代府弗許革夢足斷後連定聞之曰父足斷復連是終不可贖也仰天號呼赴水死府帥見而異之立命赦革,12092
卷之八,形貌部,手足,人以足踢巳足吉,上遇相知逢對偶曰,12098
卷之八,形貌部,手足,足生瓜大吉,占趾生瓜似龍形才名壓衆英夢此曰通達萬變名利無窮子嗣翩翩,12102
卷之八,形貌部,手足,足趾添長,占人若樹足若根根長則枝茂枝茂則曰開花結實矣夢此者孫子福壽之徵,12106
卷之八,形貌部,手足,增一足大吉,占鼎立之象凡百事可以撑持曰,12110
卷之八,形貌部,手足,足污泥大凶,占被辱之兆曰,12114
卷之八,形貌部,手足,足蹈土中吉,占夢此必得立身之地土生萬物脚曰踏于中是地可容也雖危無患矣,12118
卷之八,形貌部,手足,一足長一足短,占求人難求巳不易正行偏正曰立不得坐不安寢不如意,12122
卷之八,形貌部,手足,刀斫足吉,占男夢得利女夢成衣曰道途夢之須防盜賊李桓與弟概赴試㮄將放同卧概忽驚呌覺曰夢人以刀斫我足今猶痛甚㮄出後軍吏遇于途拜云大名木𠊓旣昨誤書槩字司怒刮其下木修攺無異得免責焉奇應如此,12126
卷之八,形貌部,手足,脚落凶,占寒病之象夢此時運不通達謀曰爲不成就殃及子孫凶兆也,12130
卷之八,形貌部,手足,脚上生瘡大吉,占此夢大利商賈無謀不遂之曰兆子侄富貴高坐安之象,12134
卷之八,形貌部,手足,傷脚血出吉,占文名入太學威武冠三軍曰民得魚鹽利懷胎育俊英,12138
卷之八,形貌部,手足,脚底穿破凶,占夢此兆者主謀事枉辛勤而曰不遂經營徒碌碌而難成,12142
卷之八,形貌部,手足,股大如身軀凶,占上體痩弱之象下人欺主之曰兆凡夢下體胖大皆非吉祥,12146
卷之八,形貌部,手足,趾壯凶,占壯于趾征凶其信窮也曰,12150
卷之八,形貌部,手足,刀割去趾貞吉否凶,貞吉否凶占剕刑也其凶兆在兒童下人曰若有惡奴逆子反爲吉夢,12155
卷之八,形貌部,筋骨,筋骨堅勁吉,凡夢筋骨皆主病痊精足則堅氣剛則勁力不足占者夢之是剛在内而柔在外也强壯者夢之是力曰南餘而心不足也貧賤者夢之宜防爭鬪富貴者夢之宜加調理,12164
卷之八,形貌部,筋骨,筋如線骨如麻,占精液虛損故有此夢曰,12168
卷之八,形貌部,筋骨,筋骨寸斷凶,占夢之主宗支有奇禍曰,12172
卷之八,形貌部,筋骨,筋骨朽腐凶,此疾病危亾之象夢巳身若此者主精血枯稿髓占液虚損夢他人若此者主彼之家事不足夢見旣曰死之髑髏形狀若此者則是其宅兆不安子孫消乏量巳力而扶助安妥大吉,12176
卷之八,形貌部,筋骨,持筋與食,占一人病弱醫莫能療夢有人如天王者持筋曰緶促令食之筋甚堅韌力食袤丈遂有巨力,12182
卷之八,形貌部,筋骨,㧞出筋無骨凶,占此夢主勞傷力盡財曰𫝑消乏不祥之兆,12186
卷之八,形貌部,筋骨,遍身骨長,占骨起發達也夢此者功名大貴藝業曰清高女人主執掌內事有力有權,12190
卷之八,形貌部,筋骨,人取骨,唐侯君集謀逆夢見一神人叱左右曰取君集威骨來忽數人操刀開其腦上及右臂開各取骨一片覺而腦臂猶痛自是至不能引一鈞之弓欲自首以免又不决而敗,12194
卷之八,形貌部,筋骨,人正其骨,李士寧先得塗氏所藏軒轅鏡洞見遠近蔡君謨學士聞其名惡之一夕夢爲虎所逼有一人救之虎旣去與之坐曰公貴人也但頭骨不正乃以手爲按之曰巳正矣夢覺頭上猶痛翌日士寧謁君謨謂曰夜夢頗驚惶否君謨愕然視其狀乃夢中逐虎正骨者遂異之,12198
卷之八,形貌部,筋骨,㧞出歪骨大吉,占心正而志高故有此夢曰,12204
卷之八,形貌部,筋骨,露骨,占夢者骨骼露在皮肉之外柔見剛之象出身之曰兆也骨者身之主露出在外主有直諌眞情,12209
卷之八,形貌部,筋骨,骨骼巳成皮肉未滿貞吉否凶,貞吉否凶占威權剛健曰,12213
卷之八,形貌部,筋骨,骨肉傷殘大凶,占宗支親族有大禍曰,12218
卷之八,形貌部,筋骨,━━━━━━━━━━━━━━━━━━━━━━━━━━━━━━━━━━━━━━━━━━━━━━━━━━━━━━━━━━━━━━━━━━,卷之九,12223
卷之八,形貌部,筋骨,━━━━━━━━━━━━━━━━━━━━━━━━━━━━━━━━━━━━━━━━━━━━━━━━━━━━━━━━━━━━━━━━━━,,12225
卷之九,形貌部,肩脇,兩肩生于耳上似無項大吉,占體壯身强爵高祿重曰杜畿夢衣錦坐危車遊黃河左沙坡懸鏡自照兩肩高聳頦連胸乳似虎無項次日魏参軍拉飲帳中畿語曰夜夢無項恐不祥参軍曰此乃威振邊疆之象果爲河東太守是時天下郡縣皆殘破河東最先畿爲守郡民安物阜名振三國,12243
卷之九,形貌部,肩脇,斫肩吉,占警醒宜守之兆其人干係必重有禍必輕求財曰大得道路小心若病中此夢有神明救解得瘥,12250
卷之九,形貌部,肩脇,肩生桃枝開一花,占桃花滛賤美玩也夢者得美妾生美曰女壽增長若孕婦夢之生女不生男,12254
卷之九,形貌部,肩脇,荷擔肩上吉,占任重之象夢此爲冡宰爲元帥曰爲族之長爲邑之主諸事大吉貞婦張璋玉未嫁時嘗夢負荷重擔寤告親曰女子不出戶庭夜夢荷擔肩上恐驗在亂離奈何父曰一家重負之兆爲媳婦者正當然後爲庠生祝胤妻生子文冕胤卒辟纑訓子杜門不出四十餘年終始如一子貴贈宜人,12258
卷之九,形貌部,肩脇,立人肩上元吉,占此夢爲人所尊而獨立不懼曰者大貴之象其矦王之兆乎,12264
卷之九,形貌部,肩脇,肩上立人吉,羊琇夢人執鍾立于肩上寤以訊母母辛憲英曰當爲上人用但必自思所立後鍾會西征以琇爲参軍會反于蜀琇以全歸,12268
卷之九,形貌部,肩脇,肩突出,占肩者肱之本其象爲佐輔之人夢曰此其兆必佐輔我者有突出之情,12272
卷之九,形貌部,肩脇,兩肩受打痛極大吉,夢之大得人力之兆學者得之精神倍增猛士得占之力長千斤貧窮得之有人扶助衰病得之氣旺曰神清,12276
卷之九,形貌部,肩脇,肩上生癰疽吉,占癰疽者毒氣所聚此夢乃兩間氣聚曰壅積不散佐輔躋躋富貴充足之象,12280
卷之九,形貌部,肩脇,肩背生虫蛆吉,占此生氣旺動之象蛆者裸蟲之屬曰人爲裸蟲之長夢此者萬貫金錢,12284
卷之九,形貌部,肩脇,蛇盤肩腹大吉,占蟒衣之象若高年曰衰病者夢之不祥,12288
卷之九,形貌部,肩脇,削去兩肩凶,占兩肩被削如失左右手幇貼無人昆曰丁有難二體旣傷家國其何能保,12292
卷之九,形貌部,肩脇,肩脅開闊平硬大吉,占寛和舒暢之象夢者心事平順筋絡疏曰通快爽開懷𮞸逢剛健諸事得調大吉,12296
卷之九,形貌部,肩脇,肩無力凶,占扶助者少也諸事皆不祥惟病者夢之不妨曰若父母兄弟有患而夢巳無力眞惡夢也,12300
卷之九,形貌部,肩脇,脇肋高聳,占左肋高右肋低男強女弱曰右脇高右脇低弟盛兄衰,12304
卷之九,形貌部,肩脇,加增肩骨吉,占兆主添益人口夢中增兩骨醒來骨髓充盈曰自巳生精家内增添婢僕更得人來助力,12308
卷之九,形貌部,肩脇,肋骨細短凶,占此夢氣虚力減財損用不足家資曰窮敗病加增藥失其方諸事差誤,12312
卷之九,形貌部,肩脇,脇作鳴吉,占脇本無聲聲在肺經夢魂振動有禍必輕曰行人音信學業長成病宜調理爭戰摧城,12316
卷之九,形貌部,肩脇,脇破出月大吉,占月爲太陰金象也婦人夢之孕曰秀貴也文人夢之顯貴高明,12320
卷之九,形貌部,肩脇,劒决左脇大吉,唐肅宗吴后侍寢大魘秉燭呼之旣寤后曰夢中有人金甲操劍曰上帝命吾與汝爲子乃自左脇劍决而入痛甚難堪以燭照之若有赤痕孕生代宗,12324
卷之九,形貌部,肩脇,脇被鎗剌貞吉否凶,貞吉否凶占鎗屬金金爲財利夢脇被刺協力受利之兆曰惟不宜詞訟出行不宜爭闘諸事皆吉無咎,12328
卷之九,形貌部,肩脇,脇肋下生翼吉,占人生翼將上達夢脇下似飛虎文士曰登科武士得助孕婦生賢病者得逸,12333
卷之九,形貌部,肩脇,脇肋鳥飛凶,占閒暇無事意亂心煩旁人調謊或有移遷若曰在病鄕魂飛麗天惟女子夢之必有喜事至左道止母夢巳脇化爲鳥飛而上霄遂有姙生道止弱冠成名登顯仕後夢鳥飛入脇卒,12338
卷之九,形貌部,肩脇,肋盡折凶,占肋不可折盡折無救曰其故可知其情難究,12344
卷之九,形貌部,腹背,劍剌入腹大吉,占劍剛且利夢人腹而寤無傷身受刺而心惕曰勵刺者柬也此兆有謀盡忠有計盡義大吉,12352
卷之九,形貌部,腹背,腹上生毛凶,漢遼西郡守趙苞夢腹生馬毛寤書于壁曰夢腹生毛其將以馬草果尸矣次旦虜刼質其母以擊郡虜敗母被害苞曰殺毋以全義何面目立于天下乃塟母于鄕母旣塟嘔血而死,12356
卷之九,形貌部,腹背,剖腹見五臟分明大吉,占人身生于五陰死于五福得道于六賊失于六曰根腹剖六根凈臟明五陰清清且淨大吉兆也,12360
卷之九,形貌部,腹背,擊肚腹作鼓聲吉,占天下太平之兆夢此當有喜事至若有曰應者夢之病入腸胃爲蠱膈之象可治宋呂公權夢向日鼓腹聲如殿鼓及旦文宗召對便殿帝曰卿有諍臣風可屈居諫議大夫有同寅學士聞之曰呂君夢腹作鼓聲下下大治矣其將入相與後果驗,12364
卷之九,形貌部,腹背,腹上有草吉,占草者乙木爲天乙爲文稿爲春芳學者曰有此必成貴士若啇人遠行夢之凶,12370
卷之九,形貌部,腹背,䑕入腹中凶,占夢者主偷盜明投暗病大凶曰惟孕婦爲產男祥瑞兆也,12374
卷之九,形貌部,腹背,腹上生松大吉,丁固夢一大松植于腹臍或解之曰松是十八公後十八年當爲公,12378
卷之九,形貌部,腹背,腹大垂吉,占腹大而垂安享富貴之象學者包藏萬曰卷充盈有餘老者排羅八珍甘㫖如意,12382
卷之九,形貌部,腹背,被人破腹吉,占腹被人開五臟俱見如遇曰知心者夢爲禎祥之兆,12386
卷之九,形貌部,腹背,腹上有星宿文貞吉,貞吉占滿腹文章育秀婦產賢兒佳祥燦曰爛夢無光輝則似瘡痘疤之象,12390
卷之九,形貌部,腹背,水入腹中凶,占流動不安之物而入藏垢納汙之中夢者主曰寄跡山川扁舟江海也孕婦夢之尤爲不祥,12395
卷之九,形貌部,腹背,滌腹,占此兆弗利于涉川更防水火曰之災滌水入臍必生蟲膈,12399
卷之九,形貌部,腹背,腹開穴見二小羊凶,占此夢爲腥羶污穢之象惟出家之人夢之曰主得道爲人所信重大吉餘人夢之不宜,12403
卷之九,形貌部,腹背,腹生楓吉,張志和母嘗夢于腹上生一楓𣗳乃有娠生志和,12407
卷之九,形貌部,腹背,腹上置書籍吉,占博學廣識之象但看夢中曰是何書便見醒來何所用,12411
卷之九,形貌部,腹背,腹中蛇出大吉,占兆主文士巳㮄題名平人曰破財女人主其年生子,12415
卷之九,形貌部,腹背,少腹大于腰腹大吉,占少腹者小腸膀胱之處與心經爲表裏子曰孫性命所係夢見比上不同後福廣厚也,12419
卷之九,形貌部,腹背,少腹開穴凶,占陽不足也此男變爲女之象玉莖曰受損之兆夢此必爲他人所欺,12423
卷之九,形貌部,腹背,少腹浸入水中吉,占腎旺則夢大水腎虚則夢水涸水侵小肚潔曰淨和樂無意中得財物之夢娶婦得妻財,12427
卷之九,形貌部,腹背,人剌背大吉,唐玄宗晝寢夢人剌其背驚寤召高力上問之力士曰後面有良剌史天下大治矣必得諍臣入相時韓休爲相峭直力諍不于榮利,12431
卷之九,形貌部,腹背,背負重石,占負荷非輕之兆此夢立功任重爲人所憑曰諸矦覇仕令尹平安有事關係宜盡力,12435
卷之九,形貌部,腹背,背裂凶,占國有艱危家有變異爲臣盡忠爲子盡義曰𩹌寡親丁孤獨奴婢丐流夢吉百路無忌,12439
卷之九,形貌部,腹背,滿背生瘡痛難忍凶,宋宗澤之汴舟中夢背生疥瘡痛極驚寤曰今後必有大禍不二年疽發于背而亾,12443
卷之九,形貌部,腹背,背上縛一木凶,占夢此是休囚困苦之象曰諸事不利宜急解鎭,12447
卷之九,形貌部,腹背,背上生目能視吉,占能見後人曰獨孤后少夢背生兩目父曰曰將來見富貴可喜且賀後果爲皇后,12451
卷之九,形貌部,腹背,背有童子在兩𮪴中凶,人之臟腑命門皆從膏盲出膏盲在肩髆骨間脊占骨之内此兩穴在天爲天根在地爲乾門在國爲曰陵寢爲聖母在家爲家廟在人爲人所不見不聞手指所不及藥力所不能引晉侯求醫于秦秦伯使醫緩治之未至公夢二竪子曰彼良醫也懼傷我焉逃之其一曰店肓之上膏之下若我何醫至曰疾不可爲也在肓之上膏之下攻之不可達針之不及藥不至焉公曰良醫也爲之厚禮而歸之,12457
卷之九,形貌部,腹背,背上有虫行吉,占夢此多勞多怨多利多財虫生意生意出曰于背後勝于目前諸事皆吉惟病不宜,12465
卷之九,形貌部,腹背,蝇集背凶,占蒼蝇紫蝇翼鳴美聲輕小華形喙食易盈曰奸邪小人品類陰情夢背集蝇後禍難明,12469
卷之九,形貌部,腹背,背負羊車吉,占羊車本是絡中形背脊巍巍向玉庭曰引氣上昇由命穴夢見神隨延九齡,12473
卷之九,形貌部,腹背,背上有一童子吉,占後有賢孫良裔之兆曰,12477
卷之九,形貌部,腹背,背生草吉,占主肝氣有餘曰,12481
卷之九,形貌部,腹背,背骨斷凶,占人譬屋背脊猶棟棟折屋不能安夢此父母亡曰子侄死身殞命大不爲祥謹愼解鎭可以轉禍,12485
卷之九,形貌部,腹背,鵲鳴背上凶,占薦者朱雀之屬經曰飛鳥遺曰之音不宜上宜下此之謂也,12489
卷之九,形貌部,腹背,背有龜文吉,占龜者兆靈之物夢此主位列三公曰榮顯草反壽增一紀痼病皆除,12493
卷之九,形貌部,腹背,背上生蚕蛾,占瘡癤災殃體氣不泰禍曰事紛紛啾喞抱悶之兆,12497
卷之九,形貌部,腹背,背上瘤吉,占夢者必有重負不能脫去囊曰中有物之象覊留逺行之兆,12501
卷之九,形貌部,乳臍,生四乳吉,占男夢生四乳主娶賢妻美妾曰女夢生四乳必產貴子賢孫,12509
卷之九,形貌部,乳臍,擊乳作金𬫆聲大吉,金之數于五行爲九五形爲乳生死所係夢作金占聲子孫吉慶良朋相會雖病劇不死雖陷縲絏必曰赦蓋𬫆爲軍中奏凱又爲釋道壓邪鬼用之此夢諸事大吉,12513
卷之九,形貌部,乳臍,被人割乳,占乳者汝也血肉不可割傷夢者曰喪親丁少孕育失產業有母災,12519
卷之九,形貌部,乳臍,食人乳吉,占血氣有餘之象曰親丁發達之兆,12523
卷之九,形貌部,乳臍,乳上生髪吉,占生人之祿大吉主福壽軿臻酒曰食豊需病患消除事事佳祥,12527
卷之九,形貌部,乳臍,乳流出無數,占乳人子之食也此夢主充足有餘之兆曰衣食盈餘壽命無窮產婦夢之不祥,12531
卷之九,形貌部,乳臍,乳鳴蛙吉,占子呱呱而生之兆病曰者夢之宜禱禳鎮壓,12535
卷之九,形貌部,乳臍,蟻出乳中吉,占蟻能宂泥鑽土攢虫運骨微生也出曰者災去也夢此病去患除吉祥之兆,12539
卷之九,形貌部,乳臍,乳上裝翠寶貞吉否凶,貞吉否凶占錦衣玉食曰,12543
卷之九,形貌部,乳臍,乳生杏花吉,占兆此者驗于榮歸曰女夢著于産孕,12548
卷之九,形貌部,乳臍,犬來食巳乳,占男夢被人訟官必主和議女夢曰生男必易長成人應在申戌候,12552
卷之九,形貌部,乳臍,蛇入臍中吉,占逶迱躋躋必然龍舞鳳翔笑傲旋旋蚤得靑蚨曰白兎中饋豐奢舍身塗炭外財尅剥積福倉敬,12556
卷之九,形貌部,乳臍,臍出𤇆吉,占少年夢之當有新婚之喜曰,12560
卷之九,形貌部,乳臍,臍上草生凶,占草生苗不長苗長草不曰生此田園荒蕪之兆,12564
卷之九,形貌部,乳臍,針剌臍吉,朱壽昌丁母憂涕泣幾喪明夜夢以鈇針刺入臍中驚覺兩目無恙,12568
卷之九,形貌部,乳臍,以䋲穿臍,占文人隱士得盛明幼學遇明師善訓乎人有曰好人相結女子爲丈夫寵愛生意獲大財,12572
卷之九,形貌部,乳臍,臍生小羊吉,占貧者夢之富富者夢之貴貴者夢之加曰陞女子夢之有喜至有恙者夢之疾瘳,12576
卷之九,形貌部,乳臍,無臍,占兆主飢餒曰,12580
卷之九,形貌部,乳臍,臍水出吉,占腎水有餘之象水旣盈必流出水旣曰出中必燥夢此氣旺神清災消病除,12584
卷之九,形貌部,乳臍,虱叮臍吉,占虱者半風之象此兆風土曰和諧受人囑託得人利益,12588
卷之九,形貌部,乳臍,日入臍大吉,慕容德母公孫氏夢日入臍中晝寢而生德德後稱帝于廣固,12592
卷之九,形貌部,乳臍,臍穴見𡹝凶,占夢此防腹疾曰,12596
卷之九,形貌部,腰腎,腰繫金銀大吉,占夢此兆者文人大貴女曰人夫榮腰纒十萬之象,12604
卷之九,形貌部,腰腎,被人以刀斷腰,占兩截功名再試再曰㨗作事有頭無尾,12608
卷之九,形貌部,腰腎,腰間火起吉,占水火旣濟運旺氣足陽有曰餘陰有補家資充情意快,12612
卷之九,形貌部,腰腎,腰汗出吉,熱氣薫蒸發于肌膚金水相千汗出毫竅三焦火占旺氣乾水枯而爲虚熱夢中腰汗覺來膚燥是家曰事在心因巳得治若病中夢之病從汗出爲康健之兆見汗㸃如珠玉者喪事,12616
卷之九,形貌部,腰腎,腰間掛五臟,占藏財漏泄之兆五臟在五體之内夢掛腰外是曰肌膚不能包藏之象家資暴露積蓄散失也,12620
卷之九,形貌部,腰腎,洗腰腹見臟腑吉,占心緒分明之象夢此者惡去善來禍曰消福至隱者顯昏者明受𡨚者得白,12624
卷之九,形貌部,腰腎,腰生虱吉,占人氣生虱此夢生生不巳氣旺財來又曰爲腰間盤繫錢財之兆主凡事有水色,12628
卷之九,形貌部,腰腎,鬼入左腰腹内大吉,占大得遂志之兆選舉魁甲功曰名覇王商賈萬倍胎孕公矦,12632
卷之九,形貌部,腰腎,腰腎水流,占地火明夷之象夢水得金水流出爲費財利曰此兆陰有餘精不固火上升時虛度病痊可,12636
卷之九,形貌部,腰腎,腰腎螃蠏行,占世亂兵强之兆腰是山坡腎是溪流曰滿身甲胄如螃蠏遍體横行似夢中,12640
卷之九,形貌部,腰腎,腎成玉石子吉,占若滿腰玉石掛在囊中此氣足精固慾火曰不動夢之諸恙皆除男子夢之主得子,12644
卷之九,形貌部,腰腎,犬咬去腎囊凶,占鬼賊相侵之夢須防盜賊失曰財敗産傷生之禍無血大凶,12648
卷之九,形貌部,腰腎,剌腎囊,姚萇初殺符堅及稱帝後如長安至𣂺支堡疾篤夢堅将天官使者鬼兵數百突入營中萇懼走入宫宫人迎萇剌鬼誤中萇陰鬼爲語曰正中死處㧞矛出血石餘寤而驚悸遂患陰腫醫刺之出血如夢至長安而殂,12652
卷之九,形貌部,腰腎,被人割腎去,占仕宦不祥曰,12656
卷之九,形貌部,腰腎,兩腎突出凶,占矢脫驚危之兆必有急事至曰若夢出復入則疑難無大咎,12660
卷之九,形貌部,腰腎,鳳凰喙腎吉,占夢者姻緣晚諧功名後得子曰嗣美賢諸事佳慶但不在前,12664
卷之九,形貌部,腰腎,腎囊明亮忽大如斗,占此乃富貴之兆也夢此者食祿曰千鍾駟馬高車不明者不吉,12668
卷之九,形貌部,心胸,以刀開心大吉,占刀者肺之氣持刀者肺之神肺爲心之華曰益夢刀開心心竅通也諸難解百憂去鄭玄師馬融三年將去過樹陰下假寐忽夢一人以刀開其心語之曰今可學矣返而復卒業遂精于典籍後東歸爲名儒,12676
卷之九,形貌部,心胸,取人心肝吉,唐張儉初登第夢取人心肺次日請同第言夢事儉以告同第曰兄他日爲民父母大得民心後爲朔州刺史大教營田歲收數十萬斛遇旱勸民相賑贍合郡皆豐足民立生祠祀之,12682
卷之九,形貌部,心胸,見人心肝成犬豕吉,占大點獸頭呼朋引類干係經心來逐去遂曰立業成家庸常賤輩夢此當于戌亥生子,12686
卷之九,形貌部,心胸,心變鳥,占飛動之物能翀雲漢夢心變之文人曰大吉經商尤美詞訟等出有變不常,12690
卷之九,形貌部,心胸,心如明月大吉,占虚心應太易清光照天下羣星隱而萬物曰仰瞻浮雲散而一腔如晝聖人之夢也,12694
卷之九,形貌部,心胸,人抱腹心吉,占得賢佐爲妾得夫愛曰爲臣得君寵爲君爲客得扶助抱病得神醫初學得師傳,12698
卷之九,形貌部,心胸,心腹空吉,占虚心受教空肚飽餐夢見此者曰士爲顯官孕生忠孝衰弱平安,12702
卷之九,形貌部,心胸,心中有羊凶,占未爲羊木庫未夢此爲肝火攻心當曰有疾病至心中一羊恙字也防之,12706
卷之九,形貌部,心胸,雷擊破心大吉,文文山未第時遊于衡岳夢龍陣從洞庭來霹雳一聲心碎如屑以問諸同遊者伯友曰當作丙辰首甲矣果驗狀元及第,12710
卷之九,形貌部,心胸,取心水中洗吉,占洗心滌慮毓德撿身曰之象天乙來慾火去金士英年二十病痨瘵夢天王以三昧水洗其心寤若無疾壽至九十,12718
卷之九,形貌部,心胸,水入心吉,占心火炎炎水被𤎅一番滋潤一番焦火凉水煖精神伏過攺災除病患消,12724
卷之九,形貌部,心胸,懸心𬃩上大吉,占志意高掛之象夢此私情隔絶曰姻緣不諧功名高遂諸事大吉,12728
卷之九,形貌部,心胸,手摩心大吉,占摩者轉輾調理之象夢手爲兄弟新朋曰此兆病除鬰開灾消仇解諸事皆吉,12732
卷之九,形貌部,心胸,指畫心裂吉,占裂者陽不足夢指爲子侄親丁此曰夢是攺過自新之象有吉無凶周昭王夢人以指畫心應手而裂遂患心痛后夢中人來以手摩之即愈,12736
卷之九,形貌部,心胸,心痛凶,占夢主親族遭殃知巳受厄病者夢曰之恙入胞胳平人主有人謀害,12742
卷之九,形貌部,心胸,頭上戴人心肝吉,占交情宻切之象自頂他人意人心曰在我頭親朋結戴一同出入之兆,12746
卷之九,形貌部,心胸,開心納藥,占藥納百病去心開萬事全才深有學智愈曰無譴上智脫離平白地下愚移到碧雲天尹知章少勤學甞夢神人以大鑿開其心以藥納之自是日益開朗盡通諸經精義未幾而諸師友北靣受業焉張說薦爲秘書監,12750
卷之九,形貌部,心胸,以寶易人心吉,占人心至寶也以假易眞利巳之曰象也夢者文思暢順經商獲利,12758
卷之九,形貌部,心胸,心上生禾苗,占苗生于心心種發也文人益才思婦曰人夢之孕貴育秀生花結實之兆也,12762
卷之九,形貌部,心胸,無心大吉,漢谷永嘗夢開胸見骨有膽無心以問于師師曰子誠無心人也必大賢臣果爲大司農直言諌諍帝爲歛容,12766
卷之九,形貌部,心胸,鑿破心胸,占心中有利器目下遇恩榮學者夢之大吉天曰下文章第一訟者夢之大凶傷心禍患相冲,12770
卷之九,形貌部,心胸,胸忽裂大吉,占裂破舒開也主文思日加懷抱寛宏爲臣盡忠爲曰子盡孝齊家盡禮交友盡義正所謂忠烈士也,12774
卷之九,形貌部,心胸,人脚踏胸腹上凶,蕭山何舜賔爲憲副坐挂誤論戍留家一宿夢人雙脚踏其胸腹心疼一呼子敬語之敬曰奸仇害父敬以死報及旦駕舟渡江縣尹倉皇伏謁以爲當道巳而尹自慚陰令解者間道餘干害之死地子敬慟哭曰父夢人踏胸腹竟被鄒縣尹踏害今我必踏殺鄒賊後敬撾登聞鼓訟父𡨚事下并鞫竟逮諸解人抵死鄒尹論戍,12778
卷之九,形貌部,心胸,胸忽開吉,占胸開舒展懷抱夢兆諸事咸亨曰百憂皆散喜慶來臨吉祥之徵,12782
卷之九,形貌部,心胸,剖胸納巨鑑大吉,占剖心見誠信納鏡得高明應舉入太學曰處家無隱情女夢得貴子男夢補肺精王處訥夢人持一巨鑑星宿燦然剖腹納之因究星曆占候之學深造其旨,12787
卷之九,形貌部,心胸,胸中出錦繡紈綺,占此兆文人夢之文章錦繡才名上達孕曰婦夢之生貴育秀腹患痊可宿𡨚伸舒,12795
卷之九,形貌部,心胸,胸前懸鏡吉,占大將登壇之象一方善政萬里兵權英雄曰逞志有知人之哲高土幽居無刻剝之虞,12799
卷之九,形貌部,心胸,胸前心坎大如斗大吉,占夢之得心寛意樂窮居陋巷將來改曰換門閭博學多聞此去高揚令譽,12803
卷之九,形貌部,心胸,胸光如水晶吉,占胸中靈秀之象曰,12807
卷之九,形貌部,心胸,胸掛虎形吉,占君子成虎變曰小人假虎威,12811
卷之九,形貌部,心胸,胸旁出火熖吉,趙方爲荆湖制置使夢其子葵兩肋火炎驚寤曰葵夢爾火光燭天兒欲何爲葵應曰志滅金賊未知所欲諸將聞之曰龍肩有火麟豸皆然趙公子當大貴越三日聞警葵與諸將偕出大㨗方行犒賞軍士憤其薄葵亟呼曰此朝廷賜也本司别有賞𧶘軍士遂定方曰子年十三衆服機警吾夢汝胸光熖炎炎今果驗矣,12815
卷之九,形貌部,心胸,胸露骨無膚,占肌膚損失心膂暴露大曰老子孫亡幼輩親遭禍,12819
卷之九,形貌部,心胸,胸生逆鱗大吉,占龍形也夢巳身有逆鱗其貴無上其曰富有下若夢他人須認其爲誰不可犯,12823
卷之九,形貌部,心胸,胸旁竅開如穴吉,占夢毫竅開者耳聰月明才敏志遂胸中曰心爲胞胳左穴怒消右穴憂散佳祥之兆樊顯夢胸開二竅如䑕穴後爲蜀郡計椽,12827
卷之九,形貌部,心胸,胸藏筆吉,占筆能書寫計文策武救生主曰殺夢胸中有筆者詞章都麗,12833
卷之九,形貌部,心胸,胸變婦人乳吉,占柔能制剛之兆男乳屬陰女乳爲陽男曰乳微女細乳高大此乃弱勝强邪勝正陰勝陽之夢,12837
卷之九,形貌部,心胸,菜生胸脇,占夢此者主無味中曰有味不生處有生,12841
卷之九,形貌部,臟腑,盛臟滿盆見五色大吉,占文章華麗之象辭由臟中出盛滿成器夢曰見五色光精釆異常置之盆中當以上達,12849
卷之九,形貌部,臟腑,自灌水入臟吉,占水者金之子臟者百物收藏之處夢此曰者金自外來而收藏于居室之内也,12853
卷之九,形貌部,臟腑,臟中取筆貞吉否凶,貞吉否凶占筆在臟中書數能通六藝曰窹寐取出醒來要作千言,12857
卷之九,形貌部,臟腑,五臟出在地凶,占五臟離腹爲氣散在地曰氣散于土也其禍遲久漢成帝召楊雄作甘泉賦雄倦卧夢五臟盡出在地以手收入及覺氣衰遂有疾一載而亡,12862
卷之九,形貌部,臟腑,無五臟大吉,占士夫有府尊之職庻民有鄕曰村之樂女子有才郎之慶,12870
卷之九,形貌部,臟腑,洗臟腑吉,占藏府一空胸曰腹一清之象,12874
卷之九,形貌部,臟腑,拾臟腑,占夢巳身臟腑在外而拾得之主恢復舊業曰夢拾得他人之臟腑主獲外財更虞世亂,12878
卷之九,形貌部,臟腑,割分臟腑,占此夢主分開曹局曰,12882
卷之九,形貌部,臟腑,臟腑在雲中,占此夢主生痰病積求化選者夢之大吉學文者夢之主才高德盛靑雲吉白雲凶,12886
卷之九,形貌部,臟腑,臟腑缺少一二,夢無膽有虛驚無肝成怒病或作事不成無肺有占言人不聽無胃缺食無脾家無地無腸大凶無腎曰有好事至爲吉祥之兆,12890
卷之九,形貌部,臟腑,虫生臟腑中吉,占生意綿綿金錢曰堆積大富之兆,12894
卷之九,形貌部,臟腑,照見五内,自身五內惟善養生者知之否則不能察也好學占者得之爲明察詳審之象○心經有云照見五藴曰皆空皆空者惟方外人得之大吉,12898
卷之九,形貌部,腸胃,納腸入腹大,占夢此者兆主文章益進曰利取殷殷諸事佳祥,12906
卷之九,形貌部,腸胃,腸中火起吉,占心腎之火會于脾下陽位胃煖故有此夢若患曰痢者夢之藥力使然也文士夢此熱𠂻之占,12910
卷之九,形貌部,腸胃,以腸繫人吉,占懼人走脫曰,12914
卷之九,形貌部,腸胃,見人易肚腸吉,占肚腸變易𡨚仇觧散恩人反叛若夢道路曰之人不曾識認者諸凡作事必豫防之,12918
卷之九,形貌部,腸胃,掛腸在兵器貞吉否凶,貞吉否凶占此亂世之事因利丧生之景若夢高曰掛鎗尖懸干衆人頭上大貴兆也,12923
卷之九,形貌部,腸胃,腸結陰物凶,占人之陰物少陽相火也結者閉曰結之象有氣不舒有志不遂,12928
卷之九,形貌部,腸胃,烏鴉喙巳腸,占烏屬朱雀爭啖在口舌夢者父母有曰殃子孫有悔妻孥鬪口鄰里閧訟,12932
卷之九,形貌部,腸胃,腸成絲貞吉否凶,貞吉否凶占相思牽擾之兆絲出自天虫經綸曰萬象通夢之文名得遂姻緣成配,12936
卷之九,形貌部,腸胃,腸出化虹升吉,占曰文人夢此氣吐虹霓女人兆曰此孕生雄俊老年夢之凶,12941
卷之九,形貌部,腸胃,斷腸凶,占腸斷難續悲哀難忍也離鄉背井骨肉飄零恩曰義隔絕惟分財與嫁夫爲父母者夢之大吉,12945
卷之九,形貌部,腸胃,人易腸中物貞古否凶,貞古否凶占窮苦憂愁之際曰蘷之則吉也,12949
卷之九,形貌部,腸胃,腸遶城關大吉,孫堅母懷姙夢腸出遶吴閶門以告媪鄰媪曰吉胎中必大貴者果生堅,12954
卷之九,形貌部,腸胃,被人抽腸臟去凶,占腸臟延命者也去之不能生也夢之曰被盜欺侮惟應選考試爲大吉徵,12958
卷之九,形貌部,腸胃,掛腸山上大吉,占志在高岡之象有是則天下之人曰皆仰而望之矣忠臣孝子之夢,12962
卷之九,形貌部,腸胃,抽取人腸吉,占夢象主得人之長曰,12966
卷之九,形貌部,腸胃,洗滌腸胃吉,占洗滌去穢也夢此者曰王棄舊更新之兆王仁裕少嘗夢剖其腸胃以西江水滌之顧見江中沙石皆成籕篆之文由是文思益進因號詩集曰西江集晉興寧中沙門竺法義在始寧保山後得病積時日就綿篤遂不復治數日晝眠夢一道人來候其病因爲治之剌出腸胃湔洗臟腑見有結聚不淨物甚多洗濯畢還納之語義曰汝病巳除夢覺衆患豁然尋得復常,12970
卷之九,形貌部,腸胃,胃脘開豁吉,占此夢兆主時運通曰達情意暢快之象,12978
卷之九,形貌部,肺肝,肺上生花吉,占此兆士人夢之文思生花孕婦夢之產曰女如花禎祥之夢也富人夢之主花費,12986
卷之九,形貌部,肺肝,肺出成雲霞,占雲者流動不寧霞者空虚無實夢曰者諸事不祥惟文士夢之大吉,12990
卷之九,形貌部,肺肝,肺生兩翼吉,占夢主金氣有餘金無餘氣故七政九竅惟金曰無二肺主金而夢生兩翼大定囬爐之象,12996
卷之九,形貌部,肺肝,掘地得自巳肺腑大吉,占貧人夢之偶夢大財富貴者夢之頓長萬曰金農夫夢之大豐年有訟事者夢之必嬴,13001
卷之九,形貌部,肺肝,換易肺腑,占肝主氣肺主皮毛夢易者氣血變更也攺曰惡從善變禍爲福違正是邪福臨禍表馮俊年十八夢上帝遣神易其肺腑云將有徽命自後禍福皆前知未嘗出戸人或見之江海之上,13007
卷之九,形貌部,肺肝,肺肝如石吉,占肺主金秋如石肺虚如蜂窠肝主木春如花肝虚曰如泡影心如堅石心如槁木則有此夢福至病痊,13019
卷之九,形貌部,肺肝,以刀割人肺肝吉,占金木刑人夢者以象推之利曰在於他戰勝攻取之象也,13023
卷之九,形貌部,肺肝,被人刺肺肝大吉,占針刺起死爲生夢人來刺我我見其所刺彼曰無欺隱我有靈感禍消病除福臨利亨之兆,13027
卷之九,形貌部,肺肝,肺肝被虎食凶,占身陷虎口之兆夢此者曰牢獄疾病征戰皆不利,13031
卷之九,形貌部,肺肝,照見人肺肝吉,占所見者誰人恩仇顯易我所照者非曰鏡反見爲難我旣知人人莫我欺矣,13035
卷之九,形貌部,肺肝,取肺肝納巳腹吉,占彼之呼吸在我腹中我以氣血曰爲彼出入兩人一心受納無二,13039
卷之九,形貌部,肺肝,換人肝肺貞吉否凶,貞吉否凶占肝主呼肺主吸夢中何人我往换易呼曰吸由我出入皆然女子夢之必生貴子,13043
卷之九,形貌部,肺肝,剖肝見珠,占肝乾也珠淚也夢子父有災夢夫婦生疾曰珠在巳肝淚出痛腸之兆又爲收淚之象,13048
卷之九,形貌部,肺肝,肝化蝴蝶飛,占夢之者病人歸曰冥怒氣消乎,13052
卷之九,形貌部,肺肝,膽忽大吉,占膽大無驚恐有折磨也夢此者心曰下而小做事無退縮處世有作爲,13056
卷之九,形貌部,陽臀,銀針刺入馬口吉,占關元有出無入溺出于此而精亦從此出針炙所曰不及夢銀針刺入是金氣旺盛得助剛强之兆,13064
卷之九,形貌部,陽臀,玉莖飲酒吉,占夢此當得嬌妻美妾良朋曰俊僕有歡樂大暢之遇,13068
卷之九,形貌部,陽臀,𨯅刃斫開肉具大吉,占文人作顯宦武士立大功商賈得大利娶女曰遇良媒娠姙生貴子災病得切巳者救之,13072
卷之九,形貌部,陽臀,肉具長垂過膝凶,占無所容身之兆必有乏用缺食多愁多曰怨其象柔弱而無配其驗驚憂而有耻,13076
卷之九,形貌部,陽臀,玉莖生寶相花大吉,王晋卿幼夢陰上生花狀如寶相其父聞之以問大法師師曰大貴徵兆果爲駙馬都尉,13080
卷之九,形貌部,陽臀,玉莖忽長吉,占未知牝牡之合而𤽭作生育之源精神之本夢此曰此長大家隆業盛親丁有喜資財暗長交游宻切,13084
卷之九,形貌部,陽臀,臀被責痛吉,占兆主前後有人出力有禍曰必輕宜自省攺過無咎,13088
卷之九,形貌部,陽臀,臀無膚凶,占貧窮孤苦之象曰,13092
卷之九,形貌部,陽臀,臀無𡲀,占幼冲夢之爲無竅爲有疾曰高年夢之爲獨夫爲𪽶症,13096
卷之九,形貌部,陽臀,生尾如禽獸臀吉,占無初有終之兆獨夫生嗣孀婦得男孩童遇曰友工役將完若夢蛇尾大化小剛化柔之驗,13100
卷之九,形貌部,陽臀,臀生癰吉,占雍容揖遜也有此夢者諸事皆吉曰身榮名著衣食豐足但不能安坐,13104
卷之九,形貌部,陽臀,臀濶大吉,占安閑之象家安人足子貴僕富若曰遊行來往百事遲遲不能迅速,13108
卷之九,形貌部,陽臀,規臀以色吉,規主圓矩主方夢人規畫其臀是身後有定規也占靑色爲清高大名白色爲財帛爲報仇雪耻金色曰爲剛勇决斷黃黒爲田土産業晉文公夫人夢神規其臀以墨曰使有晉國三而𢌿驩之孫故名之子曰黒臀黒臀在位七年是爲成公子景公孫厲公相繼立自黒臀至厲公三世矣厲公弑國人逆周子立之實悼公蓋襄公驩之孫也,13112
卷之九,形貌部,陽臀,臀中生長毛吉,占臀有毛長壽徵也夢生長毛安居恒産之曰兆臀上無毛後面光循此推之吉凶可見,13120
卷之九,形貌部,陰谷,陰毛拂踝吉,魏酈範自靑州還京夜夢陰毛拂踝史武進解之曰公豪盛于齊下矣必當重牧全齊後果應其言,13128
卷之九,形貌部,陰谷,陰子破囊欲墜地凶,占此屬命門爲關元夢此象者命曰運亡子孫傷妻妾丧諸事災危,13132
卷之九,形貌部,陰谷,見女人陰戶凶,占陰口開張脫露無收之象夢誰家女子品分曰高低便知是何人對口相爭掩蔽者無妨,13136
卷之九,形貌部,陰谷,女子陰變爲陽物貞吉否凶,貞吉否凶占夢此當配良夫生男子長成家曰業爲女中丈夫牝雞司晨之兆,13140
卷之九,形貌部,陰谷,見母下體,顧琮繫詔獄當伏法忽夢見其母下體愈懼時有善解者曰太夫人下體是足下生路也重見生路何吉如之明日門下侍郞薛稷奏刑失入竟得免琮後拜相,13145
卷之九,形貌部,陰谷,火烘下體吉,占富者見之得人貴者見之得位曰貧者見之得衣病者見之得療,13149
卷之九,形貌部,陰谷,谷道毛垂地大吉,占便竅毫長良田萬頃夢長而垂地利亨曰倍增之兆當出貴子賢孫榮親耀祖,13153
卷之九,形貌部,精血,精若水晶大吉,精者元陽之眞髓液之原陰陽合而成胎胎氣是而成形身之所自生也隨氣而出而入而血随之占見之不可用用之不可見夢中見之是氣隨神一曰神有靈靈在肺官肺官爲精母精歸腎腎者肺子狀如水晶旺且固也,13161
卷之九,形貌部,精血,滌精而納之,單熈與人鬥鬥者卒死熈歸卧夢滌精而納之寤語其弟孟陽陽曰非有人命乎熈以眞告孟陽趨往鬥所俟捕捕者感嘆不訟而和,13165
卷之九,形貌部,精血,精泄不泄吉,占夢泄不泄陽旺火盛而腎煖元關固曰也必有重勞盡力功成意遂之驗,13169
卷之九,形貌部,精血,遺精,夜夢遺精火旺氣寒元關不固欲動情勝液外流占流而爲痰痰入腎腎不留之故夢中瀉岀醒後見曰遺此神虛血冷腰間遇風而疾病因之必宜調理不可不愼也,13173
卷之九,形貌部,精血,交姤精不泄凶,幹事不成之象夢此者遇而不遇徒勞力而無功占有謀不遂有始無終諸事不吉須防鬼魅之侵虚曰火之症,13177
卷之九,形貌部,精血,精寒如石凶,困于石㨿于蒺藜入于其宫不見其妻凶陰柔不占中不正火冷水涸滋液積聚不運通達髓露而爲曰痰痰寒形似石一事無成之夢必須正心清神以解之,13181
卷之九,形貌部,精血,媾精見血大吉,占心腹相托之夢曰,13185
卷之九,形貌部,精血,遍身紅血大吉,占朱衣加身之象無論貴戚素封貧窮下賤衰曰老殘喘兒童女流得此梦者必有皇恩爵祿,13189
卷之九,形貌部,精血,血流遍地,占此夢占之最難料只要得如何處到曰從外流來得大財竅中流出非佳兆,13193
卷之九,形貌部,精血,血淋身吉,占兆主文高武遂曰交易利子孫吉,13197
卷之九,形貌部,精血,吸人血水吉,占狠心之象曰,13201
卷之九,形貌部,精血,膿血污手足吉,占紅錦兮如血黄金兮似膿累及兮體肉相曰干兮弟兄受污兮夢中旦得吉兮幸逢,13205
卷之九,形貌部,精血,眼旁流出血凶,占悲哀哭泣之象主父母兄弟夫妻曰子侄六親之内必凶災死喪之禍,13209
卷之九,形貌部,精血,耳邊有血水吉,占有恤典曰,13213
卷之九,形貌部,精血,乳中有血流出大吉,占白化爲赤必曰有喜事至馮京夫人王氏未嫁時問嬸母曰女夢兩乳出鮮血覺來乳痛豈是生病耶嬸答曰喜事將至矣旁人曰馮狀元入贅外戚張家今有悔來何喜可至俄京信到書云遵母命雖聖主作伐决弗就,13217
卷之九,形貌部,精血,頸裏血出,占當有破財景象凡事宜潜藏曰忍耐不得出頭自取大咎,13223
卷之九,形貌部,精血,血拌頭髪凶,占肝經有曰,13227
卷之九,形貌部,精血,舌尖出血吉,占文章進益口舌消散曰病主心經魚鹽多利,13231
卷之九,形貌部,精血,額上出血凶,占與人相爭之兆曰,13235
卷之九,形貌部,精血,溺血,占溺血名爲赤濁也夢中見之當得福曰也兆主所屬順從子孫食天之祿,13239
卷之九,形貌部,精血,陰戶流血吉,占運來年月好經營百事通曰孕育無災患姻緣心意濃,13243
卷之九,形貌部,精血,血污衣,占血染衣裳意氣揚揚如曰武人臨陣不宜夢此,13247
卷之九,形貌部,精血,自吸口中血水凶,占泣血稽顙曰,13251
卷之九,形貌部,精血,喉中有血出吉,占肝主血而喉屬肺夢此爲肝肺相和曰勞心費用以得大利之徵有吉無凶,13255
卷之九,形貌部,精血,身坐血汙之中,占男夢拾財女夢防產曰,13259
卷之九,形貌部,精血,見血成河,占君相夢之天下大亂水旱見之雨雪女曰子夢之禮懺禳解病中見之立愈矣,13263
卷之九,形貌部,精血,將器皿取人血來家吉,占消災延壽之占曰,13267
卷之九,形貌部,精血,破傷無血大凶,占無精父有殃無血曰母有患考妣有何憂也須坆上看,13271
卷之九,形貌部,精血,放血與人,占血者性命所關也放與别人曰夢中見之防財物失脫也,13275
卷之九,形貌部,精血,股上出血凶,占有妻妾之慮曰,13279
卷之九,形貌部,精血,遍身膿血出大吉,膿血淋污滋榮潤澤之兆夢此者功名大占吉營謀大利如夢兒女如此者主易長易大若有爭訟之曰幾者夢之凶,13283
卷之九,形貌部,精血,被人剌取血去大凶,占財物被刼之兆曰,13289
卷之九,形貌部,精血,大腸屙血吉,占腸中寛暢災退患除曰,13293
卷之九,形貌部,精血,含血噴人,占壯士正直作事盡力之兆曰,13297
卷之九,形貌部,精血,吮血,占相知見許立言曰見允大吉之兆,13301
卷之九,形貌部,精血,吐血吉,占立業成家曰,13305
卷之九,形貌部,汗氣,渾身流汗大吉,占渙汗其大號所謂渙小儲曰而成大儲災禍無于病愈,13313
卷之九,形貌部,汗氣,汗污衣大吉,占體膚汗出熱病消除曰李世民裴某同卧帳中李曰夢不祥如之何吾夢兩人渡河河涸捨舟疾走汗出污袍裴解曰所志遂矣二人天字河無水可字天可汗虜王號所志必遂裴記藏書,13317
卷之九,形貌部,汗氣,汗流地下凶,占地土散失之兆如曰歲大旱夢之有雨,13323
卷之九,形貌部,汗氣,汗如珠凶,占夢此事不成禍不曰解訟被刑病難愈,13327
卷之九,形貌部,汗氣,汗如雨吉,占市㕓熱閙之象曰,13331
卷之九,形貌部,汗氣,汗乾大吉,占身衣華袍曰,13335
卷之九,形貌部,汗氣,氣息如雷霆大吉,威振華夷之兆人身象天地乾爲首坤爲腹坎爲耳艮爲鼻震艮相聯氣在鼻息耳聽聞聲夢此者占神居玉池之上十二重樓之下在裏而不出氣盛曰如雲故寐𠺒如雷鳴而同處室中者不聞其聲夫如是聰明𧇩智剛健中正德章四海位極人臣壽餘十二紀福及九世孫,13339
卷之九,形貌部,汗氣,氣從鼻口出如烟霞吉,占丹田氣盛故有此夢曰,13343
卷之九,形貌部,汗氣,氣昏黑暗凶,爾朱榮夢行日宮氣暗昏黑如燈照影次日被祻,13347
卷之九,形貌部,汗氣,氣從玉莖出吉,元極陽明斡旋天根大陰之精入泉源而上升朝占于黃庭游于玉京嬰兒姹女由南園而過大津三曰尸却五鬼寧于是乎夢繞金莖,13351
卷之九,形貌部,汗氣,氣如火光吉,占重明以麗乎正乃化成曰天下又曰黃離元吉,13357
卷之九,形貌部,汗氣,氣如虹霓,耶律丞相抱妾晝寢夢體有氣燻烝貫曰狀如虹霓雲霞滿天覺問太醫醫不敢言咍咍稱慶醫出語人曰無蘂治之矣小便流血而逝,13361
卷之九,形貌部,汗氣,喘息不定,占心不寧故夢之曰,13365
卷之九,形貌部,汗氣,喘貞吉否凶,貞吉否凶占夢喘非眞病應驗在勞形遠行涉險急速重曰承一時不及所係非輕更有好兆得羙聲名,13369
卷之九,形貌部,汗氣,呼吸如風,占風屬木木在肝肝主呼肺主吸其氣如曰風者金木皆旺而元精不能包藏之也,13376
卷之九,形貌部,汗氣,如鬼噓吁,占肺氣不足也曰,13380
卷之九,形貌部,汗氣,無息大吉,占太極靜而生陰陰固而無聲其氣清曰且寧此夢主元神元神旺可長生,13384
卷之九,形貌部,膀胱,膀胱如江海吉,占腎水有餘羣陰充足江流滚滚曰海脉洋洋水火旣濟康健吉祥,13392
卷之九,形貌部,膀胱,膀胱如雞子凶,占陰水聚結之象夢曰之主病患將作,13396
卷之九,形貌部,魂魄,魂飛上九霄吉,名揚壽永之兆此冲齡血氣未定情竇未開元神不動而晝多欷戲夜回心不寧故有夢魂揺颺之象魂者本來面目氣運而相合脉血和調若暑寒太過不及飲食稍訛其理則氣不連合而恙生焉陽清氣順則上昇乎乾元其生也智其身後也靈占陰濁氣逆腦受其弊前呵後吸不及丹田三焦受曰其殃元神降乎地而爲鬼其智不及其壽不長若夫情欲散亂惟甘旨是好饕餐劇飲目視妖麗耳聽嬌淫于是邪魔襍踏三尸合五鬼厲而禍及六根矣故夢中見魂飛齠齡之常態當教之以正勿藥有喜衰老之虚驚當調之以安勿勞無恙韓忠獻公億次子琮七歲時延師習學一日同门琮夜夢登靈壽山見魂飛直上天門師曰魂是何物汝何見知琮曰魂從頭飛由及入寤省不知在那裏,13404
卷之九,形貌部,魂魄,魂西北行凶,占火上升水下降魂在中曰離合不和故有此夢,13412
卷之九,形貌部,魂魄,魂呼魄吉,占肺氣動也曰,13416
卷之九,形貌部,魂魄,魂如蛇魄如猴,占心亂氣浮之象曰,13420
卷之九,形貌部,魂魄,魂魄相打貞吉,占主陰陽不和而無咎曰,13424
卷之九,形貌部,尿糞,尿流至吉,占貧窮有此夢必得無意之財富貴有此夢必曰得分外之物疾病有此夢必得救難之資,13432
卷之九,形貌部,尿糞,向人撒尿大吉,占兆主心寛運通夢者冇急即解曰有禍忽消有慝頓除有讐便散,13436
卷之九,形貌部,尿糞,船上溺尿吉,占出行逺方之象夢此者主有事逺行或曰有遠方人往來若途中夢之須防風水,13440
卷之九,形貌部,尿糞,撒尿滿口吉,占水火巡環之兆曰,13444
卷之九,形貌部,尿糞,身上有尿濕吉,占寃釋災消也曰,13448
卷之九,形貌部,尿糞,撒尿于碗中吉,占解急之象夢此者緩急有濟疾曰病有人扶持病危不死佳兆也,13452
卷之九,形貌部,尿糞,連連撒溺,占其象夜卧不安心中有曰急事情欲不遂者之夢,13456
卷之九,形貌部,尿糞,小解不出,占夜氣不和故有此夢曰或主急欲小解也,13460
卷之九,形貌部,尿糞,尿屎污身大吉,占貴者夢之增祿富者夢之加息生意夢之曰獲利訟事夢之不吉病人夢之又當别占,13464
卷之九,形貌部,尿糞,臭糞污衣飾大吉,蔡京未遇時會文于蕭寺見牆下有污穢歎曰何夢之有驗也諸友訊之京曰昨遊湖上飲醉歸隱几而卧夢人僧舍内外無人倚牆而溺地有惡臭周旋視之污累衣裳今日見此牆宛如夢中幸不污耳朋曰可喜可賀君當受廪資不亦樂乎僧舍無人是增一口衣沾牆下屎是亦庠序得米也非受廪而何果驗,13468
卷之九,形貌部,尿糞,拈糞囘家,占大得貨財便成恒産曰,13472
卷之九,形貌部,尿糞,人與糞吉,糞雖污穢之物沙土得之而壯種植得之而華出占于人腹施于五穀夢兆諸凡方便使用滿目與人曰者不祥,13476
卷之九,形貌部,尿糞,掃除尿糞大凶,尿者戸内水糞者共田米掃者婦無所歸也若夢占掃除舍宇固爲吉祥所除非塵埃而去水来將何曰以供膳乎此䘮家之兆急宜脩省解禳,13480
卷之九,形貌部,尿糞,糞中行畏惡吉,占夢此者主使用得宜也曰千金萬貫都在阿堵,13484
卷之九,形貌部,尿糞,糞虫吉,占生意之人活潑潑地曰,13488
卷之九,形貌部,尿糞,糞中坐,占夢者多所受累到底難行若曰夢中坐起則後來有好事至,13492
卷之九,形貌部,尿糞,糞土堆積吉,占積玉堆金曰,13496
卷之九,形貌部,尿糞,糞汙斛,占積粟壞爛之兆若于絕糧困乏曰之際夢見之必有人周濟大吉,13500
卷之九,形貌部,尿糞,釡中有糞土凶,占破釡之象其夢此而後曰灰得曰財利者必因利亡家不可不愼,13504
卷之九,形貌部,尿糞,屙屎碗内凶,占夢此者將缺食餓死必宜曰攺過自新以祈天神救助,13508
卷之九,形貌部,尿糞,屙出屎𡲀凶,占内空虚外汗穢曰費用不祥之兆,13512
卷之九,形貌部,尿糞,大便滿地吉,占得見便宜曰,13516
卷之九,形貌部,尿糞,大便在灶下凶,燥妄異常惡惡責背之兆家中有厨灶所以共口占食井厠不相見豈可容尿糞乎夢此者家事漸落曰地土將壞是非爭執日用不給何法以生財,13520
卷之九,形貌部,尿糞,失大小便凶,占外貨難序巳曰財散失之夢,13524
卷之九,形貌部,尿糞,聞屁人𥬇大吉,占屁者譬也一語曰騙人爲人所信,13528
卷之九,形貌部,尿糞,忍屁出汗凶,占養生之道莫良于夜氣夜氣曰不足以存其將有所不遂乎,13532
卷之九,形貌部,尿糞,屁臭吉,占將有生意曰,13536
卷之九,形貌部,尿糞,蛆滿身凶,占主財費病深貴人曰主萬民擁戴之兆終,13540
卷之九,形貌部,尿糞,━━━━━━━━━━━━━━━━━━━━━━━━━━━━━━━━━━━━━━━━━━━━━━━━━━━━━━━━━━━━━━━━━━,卷之十,13549
卷之九,形貌部,尿糞,━━━━━━━━━━━━━━━━━━━━━━━━━━━━━━━━━━━━━━━━━━━━━━━━━━━━━━━━━━━━━━━━━━,,13551
卷之十,政事部,—,政事部一,科第官祿壽算嘉禮姤孕,13563
卷之十,政事部,—,考試,夢應枚卜形求者此夢兆于君子爲朝野精神感通指日顯楊通泰之應匪德之人或夢兆此主大凶事也○夢應賢良方正科應此兆者盛德之祥登庸之象文士得此主司名姓有漢劉之字者必有遇合投契之占老病者夢此非祥○夢應弘辭詩賦科詳其題是命何辭何詩何賦文士可以此推題旨利于唐姓之人平人夢之主才藝精通聲歌清妙○夢應制策試詳是何題文人叶吉平人占訟事武人中式少年不事詩書者兆充刀筆爲吏曰也臨塲防題目前兆大宜細推○夢應會試主登第之兆夢應廷試主鼎甲之祥如本非文士爲身投羅網此非佳占○夢應舉子試臨試者應近平日者應逺呈卷見收者吉不收者凶平人或應于子弟否則身入科條訟獄之象○夢應生童試讀書者收取無阻則吉不收有阻者不吉平人非學者主身有受困之事小口欠寧獄禁易釋也○夢入監考試者文人中舉平人入獄凡事拘留不釋之象,13568
卷之十,政事部,—,報中,神言人告夢此者不論人神凡預有稱告報語者言中者吉言否者凶逺近有期皆爲大吉之兆須詳其語意占隨變而占固有直應亦有曲通宜細測圓推如非曰文士必兆于子弟也或寄夢他人者尤有靈驗亦有虚夢者或因恃夢不修或以夢輕泄故吉轉爲凶耳唐鍾離介寓長安夢二女揖之曰吾家孟溪君今中第尹吾邑矣巳而果如其言介既至仙居求其疏廟而祀之名曰慈感馬涓旣赴御試夢人告之曰子欲及第須作十三魁涓歷數其在太學及預薦送止作十二魁心甚憂之意疑復黜落也逮賜第魁天下果十三魁鄱陽士人黃瀛宣和間在太學負俊聲屢夢人言黃狀元因自待不淺時與交友言之然每入舉塲輒不偶紹興八年以免舉赴省試而黃公度魁多士瀛始悟歎曰二十年夢黃狀元今乃爲他人所奪怏怏而歸久之僅得特奏名攝官而卒宋胡仲徽赴癸酉秋試寓于城隍廟巷民家樓上有富家子應舉欲胡爲助許以錢三百千胡謝之曰吾固甚貧然學有限所謂自照一身猶未光也何暇及他人乎富家子去期以明旦再造仲徽以厚餌意亦未決夜夢黃衣卒登樓報㮄胡詢巳之得失卒曰止爲公姓名在㮄所以來報卒旣下樓復還白曰秀才解名雖定更須莫管閑事乃可胡矍然而寤思晝之所囑力却之果預薦張黼未第時嘗夢人謂曰汝登第在狀元前覺而思之世豈有科名先狀元者吾殆無此望矣及丁未會試名在十五鉛山費宏名在十六是科宏狀元及第計得夢時宏尚未生也呂柟性至孝方會試聞喪痛哭草履奔至家途中夢有人報來科狀元後果驗官至少宗伯松江錢中子名福生數歲矣夢三女來謂曰汝子科第當與蘇州吳寬同因至蘇訪吳寛吴時尚困庠舍然人皆稱其德優學博乃曰吾兒便不得科第得名齊吳君足矣及吴狀元及第而福亦以狀元發跡,13580
卷之十,政事部,—,看㮄,夢此者不論自見及他人見有名者聲名大吉無名者名譽消落或非巳名宜更名以應之或夢在占某人㮄則以其人中式方得有應或兆于幾年之曰前或兆于逺年之後或兆于旦夕之間或兆于其人未生之日或兆于其人將死之年象各不同占難拘一杜居實夢川中放省㮄三十四名而居實與其數覺而怪曰省㮄不下三百人且當在京師不在川蜀遂不能曉至建炎初朝廷以險阻分路省試蜀果中三十四名而居實果與焉楊敬之任江西觀察使其子戴隨任江西應舉時敬之夢新榜四十進士歷歷可數寓目及半其子在焉其鄰則姓濮陽而名不可别旣寤訪于詞塲則云有濮陽愿者閩人能文有譽一日楊祖客灞上居于逆旅有自閩來者試詢之乃貢士也問其姓曰濮陽審其名曰愿閱其火睂宇清朗詞氣安詳問所寓則曰今將僦居楊令盡驅其行李置于庠序命戴與朝夕同處是冬大稱濮陽藝學于公卿間人情翕然得第必矣而濮陽一夕暴卒楊惋痛嗟駭力爲營辦歸骨閩間仍謂其子曰我夢無徵汝之一名亦不可保明年其子及第而同年竟無濮陽者夏首將關送于吏部時宰相有言前輩重族望輕官職是歲慈恩寺題名咸以族望題畢楊間歩塔下仰視之曰弘農楊戴濮陽吴當𢘚然如夢中所覩云陳正居國子監候紹興壬子試夜夢登一大堂掛黃榜於梁間問之人云此明春榜也正欲觀之爲風飄颺不定彷彿但見巳名及宜興惠純夫耳迨明年試後路遇宜興報㨗人因問云貴縣有誰其人附耳語以純夫正大喜躍未幾㨗音果至孫夢得初名貫字道卿嘗語人曰某舉進士過長安夢登塔見持一大文卷者問之云來年春㮄索而視之不可問其間有孫貫否曰無惟第三人有孫抃旣寤遂攺名抃字夢得明年果得第第三王載奉新人夢與劉鑄至江西省署見開鄕貢進士㮄諦視之高懸朱牌十枚上書金字日光炫燿不可讀忽一隸卒曰第一名南昌熊誼汝第六遥呼鑄曰爾名亦在後載寤與人言皆笑之後八年洪武庚戍始設科江西四十名額南昌占其十正符朱牌之數熊誼第一載名第六鑄名第十九廷試載名亦第六少傅余有丁嘗夢登杜正㮄進士旣第以爲夢不驗矣及㮄首申公入湏袍笏其典之曰内臣杜正也是夢亦巧矣哉于觀文入試夢人以軸文與之曰此春㮄也可收之旣覺自解曰令我收㮄吾其瑣㮄乎放榜果然顧禎夢其弟福中㮄名上朱污以語福及福自觀㮄名乃在糊縫鉗印處爲朱濺焉後福官至𠫭政,13627
卷之十,政事部,—,取中,夢中元魁科甲及取科舉進庠貢監之事兆主利於文人應有遠近不中不取者不吉如平常之人占或驗于子孫兄弟否則事有别占反爲非吉也老曰病之人大爲凶兆其在文士即非考試之年亦有奇象宜細詳之永嘉林溫生於延祐丁巳八月八日至三歲名榮祖又十二歳更名溫又十歲當至正壬午以春秋經試江浙鄉闈第一董彛第四董朝宗第五朱公遷第二十八溫授奉化别學正丁亥之官會董彛亦爲慶元學正彛曰吾大父㫺得奇夢記諸籍云丁巳年九月七日夜夢林温作魁朱姓人鎖㮄第四第五人姓董其最異者温之生甫一月耳,13701
卷之十,政事部,—,唱名,夢唱有名者大吉無名者爲凶詳是第幾名又屬占何地則知名第高下利甲分明矣如非讀書之士曰及老病之人則爲不祥劉恱初名濤宿梓潼祠下夢與舉子數百聽唱名于集賢殿有一衛士來曰公第三人及第問曰劉濤耶衛士曰非也劉恱也驚覺至元祐間詔書若與上書邪人同姓名者聽改名時有彰信軍進士劉濤例因改名乃憶昔夢攺濤爲恱果中蔡嶷榜第三人,13714
卷之十,政事部,—,遊宴,占夢遊堦列宴者身在前行上坐大貴在後乘下曰席小吉如非應舉者則主門有喜慶榮利倍常,13720
卷之十,政事部,—,樂迎,夢見人鼓樂迎巳者兆主鼎甲見鼓樂迎他人者占主其人富貴大爲奇貴之占如兆于平人之夢主曰應及子孫非有盛德不足當之宋馮京父式商也入粟拜官壯年無子將如京師其妻金氏授以白金數笏令至京置妾及至都下買一妾立契償金矣問妾所自來涕泣不肯言固問之乃言其父爲官因綱運欠折鬻妾以償式惻然即遣還其父不索金及歸妻問買妾安在具告以故妻曰君用心如此何患無子居數月妻有娠將誕里中人夢鼓吹喧迎狀元京乃生,13724
卷之十,政事部,—,集錄,夢集上錄上有名者必主得第無名者不吉名不占合者宜改名以應其祥然不可妄貪須苦志力學曰方吉也夢見他人名者其人吉夢他人見巳名者應尤靈宋孫洪與同舍生游太學生得家書秘不示洪洪詰之不巳出書示之書云昨夜夢至一官府若閱登科集汝與孫洪皆列名籍中其孫洪名下有朱字云于某年不合與人寫離婚書上天譴之不得過省洪愕然生曰公果有此事否洪曰有之及就試生果中高第而洪不得選曁生西歸爲尋夫婦合其巳離明年洪始釋褐成化丁酉鄉試畢吏科王給事夢人送鄉試錄二冊王取觀之見上一冊第二葉内有沈希遠名又展下一冊亦見第二葉内有蔣浤名再欲檢閱其人不從遂寤詰旦沈造王王爲言之及放榜沈中第二十五名錄上第二葉内也後庚子科蔣中第十九名亦在錄中第二葉內乃知上下二冊者二科試錄也,13742
卷之十,政事部,—,牌扁凡夢皆然而此曰爲尤甚,夢牌扁之上是元是魁必有奇應不在本身則在占子孫且其中借兆轉應幾甚靈幻凡夢皆然而此曰爲尤甚占者宜細測圓推大抵夢得此兆者即不應于巳而事無不吉矣宋徐儼夫幼夢家有狀元扁中釘以丁儼夫狀元及第後與丁謂大不合初崑山張安甫在祁州嘗夢得一狀元牌扁明日偶因公事出至橋上適見一木浮水面問居民皆不知所自就令人作牌扁自書明倫堂三字寄歸崑山學中以寓期祝之意乙卯秋恭靖朱希周夢取此牌扁回家以爲鄕貢之兆巳而果得狀元云黃公度鄰人王氏夢其居掛金書榜曰狀元坊自謂子孫必應兆毎誇語於里閅久而益貧所居歸於黃氏不數日公度㨗書到張元忭居羅萬化同里對戶羅旣大魁天下張尚未第一夕夢移其扁於家及廷試果以狀元及第云,13769
卷之十,政事部,—,旌杆,凡夢此者有吉無凶嘗有一富翁子入太學應試忽夢門首𣗳旂杆八枝時鄰家貧士寄居入試亦占夢揚旂于其門外及掛㮄其子下第而貧士魁甲曰明年富家子以天書被譴乃納之求赦樹旂八杆宛如夢云,13795
卷之十,政事部,—,簡籖,占凡夢簡筴籖牌上有名字或見于自曰夢或夢于他人皆主其人貴顯之徵商輅應浙江乙卯鄕試與姚𦾪同舟夔夢一吏持方簡一片至舟連呼解元者二簡上有商輅二字夔問曰我中否其吏轉過簡後示之又有姚𦾪二字是科商第一戊午姚第一費宏上春官伯父瑄方以都水主事治呂梁貽之書曰汝脱下第母南歸宜入北監讀書丙午還宏詢之曰伯父何以知宏之弗第而必令入北監也瑄笑曰此爾逺到之兆也吾嘗夢汝入監領班籖籖乃彭文憲故物也文憲嘗遊北監中狀元矣汝勉之至成化丁未果狀元及第,13806
卷之十,政事部,—,封記,夢自書封條票記是某科甲官職者必主異日榮占達夢他人將某科甲官職封條票記來至者必主曰指日富貴如平常之人夢人將封條票記來封其家戸什物者又爲不祥羅萬化赴會試至杭州北新關忽夢一老人白衣靑巾從浮橋下舟掲舟上會試封條易以第一甲第一名數字隨恍惚而寤及廷試夢果驗云,13814
卷之十,政事部,—,主司見夢,凡士人榮達多見夢於主司其兆不可預擬其占占不可先定其夢亦不見于其人但天機畧露使主曰文者不得不收不至埋没其人耳此關文士升沉不係主司得失也李旻與王華同鄕試考官取華爲解首監臨謝御史嫌華白衣乃更李主文者夢中得一舉中雙元之句後王華辛丑狀元李旻丙辰狀元果符夢云,13822
卷之十,政事部,—,店主見夢,夢見于店主者乃其人之精氣感于天以指點英占雄泄露其幾壯其人之膽使之自信堅自待厚且曰使他人禮敬少濟其窮途旅邸之扼也但應有先後不同孫賢赴會試途中投客店主人具飲食致敬于孫孫疑其家有他會問之主人云昨夜夢狀元至我家今日必應此夢矣是科下第歸來科果及第,13828
卷之十,政事部,—,秀才舉子諸類,凡夢中見是秀才舉子魁解來有求乞者或主其占名非是其人有他物托靈宜以别應占之不以本曰人詳事大象以仁心待之則吉楊吳之尅豫章也中書舍人徐善與妹爲一軍挍所虜旣定軍挍請以禮聘之善自以宦族不當與戎士爲婚固不許挍乃强納幣竟虜之而去善即詣楊都求見楊渥而訴之時渥初嗣藩服府廷甚嚴僣擬王者布衣游士旬歲不得一見而善始至白沙渥夜夢人來言曰江南有秀才徐善將來見公今在白沙逆旅矣其人良士也几有情事公可厚遇之旦即遣騎迎之旣至□□□厚且問所欲言善具白其妹事即命贖歸時歙州刺史陶雅聞而異之因辟爲從事金陵有三大石甚古吴仲庻作守曰夜夢三舉子求哀且曰若不垂祐明日當爲煨燼矣吴甚異之詰旦遍問僚屬莫能原其意旣而視其牒見兵馬司狀申乞燒三醜石爲灰供修造之用吳遂悟勑寺僧愛護元祐中毛漸作漕欲移置廨舍掘之旣深而石根不斷,13836
卷之十,政事部,—,賀人科第,人來賀夢賀人登科登第者兆主其人貴顯夢人賀巳登占科登第者兆主自身榮達不論小大凡賀人者巳曰失色人賀者巳增光若非文士不應子弟反有憂事來臨耳淳熈間趙温叔丞相嘗力薦郭明復劉光祖楊輔之謂皆省殿試前列且云大好士人壽皇宣諭云朝庭用人皆以才安論科第科第不過入仕一途耳温叔唯唯而退越日御製科舉論其畧謂近世取士莫若科塲及至用人豈當拘此詩賦經義學者皆爲得之又何足分輕重乎夫科塲之弊于文格高下但以分數取之眞幸與不幸耳至于庭試未嘗有黜落者盡以官資命之才與不才者混矣是科塲取士之弊在乎人君擇相之不審至于懷姦私壞紀網亂法度及敗而逐之不治之事巳不勝言矣宰相不能擇人每差一官則曰此人中高第眞佳士也終不參其才行如何孔聖之門猶分四科人才𠔥全者自古爲難夫監司郡守係民之休戚今以資格傅之丞相雖擇其一二又未能皆得其人及至陞對阮無過人之善粗無凡猥之容則又才能極精共選國朝以來過于忠厚宰相而悞國者大將而害軍者皆未嘗誅戮之雖三代得天下以仁而啓誓六師曰不用命戮于社羲和廢厥聀猶征之曰以于先王之誅况掌邦邑軍師之大事乎其要在人君必審擇相相爲官擇人不失其所長懋賞立乎前嚴誅設于後人才不出吾不信也朕延一二柄臣皆能精白一心盡忠無隱冝勉乎此更勤夙夜以懋庶績豈不休哉効宣示温叔色變上曰不謂卿等對日迅雷風烈雖不爲孔子而孔子色變者畏天怒也由此言之科第關乎民社係于君相夫詎小端形于夢寐可不慎之,13846
卷之十,政事部,—,爲官居位,夢身爲陽世之官居陽世之位主身榮名達異日占必應佳祥占爲上吉如夢居官位而人世無此官曰爵位署者主冥司陰府之兆吉中伏凶非喜事也王播登第後夢爲河南尹視事有二客至東西坐東者曰崙邦如何處置西者曰巳科决逓出界訖覺而書於誥牒後别紙上後二十年果除河南尹旣至三日洛陽令與分司郎官偕至問答一如所夢蓋郞官奴竊物而逃送邑邑判如此播命取官誥後所志驗之相與歎異云鄭處誨登進士累遷工部侍郎時族父朗爲定州節度使處誨因早朝假寐於待漏院忽夢巳爲浙東觀察使而朗爲汴帥留連飲餞仰視屋棟飾以黄土賔從皆所識明年朗果自定州鎭宣武辟□重掌書記重將行處誨告以所夢明年處誨轉刑部侍郎其年秋授浙東觀察使行及潼關朗遣從事迎勞仍致手書令先疏所夢比至汴宴於清暑亭賔佐悉符夢中朗仰視屋棟曰此亦黄士也四座感歎處誨朗相繼卒,13871
卷之十,政事部,—,見人爲官居位,夢此者兆主其人顯達或老病者則主其人不祿占凡人夢之爲遇貴逢亨之占宜詳是何官位以决曰榮枯陳世祖薈嘗夢章昭達升于台鉉及旦以夢告之後以功授鎭前將軍開府儀同三司一日侍宴世祖顧昭達曰卿憶夢否何以償夢昭達對曰當効犬馬之用以盡臣節自餘無以奉償,13882
卷之十,政事部,—,選除官職,夢之者貴人主得祿遷官平人主獲財得子宜詳占是何官位必有佳徵老人受職位者病至巳病者曰不祥元于文傅方成進士夢入選掛名爲長吳正官覺而笑曰我吴人安得作長吳二縣正官必無此理初受官階承事郞昌國州同知益笑前夢之不足徴也次當攺選乃授平江路長洲縣尹無何攺知烏程轉婺源州知州自以爲前任長洲偶與夢符耳今巳升知州安得再爲吳縣正官既而調吳江州知州亦長吴正官也劉晝嘗夢貴人若吏部尚書者補晝爲交州興俊令寤而宻書記之未幾卒後旬餘其家幼女鬼語聲似晝云我被用爲興俊縣令得暇暫來倏辭别云潘玠與趙自勤同選俱送名上堂而官久不出玠云巳作夢官欲出矣夢玠與自勤同謝官玠在前行自勤在後及謝處玠在東自勤在西相視而笑後三日官出果玠爲御史自勤爲拾遺同日謝初引玠在前先行自勤在後入朝則玠于東立自勤於西立兩人遂相視而笑如其夢焉羅彦國累試不第祈夢於梓潼神夢神謂曰巳除君樞宻直學士矣明年彥國復下第投牒乞進舉推恩授宻州文學蓋宻學之應也,13888
卷之十,政事部,—,官職簿籍,夢見簿上有名者士人吉平人不祥見簿上無名占者平人吉士人不祥見他人有名者主其人官位曰將臨如官位非人間之職則又凶憂之象劉守光爲燕王有尼出入其母所張殷衮托尼求一文學不得一夕殷衮夢入衙署乃濳升㕔事見案上大簿云職官姓名乃撿河北道見守光及文武職掌莫不有名便捉筆自書文學張殷衮但倉卒墨色頗淡即驚覺因識之論語策後翌早守光遣人齎一牒與殷衮即文學牒也劉母讓守光曰我爲尼數言不與今何忽與之守光曰兒昨夢朱衣吏來言張殷衮巳注下爲文學訖故與之也殷衮得牒視姓名墨色果淡晉天福中其子希永嘗出父論語後所記示人云,13915
卷之十,政事部,—,賣官買職,夢賣官爵與人或賣他人之位則主其人富貴如所賣之官係是冥司職守則主其人不祥或賣木身之位則本身失祿如所賣者非人間官職則爲延年享福之兆也○夢與人買官爵或不應得官之人詳所買是何官職則陽福之至與陰禍之險瞭然可推矣或本當得官之人詳買何人之官何官之爵則吉占可决若官爵非人世職地大非嘉祥,13921
卷之十,政事部,—,求官,夢求官者老病之人大爲不祥平常之人主即育爭訟文士夢之求而得者吉求而不得者凶○夢占于求于人者主恩澤至○夢人來于求者主權位曰尊○夢薦舉他人者主身失勢○夢他人薦巳者主名位起王汾作舘職忤王安石乞外任不許夜夢人告之曰子欲得郡須求元公時元厚之爲𭆞政汾往求之厚之曰介甫意思不婉順未可議也然介甫屢爭事不合恐旦夕出矣姑俟之未幾安石果出知金陵汾竞得兖州厚之之言旣驗而兗字亦合元公也,13931
卷之十,政事部,—,賜官爵,夢天賜者德之報夢神賜者福之徵德福所兆大占吉之占或賜其人或賜其子孫各有奇應君子當曰焉非尋常之兆也秦主符健之入關也夢天神遣使者朱衣赤冠命拜符堅爲龍驤將軍健翌日爲壇于曲沃以授之健泣爲堅曰汝祖昔受此號今汝復爲神明所命可不勉之宣和中方臘犯諸曁其士人黃汝楫以財物一萬緡贖賊所掠士女千人夜夢神告曰上帝以汝活人多賜五子科第其後子開閤閌門闇皆登第焉,13949
卷之十,政事部,—,稱報官爵,夢人云是官或云得官者大吉有貴人至凡夢人稱某官人報某官及神鬼稱報皆當隨所稱報是占何官職或應人間爵祿或應陰府職司見兆各有曰不同意義自然各别占者定須隨人隨地隨其姓氏名目爵祿等級而準測之必有奇驗至若所見奇詭所應靈幻又非占驗家所盡述耳張光晟家甚微而有才用性落魄嗜酒壯年爲潼關卒屢被主將鞭笞因奉役至華州盛暑驅馳心不能平過嶽祠遂脱衣買酒致奠金大王朗言曰張光晟身負才器未遇知巳富貴貧賤不能自料惟神聰鍳當賜誠告禱訖因飲大醉晝寢于𥓓堂忽夢傳聲云喚張光晟迫蹙甚急即入一府署嚴邃異常導者云張光晟到拜跪訖遙見當㕔貴人有如王者謂之曰欲知官祿但光晟拜相則天下太平言訖驚寤治汗後積勞官至司農卿及建中德宗西狩光晟爲朱泚所縻奉泚甚力毎有戰常在其間及神慶之陣泚拜光晟僕射平章事統兵出戰大敗而還天下遂太平方寤神告云潞公文彥博少時從其父赴蜀州幕官過成都入江瀆廟觀畵壁官接之甚勤且言夜夢神令灑掃祠庭明日有宰相來公豈異日之宰相乎潞公笑曰宰相非所望若爲成都當令廟室一新慶曆中潞公以樞宻直知益州謁廟方經營攺造江中忽漲大木數千蔽流而下取以爲材廟成壯甲天下信乎事有前定而鬼神能窺其機也梅詢坐議天書出知濠州夢人告曰呂丞相至矣旣而呂夷簡通判州事待之甚厚其後援之廢斥中登貴顯皆夷簡力焉張文懿爲社令時出城遇村寺老僧出迎邂逅過之亦必出文懿怪而詰之僧曰夜夢山神告某相公至矣一日復往而僧不出文懿曰不出何也僧謝曰神不我告也文懿以爲誕使僧問其所以夜夢告曰長官誤斷殺牛事天符巳下不復相矣文懿驚駭省之果嘗有殺牛事遂復改之明日過寺僧復出曰昨夕山神言長官復爲相明口當來但減算耳後果三人中書余靖嘗夢神人告以官止工部尚書而死秦亭後至是官常畏過秦及安撫廣西代歸時年巳六十五途卒其處則江寧府秦淮亭也馮京少孤寓武昌縱飲不羈一夕醉臥郊外溪邊有漁者罷漁艤舟而寢有人叱之曰馮侍郎在此安得不避漁者驚起登㟁見一人衣冠熟寢草間詢之知爲馮也因請卧舟中以避風露具以夢告且曰秀才他日貴顯幸無忘馮睡至曉共載入郡其後馮貴使訪漁舟不復見王蜀時有朱姓者貧賤客于成都因寢旅舍夢中有人扣扉覔朱少卿其聲甚厲驚覺訪之寂無影響復睡夢中又連呼之俄見一人手中執一卷云少卿果在此朱曰我雖姓朱非少卿其人遂卷文書兩頭只留一行以手遮上下示之果有朱少卿三字後蜀王開國有親知引薦累至司農少卿華松家本孤微其母夜夢兩人夾門言司𨽾在此松後果爲司隸高元裕於太和三年任司勲員外郎寓宿南宮晝夢有人告曰十年作襄刺史旣寤私異之因援毫以隱語記于㕔之東楹掩映處曰大三寤襄刺十年洎開成三年爲御史中丞遂謂夢固虛耳是後出入中外敭歷貴位至大中二年由天官尚書授鉞漢南自題記後廨署補葺亦屢矣且謂楹上字無復存也及與好奇士同往觀之則毫翰焕然獨存高因屈指以今之年加曩之十乃二十年矣浦城李景韓謁城隍廟求子夢人謂日大王與汝余都主簿因而生男遂名之日夢祥弱冠登第任余都主簿到官謁城隍神廟見有一判官倒于堦下從者見其貌似夢祥爲言之夢祥問廟祝此判官倒幾年云巳經一十六年時夢祥年正二十六憮然曰殆我也倩工籹塑工畢而夢祥卒,13957
卷之十,政事部,—,貴人入家,拜見貴人凡夢官吏入門富貴大吉夢欲見貴人官吏而不占得者凶得見者貴夢相對貴人親近者吉利拜謁曰貴人者主有扶持之力事無不吉也宋江璘鄕稱善人其鄰史知縣者夸其能杖笞才士璘俛首不答歸語其子燁曰史固寒士今居官以杖士人自喜史氏且不昌汝其戒之是夕燁妻陳氏夢一貴人入其家曰以汝家長有善言故來巳而有娠生萬里爲宋相家居死節列忠義傳云,14041
卷之十,政事部,—,上任去官復任,夢上官者大吉主財物至有阻碍不祥夢去官者占凶有阻碍則吉平人夢去官兆主失財老病者夢曰之主延命夢復任者事皆亨泰重整規模蜀葉逢夢乘船赴任江上候吏旁午迎入石窟忽報勑下授水部撿挍員外郞後覆舟於犍爲郡靑衣灘而死,14048
卷之十,政事部,—,封贈廕襲代職,夢封公侯者貴人吉平人凶夢封官職者主子孫大貴夢贈官爵者贈自身吉贈父母主父母有凶災夢廕及子孫者貴人吉平人主小口有災夢自襲先人官爵者無不吉利各宜詳其來歷非可拘占一而占也夢身爲封君者子秀則吉子不肖主其曰子有刑夢身爲公子者父貴則貴父富則富父凶則凶夢代他人官職者推是何人又是何官彼吉則無不吉彼殃則無不殃或爲陽職或爲陰司各有兆露詳測自明難以預論耳,14054
卷之十,政事部,—,官誥文憑符勑,夢得官誥者貴失官誥者凶有文憑者榮無文憑占者辱人授官符貴子失官符者兒亡亦須詳其文曰誥有升有降有陽有陰是何品級是何制勑吉凶可知江南大理司直刑陶夢人告云君當爲涇州刺史旣而爲宣州涇縣令考滿復夢其人告云宣州諸縣官人來春皆替而君官誥不到邢甚惡之至明年春罷歸有薦邢爲水部員外郎牒下而所司失去復請二十餘日竟未拜而卒戴胄素與沈裕善胄以唐貞觀七年死至八年八月裕在州夢胄衣弊容顇見裕悲喜裕問公生平修福今者何爲答曰吾昔誤奏殺人吾死後他人殺羊祭我由此二事辨答辛苦不可具言吾平生與君友善竟不能進君官位深恨于懷君今日得五品文書巳過天曹故以相報言畢而寤九年春裕將歸江南行至徐州奉詔書授裕五品爲婺州治中,14060
卷之十,政事部,—,牌書官爵,占夢此者祥其何名名有玄應詳其何曰官官有變通大要吉占但宜圓測神宗嘗夢入大第有植牌以金塡字曰宰相項安節寤而求之乃太學生也慈聖解之曰項安節即吳充也頸有瘤焉吴員外瑞初登第其同年吳洪夢瑞牙牌上刻吏部都水司初不解後瑞選南京吏部考功主事竟轉工部都水司員外始驗夢云,14070
卷之十,政事部,—,賀人得官赴任人來賀,人來賀占夢賀人者其人昌來賀者本身曰吉如老人及病者彼此非祥,14078
卷之十,政事部,—,迎送官府,迎吉人者吉迎凶人者凶送凶人者吉送吉人者占凶如身係官府爲人迎者主陞遷爲人送者主落曰職又有冥司相迎宜細詳之,14083
卷之十,政事部,—,俸祿,俸禄者人主恩榮賫育之物形于夢寐必主生人食禄多寡之數又俸爲人奉祿爲衣盝當主得服飾噐血之占貴人夢此則主君惠平人夢此則主天數告益者吉損者妖其例甚變善占者察焉,14087
卷之十,政事部,—,賜禄支俸,夢賜祿者兆主福吉告損者妖其例甚變占者詳占得多則福壽並添得少則福分不永○獵者夢之曰賜爲四祿爲鹿當得四鹿之應○平人夢之支數十二當有十二人相敬之占張轅自奉天尉將調以右錡在浙西與巳有舊欲往千謁之來到夢人送官誥至云張轅可袁州新喩令轅言巳曾爲赤尉不應作此官不肯受其人曰兩季俸支牒巳行遂委之而去及轅見錡錡以轅選限尚遠勸署毘陵𥂁鐵塲官轅以貧故強受之旣至視簿書所用印乃新喩度印也四月領務九月而罷支兩季俸云,14091
卷之十,政事部,—,俸增减,占夢增俸者官陞業茂命永家亨夢减俸者聀𨹓曰夀促有罪犯人夢之又爲减科吉兆不可泥也,14099
卷之十,政事部,—,停俸,占兆此主家居有絕糧之厄客曰途有病殢之災必非佳祥,14103
卷之十,政事部,—,借俸乞禄,借得俸者主有暫時之通目前獲利借不得者缺食人來借者不與吉與之巳减色失利然應在貴占人則爲官牒應在下人則爲文契左劵之占乞得曰祿者主夀添飲食豐隆不得者凶文士夢之得則収錄否則失名夢人來乞祿者主有求薦求貨之應貴人用之必有士子乞取科第也,14107
卷之十,政事部,—,追償俸禄,富者夢之産業將衰老者夢之年命巳終隋侯養先家構佳園山水環遶花木爭菲珍禽竒獸之類無不偹蓄又置羙姫婢百人琴奕管絃鞦躚歌舞其中窮極娛樂時號小隋煬有一女姫夜夢黃衣人持檄來謂曰與汝主追償食祿窹而白養先以爲無祿之凶方在疑嘆忽園史報羣鹿齊斃乃知其應然未數年養先身家並亡云,14111
卷之十,政事部,—,祿料,韋臯爲張延賞壻落魄不得志一夕夢神人語云吾子名係葛瑣祿食全蜀富貴將及他日母忘葛璝後節度全蜀乃作南宮閣四十範金刻石自製碑文志之蓋臯本命丁卯屬葛璝也吴越元㙩次子文奉以蔭爲中吳軍衙内都指揮使某在郡登烏鵲橋見禽獸克牣城中旁一人云此二郎祿料也後攺節度副使幾三十年及嗣元㙩爲節度使累加至撿挍太尉中書令壽八十一,14117
卷之十,政事部,—,祿命籍,凡人壽命食祿皆由𡨋定非形于夢無從見兆詳占于冊籍註長則命長註短則命短註多則祿多註曰少則祿少然惟官高壽永者乃得兆此必應斯占非偶言巳也婁師德少寤疾夢紫衣人來召之行數里見路傍廨署朱門甚高曰地府院師德入其院吏卒辟易見一王者曰司命主世人祿命之籍也有書數千幅在案上𠊓有祿衣者稱爲按椽師德視巳名歷官次第位至台輔壽至八十驚寤疾亦間後入仕歷官咸如夢中所見及爲西凉帥見黃衣使者來召師德曰吾見司命之籍位壽俱高何爲遽見召黃衣人曰公爲某官悞殺無辜人位與壽爲主吏所降矣卧疾三口卒,14125
卷之十,政事部,—,告以延壽,占夢此者主其人積德必享遐齡故曰有斯兆且須獲夢增修其占乃驗太任夢長人感巳日俾爾子壽而昌竇禹鈞家甚豐年三十無子夜夢亡祖亡父聚謂之日汝早脩行緣汝無子又壽數不永禹鈞唯諾後十年復夢其祖父告之日汝自數年以來名掛天曹陰府以汝有陰德延三紀賜五子各榮顯,14131
卷之十,政事部,—,告以壽盡,占夢主其人年數應終故神靈警告非大徳之士即日窮惡之人兆之者宜反躬修省或可囬天之意也虔化縣令王瞻罷任歸建業泊舟秦淮病甚夢朱衣吏執牒至曰君命巳盡今奉詔瞻曰命不敢辭但舟中狭隘欲寛假之使得登岸卜居無所憚也吏許諾以五日爲期至日平明且當來也旣寤便能下牀自山僦舍營辦凶具教其子哭踊之節召六親爲别至期登榻安卧向曙乃卒晉沙門道泰嘗夢人云君命當終六七泰年至四十三遇篤疾慮必不濟悉以衣鉢之資厚爲福施歸誠觀世音不替時所坐牀帷下忽見人跨戶而入足趺金色光明照屋泰乃搴帷遽視奄然而滅驚喜交集因流汗遍體所患頓差,14140
卷之十,政事部,—,神許壽數,夢此者許益多者壽數多益少者壽數少果能純占心修徳則旣兆此占者必有福佑非冥數不能前白定乃其人之德所能轉移豈非大吉之兆哉陳希亮嘗夢異人按圖告其壽止六十四至是英宗立遷太常少卿適當其年乃求致仕果卒門薩琅少孤母沙氏守節不二老疾藥弗効琅憂懼毎夜露禱北辰祈以身代時母疾劇不粒食者七日矣忽蘇謂琅日適有神語我云而有孝子加壽三十四疾愈變爲風痺子媳晝暮扶掖三載而没乃三十四月云徐溥謁范文正公廟少憇假寐忽夢一人朱冠來曰君壽還有兩于覺而思之以爲二十年也其後二十二年卒蓋干字兩十兩一合爲二十二云查道嘗夢神人謂曰子位至正郎壽五十七後官至右司郎中享年六十四人以爲寛厚仁孝所延云梁延嗣事高氏歷四帥歸宋授復州防禦使嘗暴疾禳於城隍神其夕夢神告以九九之數俄而疾果愈壽至八十有一歲,14148
卷之十,政事部,—,人賀壽,賀人壽夢人來賀巳之壽少年不吉中年爲瑞老年大凶占貴人主有郡邑地名遷轉其處平人主有恩榮小曰慶賀人壽者主其人永算也馮綺年七十二誕日夢一緋衣人以二綺羅稱賀寤即呼童書之于柬明旦召子婿設盛饌飲之大懽綺執東示之曰吾壽止于此矣衆皆曰夢人賀誕佳兆也綺曰二疋長七丈二尺與吾年符遂卒,14166
卷之十,政事部,—,新冠吉,夢主頭𧢲峥嶸冠冕一世之象仕宦夢之主陞位占加官平人夢之主舉頭有碍如見人新冠者主其曰人成立顯達,14175
卷之十,政事部,—,賀冠吉,占進爵加官之兆曰華陽范鎭以少司徒致仕將行夢王安石持燭稱賀嘉禮却之不受安石口既冠當賀却之不㳟及旦蘇軾行賀鎭以夢告之蘇軾曰公雖𨓤名益重矣後封蜀郡公軾書曰賀冠持燭之夢今果驗矣燭無火蜀字也,14179
卷之十,政事部,—,命子冠大吉,夢此而有子者主其子超群出衆應試必占居㮄首無子者主得佳兒如子夢父命者兆主成人自立曰能繼父業平常之應凡事必居上首爭先爲佳祥也,14185
卷之十,政事部,—,女子冠笄吉,夢見女子新冠者文人功名顯達平人聲技精高占如女子自夢新冠者主得貴子閨女夢此爲女中曰丈夫或身變女子而冠者爲陰陽變合反覆不一之象,14189
卷之十,政事部,—,道者加冠,占夢此者主道紀有權如仕人夢之曰主得臺官如平民夢之主獲賊盗,14193
卷之十,政事部,—,僧衲披剃大吉得人度受齋納寶結,人曾爲僧生生不巳頭上光得人度受齋納寶結占萬方緣嘉祥之象夢之主善繼前人遊方之外者曰也曹確判度支亦有台輔之望一夕夢剃髪爲僧心甚惡之有一士人占夢多驗確具以所夢語之士人曰前賀侍郞旦夕必登庸出家者號剃度也行且驗矣無何杜栢出鎭江西而確遂代之,14197
卷之十,政事部,—,出家還俗凶,平陰王章遊學長安夜被牛皮而臥夢披剃作開相寺和尚及仕尹京兆夢于開相寺蓄髪加冠以語諸友或曰加官之兆卒爲王鳳所害,14205
卷之十,政事部,—,剃度僧尼吉,占主結得人緣曰,14209
卷之十,政事部,—,議結姻戚吉,凡爲夫婦者皆前生之緣其有求而展轉反側分雖必于未定之先時不将于未𡠚之頃徵之蓍龜形之夢寐露其幾于未露之際云耳若夫姻親旣占結成姻孋巳久而夢寐之中反生異議非媾醮之曰謂也主有朋友之交接擬議以成其變化貨財裝朿皆係前緣此其所以假寐姻戚之議以漏天機而巳,14213
卷之十,政事部,—,定允吉,占夢主成立之徵曰,14219
卷之十,政事部,—,受聘吉,聘者欲招之來而先致其恭也有爲君聘其臣者有爲父聘其友者有爲子聘其師傅者而婚聘爲占治家之要大倫之本恒人之所見知但知有婚聘曰是以夢中形見其驗不同凡夢此者皆吉祥之兆夢辭𨚫之者義也情也,14223
卷之十,政事部,—,行聘,占夢之主財物與人之象鰥寡孤窮夢之皆吉曰若爲人夫而夢聘妻爲人婦而夢聘贅皆凶,14227
卷之十,政事部,—,裝奩,廉吏何敬叔值歲儉㮄門受餉夜夢子媳裝奩五十六車車載珍寶各百斗斗上一𧢲曰此非清約者之夢心甚惡之及端陽節得米二千八百石盡輸國稅蠲貧民之租陳實語其子曰兒娶婦時吾夢奩中萬羊使者引弓射之今生孫群他日貴爲僕射後陳羣官尚書僕射朝士稱之正直大賢尹顯夜卧驚省呼弟朗曰夢大不祥奈何弟曰何夢也曰夢備嫁女裝甚盛弟爲揷裝我未生女備裝何用朗曰日後生女得備盛裝今豫兆耳尹氏有田爲張氏所奪顯憤大閧張氏詐作傷命訟顯當坐朗痛恨自擊腦裂而死,14231
卷之十,政事部,—,子舍婢姻吉,占得作翁𡛮孫枝曰茂盛家道成矣,14239
卷之十,政事部,—,出嫁凶,占夢女出嫁主破家妻出嫁主再𬋕女夢人曰迎娶者大凶男夢自身出嫁者主有遇合,14243
卷之十,政事部,—,娶婦不行禮貞吉否凶,貞吉否凶占此得華服之兆若曰夢鼓吹迎娶大凶,14247
卷之十,政事部,—,結姻稱賀吉,受人慶賀必有隹祥人稱結姻是緣分成就夢之主有因得吉仕宦乃升爵加祿之徵平民乃遇新相知之兆張鑑初應選舉夢諸戚設燕花燭滿堂有趙氏執官曆稱賀結姻寤不悅曰稱賀結姻非美兆也及大曆中守工部尚書判度支曰昔夢人持曆賀嘉禮今驗之矣,14252
卷之十,政事部,—,歸寧大凶,生寄也死歸也人之生也多事少逸人之死也魂飛體寧男夢必凶女夢或吉有新娶者夢妻歸寧以問其父父曰此生離之兆或曰歸寧是常禮何謂不祥其父曰婦夢歸寧是不忘其母也吾子夢之他日此婦當再醮後五年果以不孝去,14259
卷之十,政事部,—,退悔姻眷凶,占破敗滅亡之兆曰,14263
卷之十,政事部,—,再娶否凶,男夢兩妻主作事重叠再得他人財物女夢其夫占再娶主言辭反目若病中夢之主來生之事或有曰舊日相親者則邪陰假此以入戶庭大凶之兆,14267
卷之十,政事部,—,私約,占此非正人君子之所夢而見之曰者主有意外之緣陰事有成,14271
卷之十,政事部,—,取婢吉,占此直叶之夢也但以形貌詞氣衣曰裝景物推之其所驗者無爽矣,14275
卷之十,政事部,—,私奔别地成姻,惟彼有情我心不寧急走荒野潜入幽庭淫心將占作色膽無驚惟爾麗姿念念在兹今宵何幸人莫曰知之見知惟妁育成于斯花燭煇煌合卺象房指天祝誓世世不忘天網依律禍及徬徨邪淫之夢,14279
卷之十,政事部,—,以妾爲妻,君子夢之因禍而得福小人夢之因小而獲大夢占見他人伊有盜心正婦夢之殞亾在即婢妾夢之曰依棲身側,14283
卷之十,政事部,—,以妻爲妾,妾于字爲立女以妻立女爲老陰化少陰之象夢占之主棲止之地陰氣重陽氣衰宜以遷移應之又曰立女乃招婿之占妻爲我之匹配定主親上連親入贅佳婿也丈夫夢之閨房積聚𥝠蓄豐盈又主妻無而妾有也安麗華貌如貴𡚱才通文藝其父爲大學生嘗有此夢招瞽卜之瞽曰妻者棲也妾子窩也須防盗至未幾遭朱泚之亂麗華逃隱娘娘廟後作屠婦,14287
卷之十,政事部,—,妻嫁他人,兆此主家業消散陰人異心門戸虛空不祥朱渝盛時忽夢其妻來别嫁與隣間豪貴之家中甚悽慘亡何身係𡨚獄而死,14296
卷之十,政事部,—,買妾,夢此主明日有兩人疾趋至門爭詈口舌之禍蚤起以鏡懸門可觧之又此兆恒屢正應或吉或凶必詳其夢中所見姓氏形貌以推之可知其詳,14302
卷之十,政事部,—,賣妻妾,此爲陰𥝠交散之兆又爲孑身無𠋣之占,14308
卷之十,政事部,—,爲人妾凶,出人之下立正之旁爲副爲侧爲偏爲𥨸定主身作宵小狗䑕之行凡事爲禍亂將作之兆妻者悽也居妻之下涕泣象也惟女婢夢之反吉易安夢爲啇人妾未幾夫死人手,14312
卷之十,政事部,—,爲媒,與人說合之意,14318
卷之十,政事部,—,女妁奔走,夢女妁來家爲有𥝠情之約夢身爲女妁在婦女當主生羙秀婥妁之女夢見奔走陰私勞碌,14322
卷之十,政事部,—,妻作媒,夢母作媒或夢妻作媒皆主納寵得妓之占但有口舌,14326
卷之十,政事部,—,姤合,夢與他人交合主爲人幹蠱小有悔無大咎厲終吉○交接男子主失財○與婦交者凶○與男人交者吉○玩弄陰戶者主爭詈之災○陰陽相對占抵推不合必有大閧○抱懐不亂主歡樂喜慶和曰而不流萬物廻春之兆○合入不終者作事反覆謀利不成○聯夢美女交搆主祟厲損精宜正心以辟邪則諸淫鬼逺之而不能相侵,14332
卷之十,政事部,—,寢媾,若夢中妻妾奴婢抱挾枕邊是人之常無足怪者而動靜詞色聲音笑貌或其家之所無或巳身所不與或理所不當與而嘗與處者或事所宜然而占身未嘗若是者或心之所慕而未嘗及者或向之曰所爲而令久弗爲者若是者皆當以其細推之凡夢與妬嫉處夢與娼妓處夢與姥嫗處夢與童子處皆非吉兆而夢與妮姑同寢或亡過妖魂者大凶晉咸和初徐精逺行夢與妻寢有身當爲巫師死作社公明年妻果產後如其言,14336
卷之十,政事部,—,懷孕,氣從有胎中生胎從伏氣中得陽氣動動極而靜靜而生陰曰巽曰離曰兊其胎爲女陰氣靜靜極而動動而生陽曰震曰坎曰艮其胎為男陽氣生占木木屬肝肝主血血主于胎而爲女會氣生水水曰屬腎腎主精精主于胎而爲男陰陽合閉而生金金屬肺肺主氣氣會而成胎懷胎四千九百刻而分娩夢懷即此神也夢婦懷孕主有財夢妻孕主外私夢見姙婦主事成張司直疾病夢身懷孕甚惡之葉光逺曰此去遇壬辰日當愈懷孕姙娠也有大福也至壬辰日果瘥,14348
卷之十,政事部,—,生育,賀人生育金丹妙訣云胎成十月生個個會騎鶴世所稱鶴神即此也鶴善鳴鶴神主耗故夢兒童主口舌而修煉大方家善養生者夢懷胎爲得道夢兒童爲嬰兒姹女夢產育爲不祥氣聚氣散之說也恒人占之家夢生男爲疾病夢生女爲失財夢抱新生子曰孫爲大發生生之謂也夢小口病死爲口舌消散者積慾而有災攺過而成祥也好學之士夢孕育而得遂志得賢良得進取者何哉参贊化育之志使然也凡占此夢宜以六節之序六甲之盈虚引所向而推之云,14366
卷之十,政事部,—,托生,夢此主產業廢興當因其聲音顔色推詳焉或相占與往來有事相托而夢寐之間假借托生以爲生曰克之兆或前生未了或天降異人而豫爲兆若夢骷髏妓女野僧者不祥司徒高彦夢一道士仗劍至臥内曰來爲司徒子要戮數千仇耳高異之是月妻果有孕而生子名禮,14371
卷之十,政事部,—,彌月,占主凡事有三曰十日之占,14377
卷之十,政事部,—,周嵗,占及期之象周旋之兆曰,14381
卷之十,政事部,—,小產,占此夢主口舌消散之兆又疾病曰捐除之象若有姙者須防直叶,14385
卷之十,政事部,—,分娩生二三子,占仕宦夢之主官爵高陞一品之兆曰平民夢之主是非口舌連累之兆,14389
卷之十,政事部,—,產下鬼形,占文墨之士夢此曰主大魁天下,14393
卷之十,政事部,—,見人産兒,夢見尊長產兒主小口興旺夢見卑幼産兒者主占添神見男子産者主得子見女人産者主得財如曰夢妻女産兒者而主子孫茂盛夢父母産兒者祖業空虛,14397
卷之十,政事部,—,身是小兒爲人産下,此夢出入腹我之兆,14401
卷之十,政事部,—,━━━━━━━━━━━━━━━━━━━━━━━━━━━━━━━━━━━━━━━━━━━━━━━━━━━━━━━━━━━━━━━━━━,卷之十一,14408
卷之十,政事部,—,━━━━━━━━━━━━━━━━━━━━━━━━━━━━━━━━━━━━━━━━━━━━━━━━━━━━━━━━━━━━━━━━━━,,14410
卷之十一,政事部,疾疫,寒熱,凡夢身軀上關國政下係宗支爲政苛虐黔黎受病爲政懈弛邊彊受病不能齊其家而居處病危此爲人之大病也貪污暴虐而國家之病發内有占賊盗外有夷虜非良將不能平風寒暑濕而脉胳曰之病發蠱𪽶癆瘵疫痢廱疽非良藥不能治是故醫比將才藥比兵卒身發寒熱者病之初起也夢中見之爲禍亂之徴在一家爲家事不寧也,14427
卷之十一,政事部,疾疫,痛癢,身無痣而夢中疼痛疴癢主神氣不和之象夢頭占疼天變癢主風霧心痛主有事癢主病至手足主曰昆弟子侄腸胃主家業或吉或凶詳載形貌部,14431
卷之十一,政事部,疾疫,嘔吐,占病者夢之主病痊可治有患難者夢之無曰妨應試夢之大吉昌衰老夢之身體康,14435
卷之十一,政事部,疾疫,身病,君相夢疸瘓主政教之廢弛臣民之亂離父老夢疫癘王家業之傷殘或兆此而應在歲月或兆此而命在須㬰病臥床褥主精神虛損病坐占舟車主風波險阻作事夢之受辱安居夢之遭殃爲考試曰爲爭訟爲脩置產業不可不審而行之也夢中病輕者其患淺病重者其患深夢病即瘥者得吉之徴,14439
卷之十一,政事部,疾疫,人病,夢君王疾病者主世亂年荒夢宰官病者主失直得枉夢懐抱病人者主是非爭訟不成夢父病者主精虛夢母病者主血疾夢子病者主神傷夢妻病者主衣破夢兄弟病者主手足有𭼞夢鄰里病者主屋宇損壞夢奴僕病者主行事艱難夢他人病而騐果在其人者情之所感也張甲與司徒蔡謨有親僑任謨家行過期不反謨晝眠夢甲云蹔行忽暴病某時死謨覺使人往就行所驗之果死,14444
卷之十一,政事部,疾疫,治病,釋智璪姓張氏年二十染病經歲醫藥無效忽夢一人形色非常從東方來謂曰我今來爲汝治病即以口就璪身次第呼吸覺後病痊遂離俗投安靜寺爲慧憑弟子後柱寶林寺行法華三昧宋羅妻費氏誦法華經不倦後費病甚夢佛自窓中投手如席費病遂愈,14450
卷之十一,政事部,疾疫,授藥療病,夢主積善所致也鬼神之德旦暮弗離人體而在天無形陰陽相隔是以現之於寤寐之中人爲物欲所拘而鮮能知味病從口入非藥莫能療病入占于裏脉息所不能辨藥力所不能及庸醫所不能曰治則雖命運未絕而殘殤夭折者有焉天道好生或附物授藥或借夢授方服之即痊此非脩德向善感動神明者莫能與于斯李景純傳有一婦人久患痢將死夢中觀音授方服之遂愈用木香一味細末米飲調虞雍公并甫紹興二十八年自渠州守召至行在憇北郭外接待院因道中冒暑得泄痢疾連月重九日夢至一處類神仙居一人披服如仙官延之坐視壁間有韻語藥方一紙讀之數遍其詞曰暑毒在脾濕氣連脚不瀉則痢不痢則瘧獨煉雄黃蒸餅和藥甘草作湯服之安樂别作治療醫家大錯夢囘尙能記曰錄之蓋治暑泄方也如方服之遂愈劉靈哲字文明其母嘗病靈哲祈禱夢見黃衣老曰可取南山竹笋食之靈哲覺如言而疾廖齊竟陵王崇信内典得熱病夜中垂死夢見金像手灌神湯因遂平復齊建安王患瘡念觀音不息夜夢見觀音手爲傅藥明旦瘡愈梁隱士何點少嘗患渇痢積歳不愈後在吳中石佛寺建講於講所晝寢夢一道人形貌非常授丸一掬夢中服之自此而差時人以爲淳德所感夏侯訴性至孝母病醫無方夢其父告曰汝母非凡藥可愈天帝憐汝孝賜以仙藥在居後桑𣗳枝上汝自取之旣寤往視之果得藥進服母病遂瘥丘傑字偉詩吳興烏程人年十四𮞸母喪以熟菜有味不嘗於口歲餘忽夢見母曰死止是分别耳何乃茶苦如此汝噉生菜遇蝦蟇毒靈床前有一丸藥可取服傑驚起果得甌甌中有藥服之下蝌蚪數升丘氏世保此甌陳宜中夢人告之曰今年天災流行人死且盡服大黃者生繼而疫癘大作服者果不死吳大嘗以泥補葺善神後因結屋墜梯折傷腰勢殊亟夢神來云汝昔嘗救我我不敢忘授以乳香飲其方用酒浸虎骨敗龜黃蓍牛膝草薢續斷乳香七品覺而能記即喚子買藥服之一旬而愈秀州進士陸迎忽得疾吐血不止氣蹷驚顫狂躁跳躍雙目直視至深夜欲拔戸而出如是兩夕諸醫遍用古方及草澤丹方不效舉家哀訴所事觀音夜夢授一方用益智一兩生珠三錢靑皮二兩麝一錢碾細末燈心湯調服旣寤如法服之即愈張汝明至孝居喪飯脫粟飲水無醯鹽草木之滋浸病𬬘行輒踣夢父授以服天南星法用之騐以爲孝感云復州醫王超善用鍼死經宿而蘇自言夢至一處城壁臺閣如王者居見一人臥召前脉視左膊有腫大如杯令超治之即爲鍼出膿升餘而寤福建崔從事檢身正直爲幕府所重奉使湖湘復命在道遇賊同行皆死唯崔倉皇中忽有人引路獲免中途復患痁疾求藥無所行次延平不津廟夢廟神賜藥三丸服之驚覺頓愈元陸思孝母病痢醫禱不効思孝方欲刲股肉爲糜以進忽夢神人授以藥劑寤而得之以療其母痢果愈陳太后夢一神人朱衣象簡餽藥如丸燁燁有光吞之旣覺異香襲體因而有娠至大曆元年九月十八日遂生我太祖高皇帝,14456
卷之十一,政事部,疾疫,人言勿藥,庸醫不知病原而用藥差誤以及刼藥似是而非蓋有之矣或夢中警省弗藥去病必夢祖考天神關帝佛菩薩觀音大士普度衆生若夫疫瘧癆蠱占皆有邪祟假作羙粧或似神將或似親鄰或似豪曰俊駕言勿藥病中惑之却醫而死者比比皆然凡夢此者必審其象貌爲何人神又當卜筮而卜筮者亦有虛妄以傷其生則命也噫有一貴人病瘵其尊人欲以剪草膏治之九日而藥成前一夕病者夢人戒以勿亂服藥次日遂狐疑不服及强之將服又爲屋土墜器中不果服再合未就而病者卒矣乃知藥甚効而病者當死鬼神不令得服也胥母里媪病蠱衆醫莫能治邑宰問之召胥命曰吉財草加甘草下飲之即愈胥乃具藥及旦將飲其母母夢人言飲吉財草立死遂不肯飲胥曰是夢中蠱鬼爲祟也力勸勉强服之二日而瘥,14526
卷之十一,政事部,疾疫,神授養生之道,高邁欲作長明燈頌一朝染目疾朦朧而不自審從何得也夢神人語邁曰子於長明燈其有負乎邁應聲而寤寤而起起而作頌明日目愈淳化癸巳冬李君房至餘杭患瘡瘍謁伍大夫廟見有梅數株巳爛慢矣是夜夢上一山見道士運籖牌君房問之道士乃插一牌朱書大字二行云時來自有期此去不憂運行心但如此不久銷疾病君房喜而别旣下山聞梅花香囘望其上乃昨所見也旣覺瘡瘍漸愈後知錢塘作文志之王大猷于乾道年間夢神人欲授以養生之道自是虔志事神至淳熈中純陽大仙跌足敝褐而見之大猷知其爲仙加禮相接問其姓名俛而不荅傅以異方遂致藥博施世稱王省幹宅稽首叩之遇仙丹是也,14538
卷之十一,政事部,疾疫,病忽痊,身無𭼞而夢病起者主運通夢無疾人病起者主占其人亨吉如有病之人忽于夢中見康徤奔馳者曰大凶夢中言病漸解畧得舒展者省後果騐,14550
卷之十一,政事部,疾疫,針炙,占夢遇良醫主中興永壽之大慶曰夢治人疾主忠諫効勞之至仁,14556
卷之十一,政事部,火盗,家内火起,夢火焚自屋火熖炎炎者大財興旺老人得之主病受心症○夢宅中火發主家業興隆○見宅中占火光明亮主吉利昌榮○夢門上火炎主凡事閃曰樂○夢㕔邊燃火主官居明府○如夢身被火燒者大凶隋煬帝夜入棲鸞院是夜天暑院妃慶兒臥簾下睡中驚魘帝自扶起久方醒問之慶兒曰妾夢帝握妾臂同遊至第十院坐殿上俄而火發妾見帝坐烈熖中驚呼人救方覺帝强解曰夢死得生火有威勢吾居中有威也及幸江都被弑帝入第十院居火中一如所夢云,14564
卷之十一,政事部,火盗,鄰舍火起,占夢鄰家火發延燒巳房者吉不燒巳房者曰無利避隣家火者吉救隣家火者失威黃芸豐城人夢鄰家火起延及倉皇戴斗登山而避山上冠冕者迎酌之巳而見門外一赤馬遂乘之而寤童僉憲解之云火者文眀之象應爲丙丁赤火色馬應爲午戴斗魁在頭上也黃至丙午鄉試果中江西詩經亞魁,14570
卷之十一,政事部,火盗,物被火燒,貞吉否凶夢火燒天主天下太平之象○夢火燒地主疾病纒身之占○夢火燒日月主貴人助力○夢火燒占河水旣濟之兆主命壽長永○餘凡燒貨物皆主曰吉占但燒而火不透發者非祥烟黒色者病至○被火燒破主妻病○夢身被火燒死主大發之徵,14578
卷之十一,政事部,火盗,物中火出吉,占夢木中火出者大吉夢柱頭烟起者有憂夢凡曰器物中火起有光者事通達有烟者事遲殢,14583
卷之十一,政事部,火盗,把火燒物,夢把火燒門者家興旺匪德之人家門滅夢把火占燒器物者主凡事有光夢把火燒井者有病至夢曰把火燒灶者無財采燒滅他家其家被害魏崔浩將害李順夜夢以火𤑔順寢室火作而順死浩與室家群立觀之俄而順弟思號哭而出曰此輩吾賊也以戈擊之悉投於河以告館客馮景仁景仁曰此眞不善也夫以火𤑔人暴之極也厲階成矣公其圖之浩曰吾方思之而不能悛後竟坐暴揚國惡以至於族,14587
卷之十一,政事部,火盗,持火照物,夢執火乗行爲官祿之兆夢執火行路爲通達之占祥夢執火照人主其人榮貴夢執火上堂主其家曰明顯事事吉徵宋阮登炳夢毛自知乗獨𧢲靑牛以火照交於身上因自解曰靑牛年庚也火照上乃登炳之義花甲告周將代毛自知矣蓋毛自知乃前乙丑狀元也後咸淳元年乙丑果狀元及第,14595
卷之十一,政事部,火盗,看放𤇆火,占夢此者主百事憂曰散病除大吉之兆,14601
卷之十一,政事部,火盗,盗賊入室,占夢入室而去者小吉入室曰而不去者主家業破耗,14605
卷之十一,政事部,火盗,盗賊入市,占夢趕賊入巿出者吉不出凶曰夢賊趕入市不出吉出者凶,14609
卷之十一,政事部,火盗,趕賊,占夢與賊趕行大利夢見趕賊行曰順吉夢賊人相引主病至禍臨,14613
卷之十一,政事部,火盗,說賊,夢人有被賊害者他人有禍人言報賊主賊害其占人捕捉必得人言有賊來偷主病至與他人議論曰賊情者主有是非奸計不祥之兆襄陽張廵官葬父鄧州北忽夢其父曰我葬墓前夜被賊刼去衣物今日入城來停在席帽行汝宜速往擒之日出後捕不得矣驚起涕泣未明扣州門見節度樊澤具白其事立召都虞侯速住捕之同黨六人并賊帥之妻皆獲引入節變靣訊之賊曰今日之事亦不容隱必是爲地神所訴某夫妻每刼塚即擕酒爇火諸徒黨開墓至棺妻與其亡人遍爲斟酌自飲一盞妻飲一盞即以酒瀝亡人口中便云酒錢何處出應云主人出遂取衣物寶貨昨開此墓見棺中人紫衣玉帶其狀如生某依法瀝酒云主人一盞言訖亡人笑某等驚甚便扶起惟枯骨耳遂解腰帶亡人呼腰痛某等皆驚懼馳出自此神魂怳忽即知必敗節度立案殺之,14617
卷之十一,政事部,火盗,做賊,占夢身自作賊主求謀得遂曰夢教人作賊主與人成事,14624
卷之十一,政事部,火盗,殺賊,占夢統人殺賊曰主事興昌,14628
卷之十一,政事部,恩仇,人感恩,凡人有陰德積善者幽冥之中必有感激或報以福祿或報以年壽或報以子嗣或救其以大難每占于夢寐之中來相告語往事甚多不可縷舉如兆曰此者須返思素行有德與否則兆之虛實不推可知矣劉弘敬字元溥世居淮淝家富有善相者見之曰君壽僅二三年當盡弘敬爲女嫁用錢求得維楊四婢内有一人名蘭孫有殊色詢之係淮西敗將之女流落無告其外氏劉也弘敬乃養爲甥厚資嫁之長慶二年春夢一人靑衣秉簡拜曰余蘭孫之父也感君德難報君壽當盡余爲君請於帝後三日復夢蘭孫父紫衣象簡侍衛甚嚴謝弘敬曰爲君請於帝許延壽二十五載富及三代子孫無禍後遇善相者驚曰君有陰德宜享高壽,14636
卷之十一,政事部,恩仇,人復𡨚,凡人有罪孽過惡者冥魂憤恨至罪惡貫盈之時占必來報復或致以禍或促以壽或破其家或斬其曰嗣或滅其族如此之類見干夢兆者當返念平昔果有其孽與否是固無用占解也晋惠公名夷吾改葬其太子申生狐突適下國邁太子告之曰夷吾無禮余得請於帝矣將以晋畀秦秦將祀余對曰臣聞之神不歆非類君祀無乃殄乎君曰諾吾將復請七日新城西偏將有巫者矣敝於韓及韓之戰秦獲晉侯以歸晋大夫反首㧞舍從之秦伯使辭焉曰二三子何其慼也寡人之從君而西也亦晋之妖夢是踐豈敢以至乃許晋平張掖督郵傳矅考覈屬縣而丘池令尹興殺之投諸空井矅見夢於吕光曰臣張掖郡小吏案校諸縣丘池令尹興贜狀狼藉懼臣言之殺臣投於南臺空井中臣衣冠形狀如是光寤猶見久之乃滅遣使覆之如夢光怒殺興唐末都押衙何郡倚勢凌物毒殺孔目官宋柔一夕夢柔向羣大叱曰吾讐雪矣遂驚覺無何竟以謀叛爲裨將竇思禮所殺孟蜀劉義度判雲安日有押衙覃隲夢與友人胡鍼同在一官署㕔前見有數人引入劉則五木備體子然分理有三五人執對久而方退於行廊下坐見進食者皆是鮮血覃因問旁人荅曰公爲斷刑錯誤所致追來亦數口矣遂覺及早見胡鍼說之鍼曰余昨夜所夢一與君協豈非同夢乎因其秘之不久劉卒許州司倉盧彥緒所居溷夏雨暴至水滿其中須史漏盡彥緒使人觀之見其下有古壙中是瓦棺有婦人指𤓰長五六寸頭挿金釵十餘隻銘志云閉之吉啓之凶又有寶鏡一枚彦緒取釵鏡等數十物乃閉之夕夢婦人云何以取吾玩具有怒色經一年而彥緖卒南宋諸葛覆爲九眞太守病亡惟長子元崇在任覆門生何法僧貪其資與伴推元崇墮水死元崇母陳氏在楊都夢元崇還具述父亡及身被殺之故陳氏託姑表弟徐道立訪之果然乃收行兇二人服於刑康季孫性好殺奴婢愆罪多不免常病篤夢人謂曰若能斷殺此病當差不爾必死季孫即于夢中誓不復殺驚悟戰悸汗流浃體病亦漸瘳後數年有門生竊其妾以叛追獲之即並毆殺其夕復夢見前人來曰何故負信此人罪不至死私冢不合擅殺今改亦無濟理迨明嘔血數日而卒元周又英好讀叅同契晚歲遇仙期以會在戌亥問至甲戌無疾端坐而逝葬虞山順帝末年大亂盗發其墓其二子皆夢文英歸語之曰吾墓被盗發盗見吾指甲長身完好疑我生人乃以鎗刺股又見有血皆疑畏幸不加殘毀今棄尸某溝中可往求攺葬之二子驚寤往物色之遂得其尸股上創在焉乃攺葬於獅山萬信宣德間治開封夜夢一男子裸身稱𡨚自言爲祥符氏耿羊兒所殺屍埋莊後信驚悟明日至羊兒家考驗服罪人皆異之王伯陽亡其子爲之營墓得二漆棺相傳是魯肅墓移置南岡夜夢肅怒云當殺汝父復夢見伯陽云魯肅與我爭墓後於靈座褥上見數升血疑魯肅之故也墓今在長廣橋東一里,14644
卷之十一,政事部,殺鬥,殺人,夢殺死他人者兆主大吉富貴福祿或血污衣服占主得財利身自殺人者中吉官位榮臨持刀者財𠔼利殺傷不來者有血吉無血凶亦宜詳所殺何人以五行生剋推之禍福有準,14712
卷之十一,政事部,殺鬥,被殺,占夢被他人殺我者利吉之占如逃避伏曰藏者反凶被殺而不死者得財復失,14716
卷之十一,政事部,殺鬥,見殺,占夢見他人殺人者主有人送物至曰大吉見他人相殺者主爭財也,14720
卷之十一,政事部,殺鬥,相殺,夢持刀斧相殺者有血吉無血凶夢相殺各自奔占散者主財散夢他人殺死我我亦殺死他人者主曰爭財有獲,14724
卷之十一,政事部,殺鬥,自殺,占夢持刀斧自殺身死者主得大財自殺而不死曰者亦吉刀傷出血者財利酒食之事無血者凶,14728
卷之十一,政事部,殺鬥,斫擊,夢與人相斫者兆主喜事夢持刀斫人者王失力占失財夢被人斫者主得勢○夢與人相擊者主有權夢擊人者主威力夢被人擊者兆大凶夢擊人不着者失力人擊不中者禍去高澄當國有梁將蘭欽子京爲東魏所虜澄命以配厨欽請贖之澄不許京再訴澄杖之京乃與其黨作亂時澄居北城東栢堂欲受禪與陳元康崔季舒等屛斥左右署擬百官京將進食王却謂諸人曰昨夜夢此奴斫我宜殺却京聞之寘刀於盤冒言進食澄怒曰我未索食爾何遽來京揮刀曰將來殺汝澄自投傷足入於牀下因見殺孫峻初與諸葛恪同受顧命後因恪勝魏輕敵復欲出師頗失人心遂搆恪欲爲變以討殺之殿上及峻使呂據征魏餞之石頭入據營惡據軍嚴整稱心痛去是夜遂夢爲恪所擊恐懼發病死,14732
卷之十一,政事部,殺鬥,交刀,占夢與男子交刀與女子交刀皆主吉昌之事與曰男主得財與女主得子交刀而失落者不祥,14742
卷之十一,政事部,殺鬥,射剌,夢我射他人自主遠行利吉夢人至人射巳夢身身被人射主中者遠行凶夢弓弩相之兆射○者夢被有人鎗刺爭出訟血者人必有者失利事利夢夢鎗人簽剌剌他巳身者持劒子孫昌大來剌吉者夢剌有禍夢客身爲剌客欲剌人者主財動家業不寧晉索綝拒趙染于新豐染有輕諫綝之不聽之色長敗史績媿魯徽悔遂斬徽嶶戮臨曰忠刑死而有將軍知愎諫當訴于黃泉使將軍不得伏牀枕而死迨染冦北地夢魯徽大而怒寤引弓旦將射攻之染驚悸城中弩而死朱瑾旣除徐知訓自刎瘞廣陵非發其門尸殺徐溫於等惡雷公塘之後溫網病夢其瑾骨葬挽弓塘射之溫懼側立祠其上梁末帝即位康王友孜自恃體子貌陰奇懐偉覬又覦目重貞曈明元年未帝德刺客妃夜薨將入寢葬友中末孜使帝方寐夢人害寳劒鎗巳然旣寤聞榻上有聲躍起抽劔曰將有變耶乃索寢中得剌客手殺之遂誅友孜,14746
卷之十一,政事部,殺鬥,相鬥,夢與人大鬪事吉利闘勝者得力闘敗者凶夢家占中人相闘兆主分别夢與女人闘主口舌夢小兒曰相鬪主鬼崇事宜鎭壓解禳,14761
卷之十一,政事部,殺鬥,行軍,夢軍馬𥘉出兆爲凡事未成之占夢軍馬齊行兆爲財利倍得之象夢軍馬囘旋主疾病退除夢整點軍馬主鬼崇禍銷夢軍馬散亡主凶事除夢征占人退去主有吉事征人驟來主凶惡至夢身在軍曰陣中名利吉昌夢身入軍營主得兵權夢軍馬入城主福祿喜至夢軍將至家主財祿事吉夢將卒從行主有喜慶,14765
卷之十一,政事部,殺鬥,交戰,夢率軍兵破賊敵者主所謀遂所求獲利吉也夢與人大戰者主威名勝之者吉戰敗有救者大吉占被軍人圍者主受困將軍兵圍人者曰主有權排列陣勢者主事成學高夢與鬼神戰者私事凶夢見两軍交戰環繞者主忙亂事秦始皇遣方士徐市等入海求神藥數歲不得始皇夢與海神戰如人狀問占夢博士曰水神不可見以大魚蛟龍爲侯今上禱祠備謹而有此惡神當除去而善人可至乃令入海者齊捕巨魚具而目以連弩候大魚出射之自琅邪北至滎成山弗見至之罘見巨魚射殺一魚遂平海西至平原津而病,14769
卷之十一,政事部,毆詈,打人,占夢人打者主得人力曰萝打人者主巳失力宋桷夢内中有一人着赤衣桷手把兩杖極打之問索統紞曰内中有人肉字也肉色赤也兩杖筯象也極打之飽食肉也俄而驗焉,14780
卷之十一,政事部,毆詈,交力,君子夢之效先賢之擬議成後進之上征小人夢之因効勞之爭先得功成之美譽齠齡夢之乃昨占宵之嬉戯曁明旦之歡娛疾病夢之乃藥餌之却曰攻有痊安之功效夢與亡故之人相打交力主病患夢與鬼崇交力主盗賊仇讐,14786
卷之十一,政事部,毆詈,自打,精液不和故有此夢嘗有夢此而醒來疼痛異常占者或曰因是夢而有是悔非也因血氣之比而不曰周神䰟恍忽於寤寐見之善調理者無是耳,14790
卷之十一,政事部,毆詈,被毆,鄭昌圖登第歲居長安夜後納凉於庭夢爲人毆占擊擒出春明門至合大路處石橋上乃得解遺其曰紫羅履一𨾏奔及居而寤甚困言於弟兄而牀前果失一履旦令人於石橋上追尋得之,14794
卷之十一,政事部,毆詈,相罵,夢聞外人相罵而開戸視之主鄰里親友之事○夢閉戸不見其形但聞其聲主他人與巳無干與○夢身出與人相罵詈巳伸彼屈主吉兆○夢詈占罵有人勸解者大吉○夢人相詈而出身勸解辨曰和者主和合無禍○夢相詈罵無人解勸而巳被毆者主得人力○夢畏惡罵詈而隱遯者主受怨生仇又當以所隱避之所在何處有何辭語細推凶吉,14799
卷之十一,政事部,毆詈,罵人,此因肝肺之氣邪客于經而形諸魂夢者也凡夢中罵詈皆非吉兆推占所罵爲誰人便知所係在何事○夢中所罵若外人平日不相識者主受他占人欺侮○罵朋友者作事屈而不伸○罵妻子者曰主失財物○詈罵父母兄弟者家中有禍患罵衣服器皿主夫妻反目○罵亡人鬼祟神佛者主病患,14803
卷之十一,政事部,毆詈,被罵,夢爲天神鬼崇所罵主訟事○夢亡故先靈罵者占主作事差誤○夢尊長上人罵者主風寒之疾血曰氣不和○夢妻奴下賤鄰里朋友罵者主受怨○若夢帝王叱罵者得遂志功名之吉兆也,14809
卷之十一,政事部,毆詈,咀呪,夢身向神前呪咀他人者主大禍將作○夢人呪占咀巳或人報言某人咀呪必以所言細推凡夢呪曰罵以音聲字畫推詳或巳身或他人或凶或吉事有不同舍利從義斯獲吉矣,14813
卷之十一,政事部,刑獄,勘問,被人勘問夢人勘問必騐于將來夢勘問鬼借夢他人乃伸訴受𥦙害也眞德之秀曰程二殺害旅人伏屍厨下鄰舍莫能知吾夢勘問云二十無年辯前嗚事旦呼聽訟審露必使無訟而後天下竟成疑獄治非此矣夢程則二編管入建昌軍其子剃度而被害者得雪紹興中辛次膺爲湖襄提刑至武昌岳少保飛通謁執辛手曰前夕夢中丞推勘驚寤不敢告人而津吏適報公至公他日必爲獨坐願公救數年岳護罷之後副樞奉朝請故部將王貴飛迎秦檜謀意叛告繫大理獄命新除中丞何鑄勘,14821
卷之十一,政事部,刑獄,枷鎻,凡夢受刑皆係命中星宿或騐在旦夕或騐于數年之後如能因夢而自檢其行守死善道則又有受赦之幾存乎其用心占之所自至○栲吊夢主癰身被疽發背枷鎻大病○夢他人枷鎻入巳宅中曰主禍事至口夢手枷鎻拘係他人主非勢利他人在身被害得以報一仇雪耻之兆也○夢枷鎻損拆失落爲怨解禍釋然亦非吉祥但其災患稍輕爾斛律羡金之次子光之弟也以合門貴盛深用爲憂光在鄴羡使人騎快驢往還無日不得音問二曰鄴使不至家人乞養夢羡被枷鎻勸速走突厥羡不從占其夢曰枷者加官鎻者利鎻吉利也然不能無疑乃令在州諸子鎻頸乘驢出城合家泣送之曰晚而歸以爲禳厭及光爲祖珽輩所害勑中領軍賀㧞伏恩等十餘人驛捕之伏恩等旣至門者白羡曰使人裹甲馬汗宜閉城門羡曰勑使豈可疑拒出迎之遂見執死於長史㕔事,14829
卷之十一,政事部,刑獄,綁縛,凡夢在官用刑皆凶兆而私自綁縛其騐尤凶○夢手執繩索緄繫大于內外主勞怨煩惱○夢被占人𦆘縛主疾病○夢與人聯繫索縳主有大災必曰其人平日所爲謬妄或動作有非禮或言詞有非義祸患将及幾兆見於夢寐之中脩德辨惑而化災爲吉者有之矣隴西李梢雲性誕率好縱酒其妻夢捕梢雲同數十人襍以娼伎悉被髪肉袒以長索繫之連驅而去號泣顧其妻别妻驚覺因爲說之而梢雲夢亦相符遂斷葷持金剛經者三年後以夢滋不驗梢自縱怠因會中友人逼以酒炙梢雲遂復縱酒肉明年上巳與李蒙裴士南等十餘人泛舟曲江中盛選聲伎歌飲流連自午至暮大風忽作其舟即覆與衆客諸伎皆溺於水竟驗連驅之夢云嗚呼彼梢雲者檢身受誡是時弗與于舟中則雖命祿俱盡得死牖下果何如乎,14839
卷之十一,政事部,刑獄,拘錄,衡州熊象山刀筆吏也性好義嘗爲人雪𡨚却其酬謝五十無子進香泰山夢按察使差吏拘審百訴吏呼象山曰余愛爾德不錄放出驚寤以問諸侶諸侶曰吾軰亦夢拘錄象山不悅曰不錄吾將死夫次日衆登舟渡江獨象山疾臥店舍俄大風覆舟及暮象山體徤安行進香而返後育二子皆貴顯,14845
卷之十一,政事部,刑獄,鞭杖下人,占凡夢自身坐于堂上命人鞭杖曰笞責他人者主虚費精力之兆,14851
卷之十一,政事部,刑獄,被人笞杖鞭撲,夢此者當以責之重輕與其數目推之○夢此不占疼痛者主得人力扶助○夢不滿十百之數者小曰悔生瘡癤瘧痢○夢此出血者主費財用○夢此而數至百十二之外及疼痛異常者大凶濮陽縣侯夏侯道遷以長子夬好酒不欲傳授國封及道遷卒夬居喪不戚費產肆飲忽夢見征虜將軍房世寶至其家㕔事與其父坐屏人宻言夬心驚懼謂世寶尊官少間必擊我也𡬶有人至云官呼郞隨召即去遣左右杖之二百不勝痛楚大呌而寤汗流沾席次早趙卓詣之見其衣濕謂夬曰卿昨夜當大飲溺衣如此夬具陳所夢夢後二日而死視其尸體大有靑赤杖痕寶祐問柬統制在城隍廟夢數卒押王都統至庭下鞭背覺以語王王怒叱之未半月王疽發于背數日始愈,14855
卷之十一,政事部,刑獄,牢獄,有夢此而後騐與夢中無異者是其心志之訛行言之夫將被天譴豫兆于未來也有夢此而反爲占吉兆者是其平日無過而晝夜陽陰每每相反天曰錫此夢以警誡其言行也有夢此而疾病否咎微難小悔驗之者是其星成命運正値凶災而作事不犯罪律故也,14865
卷之十一,政事部,刑獄,訟訴,非禮弗履無過與愆者不應此夢○其遭逢不偶有心所不欲不得巳而爲之者○有情欲所至不占知其非而爲之者○有受人之托知其不可爲而曰爲之者○于是情有所不安氣有所不和志有所不遂而訟訴見於夢中矣夢嬴則吉夢敗則凶宜因其辭合於事而推占太平廣記曰盧叔敏赴舉早行爲賊所殺緱氏尉鄭楚夢叔敏披髪流血訴被賊殺問其由曰賊今捉未得乃牽一白牛跛左足曰可記此牛明年八月一日賊牽此牛過西郭門鄭寤牒訪賊不得至期果有牽白牛跛足過郭門者擒之一鞠即服,14869
卷之十一,政事部,刑獄,罪人,夢官衙丹墀兩旁拘繫罪犯據其姓名爲何人則知其人病患死生矣○夢解審罪犯入衙門或行占過途中反爲吉兆○夢罪人走入家中主疾疫災曰患○夢身犯罪名當占其字名凶吉○若出行道路夜夢罪犯同行來往須防盜賊奸細火囤証陷諸等必於戒嚴之初豫備之,14877
卷之十一,政事部,刑獄,覊繫羅網,占身入羅網有計難逃曰逃脫羅網有禍得消,14881
卷之十一,政事部,刑獄,炮烙烹炙,占夢身體被人火炙汗血淋漓者大吉主一曰有財喜之事如受冥司炮炙之狀者凶,14885
卷之十一,政事部,刑獄,釋赦,夢天使大赦主年豊家富壽永病痊○夢身犯罪孽而被赦解𨤟主患息災消病除憂散○夢他人占拘繫枷鎻忽得放釋赦罪主吉祥之象○夢施恩曰大赦而獨有不赦者主彼惡疾暴卒○夢特恩解放釋赦主大吉之兆,14889
卷之十一,政事部,刑獄,逃竄,平日無事患而忽作此夢者主仇讐謀計○値災難疾病而夢此者禍患解脫身體痊安○夢下人逃竄必是彼生反心○夢遯逃不脫主有禍難消占○罪犯逃入家中主盗賊疫痢○夢逃入深山窮曰谷前後無路或逃入陋巷坑厠左右無門主疾病死亡○夢逃于曠野高山田園寺覿皆爲吉兆○夢乘舟单騎驢馬而逃者以其所止而見吉凶○夢逃竄被捕捉者大凶之兆,14893
卷之十一,政事部,刑獄,勸解和息,口舌爭閍夢此主和議吉祥○無訟事而夢此主人情弗睦○患病者夢此病痊○文塲舉試夢此不祥○兵戈甲胃廵戢捕盗而有此夢者大凶之兆死期將至矣,14900
卷之十一,政事部,刑獄,代罪,吳隱被誣罪大辟子丘夢鄰胡黒子代綁起解丘以語胡胡曰十月遇赦及冬果驗,14904
卷之十一,政事部,刑獄,哀呼求釋,王吉字元貞鄂州人父爲洛陽大啇隨父入洛師方侯俊甚敬愛之舘鄰魚筌犯花石工罪繫獄夢王吉爲侍御史遣書縣尹縣尹釋筌罰金贖罪是夜王吉夢衣錦袍登堂與樞宻使對席坐講釋魚占筌之罪花石岡使怒曰元貞分上魚筌罪坐下官曰衆吏椽跪禀哀呼覺以告其師師曰魚氏疑獄他日爾登第可驗此兆未及旬魚筌納金贖罪後王吉爲定康叅軍魚筌被盗誣告反坐其妻求于王吉吉遣卒遺書釋之方侯俊曰昔日之夢今始驗矣崔圓少貧賤依親李彦先彥先時爲刑部尚書待之不甚加禮一夕夢人桎梏其背百人爲兵擁入大府呼姓名領過判云准法彦先親見紫衣貴人據案中坐乃圓也遂躍出哀呼貴人曰李彦先特收禁流汗而覺自此方厚待之因薦于楊國忠遂以知留後旬日拜相京城克復彦先坐受僞官與陳希烈等二百人俱合誅死時圓爲中書令詳決之際以姓名呼過判云准法彦先大呼曰相公獨不憶昔年耶圓乃悟遂判李彦先收禁具表其事請贖罪許之得流嶺外,14908
卷之十一,政事部,䘮塟,居喪大吉,夢此主得白之兆帝王夢之爲中興之王將相夢之爲太平之象士庻夢之得貴顯啇賈夢之得大占利訟者夢之爲理勝病者夢之爲壽徵惟爲子者曰夢之不祥亦必以所居何人之喪及其歲月之象而占之玄宗嘗夢落殿有孝子扶上他日以問高力士力士云孝子素衣此是韋見素耳帝深然之數日自吏部侍郞拜相,14918
卷之十一,政事部,䘮塟,弔喪大吉,志在安民夢行弔于鄉邑欲圖貴顯夢奠慰于宦占家執香稽首是孕育孝慈之兆撫棺哭踊乃獲人曰財利之徵不到喪家不攺服須詳所弔誰家又無虚座又無棺只恐所求不遂,14924
卷之十一,政事部,䘮塟,行䘮凶,欲求榮顯欲求名夢見行丧主貴徵啇賈夢之財占利去疾軀夢見看誰行答是父母丈夫病寤來妻曰子淚盈盈夫夢妻喪親夢子破家亡產禍非輕施盤吳縣人巳未殿試畢夜夢一棺前行後有百人隨之號泣心頗異之明旦傳臚槃狀元及第而是科所取進士止百名後施入翰林甫半載而没其夢果驗,14928
卷之十一,政事部,䘮塟,送䘮凶號咷慟踊夢主佳祥鼓吹旛旌兆當殂殁凡有送,號咷慟踊夢主佳祥鼓吹旛旌兆當殂殁凡有送占喪之夢必爲虚費之徵但占𣩵是誰家又看身穿曰何服,14934
卷之十一,政事部,䘮塟,𣩵塟吉,𣩵者會際賓興葬者黃金入櫃金并龍池玉占城馬脊前有案而後有靠下有土而上有天祀享千秋曰安藏萬載此𣩵葬之恒理乃夢寐之吉徵平民得之立業成家仕宦得之高名巨爵秦少游夢發𣩵而葬者是□□之柩是歲劉發首薦,14941
卷之十一,政事部,䘮塟,送塟吉,凡占此夢皆主吉昌但以誰家之柩審之則知所騐何事若夢巨室之𣩵而巳身麻免齊衰主荷蒙占恩德夢身華服主彼有喪事至若夢鄙陋之柩主曰貨財生息若夢親友又以他事推之或所騐與夢中無異者有之,14947
卷之十一,政事部,䘮塟,請塟大吉,占但占夢請是何人曰便見驗吉在何處温序字次房爲護羗校尉死節世祖詔葬洛陽城旁長子壽爲印平侯夢序告曰久客思鄉壽即棄官上書歸塟李德裕旣没見夢於令狐綯曰公幸哀我使得歸葬綯語其子滈滈曰執政皆憾可乎旣夕又夢綯懼曰衛公精爽可畏不言禍將及遂告於帝以䘮還周大雅赴省試道宿山寺夢一人緋袍橫馬謂曰某沉淪於此三十年君能舉我瘞之前岡梧桐樹下吾能使君登科且與君世爲婚姻旣覺見鄰壁有一柩問寺僧僧曰此廣東李通判柩也三十年餘無人問者大雅乃自以爲姻親遂買前岡地葬之試前一夕有人推門饋經義三首忽不見及入試正此題也遂得中式後爲子娶廣東巨族李氏考其祖即通判云,14953
卷之十一,政事部,䘮塟,𣩵塟不見棺槨大凶,占夢此者必有禍至若有鼓曰吹亭臺者家破身亡嗣絕,14970
卷之十一,政事部,䘮塟,塟不入土凶,天地容身之象人之生也安宅于地土以容其身及其死也神䰟飛而上升于天軀骸凝而下入于占地焄槁悽愴百物之精也隱于山陸之下而其情曰和悅悅其安且隱也是以有棺椁坆墓以安之安葬不在土下暴露于人間矣此曠安宅而不居之謂,14976
卷之十一,政事部,䘮塟,𣩵止中途凶,此夢主半塗而廢失財不吉之兆嘗有文人夢之者以訊方外皆曰𧶡興之景象棺出于路爲官當占道之徵及入試下第而返中途遇盗幾被害幸獲曰免此方外人之言不可盡信也歛身脩德則神天佑之矣,14980
卷之十一,政事部,䘮塟,𣩵塟於他人墓所,占非其所而假之以安不祥之兆或夢此直曰叶其象宛如夢中或騐才學爲人愛慕者,14986
卷之十一,政事部,䘮塟,攺塟,占由卑而徙高者吉官位高遷之象曰由大而移小者凶顛沛流離之兆,14990
卷之十一,政事部,䘮塟,攢柩,占夢主官居當道財藏不露幾務得人賛合儀曰容暫寓保安目前之事巳寧日後之基未卜,14994
卷之十一,政事部,䘮塟,啓攢,縉紳夢之得起官蒞任平民夢之身利俱發若其占家有先柩攅于外土爲直叶之夢當以景象音聲曰䜟兆占其年月日時所在而推之云耳,14998
卷之十一,政事部,䘮塟,人死,夢撫抱死尸主財利夢尸骸遍野主荒亂夢帝王占崩者吉昌夢父母兄弟死者主疾病夢親族友人曰死者當細人詳之其騐不一惟夢嬰兒死者爭訟除鄰里安産母無𭼞又有直叶之夢,15002
卷之十一,政事部,䘮塟,身死吉凡夢身死必有,恒人有言曰夢悔得貞夢死得生凡夢身死必有占吉慶何歟其𩲸安也雖然夢死他鄕其後果驗夢曰死人手其患匪輕夢移尸而騐攺居夢易簀而危旦夕因其心之所知而推之,15006
卷之十一,政事部,䘮塟,人言死吉夢人言報某年,夢見人言他人忽死者兆主長命夢人言報某年占月日死者直叶夢人言死而似死非死者主得官曰祿范式山陽人與汝陽張邵相友善一夕范夢張報言巳死期于五日葬于祖墓專候托母妻之事式至汝陽邵方舉𣩵柩阻不行式哭踊執紼及壙人問之曰千里生死之交,15013
卷之十一,政事部,䘮塟,告死,告他人死告巳身死夢身無故而告人曰將死者當以其象與數推之占騐在何年何月夢無故而人告曰死者當以其姓曰氏名號推之死者使也殁者役也告者吉也其將有所役使之幾乎若夢父母妻子告死者有凶無吉,15023
卷之十一,政事部,䘮塟,死人,夢死人忽似活人者兆主遠信即至○夢死人聚衆無言主天時陰雨○夢死人罵詈者吉事○夢見死人飲食主病至與死人同食者又爲吉占○夢死人出指者喜事出血者有財○夢死人尸骸占臭爛者兆獲財利○夢死人立者凶去者吉○夢曰手㺯死人主分别○夢抱死人而哭者吉矣者凶○夢死人笑者病除哭者病至○夢燒死人臭穢主年時大旱○大凡夢見死人喜利居多如巳死之人毎于夢中見之至多憂欝事非吉兆也若夢中暗晦但見死人吹嘘氣入身口中者大凶之兆,15028
卷之十一,政事部,䘮塟,死者求生,人之死也䰟離其𩲸也其靈在人側不知其死也占無所依倚乃知非生向人求生求之于夢寐之中曰夢見之者當推其言而詳之耳顏含兄畿咸寧中得病就醫遂死於醫家家人迎喪旐每繞樹不可解及還其婦夢畿曰吾壽未終今當復生可急開棺其夕母及家人并夢之及發棺果有生驗以手刮棺指𤓰盡傷但氣息甚微飲哺累月猶不能語飲食所須託之以夢含侍養十有三年足不出戸,15034
卷之十一,政事部,䘮塟,死者復生,凡夢亡故之靈自言復生者是其人再世而巳夢占之也夢未故者死而復生主病瘳之兆身忽死而曰復生者福來壽永之瑞徵也,15040
卷之十一,政事部,䘮塟,收拾𣩵殮,夢人來𣩵殮巳身主際遇安樂服食豊隆○夢巳占𣩵檢他人主獲財利增壽加宮○夢見他人𣩵殮曰成服主身康壽永,15044
卷之十一,政事部,䘮塟,修整坟塋,凡夢墓塚毁壞必有不吉夢脩整加土葺理培植占主立業興家患病夢之亦爲吉兆若夢造厰𣗳屋曰於祖堂之坵者家敗人亡,15048
卷之十一,政事部,祝享,禱獻神祗,國之大禮莫大于禱祠祭祀䖍誠叩拜上格神明盛設牲帛下通泉府受齋誡于庚甲陳禮儀于旦暮夢此吉兆騐主榮華列祈仰之忱亨天人之祐占○夢行郊社之禮建功勲如反掌○夢作五祀之曰儀樹恒產以榮身病假此以痊安禍因兹而銷散○夢宰牲而不成獻祀者主憂患將作○夢焚香焚帛行祼受福送服鳴鐘擊鼓設樂皆大吉,15056
卷之十一,政事部,祝享,祭奠人奠或巳奠人○夢奠親鄰乃爲人,人奠或巳奠人夢奠祖考實爲人子之孝心○夢奠親鄰乃爲人占友之大事○夢受他人之奠享自當驗于身後○曰夢辭祭奠之禮儀將果見于人前○宰牲設奠詳觀所享何人焚帛拈香但看所稱何氏仲尼夢坐奠于兩楹之問寤而嘆曰殷人奠于兩楹之問某殷人也夫明王不作天下其孰能宗予予殆將死也遂七日而逝,15062
卷之十一,政事部,祝享,擺設楮帛芻狗,高燭煌煌香馥馥金錢粲粲帛齊齊阿暗中物不占期而自至時揚品類暫列以少伸寐寤䖍恪必騐曰將來儀貌音聲豫幾未卜佳祥因時以占夢災患見影而知幾魏文帝以周宣爲中郞屬太史嘗問宣曰吾昨夜夢見蒭狗其占何也宣曰君得美食耳有頃出行果遇豊膳後又問曰昨夜復夢芻狗何也宣曰君墮車折脚宜戒之果如宣言後又問昨夜復夢芻狗何也宣曰君家天火當善護之俄遂火起語曰前後三時皆此夢也聊試君耳何以皆驗宣曰此神靈動君使言故謂眞夢無異又問曰三夢芻狗而其占不同何也宣曰芻狗者祭神之物故君始夢當得飲食祭祀旣訖則芻狗爲車所鑠故中夢當墮車折脚車鑠之後必載爲樵故後夢憂失火也,15072
卷之十一,政事部,祝享,祝禳飲福受胙大吉,人君夢之萬民安泰五糓豐登臣宰夢之三生有幸九族旣睦富家夢之神明護祐安享榮華貧賤夢之遭逢際遇親友扶持鰥孤夢之得良偶獨寡占夢之得長齡應試夢之考禘郊享祀之題待闕夢曰之授宗伯太常之職旅邸夢之騐在廻歸道路夢之兆在旦夕囹圄夢之遇赦戰陣夢之凱旋未有不吉者,15079
卷之十一,政事部,祝享,奠享祖塋,縉紳夢此主受封加贈御祭焚黃幼學夢此主博見多開進取高捷平民夢此主財盛身康嗣賢族占睦夢巳身者驗在自巳夢他人者騐曰在他家夢人來祭其祖他堂又當以姓名品物推之墓而夢家族祭巳身懽笑坐立于旁者非佳兆也,15088
卷之十一,政事部,祝享,設𬋕誦經功德懺悔,巨室作此夢主布緣施舍奉教弟子作此夢主占化災爲福暮年衰老作此夢主延齡永筭童僕奴婢曰作此夢至主家有此事途中旅舍作此夢日後見此事宜恭行禮叩,15093
卷之十一,政事部,祝享,祈晴禱雨吉,占此夢主爭光日月曰際會風雲之兆,15097
卷之十一,政事部,祝享,蜡獵迎神賽會,占此夢主神祗出遊廵察人門禍福若其人因曰夢所見而攺過從善行義無忒天必祐之,15101
卷之十一,政事部,祝享,禳祝見神鬼形,占見其形不聞其聲宜審所夢爲何神曰夢其神因聽其言語宜明識而遵行,15105
卷之十一,政事部,祝享,祀享餕餘,夢此主受神人扶助之象○夢祭禮畢焚帛而弗占裸主行事失敬被譴○夢裸弗焚帛主有小悔○曰夢盛祭設樂而弗裸無帛䬦餘惟巳一身或衆工雜劇而巳弗與皆有始無終之兆,15109
卷之十一,政事部,祝享,巫祝僧道餕胙,占此夢主貨財分散宜以衆人之曰所言所作細推之吉無誤矣,15113
卷之十一,政事部,祝享,齋戒備祭禮,占遵禮法于䖍誠之始敬神鬼于未祀之先曰此正人君子之夢其吉不待占而見之矣,15117
卷之十一,政事部,酬酢,交易,夢與人交易買賣主疾病將至詳交易何事買賣占何物賣凶者福賣吉者禍買凶者禍買吉者福隨曰事隨物各以類占又宜詳與何人交易是存是亡巳亡者凶生存者無咎,15126
卷之十一,政事部,酬酢,呼召,凡夢有所呼召者不論神人宜詳所命呼召者是何人物及呼召者有何事因如貴者呼召主驚喜王者呼召主爵位貴女呼召有疾病公侯呼召有占酒食太子呼召有喜慶玉女呼召大利吉主人呼曰召小宴會靑衣呼召主福祿白衣呼召主死亡外人呼去吉人招不應凶諸如此類非可盡述畧舉其概占夢君子隨幾詳審吉凶可例矣秦彦者本名立𨽾戎伍籍乾符中以盜繫械且死夢人呼曰秦彦汝從我去寤而視械巳破因得亡命更名彦後乃成功北魏武帝諱脩遍體有鱗文年十八封汝陽縣公夢人呼其名曰汝當大貴得二十五年高歡旣敗爾朱氏諸王皆逃匿時帝在田舍歡使斛斯椿求帝得之遂迎入立焉及帝西依宇文泰遇酖而崩時年二十五苻秦徐義爲尚書少奉佛法時兵革蜂起賊獲義將加害乃埋其兩足編髪於樹至夜義專念觀世音有頃忽夢人呼之曰今事急矣何暇眠矣義便驚起見防守者並疲乃試自奮動手髪旣解足亦得脫而遁隱草中少頃便聞追者交馳秉炬無見者迨明賊散義歸投鄴寺遂得免焉張洞初以太常博士出知棣州夢人稱勑召既出如拜官然顧視旌旗吏卒羅於庭及後爲江西轉運使移淮南轉工部郞中夢復如初洞疑巳不復永年教諸子部分家事未幾卒年四十九,15130
卷之十一,政事部,酬酢,賜獻,辭受餽送夢人賜物及與物餽物贈物者皆當詳是何物物佳者吉物惡者凶或辭或受有禍有福通變推之占方能有驗○夢獻物及送物還物與人者曰其亦當詳曰其物件以意推之吉凶可見大抵獻惡物者吉獻美物者主自失利或人辭不受退囘其物者主事有所敗或人云還汝之物者主事終得理,15157
卷之十一,政事部,酬酢,迎送,邀接夢迎人入門者主大吉夢人迎巳者有吉有凶夢見鼓吹迎人者主其人貴顯見儀仗迎人者主其占人病亡夢人邀飲者主悲事或見邀者非世人必曰主邪祟夢貴人接巳升高者吉夢張樂送人主其人喜事夢擔囊送人主其事有阻夢人送巳者大不祥劉穆之夢有人稱劉鎭軍相迎□占之曰□死矣今豈有劉鎭軍耶後宋武帝遣穆之共定大業武帝時爲鎭軍將軍御史中丞薛存城元和末由臺丞入給事中復亞臺長臺吏夢僧童數十人持寶幢謂吏曰中丞元是羅漢謫來俗界五十年足故來迎耳未幾薛卒年甫五十盧尚書貞猶予爲僧會昌中沙汰僧徒斥歸家以蔭補光王府參軍夜夢八靣屯兵千乗萬騎旌旗日月衣裳錦繡儀衛四合軍中人喧言迎光王驚寤宣宗果自光邸踐祚栢誓字明期居豫章時梅玄龍爲太守先巳病誓往省之語玄龍云吾夜夢君遣人迎我云二十八日君當拜二十七日栢忽暴卒二十八日玄龍卒唐開元中宮禁有美人忽夜夢被人邀去縱酒宻會極歡而歸自此流汗倦怠後因從容奏之帝帝曰此必術士所爲也汝若復往但隨宜以物識之其夕熟寐飄然又往美人半醉見石硯在前乃宻印手文於曲房屏風之上寤而啓帝乃潜以物色令於諸宮觀中求之果於東明觀得其屏風手文尚在所居道士巳遁矣宋治平中士子李權夢人張樂送之於虎頭洲上俄而登科蓋虎頭虎榜頭也,15162
卷之十一,政事部,酬酢,謁訪,占夢來謁訪我者詳其人審其名吉凶自見曰夢巳謁訪于人亦然詳審其字可卜榮枯元和六年韋詞爲宛陵廉使七月夢一人投剌視之瞭然見題其字曰李故言俄有人言明年狀頭詞旣寤以名中少有故字疑之至榜後果有取解舉人具名投剌一如夢中但故爲固耳詞乃慰之曰明年必擢第仍居衆君之首無何果爲榜首宋廖德明少夢懷剌往謁大乾廟廡下謁者索剌出諸神視其題字云宣教郎廖遂驚覺後登第攺秩以宣教郞宰閩諸迓者及門思前夢恐官止此不欲行親朋勉以不足芥蔕德明乃之持節官任後把麾至正郞,15194
卷之十一,政事部,酬酢,讌會,夢鳴鹿于瓊林盛饌第及恩榮○夢翔鸞于王母占瑶池壽延人瑞○夢亡靈之序飲風雨妖邪○夢曰妓娃之合歡病瘥口舌○夢侯王對飲顯榮祿位○夢仇敵而舉盃斟酌和諧王播少貧賤居揚州無人知識唯一軍將常接引杜僕射亞在淮南端午日盛爲競渡之戲諸州徵伎樂兩縣爭勝負綵棚照耀江水數十年未有也寓揚州之客盡得預焉唯王不得見招惆悵自責軍將曰某有棚子弟悉在八郎但於棚内看却勝居盤筵間也王曰唯遂往棚軍將令送法酒一榼王方憤懣自酌遂就枕即夢身在宴處居杜之坐判官在下多於杜公近半良久驚覺亦不敢言於人後爲宰相將除淮南兼鹽鐡使當時夢中判官數多一半即兼并鹽鐵從事也後至五月上旬臨江宴會賓介皆在乃思昔夢風景氣候無不皆同柯潜常夢禱九里廟與賔友讌會柯坐首席寤而識之後果中狀元符夢兆云,15202
卷之十一,政事部,酬酢,盟誓,龎在晉豪俠好飲遊燕山夜宿妓家妓娣安麗姿年十五善歌舞龎見而悅之遂約私合其鴇不知也麗姿夢與龎誓曰愿十世爲夫婦百年同几席占而今而後麗姿更侍有如此盟次夕以告龎龎曰曰吾夢亦誓然三夕而龎之冀州有外戚招麗姿麗姿宿焉夜夢被杖三百次日嘔血而卒在晉聞之披剃爲僧,15226
卷之十一,政事部,起居,聚别,賢愚乍會于日下利用有孚少長咸集于目前朋來無咎顯者夢之有慶隠者夢之無妨乍合乍離占頃聚頃散彼云有故而告辭此乃無因而分别夢曰諸老者有數夢諸少者無緣或遠遊于異鄕或冥歸于下府即時歲以占夢想惟語言而辨吉凶安西張氏女國色也甞晝寢夢至一朱門棨㦸衆公卿咸集出女伎張女與焉且教之琴筝琵琶命歸辭父母旣覺述所夢及期果卒會昌二年十月十五日也此夢聚來生而别父母也江式少専字學數年中嘗夢兩人時相教授及寤每有記識此相聚道義之傳而授無誤也宜都王肅鏗年十歲出閣陶弘景爲侍讀八九年甚相接遇鏗至十八歲飲藥卒時弘景隱山忽夢鏗來慘然言别云某日命過無罪後三年當生某家弘景訪以幽事多秘不出覺後即遣信出都參訪果與事符弘景因著夢記此旣别而托象以期後世之相聚也,15234
卷之十一,政事部,起居,叩首,夢人叩請或叩招或叩對或叩謝或叩領或叩謁皆主榮顯喜慶○夢人叩别或叩辭或叩訢或叩占告皆主不祥○夢叩祝又聚衆叩首迎迓宜因其曰所處而占之夢向人叩首者陽德下濟元氣發動萬事亨昌百爲遂利佳祥之夢,15246
卷之十一,政事部,起居,揖拜,夢此主更易之兆若夢平日同居常會之人頓首占稽首乃别離之象或生離異處或死别殊途吉凶曰未可槩論若其人久别他鄕數年不會而夢相揖拜佳期在邇矣,15250
卷之十一,政事部,起居,站立,占此立身成業之兆但宜以曰所立何方而占其凶吉,15254
卷之十一,政事部,起居,奔趨,夢趨走于殿廷主建功家國○夢奔馳于途路主勞役村居○夢走山林曠野主世亂之將作○夢占歩第堂居室主家務之多煩○夢踰垣而疾走主曰顚沛以憂疑○夢驚駭以難奔主敗亡而殂殞○夢人追逐急奔逃主患生于旦暮○夢人扶佐徐行歩主神保以康寧,15258
卷之十一,政事部,起居,着𡲆,齊高帝夢𡲆而登殿顧見武明二帝後一人手張天地圖而不識問之荅曰順子後說者以爲梁武嗣齊之兆謝安入相夢與人奕大勝着𡲆趨朝堂一𡲆齒折後秦符堅之敗聞捷報不覺𡲆齒之折,15262
卷之十一,政事部,起居,坐席,王邁乞夢九仙廟夢登一閣上人四席邁據其首童子謂曰君當坐第四次年入試初擬首卷移至第四羊仲睦家貧夜臥牛皮其妻夢睦坐竹席寤曰夢夫坐竹席上倘得此席弗以牛革作被仲睦曰明日有人招飲樂哉及旦竹家邀仲睦坐首席林邑王母夢坐楊邁金席席色昭晰寤起生兒因名兒曰楊邁後爲林邑王時林邑民謂上色金爲楊邁金及邁爲王材邑諱王名乃稱楊邁金爲紫磨金余少尹年老無子夢擕婢入鹽塲身坐錦席諸婢立鐡上一妾坐草中寤以語妻妻曰妾坐草生男之兆及爲鹽鐡使至維楊贖妾生,15271
卷之十一,政事部,起居,寢卧,占夢中晝寢是夜光如晝之象富以曰敵國位極人臣晝寢夢夜者反此北魏主拓跋珪母賀皇后初因遷徙游於雲澤夜夢日出室内寤而見光自牖屬天歘然有感以建國三十四年七月七日生帝於參合波北其夜復有光明蔡君謨守福州以疾不視事者累日每夜夢臥樵樓鼓上疾愈與府判言及連日不打三更鼓事云數夜有大蛇盤鼓上司鼓去不敢近故也君謨始知巳爲蛇精,15289
卷之十一,政事部,起居,呼號叱咤,夢此主驚疑愠怒之故耆耋夢之騐在子侄冲齡占夢之騐在父兄旅邸夢之騐在貨財凡夢女人呼曰叱主病瘥而疾病夢呼女人或被女呼吒大凶夢巳叱鬼鬼避去大吉,15301
卷之十一,政事部,起居,咲傲嘆賞,夢咲固非佳兆咲屬心經心經氣轉心笛出聲主占哭泣悲哀而夢咲傲者直騐舒快○夢嘆似是有曰咎嘆屬肺竅肺竅氣伸咽喉唇齒不合主悔吝怨憤而夢嘆賞者反獲利吉,15306
卷之十一,政事部,起居,哭泣涕淚交垂,夢此反爲吉兆或果騐悲哀者其心不寧夢想而非夢兆也○夢與人對坐流泣主喜樂事有慶賀占○夢放聲大哭涕涙交垂必獲大吉快樂之騐○曰夢流涙掩口而走主兆䘮亡○夢悲哀無涙或涕泣流血皆主大凶,15310
卷之十一,政事部,起居,沭盥浴濯,凡夢沐髪浴身洗臉盥手濯足皆主自新之象百占憂去百事吉百病痊○夢於船内滌體潮面或坐曰黑盤中使人執巾淨手足帕掩靣上則大凶之象也,15314
卷之十一,政事部,起居,運摩,占必其明于脩煉調理有此曰夢若不知者夢之主將來得道之徵,15318
卷之十一,政事部,起居,男女裸體相見,占子女相對好夢嘉祥曰命運亨泰利名吉昌,15322
卷之十一,政事部,起居,身被人騎走,占受人駕馭被人驅馳非馬非牛受耻受辱下曰賤夢貴人騎者反爲吉占騎在人上者大吉,15326
卷之十一,政事部,起居,露體上下無衣而走,占夢此名譽蚤楊于天下功業超出于羣英曰出身及第榮祿非常夢臥暗室中者反此終,15330
卷之十一,政事部,起居,━━━━━━━━━━━━━━━━━━━━━━━━━━━━━━━━━━━━━━━━━━━━━━━━━━━━━━━━━━━━━━━━━━,卷之十二,15338
卷之十一,政事部,起居,━━━━━━━━━━━━━━━━━━━━━━━━━━━━━━━━━━━━━━━━━━━━━━━━━━━━━━━━━━━━━━━━━━,,15340
卷之十二,什物部,舟檝,船,舟船者載萬物濟百川安行千里車騎所不通得舟以通危傾頃刻羽翼不能濟得檝以濟維鬼神之德解風波之險下渉滄溟上達天衢預兆于寤寐避凶趨吉不可不察也○夢天河中船行主聖君頒詔○夢雲中有船主遠行○夢舟中載日月主大貴○夢乗舟看日月主得官爵○夢開戸見舟檝主時運將達○夢舟泊戸外主音信至○夢舟在庭中主大水○夢舟入堂屋中主鬼神廵輯○夢房内乘舟主作事不利○夢登舟被人物阻隔主事難成就○夢䑽船在岸上主有是非之厄○夢船行泥沙中主行事快利○夢舟如飛主大占富貴○夢家中人物同在舟中主遷移○夢扶父曰母登舟或助親行船主官位至○夢舟中飲酒主遠客至○夢登舟渡關津主官祿運通○夢舟中清水主得大財○夢舟中泥濁水漿主得小利○夢一身立二船頭上主疑惑憂慮之事○夢夫婦各坐一舟主離别○夢身臥小舟中主疾病死亡○夢居大航船艙內主安靜穩便吉○夢船頭破碎不祥○夢船無尾子孫凶○夢船艙水漏沾衣主得財利不吉○夢船播覆主世事反覆吉中有凶○夢覆舟江中有他船救扶登岸主凶中得吉○夢一舟分爲二舟主窮途得吉慶○夢二舟忽變成一舟主和合○夢執火登舟諸事大吉劉穆之常渡揚子江宿夢合兩船爲舫上施華蓋儀節甚盛乘以升天旣曉有一姥問曰君昨夜有佳夢否穆之乃具說之姥曰君必位居端揆言訖不見後以元功官至僕射丹陽尹秣陵人趙伯倫曾往襄陽船人許以豕爲禱及祭但㹠肩而巳是夕倫等夢見一翁一姥鬂首蒼素皆著布衣手持橈檝怒之明發輒觸沙衝石皆非人力所禁更施厚饌乃獲濟義陽王琮與二弟同死桂林開元四年其子行休請身迎柩旣至無封樹議者謂不可復得行休掃地布席以祈夢夢王乘舟舟判爲二旣而適野見東州中斷乃悟行休旣至趣其所𤼵之如言而一節獨闕行休號而寢夢琮告曰在洛南州明日直殯南得之於是以三䘮歸沈嶓求爲邑宰夜夢還家渡江船覆水分爲二西清東濁遂沿東而過以問友人對曰君當授分水縣後旬日果驗往謝之友人勉曰君爲政宜清沿濁而過非嘉後以濫敗,15357
卷之十二,什物部,舟檝,乘舟駕帆,夢升銀漢才郞倖任紫薇郞○夢至日宮雅士恩榮赤黻士○夢渉湖海獲千箱之厚利○夢泛江河達萬里之前程○夢濟濠隍嘉遯吉祥無悔○占夢浮池照豐亨游玩有情○夢逆風駕蓬主得計曰不愁逆徑○夢順帆達岸主失時誤入欹斜○夢舟過高山峻嶺下底松柏蒼蒼主史巫紛若利無災○夢泛舟靑雲彩霧四顧陽暉𬋁𬋁主名譽昇騰達天聽將軍馬上征殘虐夢之戰勝獲俘刀筆詞中報冦讐夢此訟羸仇解貧窮顚沛夢此運濟亨通暴病痼疾夢此明醫良藥少娥未出閨門夢此父貴夫賢老年孀婦𩹌夫夢此衣豐食足若夢逆風逆水落蓬帆作事須謙退或夢河狹水乾篙費力収心且待時夏后氏大禹爲虞舜臣夢乘舟過月中遂受禪爲帝,15399
卷之十二,什物部,舟檝,龍舟殿閣旗旛大吉,占此皇宮御座之舟凡夢之者曰必有幸遇貴人接引之兆宋秦始七年荀伯玉夢太祖乘船在廣陵北渚見上兩腋下有趐不舒伯玉問何當舒上曰却後三年伯玉自謂是呪師向上唾呪凢六呪有六龍出兩腋下翅皆舒還而後歛及元徽五年太祖謂伯玉曰卿時乗之夢效矣,15413
卷之十二,什物部,舟檝,負縴行船,夢身坐立舟中舟師稿夫𢳸櫓板漿撑篙竪檣撁占縴主得人助力之象○夢巳身𢳸櫓主出行○夢曰板漿主得名譽○夢撑槁主作事費力○夢負縴歩官塘主吉事○夢由水中斷瀬者不祥,15419
卷之十二,什物部,舟檝,膠舟,王昭素年七十夢行至河津乘膠舟而渡登崖寤曰膠舟不可入河此將如何次年宋藝祖徵爲國子博士召見便殿問治世養身之道書其言于屏几厚加錫賚,15423
卷之十二,什物部,舟檝,划船吉,占此夢爲得美名褒奬曰之兆順流速行大吉,15427
卷之十二,什物部,舟檝,修船造船新船下水,夢此主家富身榮進位加爵益財增利大吉之兆占惟夢造船如筐船中無艙後無櫓拖者不祥若有曰檣桅篙漿則亦皆吉易曰刳木爲舟剡木爲楫以濟不通也,15431
卷之十二,什物部,舟檝,網船,漁家另占漁舟張網捕魚鱉網羅英俊之象滄浪笑傲侶魚占蝦隱逸江湖之兆○夢在漁舟舉網得魚主獲財曰利於関津○夢於溪澗漁舟捕獲主覩他人之凶吉○夢夜臥網船内須防火盗之侵,15438
卷之十二,什物部,舟檝,舟中射釣,夢乘舟射中飛鳥主揚名于水國○夢舟居釣獲錦鱗主獲利於異鄕○夢漁舟垂釣入城主年時之水澇○夢捕魚躍入宮室防居處之火災占志不在魚夢此無騐心存捕捉夢此有徵曰隋煬帝夢坐龍舟垂釣釣一小魚置坐右忽見風波雷雨舟前一鯉大如山岳引弓射中鯉額鯉化龍上升雲内坐右小魚躍入口中驚寤後余文之變李唐受禪驗魚鯉之兆,15443
卷之十二,什物部,舟檝,樓船大吉,朱欄錦䌫牙樯彩帆繡幕書樓桂掉蘭槳槁師縴占夫前呵後擁此公侯將相之所以渉險濟川也彼曰何人斯寐窹見之有往速吉來復徵祥赦過蠲罪去病銷殃,15449
卷之十二,什物部,舟檝,船在橋下吉,占水陸通衢之象凢夢之者固守貞曰志遠姦辟邪運時泰心安事亨,15453
卷之十二,什物部,舟檝,舟船往來相打相罵,此夢舟中敵國之兆必其人有所差誤於旣往故有此象宜正心計慮攺過自新則吉矣○夢前船阻撓持槁相打主行事有阻○夢两船交過捋住厮打主𮞸逢不偶○夢身居船内忽有過往船上打入自巳艙中須防凶惡相犯盜賊相侵○夢竝舟夾舫巳身與鄰舟相罵主親族不和夫妻反目○夢竝舟同行船家篙師縴夫互相打罵自巳相占勸解和主有災難消除○夢舟中聽岸上鬼相罵曰須防奸細○夢巳身與同舟人打罵主伴侶不睦○夢自巳與舟師打罵主作事𮞸怨○夢身在舟中被岸上人打罵主上人不和爲所憎惡○夢身立岸上被舟中人打罵主下人怨恨○夢巳船在前聽見後船打罵主後嗣不睦○夢並船打罵有人撑開掛帆各自寧息而行主災銷患除病痊族睦爭訟和息仇怨解散諸事皆吉,15457
卷之十二,什物部,舟檝,舟中坐轎上,占夢此求名有人抬舉作事有人扶助出行宜曰速必須多帶盤費交易必成宜自謙讓謹言,15466
卷之十二,什物部,舟檝,舟中騎馬,緊急事情之兆○夢在船內騎馬馳走主艱險疑難必須小心防慮○夢坐馬上驅馳下船過渡上占岸主便速通暢吉○夢于舟中丄馬登岸主險難曰得過○夢騎馬跳下船不登岸是險難無涯之故得下馬吉不下馬凶船順流行吉船行不上凶因而攺行從善可也,15470
卷之十二,什物部,舟檝,船載屋宇,此兆主遷徙○夢巨航平屋無風波險阻者乃吉占○夢小船載大屋凶○夢行至大水無岸者不祥曰之兆,15474
卷之十二,什物部,舟檝,船載花木糧草,占夢自外來者主得財加祿○夢往曰他鄕者主輸運費用詳載品彚部,15478
卷之十二,什物部,舟檝,船載鱗介飛禽走獸,夢舟中載龍有大貴人同行同事○載蛟有名士顯達○載魚主生意得財○龜主壽徵○鱉主分别○黿主榮貴○蛤主分離○螄螺生貴子○舟中載鳳凰爲鳳冠之象○鶴主遇仙○孔雀鴛鴦錦鷄主夫妻和合○雁燕遠信至○鵞鴨有痴呆占人同事口母鷄鷄雛得賢嗣○馬主遠行○馬嘶曰跳躍主爭闘○駒騾有小人用事巳得其力○牛主惡人用事無妨○羊主事不成有禍必解○犬猫皆吉○猪豕主病宜占禱○野猪遇惡入○虎豹有武將遇吉○豺狼防盗冦○䑕防小事損失○蛇主錢利,15482
卷之十二,什物部,舟檝,乘舟使人牽馬牛拽縴吉,占夢此主得富貴有衆人助力大吉之兆馬兆曰在午牛兆在丑或年歲或月建或時日騐之,15488
卷之十二,什物部,舟檝,舟中載車吉,占車行陸路遇水而止得舟載之利渉江津曰夢此道路通達夢載車輪主轉達之吉徵,15492
卷之十二,什物部,舟檝,船舷有輪,占文人夢此職掌經綸武士夢之戰勝凱旋身曰居客外夢之廻歸病患夢之乃輪廻之兆,15496
卷之十二,什物部,舟檝,舟忽變爲車,占官宦夢之升加爵位隱逸夢之遨遊遠方曰農啇夢之歲旱水涸病者夢之得瘥無患蔡岳妻薛氏年二十三生一子滿月子病疥癩醫曰母當服藥薛氏飲藥及旬患病腹痛醫莫能治晝寢夢坐舟中至江邊泣曰病人乘舟者死如何推我過江舟忽變作大車在岸行數里許聞蝦蟆聲驚覺以告岳岳曰處此夢兆宜服車前草三服而病全愈,15500
卷之十二,什物部,舟檝,舟化龍大吉,占一舉成名之兆夢船運命通達成龍得路靑曰雲應舉應選欲求名此兆大魁天下入皇廷,15508
卷之十二,什物部,舟檝,背負船而走吉,船之爲物也得人以勝重載坐安以渉大川柰何以一人之力負之於背而行于陸路耶此兆者任占重而道遠也文人此夢騐居卿相受國家之重負曰武人此夢騐爲將帥守邊彊之大職平民此夢必有重托乃身家之所係若舟師夢之明日負縴而行騐之矣,15512
卷之十二,什物部,舟檝,脚船,占夢此主辛勤勞苦渉歷艱難若夢在曰大船内有人撑脚船來者有人代勞,15516
卷之十二,什物部,舟檝,䘮船吉,夢身坐其中主藏財不露○夢身立岸上見河中占行過主交易得財○夢此泊巳家門首主得大財曰○夢遠望經過主見他人之富貴,15520
卷之十二,什物部,舟檝,跳下船跳上㟁,占勞苦土木之象夢此當以舟中事物岸曰間形狀細推之夢過岸渡河快便大吉,15524
卷之十二,什物部,舟檝,立在船跳板上凶,占夢此立定不至船中又不起岸必有疑難之曰事若立不定者是行不通坐不安立不定也,15528
卷之十二,什物部,舟檝,耴船上跳板入置㟁上,占夢巳取之他人行事費力夢人取去主做事曰難成岀行有阻夢取在自巳家中遲緩得吉,15532
卷之十二,什物部,舟檝,船船,順流而行者以船置于船頭夢得之者必有喜慶占順便之事此見招之象也船損不祥○有夢家奴曰負船而行者以問友友曰船者招紙也未幾一婢逃失果出招紙以尋訪云,15536
卷之十二,什物部,舟檝,舟沉水底,貞吉否凶此大凶之兆而有夢之得吉者何也舟是誰家之舟少吉多凶水是何方之水騐人騐巳凢夢此者占往蹇來連木浮水泛有凶無吉水清具底有吉無曰凶身在舟中舟沉人死身居岸上水底無人見船底于波中幾先覆載因覆舟而登岸兆在遯逃由義行仁無凶有吉,15540
卷之十二,什物部,舟檝,火焚舟,占身在舟中舟被火焚夢者不得其死身在岸曰上見此爲未濟之夢夢坐舟中見他舟者吉,15545
卷之十二,什物部,舟檝,麥舟,占夢舟中載麥有直叶者若其家無此而曰夢之主䘮事或往他家弔奠助䘮之騐,15549
卷之十二,什物部,舟檝,舟載金土木石,舟主木卦象爲震舟在水中爲巽坎日渙易曰風行水上渙天地之至文○夢舟中載木爲風雷益損上益下下得益則上得昌上損巳則下必盡力是之謂益○舟下係木爲震巽曰恒恒者常也久也夢之主得恒產○夢舟中載石石屬山山曰艮于卦曰山雷頥其兆沂流而上曰拂頥貞凶自求口實也宜愼言節飲則吉順流而行曰順以從上不可渉大川宜勤守小心○夢舟中載土土屬坤自外來曰復復其見天地之心乎往外去曰升子午丒未日夢之大吉寅申巳亥日夢之有喜事至辰戌日夢之主貴卯酉日夢之主富○夢舟中載金銀驗在庚寅辛卯順風順水吉逆風逆水凶○夢載金箔銀箔驗在壬癸日○夢載鉛錫騐在辰巳申酉日皆順吉逆凶○夢載鉄藏在艙内大吉露出主失財○凢夢此等有慶無咎○夢舟楫者各以平日所見夜夢所及推其去來以問凶吉無論兵船糧船官船民船江船湖船川船沙船駁船海船倭船番船竹船鐡船日船夜船因時致宜以辨果騐其他弗贅,15554
卷之十二,什物部,舟檝,縴䌫䋲索蓬帆𥱊筏等,縴者所以致遠以沂逆流以備風狂夢得者變禍爲福爲人引進之兆○䌫者所以安泊以倚所寧占以聯所屬夢得者有所倚歸爲人交結之象○繩曰索者艫艦巨航之所用夢之者富家巨族之所係○蓬帆𥱊筏者所以禦風雨庇嚢槖夢之者蔭藏儲積堅固安寧之所謂也,15564
卷之十二,什物部,舟檝,檣桅槳櫓舵杆篙諸物,非舟無以濟不通非楫無以禦舟航凢此類者皆禦舟之要物也○文章家夢得此用正志上達中式成名用武家夢此藝成名遂糧足兵足隱士夢占之得羙舉于江于海濵庻民夢之得歲時之豐享曰豫泰僧道夢之喜結良緣于河津溪澗病患夢之幸逢扶救于義士良醫○凢此等諸物夢兆各因其時以審吉凶雖見其有不祥而正心定慮可以化災爲福汾州張汨爲爾朱家庸爾朱榮旣誅榮子兆自汾州率騎攻洛命汨爲卒伍長汨與妻言别泣曰從命入洛必有大禍欲遯不能吾其死夫抱膝而臥夢乘舟洛水前有百人引縴縴忽斷汨跳入水中徒渉升崖坐大樹下覺謂妻曰汝速逃入山我將得脫遯歸言訖而别兆自河梁西渉汨馬陷水下潜沙中而遯十六日而歸隱居山二十年後爲汾州椽,15568
卷之十二,什物部,車輛,車輦,安征執御致遠登高上達皇途下通大道運千箱于萬里行萬物于四方過渉之凶雖危無咎威如占之吉維儀有孚能廻旋于重山峻嶺而丰膓劍閣曰不能升能重載于廣陸長途而沙漠江河不能渉能齎餉于関塞戰塲而三危九曲不能輸欲占夢兆須辨時宜夢入紫薇主龍飛之相遇○夢遊雲漢主牛女之佳期○夢得路于靑雲主登黃甲○夢得濟于黒水主瑞紅顔○夢推轂于舟墀必得文成武就○夢軏輪于白石必然正志養心○夢過橋梁主螣唇舌之天喬○夢由谿澗主隨人事之卑下○夢去路之茫茫主前程之特達○夢隨駕之躋躋主後嗣之豐隆○夢鳴鑾鈴鐸丁當主輿情之允協○夢旌斾旂常燦爛主鄕井之榮光○夢駕車六轡在手主賢良御世之英雄○夢輦來四馬對目主愚頑辱身之罵詈○夢輦上看花飲酒主被招盛饌佳肴○夢車中博奕呼盧主羙語佳言正吉○夢停車半途主行事求謀不遂意營爲必竟難成○夢倒推退後主立謙遜讓且停留作事不宜前進○夢車行不直橫推去主貴爵得侍君王須防不虞之患○夢車輪塡播跳將來主道路𮞸逢風雨切忌江海之行○夢身重車中載不起主厄去災除○夢雲車飛入戸庭來主神靈降集,15581
卷之十二,什物部,車輛,龍車鳳輦大吉,占君相夢之四海平安士子夢之一門榮盛曰庻人夢之恩澤被沾僧道夢之喜結天緣,15589
卷之十二,什物部,車輛,高車駟馬,占文墨之士恩榮及弟兵戈之輩奏凱曰建功鄕村小民夢之主有官吏事至,15593
卷之十二,什物部,車輛,車中載日月,唐鄭光於會昌六年夢車中載日月光芒燭六合占者曰必暴貴無何唐武宗登遐宣宗即位而孝明皇后鄭氏宣宗之母即光之姊也光以元舅之尊撿挍戸部尚書諸衛將軍出爲平盧節度使,15597
卷之十二,什物部,車輛,邀車駕,周顯德中宋太祖尚幼從辛文悅肄業文悅夜夢邀車駕明日請見乃太祖也,15601
卷之十二,什物部,車輛,車駕召貞吉否凶,貞吉否凶占身通文藝者夢之得侍立于御前病沾五曰内者夢之將歸神于冥府僧道夢之大吉,15605
卷之十二,什物部,車輛,丹車,占蒙恩拜詔之兆如安居于市曰廛田舍者夢之須防火災秦王子嬰於望夷宮夢有人身長十丈髩髪絶偉納王舄而乘舟車駕朱馬至宮門云欲見秦王嬰𨵽者許進焉謂嬰曰予天使也從沙丘來天下將亂當有所誅暴者旦以問公孫克不敢對嗚呼秦火三月不滅赤帝誅楚以安天下斯其兆乎,15610
卷之十二,什物部,車輛,金車翠蓋,春和景明兮草木萌調風麗日兮瑞雲輕萬卉芳菲兮香馥𩡤泉始達兮水波不驚佳人窈窕兮來占河濱拾翠尋芳兮環珮盈盈輕車緩歩兮鑾鳴丁曰丁才郎夢之兮轉輾反覆好逑弗得兮寤寐靡寧長嘆息兮自夜達明伐柯伐柯兮聘允成允諧伉儷兮車軏蓋傾,15616
卷之十二,什物部,車輛,素車白轡,占君相夢此爲太白朝士夢此爲秋聲安輕昌曰吉轟振主兵士民夢此主得財病痊婦孕吉,15620
卷之十二,什物部,車輛,黑幰繞車,陸機𭆞成都王頴軍事假都督討長沙王義兵敗爲頴嬖人盂玖所讃將見收一夕機夢墨幰繞車手決不開及頴遣牽秀兵至遂遇害於軍中,15624
卷之十二,什物部,車輛,兵車,夢此者不祥惟武士夢之有大吉者○夢演武於都城主錦衣隨駕之揚兵於塞上主拜將封矦○占于乘千騎之兆威振邊疆○单車匹馬之徵民安曰物阜○两車相對主戰守之吉徵○解甲鳴金得凱旋之嘉兆,15628
卷之十二,什物部,車輛,䘮車大吉,此夢仕官兆之加官升爵文人兆之名登㮄首賈占者兆之獲利無窮病者兆之必遇良醫訟者兆之曰禍散災消大吉之徵,15632
卷之十二,什物部,車輛,見車騎衆多無數,漢何比于夢有貴客車騎滿門覺以語妻子未巳門首有老姥年可八十餘求避雨雨甚盛而衣不占沾濡比于延入禮待之乃曰君先出自后稷佐堯曰至晉有陰功今天賜君䇿如簡長九寸凡九百九十枚以授之曰子孫能佩者富貴言訖出門不復見安定皇甫謐以九年冬夢至洛陽自廟出見車騎甚衆以物呈廟云誅大將軍曹爽窹而以告其邑人邑人曰君欲作曹人之夢乎朝無公孫疆如何且爽兄弟典重兵又權尚書事誰敢謀之謐曰爽無曹叔振鐸之請苟失天機則離矣何恃於彊昔漢之𨶒顯倚母后之尊權國威命可謂至矣閹人十九人一旦尸之况爽兄弟乎巳而爽果見殺,15636
卷之十二,什物部,車輛,車騎聲讙,占霍禹夢車騎聲正讙來曰捕禹會事發覺禹要斬,15642
卷之十二,什物部,車輛,聞車聲隱隱吉,占聞其聲不見其形知其名不識其情隱遯曰山林有警無驚言一一以清身一一以寧,15646
卷之十二,什物部,車輛,車聲如雷,占兵戈追逐邊疆戰爭猛将如雲如電勇士如曰虎如鷹幽居遠避在丘陵縱有才能且暫停,15650
卷之十二,什物部,車輛,車上生草身坐草中大吉,占曰婦女夢此坐草生男主大吉曰僧道夢此安坐蒲圑結萬緣貢寰販賣魚鱉年五十無子吃葷吃酒虛言齋戒夢車上生草占曰此葷字也以暴病卒,15654
卷之十二,什物部,車輛,乘車挂肉其𠊓,易雄爲春陵令從譙王丞拒王敦馳檄遠近列敦罪惡巳而力屈城陷被虜敦遣人以檄示雄而數之雄曰此實有之惜雄位微力弱不能救國之難王,15662
卷之十二,什物部,車輛,室如,燬雄安用生爲今日即戮得作忠鬼乃所願也敦憚其辭正釋之衆皆賀雄笑曰昨夜夢乗車挂肉其傍夫肉必有筋筋者斤也車傍有斤吾其斬乎尋而敦遣殺之,15665
卷之十二,什物部,車輛,營工造作車輦衡軏軾轍軸輻輪蓋,車之爲工所從來遠矣唯黃帝軒轅氏輳輯軌範前軾後軫爲軏爲䡊三十輻共一軸曰輪轍轍不爲輻輳木爲輇曰輦唐虞之世皆以之行于逵陸及夏后時奚仲造車爲輜軿輶軺輗䡬輼轅舁𨏖曰輿高車曰輅惟殷之輅尚質而成文未嘗有覆轍者至於戰國鐵軸单軔戰䡴刑轅而輮𨍶之製愈失其質於是有象輦駞車千人舁百人推者有駕鹿爲車者有繫羊爲駟者有卒夫暢頂而行者有驢騾䭾負而騁者有無輪箱而陸撁者凡夢此占等各以其象占○夢親手造車主經營大道○夢曰匠造車器主幹辦前程○夢造車不成主名譽未行于宇内○夢車成御駕主運時亨達于寰中○夢造車輪主作事輻輳成局○夢造𨎩軾主功名中式瞻依○夢車乗御旁百弓介起左右主當朝柱石之臣○夢竪蓋平衡旂纛旘旄在前後主掛印登壇之將○夢覆車復起主一時有患得人扶○夢𡚁轂再脩主久歷艱危今遇吉○或夢輕微而有占大事或夢大異而驗在斯須各因其夢想所到云耳,15670
卷之十二,什物部,車輛,乘車馳于前所覆車轍之上,五代富室苗林居潼關年荒出販之幽州飲伴侶晁乙荗維脩維脩曰君得佳兆否林曰夜夢乗車過關前途一九牛車覆晢門馳其輒上維脩曰前占車覆是以前啇人失利君馳輒上必得陪利晁曰曰前車覆轍後車宜退君勿行林曰昔者祖父夢之爲大賈以至今日茂君言是也至幽州遇虜棄車而逃拜晁曰悔不聽先生之言茂維脩自慙而别爲虜所害,15679
卷之十二,什物部,車輛,車上載車,凡夢車中載物宜以所載何物推占夢載車于車占上者重叠之象得吉再吉逢凶又有凶若夢下並曰二車上載一車爲雷轟之兆挽車一輛中載单輪車者亦然所載白車黃車吉,15683
卷之十二,什物部,車輛,車中載舟吉,周旋倫禮之兆嘗有夢之者謂病夢乘舟者死置占舟於車中殯之象也曰不然舟以濟川不通於陸曰置之車中得人挽車而過陸得舟輔助以通隘阻水陸通達之夢果得良輔,15690
卷之十二,什物部,車輛,車無輪凶,占夢此者有路不能達有事不能行輪者倫曰也倫者常也此兆遭逢非不常日所比,15694
卷之十二,什物部,車輛,車置屋内,夢車在門内主行人至○夢車在堂中主遠行○占夢車在廊廡主倉庫增益○夢車在廂内主生育曰婚嫁○夢車在後房主作事不成○夢車在後門主奸盗邪淫○夢車遍置家中主大事不祥,15698
卷之十二,什物部,車輛,挽車數乘大吉,夢車前後數十乗主特恩封拜大吉之兆○夢車三乗連行大道主捷報喜慶諸事皆吉一車一載循此而推潘擇可貢入京師夢挽車三十輌其弟端甫隨其後時崇寧五年也至政和三年端甫始就恩科相去巳三十年乃悟挽車者三十載也,15702
卷之十二,什物部,車輛,轎,夢乘轎途中主榮貴○夢坐轎登舟主遠行○夢轎入城主家事有喜○夢轎無人抬主行事不遂○夢轎出門主分别○夢行道上前後有轎主行人得吉居家不安○夢面前一轎無人主事有阻○夢二人同坐轎中主事物變革○夢三人同坐轎中在中者主有人協力在旁者主從人行事○夢四五人同轎主風雨至○夢車中載轎主婚姤○夢轎中抬車主行事繁難○夢乗轎登雲主名登高第○夢轎行水中主遯避逃竄○夢乗轎登占山主姻嫁會合○夢轎無帷主貴顯○夢坐轎中曰一人挽之而行主途路蕭條○夢三人抬一轎主作事不利○夢轎破壞主家宅不寧○夢工造輿轎主官祿增加○夢工造擔轎主際遇有相知○夢造轎不成主謀爲不得遂意○夢八人舁轎主大貴○夢二轎并行主得良友○夢前後數十乘主有大事至○夢立轎中主口舌變幻○夢臥轎中主諸事不長○夢轎中無座主身不安寧○夢轎無頂主顯達不隠○夢轎中有水主財貨交易○夢火置轎内主名譽光輝○轎者一人所乗夢之主一身一事而巳,15711
卷之十二,什物部,文墨,筆硯紙墨,夢文房之四寶驗藝士之三餘惟筆硯之精良及紙墨之華羙乃人生之樂志爲華國之經綸匪紙占無以書紀匪筆無以作書匪墨無以潤筆匪硯無曰以運墨惟志之所及成夢之所形夢得者必昌夢失者不祥角歐陽詢幼好學家貧以蘆畫沙習書夢入王右軍宅右軍坐亭中見硯上毫筆數十詢取墨作書右軍授紙一束揖受而覺,15738
卷之十二,什物部,文墨,筆,君相夢之主政令得民心將帥夢之主戰守得籌畫文武官吏夢之主批評幾事服輿情竪子夢得之文學進益高年夢之有好事至孕婦夢之生貴子平人夢主文書交易凡夢失者不吉○夢筆大如椽主國家大事○夢筆小如針主細務出入○夢百十數筆主多才多藝○夢五色筆彩毫筆筆生花筆生光主文詞華麗○夢龍鳳麟虎筆主大魁○夢松竹蘆筍筆主高明隱逸𣈆王珣孝武時爲左僕射夢人與大筆如椽覺語人曰當有大手筆事俄帝崩哀册謚議皆珣草紀少瑜年十二能屬文一夕夢陸倕以一束靑縷管筆授之云我以此筆猶可用卿自擇其善者其文自此遒進范質生之夕母夢神人授以五色筆九歲能屬文舉進士仕至宰相魯國公和凝年十七舉明經至京師忽夢人以五色筆一束與之謂曰子才可以舉進士自是才思敏贍十九登第李嶠兒童時夢人遺之雙筆自是漸能有文年十五通經爲薛元超所稱弱冠舉進士聖曆初累轉鸞臺侍郞平章事神龍初爲鳳閣中書舍人李白夢筆上生花天才贍逸名聞天下五代唐末帝時馬裔孫赴闕宿邏府其地有神祠夜夢神手授二筆及爲翰林學士裔孫以爲契夢筆之兆洎入中書上事堂吏奉二筆如夢中所授者黃淵字天叟宋寶慶二年五月八日晝夢一神人坐於龕諦視之乃孔子燕居像也亟再拜稽首神曰汝來前吾授汝筆二淵受之又拜神曰勿拜退懐其一圍徑三十許漬墨濃甚袖而請業於神偶𧢲丱來覔句遂覺乃作夢筆祀辛夤逊夢掌中抽筆與者曰君必遷翰林學士巳而果然楊奐母嘗夢東南日光射身旁一神人以筆授之巳而生奐其父以爲文明之象因名之曰奐字煥然後以文學政事爲元名臣曾彥每科試輒夢袖中龍頭筆一枝以手取之則筆入内弗得至成化戊戌復夢如故取筆出之文彩焜耀儼一龍在手果狀元及第,15745
卷之十二,什物部,文墨,硯,文章家夢之主廣見博聞爲政者夢之主甄别妍占媸婦女夢之有喜事至病者夢之正吉○夢硯大曰如碑主天下大事○夢硯小如珠主心慮安靜○夢五色硯主文彩○夢硃黒硯主蒞任錢儼少夢人遺以大硯自是樂爲文辭頗敏速富贍當時國中詞翰多出其手後歸宋亦多述作云,15803
卷之十二,什物部,文墨,硯中耕田吉,占凡夢以硯爲田手執耜耒而耕者必主曰文藝丹靑之士弗受非義子貴身榮,15819
卷之十二,什物部,文墨,耴金玉珠寶爲硯吉,占文人夢之爲社稷之臣武士夢之有兼才之曰譽農夫夢之得豐年之瑞女子夢之生貴子,15823
卷之十二,什物部,文墨,硯中見麟鳯龜龍獅豸大吉,夢麟𠷢硯至主明經上達宜讀春秋夢硯中有麟文者亦然○夢鳳集硯中主大貴○夢龜伏硯或占以龜爲硯或硯化爲龜主壽徵○夢飛龍入硯中曰取水主爵居一品○夢硯中有龍文主入翰苑○夢獅子硯主師徒相洽○夢豸入硯中主貴仕御史之職○不事詩書夢之得貴人扶挾,15827
卷之十二,什物部,文墨,造硯,君王將相夢解石爲硯主出征大捷而天下平應舉候選夢此中式科甲平民夢此主得田產山林曰○以筆硯授人主婚禮行聘允○夢玩弄他人筆硯主音信至口夢人弄筆硯吉,15831
卷之十二,什物部,文墨,墨,凡夢之者主文章進益之象○夢地土中拾得主得財產○夢人授之主得聞見問學○夢以授人占主得朋友交○夢人偷去主失利不祥○曰夢跌斷折主口舌○夢斷復聯主吉事至王勃嘗夢人遺以九墨盈袖自是文章日進荆南節度使高保融有疾幕吏孫光憲夢與同僚偶坐而保融在西㕔獨處俄而保融弟保朂見召上橋授以筆硯令光憲指爲發軍仍遣廳頭二三子障蔽光憲不欲保融遙見逡廵有具橐鞬將校列行俟命次見掌節吏嚴光楚鞹而前趨手捧二墨物其一則如黑漆鞾而光其一即尋常鞾也謂光憲曰某曾失墨兩挺蒙王黜責今果尋獲也良久夢覺翌日說于同僚踰月而保融卒節院將嚴光楚具帖子取處分倒節光憲請行軍司馬王甲判之墨者陰黑之物節而且黒近於凶象,15840
卷之十二,什物部,文墨,硃墨金墨等五色墨錠,應舉赴考夢之首名魁解求名求利夢之得人薦㧞財物交易夢之必成多利童豎幼學夢之學問長成高年衰老夢之身康子貴病患災危夢之神人救解○夢得硃墨爲元魁顯宦○夢得金墨主占大祿○夢得黃墨主獲金寶○夢得靑藍翠色墨曰錠主得薦舉○夢得綠色墨錠主得廪粮米穀○夢得白粉銀色墨錠主得白金財利有喜事至受𡨚受怨者得報仇雪耻○夢得紅紫花色墨錠主得時昌泰妻賢夫寵子孝族睦,15866
卷之十二,什物部,文墨,五色顔料,夢殊砂爲官爵爲文章爲批評爲銀財之本爲血氣爲良藥○夢銀硃爲章奏爲名譽爲財利○夢舟沙爲精血○夢石硃爲田土爲精液爲血髓○夢土硃爲膿血爲譏訕爲刑罰○夢紫粉爲爵位爲兵權爲印信爲符騐○夢臙脂爲彩色爲衣章爲姻緣爲情欲爲酒食○夢雄黃爲𥚞道爲辭邪爲心膽爲精神爲藥餌爲火光爲金寶○夢石黃爲師傳爲古文爲計䇿爲坟塋○夢粉黃爲稻梁爲倉庫爲富貴積蓄○夢藤黃爲黃榜爲符䜟爲藥毒爲官爵方位○夢土黃爲四季爲畝畝爲山川爲雲霧爲糞土○夢石靑爲目睛爲精氣爲泥占丸宮爲羙女髪髻○夢銅靑爲目珠爲涕涙爲腦曰門爲耳爲肺氣爲腎水爲錢鈔○夢綿靑爲衣服被褥爲鬚髪爲書東○夢靑靛爲目爲髪爲夜氣爲銀器爲草木枝葉爲稻秧爲肝血○夢靑黛爲髪爲眉爲女爲遠信至○夢青粉爲女婢爲銀錢爲毡爲石灰爲麩麵麯糵爲白酒○夢石綠爲遠山爲巧石爲財祿爲水光爲肺血○夢砂綠爲火爲米爲苔爲文書○夢白色韶粉爲銀爲水銀爲鉛錫爲米爲霜雪爲白髪爲藥石爲得白之兆爲精爲肺爲痰○夢金沙爲債利爲糞土爲糠穀爲蠶爲金珠○夢金泥銀泥爲膿血爲陰光爲喜信○以得失邪正損益占其吉凶桑弘羊母夢神人授硃砂一枚啖之覺乃有孕生弘羊及長爲御史大夫陳友亮命工作縷金床始成謂近侍曰夢床前九色沙石皆工料顔色丹靑忽變作土硃近侍賀曰得土之兆甲辰三月江西行省以友亮所作縷金床進太祖觀之曰此與孟旭七寶溺器何異陳氏父子窮奢極靡焉得不亡此亦足以示戒覆轍不可蹈安即命碎之,15870
卷之十二,什物部,文墨,紙,凡夢此者當明辨其顏色審其景象及所見所用合于平日之事而推占之嘗有夢得片紙而騐在國家大事者有夢失片紙而家破身危者有夢授人一紙而父母妻子分别者有受人半紙而身棄溝壑者所以然者何歟是其志邪慮謬其夢想與道殊耳○夢得國華箋騐比華胥之夢○夢天台占橫紙果如天姥之吟○夢拾紙錢一十明朝錢得曰二千○夢遺破紙半角徵債欠失一半○夢錦箋滿堂及旦得一小東○夢入來索取是夜鼠竄笈中○夢吞五色花箋主學進財益或騐須臾小事○夢整百花錦楮主身貴家榮或因片𥿄見徵○撿身于徵祥之幸遇有志必遂豫愼于災患之未萌有禍必輕夢之不可不察也,15902
卷之十二,什物部,文墨,界策戒策押尺書鎭量尺,夢得此者妙計得策之兆學文得之金榜題名學占武得之腰懸金印貴人得之功成名遂富家得之曰子貴孫賢病患得病痊災難得福至貧窮無倚得養身之道夢損失者反此秦穆公夢至帝所觀鈞天廣樂帝錫之以策秦遂大昌,15916
卷之十二,什物部,文墨,水注水中丞,占夢此主得羙酒嘗有候選夢兩人扛一水曰中丞與之或譏曰大中丞及選授江都丞,15920
卷之十二,什物部,文墨,書幌書燈吉,占夢中獨坐對寒檠得專心照見前言知往聖曰書幌影燈蔭燈熖果好學恒居久久燦時章,15924
卷之十二,什物部,文墨,筆架筆筒筆匣,夢此必其中冇美筆者大吉夢置卓上而無筆爲占空虛之象夢人授之或自外來則不以空虛論若曰夢破碎污朽者不祥有被𡨚訟者夢入原告家見破凡置筆筒無筆果解散,15929
卷之十二,什物部,文墨,書橱書架書箱書笈書篋書櫃,占此橱以藏書册于中以便撿舒于外夢此主曰博學多材安行樂道損壞不祥開閉皆吉,15933
卷之十二,什物部,文墨,籖格刀錐吉,四者其形異其用不同而夢之之兆則一一者何占執中之謂也夢置之及用之者此正其心銳其志曰得其眞而去其所疾之徵也,15937
卷之十二,什物部,文墨,𦵉,紙扇紈扇羽扇此風生于掌握之夢也夢以授人行其德以遂其占曰志也夢人貺之者得捷之兆也夢製之者其道大占行也其弊者災字之夢也夢人執破𦵉以𢳸者必曰當推其人爲誰人之象而豫防之是其姦邪誣惑人心必大禍之所自生不可不察也,15941
卷之十二,什物部,武械,弓矢,弦𣪒鞱鞬軍兵不可無文傋行戎無文備無以受降無以運籌無以安天下斯文不可無武具翰墨無武具無以備不虞無以禦强暴無以固封彊故軍中夢文墨驗在干戈翰苑夢武械驗在詞章學者夢軍器騐在進取應考夢武具驗在命題凡夢之宜因所占用以占凶吉○夢神授弓主得功名○夢授箭主曰得薦㧞○夢持弓矢主威權○夢執弓上弦主緣分至○夢弓無絃主事緩○夢弓在囊箭藏袋中主安𬮈○夢弓置鞱箭置鞬主用力前拔○夢鞱鞬主出行吉○夢中彀主得大利○夢弓弦斷主䘮偶○夢弓損弓軟矢無簇弓箭折壞主作事不祥脩吉裴元質夢一狗從竇出挽弓射之其箭遂撆以爲不祥或解之曰狗第字頭也弓有第字身也箭者弟字竪也有撆成第字果及第扶南國俗本裸身被髪以女人爲主號曰柳葉年少壯健有似男子其南模扶國有事鬼神者字混塡夢神賜弓一張教乘賈人船入海混塡晨起詣廟於神橱下得弓便依夢乘大船入海廻風遂入扶南邑人衆見舶至欲刼取之混塡即張弓射焉貫舶穿渡一靣矢及侍者柳葉懼舉衆降混塡乃教柳葉穿布形不復露遂治其國爲扶南王以柳葉爲后生子分主七邑,15953
卷之十二,什物部,武械,弩弓弩箭,夢此主努力向前之象求名有薦拔作事得機謀占因其機以借力百發百中執所薦以立功有作有曰成夢弩無機必須豫爲幾巧夢弩無箭又宜勉强求人夢執機致箭挽弦大吉,15964
卷之十二,什物部,武械,彈弓彈丸吉,占求名求利及求人夢此一言而中居處出行曰與治病夢此必得妙方但主近而不遠吉,15968
卷之十二,什物部,武械,彤弓金矢錦繡鞱鞬囊,占文宦夢之職掌兵權武將夢之建功立業曰𦒿老夢之子孫貴顯婦女夢之生育貴子,15972
卷之十二,什物部,武械,劍,劍把劍鞘學者夢之爲銳志官吏夢之爲决斷處家夢之爲從約作事夢之爲撿身交易夢之爲得利器疾病夢之爲辟邪祟僧道夢之爲符訣神騐途路夢之爲防禦之具于輿地爲川中地名孕產夢之生男婚姻夢之見一不二祀亨夢之爲靈感爭訟夢之爲狀詞審語○夢劍指天爲闚觀貞吉否凶○夢占劍揷地爲立見邪凶正吉○夢掛劍爲停止爲遯曰避爲掛念○夢拔劍爲執行○夢執劍爲利祿○夢舞劍爲爭競○夢負劍戴劍爲所處之事○夢佩劍垂劍爲身榮之象○夢杖劍爲諫諍夢造劍礳劍爲自撿得銳吉○夢劍玦爲决烈主張○夢伏劍有凶事至○夢藏鞘中爲災禍消除○夢劍無把爲無權柄○夢有鞘無劍爲不利○夢黃金劍珠玉把大貴吉王大臨赴試夢帶劒上樹斫佳一枝甚喜及舟次劒江以銀盂嗽口墮之急自取之身亦隨溺及得其尸手執桂一枝乃知帶劔者劒江也宋凌策初登第時夢人以六印加劔上遺之其後知益州往劒外凡六任云,15976
卷之十二,什物部,武械,刀,大刀關刀𩀱刀腰刀長刀短刀勾刀刀者利器也夢此必有要務○君相夢大刀主大事小刀主小事刀澁鈍不祥○官吏夢此以象數推其所任○士民夢此爲切磋爲獲利○出外夢大刀關刀爲還鄉之兆○軍中夢礳刀造刀大吉夢刀損失大凶○疾病夢刀主得良藥○夢鐡匠刀店主交易財利○夢得𩀱刀主倍利○夢帶腰占刀主出行凡事凶中得吉○夢勾刀爲勾引之象曰○夢前有勾刀橫在路中須防跌蹶必宜小心視履以解之○爭訟夢長刀爲上官憲院夢短刀爲急切○夢兒童執刀主口舌爭闘○夢望見城墻外刀鎗主世亂賊冦至○夢雲中大刀主風雨○夢天上關刀有光者爲關聖之神○夢泥塗刀兵無躑者爲敗軍怨鬼,15991
卷之十二,什物部,武械,三刀,五六七百千夢一刀爲得利爲兩斷爲剖决○夢口啣刀爲叨得之象○夢朱刀爲制度刀上見血得大財○夢二刀爲成雙○夢三刀爲刕刕者割也又爲姓氏占○夢四五六刀皆吉○夢七刀爲祟爲殺爲切要曰事○夢八刀爲分别○夢九刀爲寒冷爲戌爲大豕○夢十刀爲足數爲功成爲時刻○夢千刀爲刋鐫爲大事年歲○夢半刀爲判執爲姓刁爲𥘉爲幼爲真爲勾王濬爲巴郡太守夜夢懸三月於屋梁上須㬰又益一刀濬驚覺意甚惡之語主簿李毅毅再拜賀曰三刀爲州字又益一者明府其臨益州乎巳而果遷益州剌史宋洪興祖夢持六刀覺曰三刀爲益今倍之其饒乎巳而推知饒州,16019
卷之十二,什物部,武械,索千牛刀,爾朱榮旣害朝士於河陰立莊帝葛榮稱兵向京師衆號百萬爾朱榮將與之戰夜夢一人從葛榮占索千牛刀葛初不肯與此人自稱爲道武皇帝葛曰榮乃奉刀道武持以授爾朱榮榮寤而喜自知必占曰勝果於陣擒葛榮,16043
卷之十二,什物部,武械,帝授寶刀,陳蒨夢梁武帝以寶刀授巳及陳武帝授禪立蒨爲臨川王,16047
卷之十二,什物部,武械,束草啣刀,江南有李令者累任大邑假秩至評事世亂年老無復宦情築室于廣陵法雲寺之西爲終焉之計嘗夢束草加首口𠷢一刀兩子各持一刀入水而占行意甚異之俄而孫儒陷廣陵儒部將李瓊屯兵曰于法雲寺恒止李令家父事令及儒死裨将馬殷劉建封輩與瓊率衆南走瓊因彊令俱行及殷據湖南瓊爲桂管觀察使用令爲荔浦令荔字草下三刀即前夢之驗也,16051
卷之十二,什物部,武械,刃方大長柄頭尖缺者曰刃,方大長柄頭尖缺者曰刃占刃者忍也認也凡夢之者宜忍耐爲主有曰吉無災夢人杖刃而立爲仞八尺曰仞,16055
卷之十二,什物部,武械,七首,刺刀夢人執之而立于巳身後或在傍須防奸細○夢占人以授巳爲投刺之象○要人執之在手立于巳曰前主得惠飲饌○要置几上主客至或有信音遠來○夢巳執之有喜事至○夢在牀下凶,16060
卷之十二,什物部,武械,倭刀吉,占夢此主得大利有遠方人送財物○夢高掛大吉曰○夢置墻外防冦盗○夢挿𣗳上明日得羊吉,16065
卷之十二,什物部,武械,金刀吉,甲吏夢此以問智士曰今日卯卯金刀劉字也當有姓劉人來俄有客來謁果姓劉,16070
卷之十二,什物部,武械,槊戟矛殳等械,此利用行師之夢也君相夢之帷幄運籌書生夢之文塲鏖戰隱士夢之軍旅過往富家夢之豫慮占不虞貧賤者夢之有爭闘之事疾病者夢之有全曰愈之吉幼女夢之有媒妁至娠姙夢之宜豫調治以保分娩武士夢之另占,16074
卷之十二,什物部,武械,鐡鞭否凶,此武夫所以禦盗賊而軍中亦有用之者以其振占擊無敵而退藏若虛故也武將夢之有警文人夢曰之作事難成有事夢之勞而無功出家人夢之有喜事女子夢之被人戲謔,16082
卷之十二,什物部,武械,火器,噴銅火𥲫大銃小銃夢擺列戸外有慶賀之事○夢遠望聞聲主亂離占之兆○夢自天落下者大凶須防火災○夢身自曰執放有聲者主威聲名譽,16086
卷之十二,什物部,武械,佛郎機大將軍,大將軍占貴人夢此爲禦强去暴富民夢此宜養靜修曰德貧窮夢此有虚無實病人夢此得佛力救,16091
卷之十二,什物部,武械,𫠓嘴銃,無事者夢之有是非口舌而無咎但宜小心有事占者夢之宜主剛執柔以明律是非在口夢他人向曰巳執而放之者有誕妄訛傳不可盡信宜審而行之則吉,16096
卷之十二,什物部,武械,虎牌吉,占夢此者得禦侮之妙計掌兵符曰之巨職下賤夢之順以從君,16100
卷之十二,什物部,武械,盔甲吉,剛在外而柔在内遇變異而得亨昌健而能止過占而得中夢此主上有賢友下有良僕若應試者夢曰之科甲連登官居司馬,16104
卷之十二,什物部,武械,馬甲,夢此主率兵大戰之象世亂夢此在巳者吉在彼占者不吉人授受者有居尊運籌之吉象○夢自他曰人外來或置于墻外主亂離破敗之兆○夢人獻之者無首則無功有馬有鏡大吉,16108
卷之十二,什物部,武械,鐡蒺藜,此軍營寨外所以防不惻禦强暴而人馬不可踐占踏踐踏者必傷○夢踐蹈其上者不能退不能遂曰災危之兆也○夢入授之者運道不通上下不交○夢以授人者來往有凶亦可醜也,16112
卷之十二,什物部,武械,旄鼓枎,此主將帥師之象武將夢之爲大將爲元帥爲掛占印將帥文學事之爲軍師爲主謀爲司馬爲繡衣曰持斧爲樞宻三司開府凡人夢此子侄爲之或在親友巳享其澤,16116
卷之十二,什物部,符笏,璽大吉,占璽者國之寶也夢得之者國昌夢失之者亡曰士民夢之當與大典病患夢之天命福壽,16126
卷之十二,什物部,符笏,符節,占此夢主同心遇合之徴顚危而無懼遙遠而曰有情執一而不變大吉亨昌嫁女夢之不祥,16130
卷之十二,什物部,符笏,印,占印者身之所自生於天象爲父母於人事爲曰官職夢此以所記何字占之未有不吉者劉滋累舉不第嘗夢人提印滿籃令吞之滋乃吞至十四顆遂不能復吞後登第果歷十四任而終焉,16134
卷之十二,什物部,符笏,印函印鑰,此夢乃富貴之兆學者博學而强記得道統之正占𣲖試士中式而高擢有蒞任之妙幾訟必嬴利必曰得病必瘳禍亂必得平治孕育必得賢良擇婿必得貴爵徐溥初試京師夢至一所若今文淵閣者土有三老授以鑰牡六焉溥入仕歷司經𡱈左右春坊詹事吏部至内閣司印果六,16141
卷之十二,什物部,符笏,帶印綬登樓而歌,張奐爲武威太守其妻懷孕夢帶印綬登樓而歌訊之占者曰必將生男復臨兹邦命終此樓旣而生子猛以建安中爲武威太守殺剌史邯鄲啇州兵圍之急猛耻見擒乃登樓自燒而死卒如占云,16151
卷之十二,什物部,符笏,圖書,私記印章,16155
卷之十二,什物部,符笏,吉,占帝王曰符璽官吏曰印信私記曰圖書夢得曰之者大吉夢失之者無妨夢無字者無事也相國顧鼎臣初在庠夢宋名臣衛涇紫袍象簡擕一圖書貺之圖書篆文状元及第四字,16157
卷之十二,什物部,符笏,圭璧,君相夢此者執圭捧璧天下平天授圭壁主大吉占以此授人有事多艱安置几間主無事被人𥨸去曰天下亂鬼神奪去者大凶○士民夢此者爲清廉爲歸鄕爲得寶貨爲豐年兆,16163
卷之十二,什物部,符笏,牙笏板笏,此朝對之具而夢之者必平日嘗有所輕或其行占言太簡或有語言爲人所畧而無功者惟女子夢曰之主夫貴庻人之妻夢之主子貴士人之初生幼女夢之主父貴之兆,16171
卷之十二,什物部,符笏,魚笏吉,占此啇周之制以大魚肋爲之長尺有咫上士曰所執自漢迄今弗用之矣夢此主飲饌快樂,16175
卷之十二,什物部,符笏,簡笏,占夢此者簡而文也忽有所得也曰夢人授之必有執簡而來謁者,16179
卷之十二,什物部,符笏,牙笏滿室吉,占此身榮家富之夢夢之必有賢婿大貴者惟曰病人夢此不祥又當以夢中所見他事占之,16183
卷之十二,什物部,符笏,積笏如山吉,夢此必大貴封拜公矦之兆若山中人夢之騐在子孫出家人夢之必有巨室相與講道章得象始生其父奐夢其庭積笏如山後得象進士及第拜相封郇國公,16187
卷之十二,什物部,符笏,以笏斫人,此秉剛無畏正心無隠之象其占爲家道正而行有恒作事速而無憂疑者也夢他人以笏斫巳者占是其行言太過而忽有變更之兆又當以何處被曰斫占之若夢他人以笏斫人而巳立于旁則宜謙遯守正爲人所忽,16193
卷之十二,什物部,符笏,書記笏上貞吉,占夢此主政務召對之徵當以所書何字推占曰若庻人夢之必有所忽者宜記而不宜忽也,16197
卷之十二,什物部,符笏,搢笏,此正色立朝遯世無愠之夢貴𩔰在朝夢此爲有占恒外任夢此爲有心在家夢之爲徵召未仕者夢曰之爲將來之景兆庻人夢此者其騐在子孫,16201
卷之十二,什物部,鹵簿,鹵簿旂蓋,占文臣武士夢之主進爵加職之象庻民婦女曰夢之主生子貴顯病患夢之又當另占無妨宋沈慶之在文帝時夢引鹵簿入厠中占者云鹵簿固是富貴容君必大貴然厠中所謂后帝也不在旦夕間果以孝武時出登相位,16209
卷之十二,什物部,鹵簿,綵旗懸鈴墜入懷中大吉,占學者夢之文思華麗擲地金聲之美徴啇賈曰農工夢之主得貴人財女子夢之生貴子梁任昉字彦升母裴氏夢五綵旗蓋四𧢲懸鈴似從天墜一鈴落入懷中旣而有娠生昉幼好學八歲能屬文早有名譽仕爲御史中丞歷任寧朔將軍新安太守,16215
卷之十二,什物部,鹵簿,旌旗鶴雁降於亭,占宋富弼母韓有娠夢旌旗鶴鴈降其曰庭云有天赦巳而生弼爲宋室賢相,16223
卷之十二,什物部,鹵簿,神旂高揚雲端貞吉否凶,貞吉否凶占大人夢之名揚四海正人夢之禍去福臨曰多欲夢之必宜攺過姦邪夢之福臨表凶,16227
卷之十二,什物部,鹵簿,旌旗蔽空,占君王廵狩之象文人墨士夢此名高今古位曰極臣寮武夫勇士夢此威振邊疆爵尊侯伯,16232
卷之十二,什物部,鹵簿,執旗飛走吉,占夢此報捷之象應試書生夢之所騐在巳衆曰庻女子夢之其兆在人又當以其辭色占推,16237
卷之十二,什物部,鹵簿,藍旗彩旗,占此夢當道大臣之景也學者夢此爲瑞曰兆下賤夢此爲官事疾病夢此爲神明,16241
卷之十二,什物部,鹵簿,赤幟,夢自外來爲敵國爲火炴爲捷報爲官符○夢人占授之爲王命爲喜慶爲旱兆○夢以授人爲戰䇿曰爲差使爲得人○夢竪庭前爲貴象爲瑞徵爲皇恩爲兵權爲慶賀事,16245
卷之十二,什物部,鹵簿,黃旗竪于門首吉,凡夢此者必有富貴喜慶士人夢之必登高第占武士夢之必建大功胎孕夢之必生貴子庶老夢之曰騐在子孫子孫未有學則騐在親戚病患夢之必其福壽未終當見將來貴者孫賢未第之先夢金甲神人持黃旗挿其門有狀元二字至廷試果首擢爲學士平江士人潘夢旗母夢神人立黃旗於門上復夢神曰當用交龍爲旂之旂遂更夢旂是歲果第,16252
卷之十二,什物部,鹵簿,掌扇,占此儀容中直有威可畏之象夢得之曰者必貴顯夢他人者主相遇協力,16266
卷之十二,什物部,鹵簿,𤓰錘,文學夢此主大貴入翰苑應試夢之高登黃甲武將夢之掛印封侯小民夢之必得貴人提挈用事占蒙恩蔭庇高年夢之當有子孫賢俊富貴吉昌加曰封蔭爵詞訟者夢之將渉歷撫按憲臺有内閣分上惟疾病夢之另以所夢聲色推占唐臯嘗夢前列瓜錘一對及延試果第一傳臚以黃蓋瓜錘送狀元歸第授職侍講,16270
卷之十二,什物部,鹵簿,馬前頭踏,占文人夢之祿位至武士夢之吏民相得鄕曰人夢之見有官吏之交病人夢之不祥,16276
卷之十二,什物部,鹵簿,華蓋,凡夢此主蔭蔽遮蓋之象富貴者爲加官進祿之占夢貧賤者爲荷蒙庇廕之夢出家人爲得道之夢曰疾病人爲佳祥之夢女子爲夫榮子孝之夢,16280
卷之十二,什物部,鹵簿,冠帽匣,紗帽朝帽貂蟬冕旒等箱籠文武仕宦夢此官上加官初學庻士夢此後將蒞占任庻民隱逸夢此有良朋貴戚詞訟戰爭夢此空曰虛蒙閉之兆疾病衰杇夢此明神降臨之象女夢主夫貴孕夢王子貴,16287
卷之十二,什物部,鹵簿,帶箱,夢此不以例占宜因時致思以推之縉紳蒞任者占夢之或爲欽命或爲遠行或爲解帶或爲蔭襲隱曰居山林者夢之或被徵召或貴友至或相帶相挾求名求利及應試夢此大吉,16292
卷之十二,什物部,鹵簿,鬼頭刀尚方劍金斧大鉞貞吉否凶,貞吉否凶占君子夢之大吉曰小人夢之不祥,16296
卷之十二,什物部,鹵簿,虎頭牌,占貴者用之賤者執之此夢也執之者貴曰遠之者賤無恙反有悔有病反無災唐寅字伯虎吳趨人年五十夢一吏書負虎頭牌跪禀窹曰唐解元終身不仕焉有此牌虎似余名虎身在木上前路苦無多之兆將騐之矣不久而病作,16301
卷之十二,什物部,鹵簿,馬前驛牌,占此貴宦將至之象夢之主爵尊位顯曰名揚祿厚榮登帝都恩歸故里之兆衛涇未第時夢靑衣長鬚手執大牌曰朱筆㸃大爿乙兀覺謂兀非祥後入試狀元及第,16307
卷之十二,什物部,鹵簿,赭蓋旌纛前導,王宗伯華於成化甲午下第歸寗方伯竑聘爲其子講學乃自浙抵祁陽居於梅庄書屋明年巳未謝學士遷狀元及第寗賀曰先生與謝公齊名今謝公及第此彚征之兆也是夜夢歸鄕邑如童稚時逐衆迎春東郭門外衆舁白色土牛一覆以赭蓋旌纛幡節鼓吹前導杜方伯某肩輿隨於後自占曰東門入至乃止旣寤未解其兆明日以語寗寗不應久之屈指作迴輪者再作而曰是狀元之兆也占牛一元大武也春歲之首而試之期也狀元亦謂曰春元也金色白其神爲辛牛之神丑也中之歲其以辛丑乎王曰鼓吹前導者何曰是所謂傘蓋儀從送歸第者也曰奚爲而杜乃隨之曰以傘蓋從者實京兆尹是歲京兆尹其必杜乎王聞而歎之曰子之言殆隍中之鹿也寗私志之歲丁酉王復下第奔走江湖夢之眞妄不復記憶庚子乃領薦鄕闈明年辛丑試春官得雋入奉臨軒之對果得狀元及第傳臚畢承制送歸長安私第者果杜公也悉如寗之所解云,16313
卷之十二,什物部,刑罰,刑具滿庭除,貞吉否凶文學夢之貴在目前官任大理武士夢之身任典占刑爵居廷尉富翁夢之有事關律令生子爲顯官曰下賤夢之見他人刑獄之事因而得財好孕夢之必生貴子作非爲者夢之凶,16323
卷之十二,什物部,刑罰,天垂鐡鏈,占夢此惟巳獨立必有貴人招之契合同心曰若夢數人同立或哭或笑主死䘮之兆,16328
卷之十二,什物部,刑罰,有枷置門首吉,占善人夢之主名利增加胎孕夢之主生男曰吉作非爲則是病患來臨攺過若無咎,16332
卷之十二,什物部,刑罰,人授頂鉗鎻索,占君子夢之騐在六畜有吉無凶小人夢之須曰防疾病胎孕夢之生男童𥪡夢之有病不死,16336
卷之十二,什物部,刑罰,脚鐐手扭凶,占此賊盗用刑之具出行夢此須曰備不虞作事夢此須防掣摯,16340
卷之十二,什物部,刑罰,囚車在道凶,占夢此不宜出行出行必有虛驚惟曰戰守之事夢此主生擒敵㓂之象,16344
卷之十二,什物部,幡幢,旛花羅列空中,占學者夢此文思日益辭章冠世武將夢之大曰戰有鬼神助老年夢之子孝僧道夢之飛昇大同元年九月六日釋慧約現疾謂弟子曰我夢四部大衆旙花羅列空中迎我凌雲而去福報當訖至十六日勑遣舍人徐儼叅疾荅云今夜當去至五更合掌便入湼槃,16352
卷之十二,什物部,幡幢,大旙在指端,占此持節建旄之象文學夢此大貴武士夢曰此拜將平人夢之或有吉者老者夢之不祥劉仁恭自言夢大旙出指端年四十九當建旄節李國威忌之補景城令後果建節云,16358
卷之十二,什物部,幡幢,幢軿自天而下,秋官張鳳翔病疸告休沐夢幢軿冉冉自天而下廣樂導之及病革端坐把筆掃詩一十有八章投占筆而逝部寮李夢陽上言鳳翔老母孤兒幼妻不曰免凍餒溝壑乞追繹大馬之微勞體古敝帷敝蓋之義查例敕有司月給米一石養贍終其母妻之身奏下吏部准行,16365
卷之十二,什物部,幡幢,花旛,凡夢此有慶賀事○夢人授受或置盤中或掛壁占間主嫁娶之喜○夢此一對者吉夢单幅或數幅曰以所夢辭色推占○夢掛雲中或掛帳中或玩弄而笑者主有䘮事○孕産夢之生貴子,16372
卷之十二,什物部,幡幢,石幢,夢此主𣗳立名譽之徵○夢幢光素主安居○夢占佛幢者得良緣家道日隆○夢鶴幢者行人至丘曰陵豎華表○夢龍幢者貴顯入朝名揚金闕○夢此在雲中主遠中得佛力扶持,16376
卷之十二,什物部,幡幢,紙幢大吉,占此天壇功德之象夢之者必有前世因綠主曰得祿致福子孫繁盛交友契合家道日隆,16380
卷之十二,什物部,幡幢,紙幡貞吉,占夢此主多事而不難得人輔助身榮家泰曰之吉若病人夢之宜許愿敬神則遇明醫,16384
卷之十二,什物部,幡幢,寫畵幢幡吉,占此夢必其人有舊愿未了宜持戒奉齋以曰遵敬遠鬼神之教守義成仁有吉無咎終,16388
卷之十二,什物部,幡幢,━━━━━━━━━━━━━━━━━━━━━━━━━━━━━━━━━━━━━━━━━━━━━━━━━━━━━━━━━━━━━━━━━━,卷之十三,16397
卷之十二,什物部,幡幢,━━━━━━━━━━━━━━━━━━━━━━━━━━━━━━━━━━━━━━━━━━━━━━━━━━━━━━━━━━━━━━━━━━,,16399
卷之十三,什物部,家俠,檯卓椅櫈,古者席地而坐引几而凴至于楚漢駕木爲桌斲木爲椅迄今晉魏之製鄕居旅邸檯櫈森列或遊戲于山林苑囿之中布席于地而坐者則曰効太古之遺風夢此二者皆爲嘉祥之兆檯者高抬之意卓者有所立之謂也椅者依椅之稱櫈者爲登爲等爲頓爲安居高坐爲舟車壇闒中正物爲知止能定也○夢此在天際爲朝皇之象○夢自天落下庭前爲天錫大位此主富貴恩榮○夢在白雲中主事不成靑雲中主登高第彩雲中主官宦書信簡帖至黑雲中主鬼神之事○夢置舟中主占遠行○夢置車中主遷移○夢驢騾䭾來主得財曰䭾去主見貴人○夢馬負之主運蹇○夢在牛背上有官事不祥○夢巳負之而行主勤勞不安○夢置山頂上有喪事○夢置曠野主官祿未至○夢置田中主豐年○夢置河水中防水火之災○夢置道路中主有事禱祝○夢置門首事難成○夢置庭中吉○夢置堂房中正吉歪不利○夢此等高大美麗主富貴低小精緻主安閒破碎主爭訟巳舌○夢此置屋脊上有凶人至無妨○夢火焚之主得大財之吉○夢灰塵泥土堆樍其上主貧窮○夢尿糞污穢之主財利小事吉,16416
卷之十三,什物部,家俠,櫃檯,諸葛孔明出師造此置軍中以作几案以便藏蓄器皿夢此主有所收藏以致命遂志吉,16422
卷之十三,什物部,家俠,香几,三足几此三皇之舊制通于上下皆𰿚居所凭但其華麗朴素稍有不同而其平直圓方則制也非黼扆檀榻比也○夢得之者爲有所憑倚○夢失之者有事主口舌○夢隱几而卧爲逃遯隱避之象○夢坐其上爲多事煩冗○夢立其上爲名高身不安占○夢伏于其下受屈困窮○夢以几作枕而安卧曰主安閒無事○夢跳上主危急爭高○夢跳下主下第得安○夢跳過有音信吉祥○夢身臥几上主酒食醉飽太過宜節飲食○夢抱几而行主得童僕又爲遠行兆○夢頂之于首爲見幾之吉○夢鳥伏几下必有大吉○夢几下生蟲主風寒慮警小心吉,16429
卷之十三,什物部,家俠,天然几卓天然椅,占凡夢之者宜靜不宜動宜守不宜變更此諸曰色事物皆一定天然堅固寧息富貴正平也宋呂公權爲中書舍人夢坐天然椅二内豎舁一天然檯至豎曰治事有時還自息天然無處不昭囬寤歎曰成物天然吾將歸歟及旦文宗召對便殿帝舉袂曰此三澣矣諸臣稱賀公權對曰人主當進賢退不肖納諌諍明賞罰服澣濯衣此小節耳非有益治道者帝徐曰卿有諍臣風可屈居諫議仍爲學士知制誥,16436
卷之十三,什物部,家俠,卧椅上,貴人爲政務煩冗之夢學者爲儉約勤勞之夢流離顚沛爲得所依倚之夢安居樂業爲夜卧不寧占之夢求名求利爲倚賴貴人之夢女子夢之不祥曰病者夢之不妨若其平日常坐于椅而假寐者爲醉倦之象無悔無咎丹陽守孫翊妻徐氏夢端卧一𬃪上寤語翊曰夜夢不祥奈何椅者晝之所坐夢寢在椅兒上四下笑聲驚覺必是亂離景象時都督嬀覧郡丞戴員□近侍邊洪等數患苦翊會翊送賔出邊洪從後斫殺翊迸逃入山徐氏購募追捕殺洪嬀覧入居軍府悉取翊賔從侍御欲取徐氏徐氏紿之曰須晦日致祭除服乃可覽以爲信然徐濳使人語舊將孫高傅嬰等高嬰涕泣盟誓共謀至晦日除服徐氏更干他舍薰沐懽笑覽宻覘視無疑意徐呼高嬰與諸婢羅列戶内覧入徐出戶大呼殺覽衆就外殺員徐復縗經奉覧員首以祭翊軍兵震駭奏聞帝命爲女將軍,16444
卷之十三,什物部,家俠,坐櫈升靑雲大吉,占此第一等人物之象嘗有文學夢騎櫈上曰憑空直入雲端者赴考領首後登科甲,16463
卷之十三,什物部,家俠,臺屏屏風圍屏,此富貴康寧之夢以壯觀瞻以别内外以辟風吹占以安居處○夢得之者家道日興○夢破碎者財曰物損費○夢失之者春吉秋凶○夢授他人主交易隨有求得○夢獨立屏中屏左右之象而占,16467
卷之十三,什物部,家俠,畵屏,黄巖郭琮少孤事母至孝夢繡衣人以畵屏貺之時至道三年詔錫存恤琮製一屏書曰畵屏擺列高堂上對嘉賔歡娛快暢門前朱履三千客屏後金釵十二娥得歡呼處且懽呼試看誰人妙染幅素内萬水千山雲遮軹道阿房目覩蓬萊仙島夢中言甦來眞騐了,16471
卷之十三,什物部,家俠,燈檠,夢天上掛燈檠文思日益名譽日高○落夢下燈自主天恩詔至○夢人授燈檠爲人所恭敬○夢占人執照主得人照顧夢以授人得人情意○夢曰掩情閉無意光○夢主闇昧不明之事○夢置枕間者不祥○夢置帳内主生育孝子○夢風吹滅○官夢三燈列事散並大富貴○夢持手中喜事至,16475
卷之十三,什物部,家俠,燭筌,夢燭光與月映並喜慶光輝○夢燭生花文名上占達○夢燭淚垂珠筌上主費財小銅事○夢造金銀曰銅錫者爲千金之兆○夢造鉛鐡者有外人至○夢玉石者不祥○夢木竹瓦土者爲貧窮之象,16479
卷之十三,什物部,家俠,滿堂紅,夢自天上雲中落下須防火災○夢張慶置庭中有占喜慶○夢擺堂中明吉暗凶○夢置房内宜省身曰節欲○夢設于後門宜作事小心○中主夢倒掛空中主官府文書之事○夢日月光照之者大吉,16483
卷之十三,什物部,家俠,燭剪吉,夜無明而陰昩燭照四方燭無剪而心灰影映恍占忽惟燭剪者以金制火用晦而明貴顯夢之輝光曰照寰宇平民夢之清光在目前此嘉祥之兆也,16487
卷之十三,什物部,家俠,火把,夢天懸火炬乃熒𫻾之餘光○夢光遍江湖則遊占神之遠照○夢執之而奔走果形勞而心𨓜○夢曰豎列于牆圍防冦盜之相侵○惟病者夢之體健壽長,16491
卷之十三,什物部,家俠,火爐,風爐此家用之物于夢中爲三焦爲心胞絡○夢爐中占炎熖爲體内火旺○夢爐中無火爲臟腑之火伏曰藏不動○夢舉火不起爲火衰其驗皆微非有大事所係者安置吉祥傾碎有悔,16495
卷之十三,什物部,家俠,鼎爐圓爐方爐手爐,凡夢此者巨室富翁宜作金銀古銅翠麗佳美之占夢若夢瓦坭鉄木貧窮所用者他日有無妄之事曰至見其象窮居陋室者夢金銀古銅鑪則亦他日見之耳但夢破碎必有小悔,16500
卷之十三,什物部,家俠,脚爐吉,夢此者當以所見他事推占所驗在秋末春初歲占寒之際爾若家中無此器夢之爲日後富貴之徵曰夢此爐傾覆損失主臟腑不和宜持正自撿則災消無悔矣,16506
卷之十三,什物部,家俠,金爐從天下,歐陽平有道術而田良𨓜蔣含弘行業更高平以兄事之一夕平夢三金爐自天而下若有所召旣寤潜告人曰兩先生不久去矣我且繼之俄而田蔣先後旣去乎遊桐柏山而遯,16511
卷之十三,什物部,家俠,火筯,凡金玉銅鉄之筯其用皆同夢之主助力著用兼濟稱心兼田產增益奴婢順從無論寒暑貧富其驗無二○夢人授之有所得也夢置几間得安寧也占夢手執之得遂意也夢擲地中得土地之宜也夢曰擲水中金水相逢之際也夢投之于天自下而上達也惟夢失一則爲無用折一則爲不便遺失偷去雙折有小悔,16515
卷之十三,什物部,家俠,火盆吉,夢舉火于盆中得禦寒而致燥此脾中之暖氣會占君火而升陰陰陽相得體健身康于是立業成家曰致身于富貴撿身脩德見効于將來,16521
卷之十三,什物部,家俠,水盆,盆中清水夢似臟中之液海水盛佳皿夢爲家内占之窖倉盆破水汙非吉兆盆傾水覆反無妨脩身曰敏德養生脩煉夢之爲腎水中饋女工窮民賤役夢之爲酒食,16525
卷之十三,什物部,家俠,大魚躍盆水中,宋胡安國弟生子寅母以多男不欲舉安國妻夢大魚躍盆水中急取而子之寅少桀黠難制父閉之空閣上有雜水寅盡刻爲人形安國曰當有以移其心别置書數千卷于上年餘寅悉成誦後游辟雍中進士甲科又以薦除秘書省校書郞多所建白爲名臣云,16529
卷之十三,什物部,家俠,面盆浴盆吉,盥沭滌浴之具是去穢日新之夢也其金銅瓦木雖有貧富之不同而大小方圓則無貴賤之相異脩身者夢之曰日新其德好事者夢之曰自潔其占身遇難者夢之曰除災去悔病患者夢之曰療疾曰延齡求財者夢之曰洗心滌慮求子者夢之曰沭豎毓英夢人授之必有吉慶夢以授人亦無不昌傾覆無咎毁棄有殃叠置高閣富貴徵祥,16533
卷之十三,什物部,家俠,拭汗巾帨浴怖浣怖,占夢之者祓除浴德之佳兆有曰吉無凶夢人貺之又當另占,16537
卷之十三,什物部,家俠,持帨沭浴盤中,占夢有日新之象曰,16541
卷之十三,什物部,家俠,洗澡掛帨巾於門上,占夢此主逺親外客至○夢掛後門有私情不正○曰夢掛在欄干者吉○夢非沭浴掛怖門首不祥,16545
卷之十三,什物部,家俠,門㡘,珠簾高捲貴介王孫之夢翠簾靑鎻義夫廉吏之夢碧簾張掛有事之秋而夢簾幕靑樓春遊芳草而夢有簾無蟾不得遂志者所夢有蟾無簾朶頥欲動者所夢金鈎綉簾國色麗人夢之風吹簾幕曰小悔遠民之夢風狂簾飛病患來臨之夢結簾避曰風調理治病之夢有東無西眀愼不留之夢西有東無鰥孀義守之夢簾帷破壞私情奸宄之女主爲主簾啟牖內人不與外事之夢中堂垂㡘張之夢人捧㡘貺之利用取女之夢舉簾授他人謙讓未克之夢㢘者廉也内外有别也,16549
卷之十三,什物部,家俠,帳幔懣天,貞吉否凶夢此主隱居內室時運未通之象○夢幔整齊雖占無遠達亦無災靑○夢此幔西張東缺者男子有曰災東張西缺者女子有災○夢在帳内闚看帳外或于帳外闚看帳内主奸私不祥,16555
卷之十三,什物部,家俠,天上雲中掛帳垂下,馬思敬夢仰觀星斗光輝如晝忽見銀河之西掛一帳帷自天而垂下及天井彩雲九色花鳥繡錦占金翠麗華舉手欲取而卧醒以問九流善占夢者曰曰運籌帷幄從天降下此大將之兆爲賀思敬應選欽依授饒州守禦總旗果如占者之言,16560
卷之十三,什物部,家俠,設掛錦帳,占安居夢之賔客至九流夢之名譽高僧道夢曰之人借寓旅邸夢之家信來夢此不論顏色,16564
卷之十三,什物部,家俠,床,此卧床也其酒床米床等另占夢象牙床主富貴若貧賤夢之則被人刻剝○夢鏤金床主得錢而爲國夢之反爲驕吝○夢沉香床主佳偶而旅邸夢之防水火盜賊○夢紫檀床主得良佐而僧道則檀越結緣○夢朱漆床主大貴而遇患難夢之必當遠遯○夢玉床主見帝而鄉人惰民夢之有夭殃○夢磁床主樂利而道路之人夢之艱險在前○夢七寶床主佛緣而好色者夢之則作事不遂○夢巧木床主安寧而出行夢之爲他事所阻○夢藤床主所棲永久而鰥夫則終無嘉配○夢竹床主夏涼而寒冬夢之當獨宿養神○夢杉木床主貧窮而困苦者夢之反得安寧○夢樓床有事時夢之屢復無咎○夢步馬床離家遠行○夢螺𫊺床有難事至○夢凉床者得清間快爽○夢四脚床病中得良醫○夢雙折床本軍中遠行之物而反利亨○夢擔床主遠行而安居恒業者夢之有不祥○夢兩脚床得謙遜之吉○夢煖床疾病者當禱祝○夢石床本非佳兆而脩煉者夢主山隱○夢床無足似有不祥而出行道路舟中得安不夢床無面似乎怪異而晉接良朋自昭明德○夢床無欄主有更變之業作事不成○夢床無頂主身出外鄉好人同行不久即歸○夢床攺換主遷移即所換美惡以知吉凶○夢床出門主妻妾大凶如𩹌夫夢之主得情人○夢床破碎主家中有禍脩省得福○夢床折足主奴婢之災家無童僕主病足○夢床被虫蟻蛙壞主家業破敗而窮途則又得財○夢床上加床主積小以高大○夢床無屋主口舌争訟之災而有隱情必露○夢床在雲中主損人口病者必愈○夢床反覆主口舌散而家有病人者不祥○夢床中火起主中興烟迷無路防火災○夢床側豎壁間主所居者不祥遷移大吉○夢床置水中當享奠家廟謹防不虞則吉○夢床前有人催曰移床者必當速起則無咎○夢床懸梁上離地丈尺者宜改行脩業○床者夜卧之所也而其夢也以同而異及其驗也似異而同明乎撿身之理嚴乎自脩之德其道自光其悔自亡知彼兆幾得失勿恤受兹介福非禮弗履又何患焉徐孝嗣率府卧北壁下夢兩童子遽云移公床孝嗣驚起壁有聲行數歩而壁甸壓床召皎爲漁陽大理主簿安祿山遣之送表至京師時祿山有反狀玄宗覧表不悅但傳詔皎還皎出中書見楊國忠問送胡之表無乃勞耶賴其不相罪狀設有惡言亦當送之乎阿使速去皎還至戲口驛意甚忙忙卧廳上䋲床夢䋲床去地數丈仰視見一人介胄中立阿叱左右二十餘人令撲之雖被拖拽廳上復有一人短帽紫衣來云此非蔣清無宜殺也遂見釋放皎數日還至洛尋而逆徒亦至皎與流輩數人守扃待命悉被收縛皎長大有容止而行居前往見賊將田乾貞乾貞介胄而立即前床間所夢者逆呼皎云何物小人敢抗王師命左右撲殺嚴莊遽從廳上曰此非蔣清無宜加罪乾貞方問其姓云姓召因而見釋,16568
卷之十三,什物部,家俠,榻,夢坐榻上主康寧之吉○夢卧榻上主安閒倦怠占○夢立榻上主得美女○夢卧床榻之下主病患曰○夢倚凭榻旁而立爲侍御奉服之象○夢榻損壞有禍事至○夢人取去主遠行之吉,16638
卷之十三,什物部,家俠,板條木條竹滌藤條,占夢此等者皆條理得中之兆坐卧出入皆無曰妨惟夢破碎損失者主童僕奴婢之災悔,16648
卷之十三,什物部,家俠,兀子凶,占兀者厄也夢之主小事悔吝有眚夢損失破曰壞者无咎出行在外夢兀子毁弊反爲吉祥,16652
卷之十三,什物部,家俠,交床,占夢造作之或人授之或巳坐其上皆主出行○曰夢破壞者出行有阻○夢人取去主有事使人,16656
卷之十三,什物部,家俠,交椅,占夢得之者主客至曰夢失之者事難成,16660
卷之十三,什物部,家俠,踏脚櫈,占夢此者高居安坐之物夢破毁損傷者主奴曰僕有災難○夢得增添脩製者主得人之兆,16664
卷之十三,什物部,家俠,床前踏板,夢立于其上者主夫婦和諧得人敬信○夢坐其上主猜狼乖離之象○夢卧于踏板之上者主運蹇時乖夫婦不睦或有奸私邪事之不祥○夢豎占之于床外主憂慮愁苦倖得賢婦良人○夢移置曰門外主遷居○夢自外取來主得奴婢○夢毁壞主下人有悔○夢置床頂上有凶信至○夢火焚之主災消禍解凶中得吉○夢投之于水中主凶荒之際幸得逃脫○夢舗錦于上大吉,16668
卷之十三,什物部,家俠,舗設被褥,夢此者主有逺親外客至但當以所夢新舊有無占聲音笑貌推之則詳矣新者吉舊者凶有者有吉曰有凶無者有凶有吉,16672
卷之十三,什物部,家俠,錦被繡褥高枕大吉,錦繡綺羅爲被褥高枕無憂自在眠爲子孝心須占定省夏凊冬温何日𬮈瞻依慈愛心常記伉儷温曰存在枕邊貧窮夢此遭逢好夢占富貴結良緣,16677
卷之十三,什物部,家俠,被上見紅日,閻立德嘗獨宿天將曉兩手執被𧢲忽見被上紅日如在日觀亭自謂西天勝景日内三寶塔塔上佛三尊中一尊佛頂放光有佛千尊佛身長數十丈塔下二寶樹樹中有樓臺樓臺上千百億菩薩𣗳下有水池池中蓮花百餘朶蓮花中皆有善人或坐或跪或沭或盥或誦經念佛自池下至沙泥中上至天堂輕雲彩霞頃見天樂齊鳴天花亂墜俄聞鍾聲忽如仰卧被𧢲在手窻外微明且驚且喜曰怪耶夢耶似夢非夢也耶披衣而起以告兄立本立本曰汝心存功德故有是夢日乃帝之象其將有帝命畵西方景乎未幾有宣詔至命畵功德果如兄言,16683
卷之十三,什物部,家俠,枕竅中入,楚人盧彌明有文才名將遊都城道經邯鄲自歎窮困假寐旅邸道士呂翁炊黃粱以枕授之曰枕吾枕當令子榮適如意盧枕之見枕旁一竅引隱入贅相府崔氏女甚都麗生三子及朞舉進士第歷官戎政拜中書舍人壽八寵二姬精竭而死寤回顧呂翁黃梁未熟謝曰此先生之所以窒吾欲也後入京爲石鼎聯句曉遯韓愈聞而訪之不見其處,16687
卷之十三,什物部,家俠,將褥作被大凶,占此乃困窮拂抑之景也富貴夢之有大災窮居夢曰之無發達有事者夢主受辱之兆宜解禳無咎胡潤爲大理卿夢其女卧竈中將褥作被此女方四歲未髠潤以直諌被刑其女没入功臣家爲奴一老嫗憐而匿於庖中後有同郡人見之携歸鄱陽自誓不配偶稱貞姑,16694
卷之十三,什物部,家俠,披被作衣裳,占日作衣夜作被此道家獨坐煉金丹之說曰也昔有貧士夢之者後爲天師門下法官,16698
卷之十三,什物部,家俠,越席,簀此古之帝王所以跽膝而坐堂上者也是以筵燕占曰筵席禮曰父子不共席席者箎也𥱊莫貴于越曰席世稱凉席又爲大夫之簀而江左之民皆以爲安寢夢此者主康寧安泰,16702
卷之十三,什物部,家俠,龍𥱊大吉,漢魏之際三吴以龍𥱊入貢龍𥱊者越𥱊之華美異于恒人之所用高麗國亦作此以爲貴者燕居凡夢此者必得貴顯之兆夢巳授人人貴夢人授巳巳貴夢破壞者不寧梁劉世隆爲大將軍子慶逺爲征虜將軍子津嗣慶逺嘗謂津曰吾昔夢太尉以褥𥱊見賜吾遂典台司吾今又夢以褥𥱊賜汝汝必光我宗矣果然,16707
卷之十三,什物部,家俠,藤𥱊竹篤蒲𥱊草𥱊,夢天中掛下主貴人賜燕○夢舖卓上主賔客至占夢洗滌主逺親來○夢鋪張滿地主婚姻喜慶曰○夢頂負之而走主逺行不利○夢背負而坐主疾病至○夢掛門首墙壁等處主風雨至,16713
卷之十三,什物部,家俠,氊毯𮊥毯花毯線毯毛毯吉,夢神人授之得富貴安寧○夢陳設堂中乃主燕會慶賀○夢置舟車輿轎之中爲出行康泰貴介占夢之有喜事至富家夢之有設宴作樂隱居夢之曰有賔客來訪病患夢之體健亨昌鰥孤夢之得良偶閨女夢之遇良媒作事夢之甄别妍𡟎貧窮夢之有生財之務至吉,16717
卷之十三,什物部,家俠,簟,占此恬澹寧息之夢有小吉無大咎無論藤簟曰篾簟草簟五色花簟新舊破損皆以所用占,16721
卷之十三,什物部,家俠,易簣更換舖席也,更換舖席也占此固不祥之稱而夢之反有得吉者惟病中曰夢之大凶求名求利者夢之爲遷移之兆,16725
卷之十三,什物部,家俠,棕荐蒲荐秧荐草荐,求名求利夢之得人薦㧞爭訟戰闘夢之被人傷占殘安居無事夢之人餽飲饌○夢得新巧精緻主曰得美妻妾○夢鋪設房中主有親友至○夢取出大門外棄之主凶事至,16730
卷之十三,什物部,家俠,淨桶内浴身,夢馬桶者主作事難成之兆○夢致床中爲疾病占○夢坐其上爲費財○夢衣落其中汙戾爲得財曰○夢魚躍其中爲生子有隱君子夢在馬桶内沐浴覺語妻曰屎與死同音吾其死乎其妻云此生男之兆男者父之遺體臨産坐其上及生當沐浴于盤中夢此非生男而何巳而果生男又有鄰人夢之喜曰余無子今夢如伊亦將得子矣隱君子聞之以問其妻妻曰此鄰之婦未有娠何由得男彼將再世矣未幾暴病而卒,16736
卷之十三,什物部,家俠,夜壺即溺器,即溺器占夢得之作事便利○夢破碎有急事難解○夢置曰被中有病至○夢置枕邊有酒食○夢持去者吉,16742
卷之十三,什物部,家俠,七寶溺器,梁百一郞爲錢節度使牧牛晝卧大树下夢掘地得一尿瓶金裝七寶藏于杉内人來奪之不捨被打而覺見相士問之相士曰孟昶作七寶溺器主此夢當得横財郞持耒掘地數尺有大瓶取以進其主節度命放于河中賞錢數十文,16747
卷之十三,什物部,家俠,湯婆子,占此禦寒之物也○夢置足後主得美妾○夢傾曰覆濕𧙊褥主小事破財○夢冷主事不成無咎,16751
卷之十三,什物部,家俠,竹夫人,占抱之以禦暑安眠圓活輕清之象于暑時爲曰夢想于嚴寒夢之必有吉象驗在夏秋之末,16755
卷之十三,什物部,家俠,薫籠,焙籠,16759
卷之十三,什物部,家俠,吉,占此夢爲温煖香馥之象富貴夢之必得美婢佳曰童貧窮夢之將來必有華服被體病夢得瘥,16761
卷之十三,什物部,家俠,被薫手爐,手爐占狀如古玩色如金馨香馥䭲且開衿曰夢裏將來去惡臭醒來懽樂度芳辰,16765
卷之十三,什物部,家俠,香筯香匙吉,占兆主請借前曰箸繼續書香,16770
卷之十三,什物部,家俠,香筒,圓合清虚寒來暑去由他住正端剛直奇巧精工半咫尺一線香𤇆心裏出萬般花影手中瞧犀象占竹稍黄金白玉人人喜見真真趣夢裏相逢何在曰爲占此兆是何情好似心胞胳陰靜陽清爲得佳人喜慶手中擎半節輕輕,16774
卷之十三,什物部,家俠,香毬吉,占圓圓滾滚翻翻覆覆郁郁溶曰溶兆應如同將來榮顯之兆,16778
卷之十三,什物部,家俠,香囊,才子夢之志吉昌佳人夢之衣美籹學文夢之情占澹蕩戰爭夢之意𢔚徨工藝夢之多美譽行人夢曰之增朿裝農夫夢之多糞土奸盗夢之半顚狂僧道尼姑休夢此有禍難逃,16782
卷之十三,什物部,家俠,金鈎,簾鈎帳鈎勾引空虚之象貴人夢此金玉爲大吉損折爲不占祥富家夢此紅紫黄白爲喜慶餘皆無論少年游曰俠夢此被人勾引之象病人夢之無妨隱遯山林夢此必有惡人尋訪詞訟夢此另當細推卜,16786
卷之十三,什物部,家俠,衣架,古夢製造主喜事至○夢加漆脩整主中興○夢曰朽壞汗累主久居外方○夢棄與他人有醜事,16791
卷之十三,什物部,家俠,箱架,架起諸箱皿從容高玖夢此驗相加增益斯須箱占開架損主口舌有架無箱事介然架上安架曰高曰價箱居架下似難安架盛箱裏陰陽反乎中執架主遷移几夢此者必宜平靜,16795
卷之十三,什物部,家俠,金翠大箱方數丈,占𩹌孤夢此得美婦貧窮夢此得貴人扶曰富貴者不宜有此夢病人夢此大凶胡爾安家貧無倚年二十餘遊食外鄉夢雲霧中二女舁一箱大如廳屋趨接受之寤曰吾若得之終身快樂矣有同寓者聞而異之問曰將得何物爾安以夢告同寓者口我爲君作伐爾安曰囊中如馨豈得有此道哉時有孀居年五十餘蓄千金而無子侄求鄰妁以擇良偶見爾安而悅之遂𬋕焉爾安見二婢叩首笑曰吾夢一箱方數丈色如金翠二女子㫒之以授余今宵果應此兆矣後二婢生四女皆爲富者之妾,16801
卷之十三,什物部,家俠,籐箱大吉,占夢此爲騰驤之兆昔周公有金藤之書所以曰正君心也夢藤箱者宜逺小人不惡而嚴,16807
卷之十三,什物部,家俠,板箱竹箱匾箱圓箱箱篋箱橱箱籠,凡夢家中安置籠篋橱箱主致富景象○夢蓋開不合主𬮈是𬮈非○夢破碎損失主有事費用財占帛○夢脩置買造主得財喜事○夢移出戶外主曰遷徙出行○夢人取去則爲靜極而動事極而反○夢人送來有吉慶至○夢開鎖耴物或以物件藏入者當以所取所藏何物占之薛夏天水人母孕夏時夢有人遺一篋錦衣云夫人必生賢明之子爲帝王所宗母記所夢夏生甫弱冠才智過人魏文帝與之講論彌日不息辭華暢越應對如流無有礙滯帝曰昔公孫某稱爲辨捷而迂誕怪妄今子所說非聖人言不談若仲尼在魏復爲入室弟子裒書與夏題云入室生位至秘書丞帝解御衣賜之果符母夢,16811
卷之十三,什物部,家俠,箱床,其用與箱架同而狀則不同其狀與箱橱等而用有所異凡夢箱床安置者亦致富景象○夢毁壞占脚折主奴婢有悔無大災○夢坐臥箱床上主遭曰逢不偶之兆○夢使人搬出門外爲遷移之象○夢身伏箱床下主刑獄事至夢背事負之而行主有逺行○夢自外來致家中主喜事至,16817
卷之十三,什物部,家俠,箱袱吉,占美觀之物羡餘之兆夢裁製有嫁娶等事曰○夢毁弊無妨○夢人授之主得財利,16826
卷之十三,什物部,家俠,橱,大橱小橱竹橱夢此主儲蓄積聚之徵○夢擺列廳堂中有喜慶事○夢製造脩整主中興致富○夢毁壞損失主占家財暗損○夢橱門半開半閉主有虚費宜懲忿曰窒慾○夢橱門大開爲品物咸章之象○夢橱上無門爲敗露之兆○夢橱自外來大吉,16830
卷之十三,什物部,家俠,鎻鑰,鑰匙夢得金鎻鑰主家道日隆身榮嗣昌○夢玉鎻金匙主得道學之傳○夢金鎻銀匙主問學敏㨗得藝術之秘○夢得銀鎻鑰主得財成家立業○夢得銅鐡鎻鑰當以其所用在何物而占之鎻鑰用在印篋者得官爵倉庫者得利祿箱籠者得財帛城門者凶中遇吉災消病除房舍門戶者小事吉占見惡人而無患得防閑之理囊槖者道路康泰○曰夢有鎖無匙主病患無妨匙鑰損失主作事不利○夢鎻鑰破碎吉中有凶凶中有吉○夢人脩治鎻鑰者小吉成大吉小悔作大災○夢換易鎖鑰者時運亨通作事宜謹○夢鎻被人偷開者宜小心防慮○夢藏鎻鑰于器皿主平安無事○夢置鎻鑰于他處而尋覔不得見者宜虚巳以受人之言,16835
卷之十三,什物部,家俠,箕箒,所以掃地者其米箕拂箒另推夢女子持之自外來主得賢妻美婢○夢人取夫占主家外有爭執之事○夢倒掛高處爲家中無主曰不祥○夢置几上主文翰多事○夢置床中主妻妾多事○夢弊箒破箕作事不終局,16842
卷之十三,什物部,家俠,箕箒在天上,夢天中一箕爲豫見天機○夢天上有掃箒者彗占星之象箒柄所在是計慮之人所居箒稍向東東曰方有損敗向南南方有損敗向西向北皆然夢直掛垂下主家敗產亡,16847
卷之十三,什物部,家俠,笐杆以掛衣物者,以掛衣物者占夢此主得高掛之兆曰夢損折者主疾病至,16851
卷之十三,什物部,家俠,擔盤提盤盤絡,占夢自外入門主得飲饌或有人于擾○夢以授曰人或取出出門外主家中有事○夢破主口舌,16856
卷之十三,什物部,家俠,火箱火囤火坑炕床,此禦寒隠居之器○夢於春夏之景而坐臥其中占爲作事失時○夢中有佳兆而見此三者主驗于曰秋冬之際○夢居于他家箱囤坑中者主落他人圈囤宜豫防之,16860
卷之十三,什物部,家俠,坐車坐囤,占此嬰兒所坐者夢人授之主生育子息夢曰巳授人主其所受人生子病者夢之不祥,16864
卷之十三,什物部,家俠,碧紗橱,占居之爲避暑之妙用夢之爲養生之吉曰徵寧靜以致遠端莊以脩德何吉如之,16868
卷之十三,什物部,家俠,拐杖,占此夢主執携扶助持顚濟危身康永壽之徵曰夢人授之主助力夢折朽者手下人有悔,16872
卷之十三,什物部,家俠,拐杖化爲龍,貴者夢之爲壽徵賜杖入朝天恩存問平人夢之占爲人瑞年高錫祿子貴孫賢患難夢之爲天祐得曰遇貴顯災除病療修煉夢之爲得道道風仙骨壽永名高,16876
卷之十三,什物部,茶具,携杖採茶置筐内,占凡夢煎茶採茶諸色茶具皆爲婚嫁筵譙之曰兆有醉後夢之或渇甚或大暑夢之弗占王大用楚西人年四十鰥居禪舍夢小筐掛于杖頭携走入山採茶滿筐歸失路見樵子問焉樵投其斧驚覺以告和南和南弗對疑有不祥入市以訊日者日者勸求配胤育泣曰自曾祖考迄今惟大用隻身娶妻不生子不如歸佛國日者舉命理勸之乃娶生三子,16884
卷之十三,什物部,茶具,茶擔茶簍茶盤,占此清閑安暢之夢夢者有安居無事之曰吉若夢傾覆損毁遺失主小悔無大咎,16890
卷之十三,什物部,茶具,茶壺茶洗茶礶茶罏,官宦夢之有小事查報必宜詳審書生夢之心火占不寧必宜自撿僧道夢之有善人結緣平民夢之曰有客至奴婢夢之宜小心自謹病患夢之病痊禍除得清爽之妙夢傾側破毁者主失利無清福,16894
卷之十三,什物部,茶具,身入壺中,魏郡陳節字孟貞隱居鄴夏病腹疾醫莫能治夢白衣老者提磁壺與之曰此茶通仙靈節飲之壺竭遂鑚入壺中寤少瘥三日而愈以問友竹君曰壼中日月長果壽九十五而卒,16898
卷之十三,什物部,茶具,茶甌茶匙,占夢洗淨擺設主有客至○夢破壞損曰折主口舌○夢人貺之主小事吉祥,16902
卷之十三,什物部,飲,天落金樽大吉,此天悤賜爵之象書生夢此必登高第軍卒夢此占必建奇功婦女夢此夫賢子孝疾病夢此必痊衰曰老夢此必大壽患難流離夢此必有貴人救解扶持孕產夢此生子必大貴,16910
卷之十三,什物部,飲,觴浮池沼中,占夢此主遊行讌會胸襟開暢凡夢池沼爲賢曰水旺則溢虚則洄夢觴爲酒食浮主清快吉張端本夢立于沼上見一大觴浮于水中呼童取視之觴内朱書國子二字時正月上巳也是歲一例入太學,16914
卷之十三,什物部,飲,樽酒隔牕授受吉,易曰樽酒簋貳用缶納約自牖終無咎窻牖非出占入所由之正而室之所以受明者也夢此主剛柔曰相濟雖有險阻隔絶而竟得通達書生問學進益病患得人冶救諸專皆吉,16920
卷之十三,什物部,飲,舉杯相向,占此夢于相向者爲知巳爲有情爲曰悲悼爲娛悅當以動静言語占之元陳旅以文藝受知虞集一日集夢旅舉杯相向曰旅甚思公亦知公之不忘旅也但不得見耳旣而聞旅卒時旅在淛江集巳至臨江去蓋千里云,16924
卷之十三,什物部,飲,杯盤狼籍,得志之時夢之宜謙讓以正志齋戒之際夢之宜養正而愼言醉後夢之爲天道𧇊盈之故疾病夢占之爲氣浮志亂無妨窘鄕夢之宜固志以自守將曰有富貴相遇之吉逺行夢之有良緣嘉遇歲旱夢之有道中遇雨之小悔若夢狼籍破碎者宜謹行言而預防之,16930
卷之十三,什物部,飲,筯,或作箸蔽也夢此爲得助爲得著爲得快爲得兼爲得物爲得其所指當因時以致推損折雖凶或吉○夢象牙占者爲奢華之象○夢玉石者有喜事至○夢金銀曰者爲富貴○夢銅鐡者爲剛勁○夢犀兕牛𧢲者爲遲緩○夢竹木華麗者爲恒久○夢朴素粗俗者爲小得微利○夢造製爲得人力邵康節母李氏夢神人令以玉筯食𡙡一杯曰勿自盡當生佳兒斯時也其姑張氏過嚴李欲求自盡因夢此少自恤後生康節先生爲宋名儒,16934
卷之十三,什物部,飲,酒壺酒注酒瓶酒甕酒壜酒甏酒瓿,夢自外取入主得飲饌○夢取出移去主朋友之占交○夢毁碎主有是非○夢堆積者得遇艮朋○曰夢浮泛于江湖河海之濵主災消福至趨吉避凶○夢置懷中主敬信所交撿身修德内閣楊溥夢遊黃河濵但見甕𮧻壺筐浮于河中萬里相繼無空處其子自石首入京因述所過州縣迎送饋遺之勤云獨天台人萬理頗不爲禮楊以夢語子曰州縣皆范理余無是夢矣薦理爲德安知府,16941
卷之十三,什物部,飲,酒缸,貞吉否凶夢缸中酒溢主家富○夢溜乾主精神虚耗占夢缸破主家業不久○夢在酒内沭浴主婚媾遂意曰夢以缸飲酒爲大畜之象有事渡江者大吉,16948
卷之十三,什物部,飲,酒榨,榨橏榨床,16953
卷之十三,什物部,飲,凶,夢此者以剛决柔之兆有實無虚占非眞是假施祿及下居危乃光清如聖而濁如賢用力多而成功曰少决流旣濟之火水包藏未備之糟粕渇中夢此似徵祥甦來須要防姦詭,16955
卷之十三,什物部,飲,酒鼈酒葫蘆,主賔客遊玩于山間水間童僕奔走于人前人後占其傾易滿其盈易虚○夢酒鼈則爲有别而提挈曰爲自貶而不敢誇○夢酒葫蘆則爲圓活而輕虚爲小事糊塗凡事仍舊規重自治得吉,16961
卷之十三,什物部,飲,水火爐,占水在火上既濟之象酒是水中火隔曰水夢未濟飲酒不知節需首失其義,16965
卷之十三,什物部,飲,鍾碗盞楪吉,占夢忽增多家有事○夢洗凈者賓客至○夢人打曰破口舌散○夢叠收藏事太平○夢偷去主閒曠,16969
卷之十三,什物部,飲,酒海大碗之名,大碗之名占夢此滿斟香馥主液髓盈足○夢此潔凈主曰神氣清爽○夢酒渾臭淺少主血海空虛,16973
卷之十三,什物部,飲,酒提漏斗,占夢置造主人口增益○夢毁弊損失主小口有曰悔○夢人授之主得利○夢執之以飲主色事,16978
卷之十三,什物部,飲,酒箱吉,占夢此主陰柔無位求萃必得若其貧士平民曰夢此爲致富成家之兆病者夢之得藥而瘥,16982
卷之十三,什物部,飲,果盒大吉,夢此主衆口一辭羣心允恊君相夢之擬議稱旨占民無二心士大夫夢之上得君命下合輿情富翁曰夢之鄰里相諧親族和睦貧賤夢之言合人心事遂巳願以所盛者定其休咎,16986
卷之十三,什物部,飲,果罩,占此盛饌之前列玳筵之美觀夢之者以虛曰受人之機也主慶賀之象爲誇罩之占,16990
卷之十三,什物部,飲,卓圍坐褥,此安坐之物夢之有見貴之兆當以其花色之繁占華朴素推之與時遇之稱否以占夢撤去者主減曰色也,16994
卷之十三,什物部,爨具,釡甑,貞吉否凶舉世之人其有不以釡甑爨者乎曰有之矣閑有家者未之見也曰若是則晝之所見而夜夢之又占何疑而占之乎曰女子主中饋君子遠庖厨所見曰暌而其事類所夢同而兆殊君相夢此爕理推書生夢之以試題推平民夢者以生意是非論貞吉否凶,17002
卷之十三,什物部,爨具,天宫炊爨大吉,夢天上有鍋竈炊爨者是火在天上於卦爲大有易曰大有元亨君子以遏惡揚善順天休命學者夢之文明高達平民夢之爲天祿地方主宰夢之占爲熒副疾病夢之爲應天時行其瘥即痊女子夢曰之爲天宮賜子出行道路夢之爲同人之象文明以徤中正而應利渉大川○夢身入天宮炊爨者主近侍君王女子夢之爲家人之卦王假有家交相愛也,17007
卷之十三,什物部,爨具,鍋在水中,鑊也夢鍋浮水上主艱難勞苦而求得濟之之吉○夢占鍋沉水底事雖未濟而終無悔咎○夢取之于水曰底之下而得在手中者鞠躬盡力之象○夢釡鍋破碎沉溺者主凶喪之事復全者吉,17016
卷之十三,什物部,爨具,釡中湯沸溢,釡敞邊曰鑊有耳曰鍋有足曰鐺占君相夢主水澇士庻夢主多財貧窮夢主酒曰食僧道夢主功德病夢主生旺女夢主夫榮,17021
卷之十三,什物部,爨具,背荷釡甑而走,占此流離奔走之貌夢者必有不祥若窘窶顚曰沛弗得炊爨者夢之反爲立產成家之兆張鳳翔患病于京邸妻夢女奴牛氏以釡甑置囊中背負之走于堂下寤以爲不吉而語牛氏曰勿向他人言未旬鳳翔卒部寮李夢陽王崇文經紀其䘮事以歸塟洵陽,17026
卷之十三,什物部,爨具,銅鐺凶,有俠士夢之以問日者曰主口舌曰此余之日用而夜夢所常何口舌之有日者曰君有幾日無是非曰三日矣日者曰夢此幾宵矣曰且看日下有爭惧以驗汝言言未畢友人譏之大閧曰今後誓無戲言後會日者于禪寺長揖稱謝曰幸先生教我三年弗夢鐺矣,17034
卷之十三,什物部,爨具,銅銚鉊杓木杓,鉊杓木杓占夢人執揚或以啜飲或安置有聲皆主口舌曰夢人授之或以取汲或藏置蓋下皆主酒食,17038
卷之十三,什物部,爨具,蒸籠吉,占甑者正也薫蒸之謂也夢此者陽在下而應曰平上柔得中而應平剛驗在小事必有亨昌,17043
卷之十三,什物部,爨具,盪鑼,占夢浮釡中主𬮈非口舌○夢置糕䬼飯食曰主有怒事○夢損壞或置藏主是非散,17047
卷之十三,什物部,爨具,淘籮筲箕笊篱筅箒吉,淨物去污之物養清致潔者之象○夢自外來主占音信至○夢執之立𥨫間主飲饌○作事夢之得曰清理疾病夢之得瘥有良醫至出行夢之遇際善良婚姻夢之大吉求名夢之清高,17051
卷之十三,什物部,爨具,兩𮣙蒸而不炊凶,昔吴王夫差夢此公孫聖曰蒸而不炊不得火食也句踐入吳吳王果不得火食,17055
卷之十三,什物部,爨具,劖刀鎞刀切刀尖刀搶刀,夢此主貨財之利○夢安置者主得便宜之事○夢執用者主有慶賀之事○夢損失毁壞者主破占財○夢磨缺者主得利○夢落池井溝水中者妻曰妾有災侮○夢人授之主祿位至○夢置墻外或掛𣗳上主盜賊爭闘○夢置床中主遷徙出行○夢仇讐於店中製造者宜守正以慮防之,17059
卷之十三,什物部,爨具,火筯火鉊火焮火又火鋏吉,占凡夢此等主行事遂意有求必得有患必除曰衣祿豐足但非大事若夢忽損折者反此,17063
卷之十三,什物部,爨具,火刀火石火鐩火鑽大吉,民無水火不生活燧者無中生有難者得易人夢占之者大難有方易處乏糧有法無窮禁寒有以禦曰寒酷暑不憂傷暑病患自能去病惟娶婦與求子不宜有此夢諸事夢之皆吉,17067
卷之十三,什物部,爨具,油瓶油注油簍,夢之主得珍饈美味○夢以授人王災消禍去○占夢人授巳主出行有阻作事難成○夢置床褥主曰虚費○夢在書冊爲道未光之象必宜自省惟婚姻夢之大忌宜齋戒薫沭以告神明,17071
卷之十三,什物部,爨具,水缸,夢此爲陽剛寒水之象○夢此盈溢清馨爲腎旺○夢此乾漏污穢爲膀胱有恙○夢人扛走爲遷占移○夢穿破爲失財○夢汲水入之爲得財生利曰夢於中取水爲酒食○夢坐其上爲制服陰火有病得痊○夢炊有喜慶事蓋以火炊于水主缸水見火而沸湯湯滚滚故與曰中炊相反,17075
卷之十三,什物部,爨具,水筩大吉,夢此主財利充足之兆○夢自外取入内主外人占之貺不求而自至○夢自内取出外主□易之事曰○夢汲主求財得財夢破得人姑息寛恕,17081
卷之十三,什物部,爨具,轆轤,此利用汲于鄕井之夢也君王夢之爲屢失屢復占之兆兆在後宮卿相夢之有所復入者吉祥在妻曰妾士庻夢之主佳人比妮情合身不及貧賤者夢之朝營暮給幽幽不明無𫹽,17085
卷之十三,什物部,爨具,□蓋缸蓋,貞吉否凶迷而不復之象獨夢此者必有情私不祥○夢損占失者無妨○女子夢此爲人取去主分離若人于流離顚沛之際夢得此者大吉爲衣食豊之兆其他夢之者以其餘夢細推,17089
卷之十三,什物部,店具,店櫃吉,夢擺列天衢主道義之大行○夢陳設市舍主交友之躋躋○夢列堂中主作事之平康○夢置房占内主忍耐以求安○夢設厠中主嗃嗃之否吝○曰夢破碎可醜而無咎○夢脩主中興○文學夢之爲博學强記武士夢之爲金革餉飼平民夢之爲財物病人夢之爲胃腑,17101
卷之十三,什物部,店具,坐櫃,占夢此爲内人爲下人爲居處之所其占與店曰櫃同但有上下大小之不同耳夢無底者貧,17105
卷之十三,什物部,店具,店橱吉,占夢橱充滿主富貴又當以所滿何物推曰之有吉無凶夢橱空虚主交易之吉,17109
卷之十三,什物部,店具,秤,秤硾秤鈎此夢主權衡之美徵○夢此自天而下爲冡宰之兆○夢持手中爲執掌政務○夢人授之主大貴占○夢以授人主重托他人○夢有幹無𥔧爲立身曰無權○夢有硾無鈎主當權不平百夢造衡主定數更易○夢造硾主權宜行事○夢損折主遭逢不稱其意宜靜不宜動上官昭容名婉兒在孕時其母鄭氏夢神人舁大稱曰持此稱量天下占者曰當生貴子而秉國一衡旣生女聞者嗤其無効婉兒踰月毋戲曰稱量者豈爾耶轍啞然應乃長文詞明書自聖曆以後百官表奏多令参决中宗即位又令專掌制命果如占者之言時有游宴唱和亦多次第諸臣之詩猶秉權衡焉特以滛亂撓政故不免旗下之誅,17113
卷之十三,什物部,店具,天平大吉,占君相夢之天下太平之象士庻夢之主得財曰祿僧道夢之主功德之事病者夢之病痊,17120
卷之十三,什物部,店具,𨤲等,占夢此者主得良緣求名得名求利得利有曰事稱心無事遂意夢毁破財夢脩得計,17124
卷之十三,什物部,店具,盤秤扛秤,占與天平秤等同類吉但此似大曰而實小又當以所稱何物推占,17128
卷之十三,什物部,店具,算盤吉,占夢此主得計豫曰知定數之占,17132
卷之十三,什物部,店具,銀剪,占夢此主分財之事○夢人授巳主破財○曰夢巳授人主交易口夔毁壞者妻妾有悔,17136
卷之十三,什物部,店具,鏨子鐡鎚釡鏨凶,克剝費損之兆也○夢手執之者人有切近之災占○夢磨礪主爭闘○夢授受主破財○夢毁鈍不曰可用者主作事有差謬○夢置火中者凶中得吉雖危無咎○夢藏于器皿中有小事吉,17140
卷之十三,什物部,店具,掛店招牌大吉,占夢牌自天落下主有帝命召○夢牌上無字者曰貴顯大富○夢牌上字多字少當以其字占之,17150
卷之十三,什物部,店具,酒旂,酒帘,17154
卷之十三,什物部,店具,吉,占貴爵者夢之爲民心悅服士庻人夢之爲遠曰出遊行亂世夢之爲太平景象之占大吉,17156
卷之十三,什物部,店具,隠燈籠燈,占此夢明照四方之象○夢燈光遠燦主名譽吉祥曰○夢黑暗不明有小悔○夢人授之有喜事至,17160
卷之十三,什物部,行李,囊櫜,被套褡褳又袋行槖空虚背負一琴過劍閣括囊盈滿腰纒十萬上揚州安居閨閤夢中被套奚爲夢裏包籠寤後枕邊烏有女人夢此是胞胎只論中藏何物途中占夢見爲直叶須將虚實推占士民夢此行人至囊曰中白物主得財仇讐見夢彼樞機人在何方爲定計○凡夢此者有小過之象焉易曰不宜上宜下君子以行過乎恭䘮過乎哀用過乎儉能遵而行之大吉,17168
卷之十三,什物部,行李,掛箱提撞食籮,竹撞柳斗夢此收拾安擺主出行○夢自外來有客至○夢此開藥食防病患○途中夢之主酒食○夢此半占開半合須防口舌是非○夢人授受主音信○懷曰姙夢此空虚無物防小產○夢在暗中被人取去須防道路損失○夢高掛爲居處安寜○貴人蒞任夢北爲省方觀民之象,17175
卷之十三,什物部,行李,皮箱跨箱大吉,夢天中掛下皮箱主皇恩錫祿○夢神人授之主得貴人賞賚夢他人舁之自外來主得財帛○夢巳收拾主遠行○夢安置卧室主有貨物積聚○夢半開無𮣍主口舌○夢置高處者主有賢妻占○夢此空虚者安𬮈無事○夢此損壞者有外人曰多事○夢䑕咬傷損主道路有災○夢脩補齊整主進益貨物○夢擺列堂中爲興家立業之兆○夢背負而行主有事得見尊長貴人○夢坐于臀下者有好人相遇相合○夢置擔中主逺行得吉○夢以授人主有事使人得遂其志,17180
卷之十三,什物部,行李,氊包皮包吉,夢此包藏幣帛主有嘉祥之事逺出方外○夢外人授之主榮貴富既位高任重不夢巳抱負爲大有之象作事亨昌○夢置床中主財物增益○夢以授人主有所修治得吉○夢牛馬䭾背而行作占事得人扶助○夢䭾在犬羊之背者主得女奴服曰事○夢蛇在包内主有險事逺方而得吉無咎○夢䑕在包内主有小人相與而順從巳意有吉無悔○夢包内有虫蟻主有事逺行必宜改過遷善○夢破碎毁壞主多事繁勞○夢脩補當有好人相遇之吉,17186
卷之十三,什物部,行李,袱包,夢此綑縛整齊主出行得吉○夢包被席主出行占有阻○夢包帳褥主求財得利○夢包書冊簡帖曰主求名似難而實易○夢包蛇螫蟲蟻爲包藏禍心之象○夢包穿破爲泄漏機闗之兆,17190
卷之十三,什物部,行李,茄袋吉,書生夢之主才學之淺深貴人夢之主政事之樞機富家夢之主倉窖之掌管貧窮夢之主遊行之占盤費女子夢掛腰間主娠姙之賢美病人夢置枕曰几主藥力之見効○夢以授人必有所失夢人授之必有所得凡夢此者當以袋中所置何物推占,17194
卷之十三,什物部,行李,帽籠梳匣凉帽眼罩同占,梳匣凉帽眼罩同占占夢此主求名求利致命遂志之徵空虛潔淨曰有吉祥穿破朽弊無悔咎藏鎻污穢不祥,17198
卷之十三,什物部,行李,扁桃,扛棒擔竹夢人授之主有重任○夢巳授人主得人助力○占夢此兩頭無釘貴人得利有慶乎民作事多艱○曰夢此朿置高閣安居曠𬮈無事道途勞苦次○且夢置床席主有喜慶之事○夢折亦無咎,17206
卷之十三,什物部,行李,行燈大吉,占此夢繼明照于四方之象光輝一握曰之中明達萬里之外此富貴之佳兆有慶賀之美徵,17213
卷之十三,什物部,行李,䋲索,䋲曰直絜索曰索隱撿朿身心結聚事物之兆也占○夢以授人爲呈其所知○夢人授之爲得其所曰程○夢相握持爲交結爲牽聯○夢斷絶爲無恒之故弗能朿縛之象,17217
卷之十三,什物部,行李,扛棒貞吉否凶,貞吉否凶占此象主二人同行鞠躬𥁞力夢之者必有人曰與巳相洽其成敗吉凶又以所夢事物占之,17221
卷之十三,什物部,行李,卷箱,此富貴者之物夢之必有佳兆但以占箱中所盛何占物推占○夢毁壞者爲事艱難行之兆○夢此虚曰空無一物在内爲虛心受德之象○夢卷箱内必其名達上聞将有貴爵在目,17226
卷之十三,什物部,雨具,雨衣,油絹油衣夢製造者主身榮而家富○夢人授之主得正其威儀○夢以授人乃正位以養賢○夢着于身是占求名與應選○夢置包箱主榮行得便宜○夢此曰破碎雖遇雨而無悔○夢此污穢主久出于外鄕○夢此曝日主有風雷之震○夢爲火焚須防水火之災○夢此渝濕有見招得財之讌會,17236
卷之十三,什物部,雨具,氊衫吉,貴人夢之奉帝命以奔馳富家夢之有嫁娶之喜占事學者夢之主應試入科塲應舉夢之必揚名于曰御㮄貧窮夢之遇貴顯于同途女婦夢之有行人信至疾病夢之得良藥醫治,17241
卷之十三,什物部,雨具,箬笠,此漁樵耕牧所以禦雨之物也有夢之者爲豊年之兆○若貴人夢之將護駕于郊陵候選夢之乃占蒞任于笠澤書生夢之必鞠躬以問學富翁曰夢此則剝削之蔑貞僧道夢之亦闚觀之可醜女婦夢之得良人之寵愛詞訟夢之得上人之蔭庇貧窮顚沛夢之有吉無凶,17245
卷之十三,什物部,雨具,蓑衣,棕衫,17249
卷之十三,什物部,雨具,吉,占貴人夢此遯迹于江湖富家夢此斯須曰之小悔貧窮下賤皆喜慶吉祥之夢病者夢之凶,17251
卷之十三,什物部,雨具,油紙,占凡夢此者主出外逺行出行夢之須防風曰雨夢身首頂戴者凶中得吉難處成祥,17255
卷之十三,什物部,雨具,傘,竪立日照蓋庇雨雪之物蓋者覆也得人覆蓋惟貧窮艱苦之際夢之大吉○夢行走遇雨而擎之主占相逢好人○夢擎日照爲遠行之兆不夢人授受主分散曰○夢置房内主散財○夢倒持者宜謙遜行事○夢破壞者宜出門交結良友○夢柄折者有喜慶之事○夢傘自天落下有凶事至徐子木少時嘗夢烏從天飛下啣長柄傘𣗳其庭前烏復上天啣傘下凡樹三傘竟烏大鳴作惡聲而去徐後果以惡終,17259
卷之十三,什物部,雨具,布傘以綠油布爲之,以綠油布爲之占君子夢之主逺行小人夢曰之主分散童僕夢之無妨,17271
卷之十三,什物部,雨具,屐,木套木履,17276
卷之十三,什物部,雨具,吉,占此夢主高檯平等之象剛而健歩水而不濡曰其屨夢之遇艱險而得亨通夢屐齒折無咎齊世祖在襄陽時夢着桑屐行太極殿階陛之上庾温曰屐者運行木也果即帝位,17278
卷之十三,什物部,雨具,蘆蓆,占夢此主蓋庇捍禦逢凶化吉遇難成祥若歲曰大旱夢之必有雨至夢破壞主改換之兆,17284
卷之十三,什物部,雨具,碧油幔吉,此輿輦之所以蔽風雨富貴者之物也貴人夢之占主出巡巨室夢之主應召學者夢之必登高第女曰子夢之夫榮子貴貧賤者夢之必有貴人扶持廕庇病者夢之得痊,17288
卷之十三,什物部,牧具,馬槽吉,昔黃帝去其害馬者而天下有道焉牝馬𩥱槽禦虜如擒小盜羣馬渡河得國如受大封君王夢此占驗在封疆社稷臣宰夢之徵詳道路家奴平民夢曰此主增益細推驢馬以占僧道夢之主結緣須知料粱而斷魏武帝猜忌嘗夢三疋馬在一槽中共食意甚疑之因召晉文帝告以所夢云防理自多無爲横慮武帝然之後果害族移器噫夢三馬一槽而召司馬告之何横慮若此,17296
卷之十三,什物部,牧具,馬欄,占豎桅欄繫馬以禦騰躍夢馬欄挿地乃别曰群雄凢夢此者無事有事至危處得安康,17302
卷之十三,什物部,牧具,馬鞍踏凳,踏凳占貴人夢之主勞役富人夢之主安寧貧窮夢曰之有利益顚沛夢之得太平病人夢之得愈,17306
卷之十三,什物部,牧具,馬繮,占凡夢此必其人有細微小節關係大事者出曰行夢之宜速亦必速歸安居夢之得衆人力,17311
卷之十三,什物部,牧具,鞶纓大吉,占夢授之主大貴位極人臣夢製此主顯曰榮名揚天下夢弊壞主豊亨與時消息,17315
卷之十三,什物部,牧具,鞭,占平安夢之主得戒禦不虞之策險難夢之必曰有消災除暴之祥若夢折斷朽弊主盡力吉,17319
卷之十三,什物部,牧具,牛楅牛柱牛劓牧童夢之無占,牧童夢之無占占凡夢此者必宜親近君子逺離小曰人不惡而嚴自得中行大道矣,17323
卷之十三,什物部,牧具,羊棚羊索羊錢吉,占夢此災消禍散貧窮變成富貴顚危攺曰作平康小事大吉又有得童僕之徴,17328
卷之十三,什物部,牧具,狗窠犬䋲撁狗結,撁狗結占爲得酒食爲禦冦盗爲闚觀隱微小曰事夢之利益大吉君子夢之吝無咎,17332
卷之十三,什物部,牧具,猪欄猪食槽,占夢此主取女之吉徵富家夢之家道和平曰貧窮夢之得則吉病患夢之陰人求食,17337
卷之十三,什物部,牧具,雞棚雞箱雞籠,貞吉否凶主生育之事幽隱之機○夢人授之得蓄聚○夢占以授人者主建立功業○夢毁壞者羣疑釋解○曰夢身居箱籠内必其人有悽惨之事得善人救解反受福澤吉慶○夢空虚者有吉祥,17341
卷之十三,什物部,牧具,鳥籠,占凡夢身出籠中者災難去除憂疑消釋籠中曰無鳥得失勿恤烏在籠中以所夢何鳥推占,17348
卷之十三,什物部,牧具,鶴亭吉,兆主得養生之術身康壽永災消病瘳○夢亭内占無鶴主暫亭○鶴飛歩入亭主宴息開亭放鶴者曰爲飛揚之兆○製亭養鶴爲蓄積養氣之衝,17352
卷之十三,什物部,牧具,鹿柵大吉,占此夢爲富貴榮祿之兆○夢有柵無鹿爲虚名曰夢鹿在柵內爲蓄藏○夢鹿在柵外爲聚祿,17356
卷之十三,什物部,牧具,虎穽兕㭱,占戒禦凶惡之夢擒賊降虜之兆曰也有建立功勲辟除鬼崇之喜,17360
卷之十三,什物部,牧具,獅子毬,西旅以綉毬捉獅子獅子戲毬頃刻千山過涉而占吼去來三復而獅子爲人所獲獅爲百獸之王猛曰獸懼之而旅弄獅如馴畜惟抱毬以禦之凡夢此毬者必獲千金有遇貴之徵,17364
卷之十三,什物部,牧具,魚籃魚桶,占貴人夢之得良佐富家夢之得餘利貧窮夢曰之生意昌歲旱夢之有雨孕育夢之生貴子,17368
卷之十三,什物部,網𦊟,結網,此夢主運籌綱紀之事君相夢之網羅英俊士庶占夢之求利求名女子夢之良緣結就病患夢之調曰治得宜夢綱䋲主大典夢細目小事吉捕役夢之主獲盗,17377
卷之十三,什物部,網𦊟,張列𦊨罘於山林曠野,占凡夢此者必有心事○夢巳張列爲得計妙用曰或夢仇讐所張須防圈套○夢獲禽獸者另占,17381
卷之十三,什物部,網𦊟,綱得魚,此得財之兆求名得名求子得子求利得利諸事占獲吉之夢也舉網必執其綱執其綱而萬目從之曰夢此者當以事物之紀綱執而通之毋執一也,17385
卷之十三,什物部,網𦊟,身入網羅凶,占此夢大不祥攺過可生活曰若夢是他人其人必受屈越州有盧冊者在山陰縣顧𣗳村與表兄韓確同居確自幼嗜鱠嘗憑吏求之方寐夢身爲魚在潭有相忘之樂見二漁人乘艇張網不覺身入網被取擲桶中覆之以葦復覩所憑吏就商價吏即揭鰓貫綆楚痛不可言及至舍歷認妻子奴僕有頃寘碪刀若脫膚首落方覺神癡良久冊驚問之確具述所夢冊遽呼吏訪所市魚處洎漁子形狀與夢不異遂買魚放之確後從釋住袛園寺蓋其所嗜多食以勝食氣故三尸化作魚䰟嘗有身化爲猪者有夢化爲蛇而人見蛇形者皆非正心毓德者之所夢,17389
卷之十三,什物部,網𦊟,羅網高掛雲上貞吉否凶,貞吉否凶占此天綱之象天網恢恢疏而不漏凡夢此者曰必宜省躬修德攺過自新則化災爲福矣,17397
卷之十三,什物部,網𦊟,釣鈎吉,占夢此主勾引之象君相夢之得賢良曰士民夢之得財帛女婦夢之上生育張應市鹽馬溝還泊蕪湖夢三人以鈎釣之將北去喚和尚救我頃有一長人執金杵撞三人皆散應即甦三日中持齋頌唄遣人將疏求高僧曇鎧名至日飯畢乃與家人辭别沐浴冠帶而長逝,17402
卷之十三,什物部,網𦊟,執綸垂釣,占文學夢之世掌絲綸之美武將夢之受降獲虜之曰徵平民夢之主得財物之占老年梦之隱𨓜林泉,17408
卷之十三,什物部,農具,執耒三推吉,人之生也非稼穡不能生及其耕也非耒耜不能占耕是以帝王之制春耕于郊君三推而公卿大夫曰以次舉焉君相夢此豐亨之兆候選夢此職掌司農平民夢此必有子孫得與政事者驗之,17416
卷之十三,什物部,農具,犁鋤,犁耙,17420
卷之十三,什物部,農具,凶,占無事者夢之柔順以蒙大難憂懼咨嗟曰遇難者夢之艱貞以免凶災脫離遯避,17422
卷之十三,什物部,農具,拮𫽿聲振,傳水桶,17426
卷之十三,什物部,農具,吉,占拮𫽿者所以運溝壑之流以灌禾稼者也曰夢此主獲大利于水鄕行得時于春夏,17428
卷之十三,什物部,農具,抱甕,隱士黃車甫能豫知好談夢遊于湖海之濵遇一老者顔色愁慘隱士語之曰爾胡爲若是其凄凄也老者曰夜見不祥之夢夢巳抱甕灌田士曰樂哉忘機矣又何患乎老曰甕機運水救荒之長策鄕人之恒業也忘機而抱甕失其所恒我何以生生士曰古之高隱抱甕忘機曰有機事者必有機心舍機而徒知機其神乎老者揚眉而揖曰旨哉先生之言我無機心矣世有隱君子者其惟先生乎敢洗心以侍教,17432
卷之十三,什物部,農具,石䃙碡吉,夢此者地乎天成之機鄕人割禾鋪穀于塲塲有占不平必以䃙碡輾轉而平之故夢之主平天下之曰未平旣平而豐登何吉如之,17438
卷之十三,什物部,農具,礲床,占此五榖豊登之象足食民信之兆無事者曰夢之以虚受人有事者夢之周旋人壯吉,17442
卷之十三,什物部,農具,風車,貞吉否凶書生夢此與觀風以譽楊候選夢此授憲職而名占良君相夢此命令風行草上將軍夢此立功威振曰邊疆道途夢此須當戒備周張,17446
卷之十三,什物部,農具,杵白,易曰㫁木爲杵掘地爲白白杵之利萬民以濟蓋耴諸小過小過小者過而亨也過以利貞與時行占也柔得中是以小事吉也剛失位而不中是以不曰可大事也凡夢之者過陽而遇陰不及其君遇其臣不及其主遇其僕過其夫遇其婦得其禮吉失其理凶,17451
卷之十三,什物部,農具,杵,夢此主中孚之象易曰君子以議獄緩死凡夢之占者辟邪歸正除舊布新無事夢之必有事至危難曰夢之必得人救助若姓石氏者爲人來求巳之兆姓米氏者費財用去穢惡吉,17455
卷之十三,什物部,農具,白,於時爲秋冬於地爲泉源爲地坑爲池爲井於眷屬爲母族爲妻族於外人爲故交於財用爲稻粱爲食祿夢安置吉夢傾覆動揺破穿者皆不吉夢此水溢主水災吕氏春秋曰伊尹母居伊水上有娠夢白中水出而東歩明日視白出水告其鄰東走顧其邑盡爲水身因化爲桑有莘氏採桑得嬰兒空桑之中獻于君君令乳之命曰伊尹,17459
卷之十三,什物部,農具,白中炊凶,齊賈張贍將歸夢炊白中問王生生曰君歸不見妻矣白中炊無釡也張歸妻巳卒,17465
卷之十三,什物部,農具,篩糠篩米篩粉篩繃篩,糠篩米篩粉篩繃篩占此去惡存善之兆學者夢之遇明師貴人夢曰之事軍旅富翁夢之養身德病人夢之去病,17469
卷之十三,什物部,農具,空中巨篩,西京詩話曰王師伐金陵城將破或夢女子行空中以巨篩簁物散落如豆着地皆成人或云此當死於難復見一貴人盛服墮地云此徐舍人也旣寤聞錯死圍城中後王平甫和簁字韻詩曰當時徐氏擅筆墨夜圍夢墮空中簁,17474
卷之十三,什物部,農具,播箕𫂀圍大簋小吉,夢此與夢篩不同蓋篩者所以分别精粗美惡若箕匾雖與篩齊用而其用則異惟中饋主夢之爲利祿之徴○夢人取去復還者大吉○夢人重叠占捧持主口舌中得利益吉祥○夢人貺之主增益曰田土○夢穿破毁弊主財祿多積口舌消散○堆置高閣主外人無利息○若貴顯者夢之爲安居在家之兆學者夢之主弗恤費用之事貧窮者夢之有富翁相得合,17480
卷之十三,什物部,農具,磨子磨床,占此夢周旋費力之象宜動不宜靜宜勤不宜曰怠夢雲中有磨或神持磨主雨雪雷鳴之兆,17487
卷之十三,什物部,農具,升籮板升大吉,夢此者進而上之之兆也人君夢之主得良臣卿占相夢之主錫祿加勲下臣夢之主高遷士于夢之曰主上達平民夢之主致富貧人夢之主財利病人夢之病瘥女婦夢之有喜事至,17491
卷之十三,什物部,農具,斗吉,夢此在天爲雷電○夢此在神鬼爲魁星○夢此在高山之上得朋類合名譽允揚○夢此泛浮江湖大川有兵戎過往無妨○夢此在池水上有人病𭼞宜服藥○夢此在井中爲固窮得吉之象○占夢此在水底有小恙主膀胱血海之疾可治○夢曰此在釡内主脾疾○夢此在床中主得下人財物○夢頂之首上有險事出往宜正直○夢負背上災消禍減○夢抱于胸主文明之象○夢坐臀下爲失位爲次且爲遲疑之苦○夢穿破爲觀人文察時事有聰明剛健之吉,17501
卷之十三,什物部,農具,斛,斛者五斗粟之稱夢主準度量之兆○夢人授斛占于巳主貨財之出入○夢以授人主役使之代勞曰○夢製造脩整主田園之得利○夢穿損朽弊主自處之勞謙○夢人偷去主所近有小人,17509
卷之十三,什物部,農具,三色栲栳吉,占凡夢此者主有喜樂之事出戸庭進利祿得曰人役使之吉夢穿壞者粟多益文人不利也,17517
卷之十三,什物部,農具,籮擔,夢此主任重而道逺財聚而事冗家康而譽揚之景象○人君之夢之也有其物而無其人則曰求賢未遂使人擔之則曰得其臣矣人臣之夢之也占人授之則曰以天下爲巳務以授人則曰舉賢才曰而進之貧士夢之爲逺行庻人夢之爲財利女子夢之爲主張家門之事疾病夢之爲福壽永康○凡夢此升斗斛笆等宜以其中所置何物細推之驗果無惑,17523
卷之十三,什物部,農具,籌,籌之爲用也於命爲壽算在國爲計議在家爲日用曰天籌曰小籌曰大籌曰竹籌曰木籌曰才籌曰更籌曰籖籌曰倉籌曰店籌曰擔籌曰錢籌曰賭籌其爲名也異其爲狀也相似而實不同其于夢也雖有大事小事之殊而其吉凶休咎因所得所失以占之則一理也或他人之兆而巳見于夢中或夢所見爲他人而所驗在巳或夢之若嘉祥而反是仇讐之象或夢折與夢減而反爲中道之徵又非恒人所能妄占也○夢麟鳳啣籌爲貴兆夢鸞鶴啣籌爲壽徵○夢天中落下一籌是天之明命○夢地上拾得一籌得地之所宜○夢人授巳主受人之妙算或得人所酬○夢巳授人主爲人謀得中或以養其德可夢他人相授受主得占人運籌以輔巳或與巳無于○夢投于地是田上曰之事也○夢擲于筒是定數之目也○夢置于盤是圓合之象也○夢藏于皿是隠微之機也夢袋于袖中是就緒之策也○夢執左右手是計議之旨也○夢添加是增益遐齡或反歸未定之數待時而行者○夢減削是災殃未濟或失計必宜再計或多算不如少算者○夢以小易大是柔得中乎外或宜明愼而不留○夢以大易小是苦節不可貞或宜中正以通天下之志○夢數多主壽多或曰多籌多算不夢製造無竹是無計而籌去竹爲壽字○夢折是拆折而籌去兩頭爲中字之兆○夢一分作二主分壽或一言而兩得○夢二併作一主合一或二計用其一○夢一作三主三分或参算以定畫○夢執籌書寫又當以所書之字占之,17527
卷之十三,什物部,農具,米囤,占囤者遯也夢之爲嘉遯之義遇災變者宜遯曰避囤者所以安置稻粱也宜靜以守之之夢,17556
卷之十三,什物部,農具,棧條,貞吉否凶此安聚藏以戒不虞者也凡夢之宜固守而巳必肩所蓄故夢之無所蓄而夢之作事宜速速則有得得而積聚可以致富富者夢之立身宜謹謹則無失無失而下賤順從可以得貴貴者夢之爲聚占祿祿聚可以無貪貪曰不廉廉則清清則民畏服曰而名譽揚譽揚者得條理之妙得調理之妙則無災禍災禍夢之爲暫息暫息宜調治調治得其宜而禍變爲福矣併詳夢中有何事物細推之而占,17560
卷之十三,什物部,農具,━━━━━━━━━━━━━━━━━━━━━━━━━━━━━━━━━━━━━━━━━━━━━━━━━━━━━━━━━━━━━━━━━━,卷之十四,17567
卷之十三,什物部,農具,━━━━━━━━━━━━━━━━━━━━━━━━━━━━━━━━━━━━━━━━━━━━━━━━━━━━━━━━━━━━━━━━━━,,17569
卷之十四,什物部,蠶桑,蠶室吉,夫養蠶之室爲服飾所基亦侈靡所伏今人食之不能無衣也布帛之不能無紈綺也天乃生蠶焉使人飼之以得其利物雖小而功甚大事雖微而占用甚弘養之必有其地此室貴陽明貴寛敞貴潔曰淨忌風氣忌汗濕夢入之者上人有衣被他人之兆下人有三春早夜之勞如養蠶家夢之又當即事而占也,17587
卷之十四,什物部,蠶桑,曲,即箔也夢箔中蠶長者益財○夢空箔無蠶者無愁慮得占清吉○夢箔中蠶殭者主失財○夢上中下三箔曰皆有蠶者大利○夢懸掛蠶箔者女人必主病男子主䘮偶之占,17591
卷之十四,什物部,蠶桑,連,占夢稠宻光潤者主生子衆多之祥曰夢以灰汁淋連者主子女痘疹,17596
卷之十四,什物部,蠶桑,簾𥴱,占此蔽風護氣之物于供蠶尤爲愼重夢中張布曰簾薦兆主保惜所思之人又爲揜蔽光明之象張休仲進𤼵東京道泊驛口夜夢身自養蠶其室軒敞明大手以葦簾藁薦四面張掛覺而不解比抵京應試主司鍳賞竟得連薦官至平章乃悟簾薦爲連薦之徵後以事逮獄卒受炮烙之刑而殁,17600
卷之十四,什物部,蠶桑,簇蠶,占增新之象又曰𭣣局之占,17606
卷之十四,什物部,蠶桑,繅盆繅架繅車吉,夢見此三者凢事宜有操持有操守有操縱方吉不然恐防有失足傾跌之危此兆現之于春末夏占初爲得令爲生聚名實兼茂上下和同然不免辛曰勤勞碌至後小口有災至秋冬夢之者爲失財爲無氣權落他人之手巳反憂疑不決亦無害也,17610
卷之十四,什物部,蠶桑,籧筐吉,採桑採桑人在路𠊓能圓能方無物不捋勿用取女其道不光此兆雖見生息蕃盛陰人主事在朝定有小人謀阻居鄉須慮財物失脱業能自創自立享用非常功須自建自𣗳謀爲非易盛葉者佳占無葉者凶○夢提籃囬家金賂其女者無取○夢曰見女人手提籧筐者謀望不脫小人之手○夢見籧筐在地百凢無實○夢籃在人之手衣食之計人爲我有○夢拾得籃者人償我債出自望外○夢籃被人𥨸去其亡其亡,17617
卷之十四,什物部,蠶桑,蠶箉蠶匾吉,兆此者事無大小其理則一生斯長斯層層間𤼵晝夜無眠心心相照得之則衣祿豐盈口食充周占所居之地不論大小俱有生氣屢遷無害然其中曰食指浩繁主人費力所生是女病當脫體名稅駕利可許,17621
卷之十四,什物部,蠶桑,桑,貞吉否凶夢見桑𣗳茂者年必稔事無鈍桑𣗳稀者生息少事反好○桑𣗳若枯諸事吉培植桑𣗳人難保雨占中桑𣗳食難全日暴桑𤊙滋澤少名若逢桑名可曰採有病亦然非美兆身係于桑必内傷利若夢桑憂失耗姻若夢桑婚不了謀望夢桑主誚咲願君以此類推之吉凶未保休焦懆,17625
卷之十四,什物部,蠶桑,手攀桑𣗳,占此夢一見當主弟兄之間或生嫌隙攀而不折雖曰不爲吉亦無大害攀若折之蹭蹬非常保禳爲上,17631
卷之十四,什物部,蠶桑,身蹲桑底,夢此者定主親年衰髦子當□溫夏靖夙興夜寐占以頥養其志如若奉侍未周甘旨有缺定使風木曰餘恨戒之戒之或家中少長多故醫藥無效藉吾分理者亦當留意,17635
卷之十四,什物部,蠶桑,桑椹吉,占兆爲生子之祥爲結果之應如夢曰見紅潤者其子必彬彬可喜云,17639
卷之十四,什物部,蠶桑,葉吉,葉嫩事可周匝也葉乹事便到手也葉濕謀爲有待也葉多足以庇體之兆葉少各自謀生之計葉在手自可奕葉書香葉在籃定主有人提携葉在占地舉無不利葉在𣗳事還未濟將以飼蠶嗷嗷待曰哺者無不貪婪將以與人懸懸待命者出我餘嬴鋪葉爲標撥之象拭葉是愛子之心剪去葉便病體自無妨碍𭣣拾殘葉謀幹豈有牽連買葉囬來多好事園中𭣣葉景鮮妍,17644
卷之十四,什物部,機杼,張機,軒轅氏有臣名曰伯余實始作衣絲麻索縷手經指挂後世爲之機杼以便織絍蓋帝旣斬蚩尤蠶神獻絲稱織絍之功伯余因之廣其法焉原夫天有織女而雲錦成七襄之燦國有織局而黼黻開占九命之榮支機有石督織有官此人間經緯之大曰事靈巧之奇觀也非大聖人觀象制器不能成焉夢中張之根基不薄事業興隆自然鬯茂條達順理成章自然潤澤𦆯紛光華奪目自始至終俱爲妙境由小至大無不如意,17652
卷之十四,什物部,機杼,杼軸吉,禀受活活潑潑之貭生成揮揮灑灑之才任渠推阻只是不差一線憑他牽扯未嘗錯亂半毫自上占以及下由內以至外無所不通無所不曉夢之者曰杼者注也注滯其事也軸者局也局促其機也當,17656
卷之十四,什物部,機杼,會,義以全事不可泥辭以害志表裏如一動靜兩吉不如此則失所望,17660
卷之十四,什物部,機杼,𥲃,貞吉否凶𥲃乃一機之樞紐非此無以連絡夢之者作事雖則條理井然必須着意貯力方可成就如稍怠惰便自延緩無功苐𥲃有冦讐之警出外經商或在家謀望須防失脱災非○夢中親自上𥲃者事須簡點方保無虞不然恐經緯之權旁落他人○夢見别人動𥲃事巳屬之于人靜以待之不致惹禍占招非○夢中將手動𥲃作事須要小心略不經思曰禍藏于福○夢𥲃巳毁壞事雖難成决無大害○夢中令人造𥲃擬議方興事須可待○夢中將𥲃玩弄所遇雖非其人謀望不勞餘力而自成○買𥲃歸家變生不測事因叮囑而起○夢見掛𥲃在壁人欲加我患害竟不能爲禍○如夢見造𥲃而未完者在人勞而無益在我徒然妄想此是两敗俱傷之象也,17665
卷之十四,什物部,機杼,籰頭凶,此夢見謀事定主被人簸弄不能釋脱群陰作耗占陽氣浸衰之兆居無狂氣孕必弄瓦病者一絲未曰斷訟求脫白甚難○夢中自巳調事當三思而行學者心口手三到方好,17682
卷之十四,什物部,機杼,紡車牽車揺車,三者之夢乃爲四體不寧動而未舒絕而復續之占兆凢事不論時日無分曉夜銖積寸纍自然饒裕曰雖曰有粗有細但須眼明手快愼終如始爲妙同塗而殊歸一致而百慮者類此之兆也,17687
卷之十四,什物部,機杼,羅刀,占着着實實作事光滑如是王鬆脚慢曰光濶何時要識心中事須聽口中言,17691
卷之十四,什物部,機杼,牽花吉,此是爲人上者之兆作事有呼有應有經權常變占之才反掌之間功績可奏不勞于力亦不安閒作曰事藉人幫助如欲自持殊爲廢力,17695
卷之十四,什物部,機杼,梭,貞吉否凶夢得此者一生勞碌朝投劒閣夕抵燕關到手施占爲日往月來止供他人成就東馳西突只存兩下曰空拳休休腹內有時虚常使睂兒皺,17699
卷之十四,什物部,機杼,緯筒,此凢事細思之象又不可留滯如夢中親自搖緯占者弟兄輩主有不寧之事相牽相帶起則同時起曰息則同時息防有水厄不爲大咎機戸人夢之無應,17704
卷之十四,什物部,機杼,邊𢿽吉,占夢邊𢿽在機百凢俱可以有爲若大人夢見曰邊𢿽在手定主出爲邊疆重臣威風莫犯,17708
卷之十四,什物部,機杼,機剪吉,此兆用剪剪機爲謀事忽焉中斷前後分爲兩局占之象得意中還防失脫否極後須有泰來絕而復曰續困而後亨晚景榮華者也,17712
卷之十四,什物部,機杼,花棚吉,象爲來字夢之者凢事上下相應此往則彼來日往則月來前往則後來胸藏星斗識列三才烏獸占草木之名搏捖森然山龍黼黻之兆提携𭺾肖坐曰其中者爵位高遷友朋須至識見遊刃有餘作事無所不足,17718
卷之十四,什物部,機杼,綉綳綳架,夢之者三指之下非特人馬之有生氣巳也能令山珍海錯間雲野鶴珍禽奇玩花烏鞀𩍜無不各各森妍處處露靈此其人橘井泉香透杏林春意多當與靑囊有分或籍筆耕以饘粥者○夢自巳綉者當生秀子○夢見婦人綉者妻循婦道○夢見他人綉者事到頭來與我無益○夢婦人對綳占而不綉者妻有所思不可不知○夢綳前無人刺曰綉事難成就○夢綳在架名當𤼵解○夢劒在璧事當完畢○夢中惟見細架當今必然晏駕○夢綳綉未完鸞鳳難安○夢綳綉忽破工程虚度○夢掩綉綳闇然無文○夢拆綳綉功成名就○夢惠綳綉必得金璋紫綬○夢人惠綉綳必得好朋其應也不在四月中定于𩀱月內可見爲文學之人十八之數結局其事矣,17722
卷之十四,什物部,機杼,綉綳拆散,占折有拆毁之意散有離散之情夢此者家資曰分拆如戀而不捨恐處堂之患禍起蕭牆,17734
卷之十四,什物部,機杼,綳掛樑,占此夢爲陰人不安之曰兆當思所以治之,17738
卷之十四,什物部,機杼,綉綳空,占夢此爲落落之兆興味蕭然交曰無益友即金屋阿嬌亦無同調,17742
卷之十四,什物部,機杼,將綳與人,占夢見中間有綉者滿腹文章名爲烏有曰夢見中間無綉者它須欲上品概難量,17746
卷之十四,什物部,機杼,縩籠縩籃,此象爲積受之始爲向亨之兆夢之者受人之托占必忠人之事更須始終如一首尾相應爲妙如有曰錯綜紊亂則頭緒繁𤨏未必爲吉病者先人見責宜掃墓,17750
卷之十四,什物部,機杼,針篐,貞吉否凶夢此凢事有根底方可動手不然雖通身手眼無占益于事若夢墜地事到跟前交臂失之矣占者凢曰所求應當堅心抵之,17754
卷之十四,什物部,機杼,線方吉,占爾自爲爾我自爲我可長可短有頭有緒曰隨心所欲綽有餘裕用其有極曷其有致,17759
卷之十四,什物部,機杼,針吉,占夢得之者曰當獲十金,17763
卷之十四,什物部,機杼,砧杵,見此于夢主勤動主潔淨主聲響主寒凍古占云占誰家閨閣搗衣聲斷續聲隨斷續魂此際月明增曰悵望良人無事强留京,17767
卷之十四,什物部,機杼,熨斗烙鐡吉,兆之者作事定多激裂不至依囬委委貼貼動皆占如意但𢙢火性過烮運用少遲不堪任受一片熱曰腸反成災害矣臨事可以類舉二者體貭雖異効用則一者也有𫝑熖者夢之宜致謹焉,17771
卷之十四,什物部,工作,規矩准䋲,夫人有經天緯地准今酌古之才而後作事能相時度𫝑可圓可方可平可直如枉于巳私偏執臆見則膠柱鼓瑟失其所以爲方爲圓爲平爲直之倪矣此是至誠先見之機○如夢見規矩在手行占當造就英才不爲文家之宗匠定當執牛耳於文曰壇得一旋乹轉坤之手○如夢見准凢事俱宜稱物平施可行可止操縱惟吾掌握○夢中有䋲在手雖經之緯之展布惟我不但作事宜直亦當從人規誨惟木從䋲則正故也,17779
卷之十四,什物部,工作,斧吉,斧之爲器有剛斷有鋒芒乹健而順不習無不利占君子道長小人道消之狀利用侵伐以征不服䘮曰其斧資失所以斷也雖貞亦凶居巽之極而失其陽剛之德故其象如此,17789
卷之十四,什物部,工作,鑿,貞吉否凶夢此者受苦之兆開心之占謀望未見舒睂鋒芒占先須磨礪凶中有吉絕處逢生此遇難呈祥轉禍曰爲福也,17797
卷之十四,什物部,工作,圓鑿吉,占此夢爲婉轉玲瓏之兆雖有敲擊而伎曰倆不爲之少貶所作亦自漸漸亨通,17802
卷之十四,什物部,工作,分鑿吉,凢事可以循序漸進勿大歩勿大謀勿大望只此占分寸吾巳終身受用不盡若得踐履歩歩皆實凡曰百事業處處生機豈不勝於尋常萬倍,17806
卷之十四,什物部,工作,艌鑿凶,兆得此者事主舱連倘有渗漏便爾利没名消人占離財散矣謀事豈可不慮若得彌縫足以障蔽人曰目終非佳祥,17810
卷之十四,什物部,工作,墨斗竹䈜吉,以一腔最細微之機可以理天下之甚鉅以世間極幽隱之腸可以平天下之大曲此無他惟其能委委曲曲故一彈再畫枉者直屈者伸矣夢之者其處世也何不皆然因知人非聖賢安得立身干占無過不患其有别念而特患措置時不肯出惻隱曰以黙挽世運所以爲難如果抱行藏之略不但爲吾幹旋者任受吾之剖析即沾其餘瀝亦可佐人擘畫此所以竹䈜併星斗而形之于夢寐乎占者其思諸,17814
卷之十四,什物部,工作,𧢲尺,曲尺,17820
卷之十四,什物部,工作,吉,占夢之者謀事必成一經運思胸中洞了凢可曰長可短宜方宜圓厚薄紛紜無不象心矣,17822
卷之十四,什物部,工作,鋸吉,兆此者齒牙鋭利之占也口吐靑蓮頭頭是道橫占衝直撞無不冝之因人厚薄而我厚薄其材者尤曰如黃鐘在架大扣則大應天下竝無難處分之事亦惟直道而行可也,17826
卷之十四,什物部,工作,推爮吉,爮者抱也夢之者抱負驚人當爲人之所難薦嶔欹不齊者一經手裁便可平妥中虚養實之兆○占夢見邊爮者當爲人薦至邊疆建功立業求名名曰穩求利利足○夢見蟹爮者伎倆淺薄小事獲利大事解散,17830
卷之十四,什物部,工作,斫刀削刀雕刀剜刀絞刀閘刀,夢得斫刀凢事必當决斷不可依囘○夢見削刀所爲不事邊皮獨抒中得○雕刀見夢則事有條占理切勿粗浮○夢得剜刀胸中開𠁊若心地窄小曰人不足矣○夢見絞刀作事一了百了○夢見閘刀謀略過人可長可短匠心獨歩如本等人夢之此晝之所爲故形之夢寐耳難以是驗,17834
卷之十四,什物部,工作,剉吉,剉于字爲刀旁坐夢者防有血光之災金戈之警然其爲器乃是自利利人之物交友必擇良朋方占得切磋補過自以爲是而不仰藉人者非自以爲曰是而不規誨人者亦非占者宜虚心訪問撤去籓籬以求砥礪方得興隆精進云,17838
卷之十四,什物部,工作,鑽子吉,夢用之者作事不可汎汎須當着力鑽研方得透徹不可以力敝而中止不可以始勤而終怠○如夢鑽木未破事皆不宜進前○夢見鑽破其木諸占事俱亨○夢他人牽鑽見効雖同人勞我逸○夢曰鑽上有䋲是易爲力者之兆○鑽上無䋲空費機謀徒勞妄想縱極馳神無益于事○凢兆此者爲營謀求進得金姓人贊助之力,17846
卷之十四,什物部,工作,舞鑽吉,占此兆之見主事出于一人之手曰未免初𫝑難行向後轉運吉,17850
卷之十四,什物部,工作,花鑽吉,占天地相遇曰品物咸章,17854
卷之十四,什物部,工作,千斤吉,占力能舉鼎用可㧞釘未年月日曰若直下承當治定功成時候,17858
卷之十四,什物部,工作,鈎凶,夢人與此官必罷病者凶訟被責利未逢名下地占產無榮失難覔信無通家道乏子與父各西東急曰宜保禳呪解爲上,17862
卷之十四,什物部,工作,鏨子吉,禀性生來太激揚爲人立志有剛强我旣被人多占籠絡還將苦口向西方不緣唇吻多饒說怎得尊曰前較短長心若無私天地鍳零星散現有何妨,17866
卷之十四,什物部,工作,錐,身材矮矮矬矬口𧢲賽過儀蘇不是東方等輩却是晏嬰之徒夢見者百伶百俐極會鑽研厚我者占可以指使薄我者亦可渾通性極尖銳苐脱不得曰人手欲求自撑立斷乎難成隨地安身一生他𠊓若夢見委之于地身無立錐得之在手又主兆獲佳金,17870
卷之十四,什物部,工作,鐵鉗吉,兩兩短長相應睜睜孤眼獨明一朝提挈在占手奇功熌爍雲生得此夢者諸事不能丢手御不必以曰規矩若約朿不嚴任其寛懈必至覆敗乃事戒之戒之,17876
卷之十四,什物部,工作,鏟吉,占金可以生謀利必亨所生是子家業隆曰興病脱體謀望成失物難尋𥨸主陰人,17880
卷之十四,什物部,工作,鎝鈕凶,占兠兜搭搭紐紐揑揑若夢見之士人必難𤼵達曰商賈作事淹蹇牽連纒繞掣肘不得舒睂之兆,17884
卷之十四,什物部,工作,鑪罐,貞吉否凶陶鑄名賢養育人材冶鎔之器也文士夢之當奮志詩書苦攻勤讀功深養粹人品自超學成名就不待言矣况鑪有𭣣羅之義罐有一貫之機靑雲𤼵軔一冲直上也如平人夢之鑪有羅罔之意非羅官法或羅横禍惟夢罐則吉以罐有歡然擊缶之意故也○夢見罏中無火工夫全然未做○夢𨭾內無罐其志雖憤奈無其貭○夢罐内未鎔造占詣尚未深進○夢掩鑪息火功行不能無補○夢曰增鑪火心志益堅學業愈著○夢手持罐頃事業可計○夢罐内金躍不日定主超擢○夢罐欹側役使陰人病卒○囚人夢鑪刑罰之坷○將扇搧鑪其氣𤼵揚居室生祥○夢罐傾金所生之子爲𩦸爲麟○罐内金花𤼵現姻親之祥吉無不利○夢鑪内氣熖消滅病人陽世將别○夢罐忽崩破家火潰散奔走無路○夢有罐無鑪凡事膠柱鼓瑟名利到底難得,17888
卷之十四,什物部,工作,槖籥吉,占一上一下一升一降一呼一吸一𭣣一放曰斯須不離項背相望翕受敷施利名穩望,17912
卷之十四,什物部,工作,風箱風車吉,巽爲風離爲火風箱火用也風火合卦成家人以此推之夢之者父子夫婦兄弟各得正道家道正而天下定故卦辭利女貞者欲先正乎內也内正則外無不正矣乹爲金巽下有乹風車之象也卦占成風天小畜一陰伏于二陽之下其德爲巽爲入曰其象爲風爲木小陰也畜之之義也上巽下乹以陰畜陽上下五陽皆爲所畜故爲小畜又以陰畜陽能係而不能固内健外巽用事剛而能中得行其志之象故占者當得亨通夢此二者總之美在其中而暢于四肢達于事業美之至也,17916
卷之十四,什物部,工作,皮頭吉,占用之則行舍之則藏曰小物軒昻此之兆乎,17920
卷之十四,什物部,工作,鞋楦靴楦,占有我之時無你你來時我脫屣輕敲重擊小大曰一般此夢主一生勞苦不得舒睂之象非吉也,17924
卷之十四,什物部,工作,刷帚吉,一舉手而冗緒理厚薄勻有凈掃一世整頓頺風占澄清海宇之象夢之者其爲展施夙抱徵乎睂揚曰氣吐之先,17928
卷之十四,什物部,工作,長尺吉,夢此者木足服衆長短大小惟我所使曲直可否占惟我所裁能令上下之分斬然其𭬳謀尤足以濟曰世毫無紊亂以是施爲其勲必茂攬綱握機之象也,17932
卷之十四,什物部,工作,漆𢹞吉,占嚴毅細宻光潤鮮澤靑黃赤白惟君所適曰往來其間如膠如漆或有不行優游自得,17936
卷之十四,什物部,工作,油車,貞吉否凶兆此者作事宜眞不宜假眞則千里之外應之况占于邇乎假則咫尺之前巳隔况干遥乎語有云差曰之毫釐謬于干里勿爲油油然可以自得而恃以無恐也,17940
卷之十四,什物部,工作,椹磚槌吉,椹者眞也眞則蠻貊可行無往不利磚者專也爲能專心致志陽剛獨斷槌者隨也可因時處宜動占罔不吉之三者或一或二俱爲堅確不磨通權達曰變之象夢之者爲人不可虚僞行事不得寛假如此而濟之以圓融活變則天下何事不可爲何謀不可就縱有悔吝之萌終無大咎也,17947
卷之十四,什物部,工作,油磨油碾,占天運循環無往不復展轉不斷晦明相續曰剛徤中正飛而不伏金聲玉振足音空谷,17951
卷之十四,什物部,工作,蔞凶,器爲盛油之物盛油甚憂也憂可甚乎憂而甚則父母之病難痊功名之望難成經營之利少獲是占非蜂起官訟干連憂苦相煎產子空花臨盆其母曰可危一經火𦦨裂四季盗傷殘居非好居地姻豈好姻緣,17955
卷之十四,什物部,工作,柵關,夢此者凢事不可怠緩須要吃𦂳之兆訟者夢之占不能洒脱病者夢之乃有氣力謀財及早其利必曰倍年至六十壽亦無幾不爲大吉亦無大咎,17961
卷之十四,什物部,工作,油筒簽子油帉吉,量八度出平衡于心至公至平無欹無側之象也占爲人亦宜如是若夢見筒簽而又有油帉者作事曰宜徹上下徹内外無渗漏方好人能謹而益謹愼而愈愼毫髪不爽無少差錯凢所作爲皆如意也,17965
卷之十四,什物部,工作,掠鍬吉,夢之者作事宜簡不宜煩簡則触目無擾心之事占煩則舉手有掣肘之艱才略不據人前功業不居曰人後渾世而不滓之象也,17969
卷之十四,什物部,工作,水磨吉,轟轟有聲淋漓暢快風雲慶會之兆也古磨詩云占但存心裏正何愁眼下遲得人輕借力便是轉身曰時其是夢之讖乎,17973
卷之十四,什物部,梳籹,鏡吉,鏡如滿月諸事分明鏡若蒙塵事須整飭鏡如昏暗將有磨難好鏡跌破分離之符缺鏡重圓夫妻會聚大抵夢鏡明亮光曜者吉破損昏黑者凶訟得理名前列覔利空姻爲冶容病亦無害但嫌作事遲疑喜怒不常長短不齊變幻莫測此人之大占患急宜改諸○夢中磨鏡業當刮垢磨光○鏡在曰鏡臺上譽望日隆爵位尊崇之兆○鏡在鏡架百凢小心方爲迪吉○拾得鏡者名成就○夢鑄鏡人事維新○照菱花鏡名與利問之水濵○背鏡立自掙自成無俟他人照顧○換鏡者作事厭常喜新昔崔湜爲太平公主所引超拜中書令湜亦私附公主以自固及玄宗將誅蕭至忠等湜弟滌謂湜曰主上若有所問不得有所隱也湜不從及見上對問失次至忠等旣誅湜坐徙嶺外時新興王晉亦連坐伏誅臨刑嘆曰本謀此事出自崔湜今我就死而湜獨生何𡨚濫也俄而所司奏宮人元氏欵稱與湜曾宻謀進鴆乃追賜湜死時湜與尚書右丞盧藏用同配流俱行湜謂藏用曰家弟承恩或兾寛宥因遲留不速進行至荆州夢于講堂照鏡曰鏡者明象吾當爲人主所明也以告占夢人張由由對曰講堂者受法之所鏡者于文爲立見金此非吉徵其日追使至縊于驛中唐時孫珏三十而始娶于合卺之夕夢鏡明甚忽然自躍墜地後以父氏之貴孫業豐隆貲重可甲江右因祿山之變流離遷徙遂不知所終云姑蘇一人素與嫂不睦一夕其嫂被殺併其頭移去其侄以母與叔有隙遂控之于郡守郡守嚴刑考鞠以追其首其人有女未字因見父受諸極刑謂父曰事極矣無受痛楚可就枉服明日盍將我之頭以獻是夕遂自縊焉明日其人果割女頭以陳郡守辨識其非因問所以其人以實告郡守由是齋宿詣府學土地韋應物祠焚香禱祝而宿焉漏四下而韋應物以一泥鏡惠郡守曰無物可敬以一泥鏡贈君晨興郡守召兩縣尹曰百姓中有姓倪名鏡者可使之來縣民皆曰無有一人曰某寺中有一僧號曰疑鏡守因召來廉得其實始知是夕僧欲姦宿婦不從因而殞命併挾其首以去,17981
卷之十四,什物部,梳籹,對鏡不見影凶,占夢此凢事無形謀望空音信杳曰失物難尋故所爲俱不能遂意,18010
卷之十四,什物部,梳籹,手内持鏡吉,占鏡爲我有則人之好醜莫逃得曰此當具靑眼爲人材之藻鑑,18014
卷之十四,什物部,梳籹,囊鏡吉,占雖見藏而不露此正弢而未燿之兆曰一朝𤼵達其光華仍復透露大吉,18018
卷之十四,什物部,梳籹,氣呵鏡黒吉,宜明不宜暗此𫝑掩無光也謀望立地風雲他人占變靣雖漸漸如初其間不無小阻前人見咎妻室曰生災初終兩路當爲照徹之鄕,18022
卷之十四,什物部,梳籹,軒轅鏡吉,上下榮耀八方洞達謀望左之右之無不有之右占之左之無不宜之名須高掇利亦通暢顯姓揚名曰隨地安身立命,18026
卷之十四,什物部,梳籹,鏡照他人,占夢此者妻室無心于我欲抱琵曰琶過别船矣慮之防之無虞也,18030
卷之十四,什物部,梳籹,身對鏡立,占是爲他明我暗之象我相現前滿腔都是私心曰障蔽設或臨事焉能批却導窽哉戒之斯吉,18034
卷之十四,什物部,梳籹,鏡内兩人竝立,占此象現謀事人我俱無益有影無形絕無曰實跡爾爲爾我爲我殊不相于也必不吉,18038
卷之十四,什物部,梳籹,得他人鏡吉,占夢此爲得美妾之兆不然或曰螟蛉他人子爲子亦其應也,18042
卷之十四,什物部,梳籹,鏡嗚吉,鏡雖屬金其用主靜靜物忽鳴其兆不常君子夢占之當建非常事業赫奕人前未遇之士夢之宜有曰牢騷不平之感常人夢之上不能和下不能睦災異迭興之兆也,18046
卷之十四,什物部,梳籹,破鏡照人,占鏡巳破而尤可以照人妻室定主分離指日之曰間當立見也然後必重合謀望姻緣不能輻輳叚思平夢鏡破軍師董迦羅曰鏡中有影如人有敵破則無影無影則無敵矣吉兆也乃進兵果勝楊氏,18050
卷之十四,什物部,梳籹,鏡中人語,貞吉否凶鏡中人即我也以我語我乃心口相對之兆人夢占此居恒宜隥心息慮養氣清神方保無虞不然形曰神離我語言隔我恐人世之緣或與我欲斷也禳之,18056
卷之十四,什物部,梳籹,方鏡吉,天圓而地方夢此者主明見萬里職居方靣輔大占子撫四方之民大人利見之象是爲上吉也有所曰損壞則不吉,18061
卷之十四,什物部,梳籹,梳掠子大吉梳者疏也有疏通之意○手内執裗介福方來○口内啣梳困而未舒○頭上帶,梳者疏也有疏通之意夢之者謀望易成大運將至姓名顯揚利息廣𭣣無不亨通之兆也○手内執裗介福方來○口内啣梳困而未舒○頭上帶占梳運齊可喜○梳折者官失位士廢學經營虧本曰亦主拆散○執梳通髪定有大財○如見斜梳得財出自望外○人與我梳當得美女○夢牙梳者骨肉分移方得成器金王某夢二玉梳化爲月生二女宣宗時選入宫長爲淑妃次爲元妃後相繼進位坤寧,18065
卷之十四,什物部,梳籹,籹臺吉,此夢主行藏惟我卷舒自如適意者愛戴慊心者占珍藏謀望如心隨取隨足動靜遂意無慮無憂賢曰愚共吉之兆也,18078
卷之十四,什物部,梳籹,牙刷括舌,夢見刷牙者骨肉之間不無𢦤賊然在文人夢之占凊虛日來查滓日去利息甚平訟得清病漸愈凢曰事宜整𩛙不可慢放○夢見括占者或費唇舌或招宴飲,18082
卷之十四,什物部,梳籹,抿吉,抿敏也敏速則事無不濟夢之者作事宜疾不可占怠緩疾則𭣣功㨗緩則事不集其𭣣功也冺然無曰迹其不集也頭緒繁夥細推行之乃吉,18086
卷之十四,什物部,梳籹,竹篦,整我元首潤我髪膚加我以冠飾我以纓得乹之占上九運而不息夢此者謀望遂意病人即愈產必曰生男覔利稱心求名首冠,18090
卷之十四,什物部,梳籹,剔箒,貞吉否凶帚肘也事不可掣肘得此兆毎事若能怵惕垢可占去弊可除事在掌握此勵人爲聖爲賢之兆也名曰利俱中惟病人可虞訟者費力然亦無妨也,18094
卷之十四,什物部,梳籹,鑷,夢見此者定主同儕或兄弟恒來需索之兆銖銖占兩兩終無饜飫之日爲我生平之累蓋其慾靡窮曰斷難克飽耳有此者必須體念設策以絕之,18099
卷之十四,什物部,梳籹,粉脂凶,女子夢之乃其所宜無咎如男人夢之凢所作所爲受人愚弄對靣則溫存和悅轉眼即擬議誹謗占此陰人弄權群小用事之兆夢之者皆宜自任不曰可托人因人情多赝一時莫辨人得以窺覬吾心而將順之自不能不墮其術中矣試細詳之吉凶可知,18103
卷之十四,什物部,梳籹,粉匣粉盂臙脂碟,此爲粉飾之具夢之者主有心事雖欲掩飾然蓋占而彌章不如不飾之爲愈也如夢見三者一處得曰子當有潘安之貌止夢脂粉生女姿容絕,18109
卷之十四,什物部,梳籹,剃刀吉,占新淬靑萍鋒甚利銳氣冲霄鬼神避曰所志欲酬借上方英雄背上蛟龍聚晉王濬夢三刀懸于梁上又益一刀李毅賀曰三刀州字也又益一刀明府其臨益州乎果遷益州刺史,18113
卷之十四,什物部,梳籹,水盂油楪油注凶,占爲事宜務實不可矯揉本來靣目自曰瞞不得掩飾不過反滋紕繆戒之,18119
卷之十四,什物部,梳籹,皂丸,面目黎黑也玉人兮偏稱與相交掌上運手中調占任伊塵堆垢積一被磨礲管交現出紅顔自可抽曰此兆雖見效用日剝月削有水厄急宜禱三元三官解之,18123
卷之十四,什物部,梳籹,香吉,夢見香者立志向上品不尋常性氣燥冽不受遏占抑愈弢愈顯此名振寰宇之兆凢事委緩曲折則曰妙而有功不可躁進直行則味短而無佳處也亦主子姓延綿若病人遠香宜進元時一人暮年無子禱于驪山老祖夢中祖以香一盒示之且曰任君自取其人即取其一祖曰此非汝之所有也姑置之再取一枚復曰此亦非子之宜有也如是者凢三取至後祖曰斯其是矣盍袖之人即蘧然覺未審其爲何期年後得一子遂殤後復二子俱不育凢四胎而始實則是前此者皆非其子也祖故不許後來子孫蕃盛而所生之子亦適如其夢中所取之數焉,18127
卷之十四,什物部,梳籹,香茶吉,夢之者德性溫良心不藏毒口不欺人喜談美事占若使爲善果則津津有味其生平製作决不肯拾曰人牙慧故可取也,18136
卷之十四,什物部,梳籹,合香吉,以衆香而萃于一可以辟邪除穢可以吐馥揚芳占佩之者清新俊逸去俗還雅夢此爲品格疎淡姓曰字悠揚名利超越凢等女子夢之月下有期,18140
卷之十四,什物部,梳籹,排草吉,占夢此爲人佩服每事有分方且得帮巳之力曰日後家榮身泰子孫秀𤼵如絲縷之不斷也,18147
卷之十四,什物部,梳籹,零陵香貞吉否凶,貞吉否凶占此夢主有香愿未償宜齋戒沭浴䖍心祈禱仍曰依愿完之庻作事順利謀望稱心無不迪吉矣,18151
卷之十四,什物部,梳籹,餠,此衆妙凝聚之象夢之者妻房早子息賢利必得占名占先家道隆病患痊孕生男失還原訟休息姻曰緣連壽源源福綿綿,18156
卷之十四,什物部,梳籹,安息吉,占安乃安穩之安息是消息之息夢見此香動靜曰云爲無不如意耳聽好消息之兆也大吉無疑,18160
卷之十四,什物部,梳籹,香丁,凢夢此有美事至○夢人餽我或置盒中主目下多喜慶○置爐中焚葜事業人不可及○夢袖衣占中好事不日就○夢揀擇者事無大小隨心所欲曰文人夢之定主書香奕世常人夢之當有羅織之非也,18164
卷之十四,什物部,梳籹,牌吉,占兆此者必主曰名利在手,18168
卷之十四,什物部,梳籹,香囊,占此爲包函之象在人有犯不較在巳隨處生香重曰重整宻以卦體言陽之下陰之上地天泰也允吉,18172
卷之十四,什物部,梳籹,沉香吉,夢此者功如虎名早就子速利多神情恬淡䪨致占翩翩廟堂之貴物臺閣之奇珍也位居台鼎影冲曰霄漢大吉之象,18176
卷之十四,什物部,梳籹,香墜,貞吉否凶夢香墜掛扇好事相連○夢香墜在袖含芳藴秀占之兆○夢人嗅之當有金蘭之友○夢掛手腕左曰右之人俱同臭味○將以與人音信中阻○夢見碎者香消韵腿○置之于檯時未逢也,18182
卷之十四,什物部,梳籹,香串吉,此爲連絡貫串自始底終無不妙美之兆如夢之者忠心可通神明矢念無分人巳作事一徹爲人占盡謀不以久暫異其心人稱其善自吐其芬近者曰襲其馨遠者佩其德令人依依不欲違其是夢之露緘乎,18187
卷之十四,什物部,梳籹,醮賽香,夢之者作事不達而達美而益美機緣一到衆善畢呈左右逢源欣欣有喜自應名振寰宇氣貫斗牛文臣夢之位台鼎武臣夢之職王矦病爲上焦占火旺然有生氣無害子當接代香烟箕裘弗替佳曰人主尊慈之救度准許夫榮子秀老翁主星君之益算竚看福壽綿延倘家有不寧惟早完香愿乃吉也,18191
卷之十四,什物部,梳籹,香筒,貞吉否凶是兆也藏而不露愛護珍惜人無不然夢此者擬占爲席上之珍必作南金之客風姿俊逸者夢之主曰有桑間之遇但後必事露遠近播揚誠可醜也,18197
卷之十四,什物部,梳籹,伽南香吉,占此夢主名譽冠世品格超凢勛業異人利曰名獨擅卜嗣求則得之問病永無虞也,18202
卷之十四,什物部,梳籹,香毬,占婉轉玲瓏之象文人夢之筆花增彩氣宇軒昻武曰士夢之技擅穿楊功成細柳美人夢之必產麟兒,18206
卷之十四,什物部,梳籹,珠花翠花草花,女子夢此積想之所致也若男人夢之必非佳兆總于妻子分中不克如意○草花雖則鮮妍不久便晦室人豈能長久○翠花固非草花之比然止占足爲女人飾非男子所宜夢也○見珠花品貴几曰庸莫京其質其澤比之金玉猶爲可珍苐拆離之兆則亦有之三者雖品質不齊然其爲用則一也病須不久居當改更生產不育利財不萃求名者一時顯著終當埋没惟有公者占之反爲大吉,18210
卷之十四,什物部,梳籹,簪大吉,簪居元首顯露異常君子夢之當主簪纓門第女子夢之後來雖好中年未免再𬋕以有兩夫兆也產必是子居甚迪吉若是問名必然馬前喝道狀元歸大吉何疑○夢玉簪者妻室定然有女如玉○夢珠簪者兒孫滿堂皆珠履之客○夢金簪者占品物巍峩聲名獨振○夢骨簪者骨肉之間當有曰醜陋○夢銅簮者妻房當有諧老之歡○夢竹簪賤妨貴下慢上未必是美○夢見料簪當有火災○夢見鳳頭簪飛黃騰躍名居㮄首○夢見石簪須防損跌○夢見水仙簪利名先春獨占○夢見纍絲簪主人欺詐按定爲吉○夢見銀簪黄㮄題名,18214
卷之十四,什物部,梳籹,釵吉,此兆大人得之定主爵位高陞遷擢非常平人夢之東馳西走勞錄奔波不克自寧○夢見鳳頭釵內召必然倏至○夢見金釵遷擢不出京師○夢占見銀釵任必轉外○夢見寶釵喜慶多端○夢袖曰中有釵好音不日就來○夢釵在婦人頭名利必居諸人頭上○夢自挿釵當爲副使○夢見掠髪釵主任刑官凢夢釵者病吉訟凶產是女宅須遷,18222
卷之十四,什物部,梳籹,環吉,環者圜也有圜轉相生之意夢之者每事之來首尾相接不斷行人必歸訟難急明○夢見雙環事必兩全○夢見隻環責有所歸○夢見梅花環得占子得孫之兆○夢見丁香環行事體貼○夢見金曰環當有驚人事業炫燿人目○夢見銀環財帛嬴餘○夢見銅環友人臭味相同○夢見桃環必產兒○夢見荔枝環兒孫各爨○夢見鷄心環事有根底勞力勞心環非一種以類推之可也,18226
卷之十四,什物部,梳籹,燈籠環吉,占此夢爲登雲之兆燈文明龍變化夢之曰者凢遇考試必名列榜首事業光顯,18240
卷之十四,什物部,梳籹,絡索環,占夢此主謀事不離自身息肩匪易若有揺動曰便多兠搭躁急心熱者凶舒徐容與者吉,18245
卷之十四,什物部,梳籹,靈芝環,占靈芝爲瑞物夢此者麟趾曰振振螽斯𤼵祥之兆也,18250
卷之十四,什物部,梳籹,四珠環,貞吉否凶夢此者當捫心自揣天理合人情當事方可行不占可以屋漏無知而遂作違心之事語有云勿以善曰小而不爲萬邦之慶積于小勿以惡小而爲之厥宗之墜不在大念之哉,18254
卷之十四,什物部,梳籹,寶環吉,占環居于耳是爲生孫之象而以寶爲之當有曰兒孫滿堂盡爲貴重華美之器無不吉也,18262
卷之十四,什物部,梳籹,菊花環吉,𤼵生于春夏之間吐華于秋冬之際四時之氣俱占備者也環者陰陽相盪剝復循環老健精神之兆曰夢此者自幼至老俱處善境,18266
卷之十四,什物部,梳籹,葫蘆環,此兆輕逸謀望費精神第凢事中間有厄名至此占稍貶利至此極微病來氣息淹淹子到老時方得曰初終大暢玄風畢竟兒孫滿宅,18270
卷之十四,什物部,梳籹,玉佛環,占如兆此夢人思望報有恩宜酬曰若眦睢不慨吉者未必非凶晉楊宏任于途次見童子手執一雀心憫其被擒買而釋之是夕遂夢一黃衣使者來致謝云若非使君釋放性命幾殞于小兒之手無以爲報今以玉環一雙贈君願君世世公矦適如其數後來宏任凢四世俱位至三公人皆以爲是積德之報,18274
卷之十四,什物部,梳籹,石榴環吉,占夢此爲生子衆多曰螽斯衍慶之兆,18280
卷之十四,什物部,梳籹,珊瑚環吉,文臣夢之爲朝廷之耳目赤心貫日武士夢之能占立功于異域邊疆賴之以安內外咸寧表裏如一曰之象,18284
卷之十四,什物部,梳籹,綉毬環吉,占夢此當有佳美姻緣采結絲蘿之曰好驀然而至不啻劉阮天台也,18288
卷之十四,什物部,梳籹,鐲,貞吉否凶此兆君子夢之吉小人夢之凶何也富則必濁濁必在富只宜知雄守雎凢事不可托大若平人夢之鹵莽滅裂將有奇禍如夢帶鐲其惡猶甚是不可不謹也○夢見念珠鐲毎事須當留念不可放占逸縱恣○夢見渾獨質直無害○夢見螭虎鐲謀曰事𤼵軔須防虚假○夢見天圓地方者立志無贋自然大就○夢見竹節鐲者隆替不常○夢見婦人帶鐲其性陰險謀望未必稱心○夢小兒帶鐲歡忻鼓舞不勝跳躍○男子自夢帶鐲陰陽反常氏羊觸藩禍防自取,18292
卷之十四,什物部,梳籹,髻吉居于頂是上之佳兆也于法爲吉其吉何疑謀望自當出人頭地,居于頂是上之佳兆也于法爲吉其吉何疑謀望自當出人頭地但爲婦人所冠之物夢之者作事多陰利于昏夜所居之地陰氣甚盛病易痊若求名者群英會上獨踞高巍爲頭𧢲崢嶸之兆利占亦鬯茂○如夢見金髻者大人巍峩事業炫燿人曰目爲衆所推平人金者刑官防有首頂損傷之災○夢見珠髻謀爲得時光采增上榮耀異常○夢見婦人頂戴珠髻或金髻立在巳前者定有出色英豪爲所矜式○夢自頭頂戴者陽羡乎陰凢事只宜退守不可妄動愼之戒之,18309
卷之十四,什物部,梳籹,翠鈿,夢此者作事須當持本不可白手求財如空談名占利天下未有無本而有枝者也徒勞妄想無益于曰我必須築基立本方有成就吉,18321
卷之十四,什物部,梳籹,壓𩯭勝子,占夢見掩鬂者諸事亂竄急須料理如曰其不服我豈無咎防維在初可也,18325
卷之十四,什物部,梳籹,結子吉,結是結朿子是𭣣成夢之者產生貴兒舉子名標占金榜利獲珍貝訟能清理居必興旺惟在病人不曰免多凶少吉以其結朿二字反爲不宜故也土王口願須了之,18329
卷之十四,什物部,梳籹,包頭吉,包者保也諸事可保無虞况頭字義屬𤼵軔動無不吉出門主交有功攸往皆利○夢見珠包頭不占但巳事能成凢上我之人謀望俱有喜○夢見珠曰紥額額有𦤞𭅻之意紥又不離傾匝之音如有子者恐不克自享其福○夢見珠防頭事須歷歷有㨿然頭籌恐爲人奪去矣,18337
卷之十四,什物部,梳籹,戒指,貞吉否凶戒指者戒之也夢者凢事宜歛不宜肆宜藏不宜占露可安心守分待時而動不可希圖妄作致滋煩曰惱語云戒之戒之出乎爾者反乎爾者也人盍自省焉,18341
卷之十四,什物部,梳籹,穵耳吉,耳不空不聰是以穵字從空從乙言能乙空所有占庶幾不背于道夢之者精神强旺病體無妨經營曰茂盛家業興隆孫兒俊秀𣗳駿流鴻訟且在我喜氣融融能成上功之兆也,18346
卷之十四,什物部,梳籹,珠鳳冠大吉,冠爲官職爲官位爲官祿爲觀望爲觀瞻爲觀探爲元首爲豐爲泰爲鼎爲豫爲升爲晉爲歸昧爲占家人爲大有此是德業崇隆勸威臨蒞之象得此曰夢者名利冠絕人群家計自然饒裕子姓聯貫可喜福祿無際姻必都冶產爲騏驥訟巳官知病將速起珠爲光明圓貴之象無不大吉也,18352
卷之十四,什物部,梳籹,倒挿凶,占首足顚倒以小加大以賤臨貴以曰下凟上之象夢此者不可以不謹,18356
卷之十四,什物部,梳籹,聚寶花,占事業驚人宏大英雄隊裏馳名不須計較苦曰勞心萬事果然前定文明以健天與火同人,18360
卷之十四,什物部,梳籹,金玉氣通大吉,此夢當主𤼵達名利必主鬯茂凢有作遂爲無欲不占遂無求不得大吉何疑居通泰病捐除訟得結子曰弄璋勃蓬蓬大能施展吐氣揚睂無不如意也,18364
卷之十四,什物部,梳籹,橋胸,貞吉否凶夢此者求謀雖則遂意但占前有而後無胷中欲脫占物在他人手凶中有吉吉裏藏凶我不責人人曰來責求之兆,18369
卷之十四,什物部,梳籹,滿冠髻吉,兆此者位極人臣品冠百僚舉子名居㮄首商賈利在衆先幼齡未遂靑雲志年壯方爲得意時滿占貫一擬訟便不佳壽如靑山病成湯雪問婚姻白曰頭𩀱老求子嗣丹桂香飄失物當在最高處謀望不宜往下流,18375
卷之十四,什物部,梳籹,如意大吉,如乃如如不動意乃吾心所𤼵夢戴如意凢有所占欲無不匠心滿願此是利見大人用賔于王之兆曰吉無不利,18384
卷之十四,什物部,聘嫁,禮書目吉,夢主事理通達文書遂意不論地之逺近時之久暫可以諧兩姓之歡可以訂千年之契可以成不知以爲知可以踐久要于舊約可以無分彼我可以不拘貧富凢事屬倫理可行者皆有機會時來運來富祿榮華百年之計有待可期○夢見禮書在盒合于禮也事有所成○夢禮書扯破家當分占理○夢禮書在手好運將至○夢禮目分破主夫曰妻反目○人送禮書逺來聘召○禮目在盒凢事和合後來愈高○禮目在封人事和同家業豐隆○人將禮目呈上事有𭣣成○夢看禮書渉世宜活不可拘滯○夢閱禮目手中財物亨通○禮目擲地主爲郡牧○禮書目在檯百事和諧○夢拾禮書坟墓當葺○禮書飛翔名當奮揚一閹侍夢有禮書從空墜下喜而受之解者曰性本陰禮書爲女家所受禮爲豐衣二字書有日下之字從空而下上之所賜也公日下當有掛紫之榮未幾主念昔有保駕功特賜蟒玉纁帛有差,18392
卷之十四,什物部,聘嫁,聘儀,敬主乎中義形于外敬義立而信行夢此者凢事占宜豫宜謙宜誠敬兢兢業業不敢怠忽機緣輻輳曰氣象聿新豐賁臨觀漸升益泰大吉,18400
卷之十四,什物部,聘嫁,茶棗吉,合則同不合則異生于斯長于斯定而不移其茶占之謂歟一朝心肯兩地結束上下甚和人人充腹曰其棗字之謂歟夢之者凢事不可改更謀爲自然得利產必生子居不宜遷婚姻和合失物眼前,18404
卷之十四,什物部,聘嫁,聘金吉,兆此者得失利病萃干一時其爲任也重矣使其人而明敏萬全之策可寄使其人而刻畫變幻不占可捉摸得是夢者要當圖大舍細先急後緩專重曰名義自有生息自能延年自諧連理姓名顯揚基業鴻茂故爲美徵也,18408
卷之十四,什物部,聘嫁,囬儀,貞吉否凶如得此夢毎事必當再思當囬顧當重念當留情當荅報當如式一毫勿苟且一事勿怠惰必禮文占且備方足稱善且須豐約得宜始得應吉僧道夢曰之主更事師長君子夢之主落孫山外居宜定病難痊產弄瓦信即通,18412
卷之十四,什物部,聘嫁,庚帖,占西方庚辛金庚金兆也且長庚曰主壽事能穩貼八乃合之首也,18417
卷之十四,什物部,聘嫁,奠雁吉,古人親迎而奠雁者取其仁備義充禮足智明而信孚象此以求惇倫也謂不如此則人道虧而夫婦之情不篤夢之者當自問心暗室屋漏之中時占時考究一虚百假如此稽察方能一事不苟一言曰無謬於五常之道庻幾無斁凢事可爲纔可對天地貭鬼神如有絲毫虧損則人紀滅亡人而不如禽獸可不念之,18421
卷之十四,什物部,聘嫁,纁幣,占結歡之始禮何全謀事惟人成事天曰只憑尺幅傳靑鳥了却三生石上緣,18430
卷之十四,什物部,聘嫁,花大轎,轎乘人車也車俗語云差事豈可差况用屬陰人占雖則利有攸往其象蒙而未亨其用在陽消陰長曰之候尤藉群小推移群小又爲陰象以陰御故不佳,18435
卷之十四,什物部,聘嫁,儐相,即司貞吉禮人否凶夢此者謀事須循規蹈矩不可造次遵道而行相占時而動可也若有差忒事體難運進退疾徐動靜曰語嘿有次第有禮節不可凌躐不得胡亂語依禮而動動罔不臧循禮而行行無不吉,18443
卷之十四,什物部,聘嫁,高燈梅燈大吉,燈者登也梅者枚也燈有火火爲文明之象夢此者高登之後枚卜無疑○夢燈中無火謀事用人不可○夢燈爲下人所擎名居衆英之上○夢高燈在架待用有時○夢高燈無殻謀望不成○夢燈殻懸𬃩事體不常○夢見梅燈主有人提携○高燈在前騏驥爭先○高燈在後少年無成或居㮄未○梅燈無人枚卜惟我○高燈倒置㮄尾有字○梅燈有罩主上恩威難料○梅燈無罩威光占顯耀○夢燈忽壞有人損害○夢燈在地登第無曰疑○夢人授燈壽必延增○將燈與人我必無名○夢梅燈提起用下敬上貴兆可知○夢燈極破名利須防前路○夢造新燈名必早成○夢借人高燈有人爲我主婚○夢還人高燈巳事先成○梅燈驟破謀幹須防有阻此兆若平人夢之無論燈中有火無火一生事業暗紊步歩有履險之危即使燈光照耀大槩多虚少實事𫝑懸隔情誼不合未足稱美故曰君子夢之吉,18448
卷之十四,什物部,聘嫁,燈被火燒吉,此象爲氣𦦨冲霄功輔太陽光被四表格于上下占升聞之兆也能執定不移則謀事必决裂名位必曰高標貨物之得價當一定而不移,18454
卷之十四,什物部,聘嫁,高燈自擎吉,占前程有路應須到指引迷途光顯耀曰錦衣未肯暗中行此是君家通達兆,18458
卷之十四,什物部,聘嫁,白日張燈,燈火所以補太陽之不足也今白日張燈以火輔占日使黼黻增光畿甸增色民間疾痛疴養無不畢曰照眞明艮柱石臺閣之棟𬃩也,18462
卷之十四,什物部,聘嫁,手執兩燈吉,占夢兩燈者連登之兆其色明明曰左右之人與有榮光焉吉兆也,18466
卷之十四,什物部,聘嫁,巾幗帳,占彈冠相慶音容攸攺筋骨能舒干城是賴曰戴方履圓成人可待往送之門必謹必戒,18471
卷之十四,什物部,聘嫁,花髻,貞吉否凶花者化也欲其化俗爲雅化濁爲清化凢愚爲聖賢化之時義大矣哉故以將字之時首以花髻冒之使其知有所儆戒朝乹夕惕無時日之可緩也如人夢之或出門謀望或作事創始念慮不可不占謹機括不可不宻若稍不謹不宻身名兩敗彼此曰猜嫌豈爲美乎○夢自巳戴者地天泰也事須通泰○夢他人戴者陰陽交錯名利剝落○夢婦人戴者用如其體意象欣欣事有可成○夢婦人帶進我屋者衆神矚目百凢之事宜避羣小方無慮,18475
卷之十四,什物部,聘嫁,大衣方巾吉,衣依也有所依仗也或居蔭下而獲福或爲大人所蔭庇方方來也巾巾幅也幅即是福或介福方來或方爲人所矜式其德剛而不折爲能有容之象以陽受陰爲納婦之象居下位而能仕上爲子占克家臣弼君之象占者有其德而際其事則吉如曰夢婦人着帶衣巾閑邪存誠德溥而化易利見大人之兆○夢餽人衣巾主要人遮蔽○人送我衣巾主我蓋庇人○衣巾在手事須謹守○衣巾在架事當謹戒,18480
卷之十四,什物部,聘嫁,嫁裝,一人之下衆人之上光輝𤼵越氣度高華若大若小躋蹌齊整若前若後淵源不竭虚實相生有無相濟名耶利耶婉而都衣之食之曷有極喜從天占降財自外來但運未至謀望無益時旣臨美不可曰言是爲不動聲色不勞心力神運鬼輸之兆病痊可居當移如夢送出嫁裝必主人財兩失須防盗賊之憂愼之,18484
卷之十四,什物部,䘮禮,棺自天而落吉,陰陽相隔晝夜相反故夢似吉而實不祥夢似凶占而反爲佳夢笑驗哭泣夢死得壽昌棺槨者凶䘮曰之具然夢之者主官爵財祿自天落者飛錫之象主受王恩欽命索充初夢天上有二棺落充前索紞曰棺者官也當有京師貴人舉君二官者順再遷俄而司徒王戎書屬太守使舉充太守先署充功曹而舉孝廉爲二職焉或曰一爲太守一爲司徒此二官之驗,18494
卷之十四,什物部,䘮禮,身入棺內吉,高適任廣陵長史夢大廳上纍纍棺木從地至屋脊又見旁有一棺極爲寛大身入其中四靣不滿果歷諸任至詹事焉蓋寛慢之官故也,18500
卷之十四,什物部,䘮禮,舁棺至堂吉,李逢吉未掌綸誥前家有老婢好言夢多有應李公久望除官因訪于婢一日婢至惨然公問故曰昨夜與郎君作夢不好意不欲說公强之婢曰夢有人舁一棺至堂後云且置在此不久即移入堂中此夢恐非佳也公聞甚喜俄除中書舍人後知貢舉未幾而入相,18504
卷之十四,什物部,䘮禮,造棺木,貞吉否凶應試夢解木造棺高捷首名○求材夢合棺入殮占得獲大利○病者夢之壽增一紀○家有衰病者曰而人夢之不祥○孕育夢之生貴子○爭訟夢之必勝○夢造棺殘缺未合弗全者不祥之甚宋朱照鄰夢造棺缺而弗合是歲上省下第後遭權貴貶出此其驗𣤠漢梁商夢上賜以東園朱壽之器銀鏤黃腸黄腸者以柏木黃心爲槨之名未幾薨,18508
卷之十四,什物部,䘮禮,數棺並列吉,趙良器嘗夢有十餘棺並列良器從東歴踐其棺至第十一棺破陷其脚後歷任十一至中書舍人遂卒,18517
卷之十四,什物部,䘮禮,靈座冥旌孝幕訃帖䘮牌神主等,占凢夢此等皆主進爵加勲平民得財利之益曰惟號咷歌笑者不祥夢拆毁廢棄凶火焚吉,18521
卷之十四,什物部,䘮禮,杖吉,占夢此者有所執也有所倚也得扶持也曰得盡其心得盡其力得行禮法制度也,18525
卷之十四,什物部,䘮禮,杖指塟處,元黃贇父君道求官京師贇年幼留江南及長聞父娶後妻居永平往省之則父殁巳三年矣後母聞贇來挾其貲更嫁拒不見贇贇哭語人曰吾特來省父父殁當奉其柩歸求見後母欲知父柩塟處耳非利遺財也後母之弟聞而憐之與俱至永平求之不得一夕夢父以其杖指塟處曰見片磚即可得明日按夢地求之後母弟云塟時有某物可驗果如夢得驗物奉父柩以歸,18530
卷之十四,什物部,䘮禮,磬子,占夢此者似吉而反凶高懸則庫廩空虛手拯則曰囊資耗竭聞聲則精神虚損惟座上擊之吉慶,18536
卷之十四,什物部,䘮禮,殯塟所用亭擡等件,占夢此諸物逢吉無凶逢凶有吉各曰因其象以推占勿疑其凶而有惑,18540
卷之十四,什物部,祭器,鼎吉,古之賢士大夫必先爲祭服祭服未成不敢爲䙝服必先爲祭器祭器未成不敢爲觴斚大禹置鼎占千山陰文王置鼎于鄷鄗良有以也故祭器莫重曰于鼎鼐凢夢之者功在天下蔭及子孫利獲萬倍仇讐和解災除病痊時昌運泰百事皆吉高湯思賢夢有人負鼎抗爼對巳而卸寤而占曰鼎以和味爼者裁割天下其有人焉爲吾宰者乎未幾得伊尹趙汝愚嘗夢孝宗授以湯鼎背負白龍升天後翼寧宗以素服登大寶蓋其驗也,18548
卷之十四,什物部,祭器,鼎折足,占易曰鼎折足覆公餗其形剭凶夢此者諸事曰不祥爭訟夢之大凶捕盗夢之盗家鼎折吉,18560
卷之十四,什物部,祭器,爼豆簠簋吉,文士縉紳夢之名占元魁職居冡宰○軍兵將帥占夢之功在社稷位列王矦○應試夢之宜審塲屋曰命題○作事夢之當有神明䕶佑○貧窮者夢之將富○疾病夢之必痊孕育夢之生子,18567
卷之十四,什物部,祭器,爵吉,此夢主進位受祿之兆夢執爵自飲者不祥夢獻占爵主見尊長夢人授爵主得宦位夢以爵授人主曰得人心夢爵傾者反身修德則吉,18575
卷之十四,什物部,祭器,香爐燭臺花瓶,占夢此者若亂設細玩主家道昌盛夢執此擺設曰身立于旁者作事順利夢傾覆損失宜愼言語,18584
卷之十四,什物部,祭器,燭吉,占光輝明顯之象君相夢之明照萬里士庻夢曰之學過前賢目疾者夢之目明女夢生貴子劉沔爲忠武小挍從李光顔討吴元□□捉主將前後遇賊血戰鋒刄所傷幾死者數四嘗傷重臥草中月黑不知歸路昏然而睡夢人授之𩀱燭曰子方大貴此行無患可持此而還旣覺烱然有𩀱光在前自後破虜屢有奇功而毎行輒有此光歷官節度使撿挍司空及罷鎭𩀱光遂息,18588
卷之十四,什物部,祭器,庭燎吉,占此夢上通神明下除憂鬱能察暗昧不明之事曰○夢無光者作事遲疑○夢熄宜謙遜儉約吉,18594
卷之十四,什物部,祭器,蒭狗,占夢置卓上當有禱祝夢置卓下當得酒曰食夢置門閒防火災夢置途路防跌蹼魏周宣字孔和有太史問曰夢見蒭狗宣曰君將得美食頃出行果遇豐膳他日又問曰昨復夢見蒭狗宣曰欲墮車折脚宜戒愼之果如宣言後又問宣昨夜復夢見蒭狗何也宣曰君家欲失火當善護之俄遂火起語宣曰三問皆非夢也聊試卿耳何以皆驗宣曰此神靈動君使言故與眞夢無異然則所占何不同宣曰蒭狗祭神之物故始夢當得飲食祭訖則蒭狗爲車所轢故中夢當墮車折脚旣轢之後必載以爲樵故後夢應失火也,18598
卷之十四,什物部,祭器,甲馬吉,占夢入戸有吉事至如夢擺設當以所夢時曰日推之夢焚災事散夢飛揚于空中大吉唐太祖夢甲馬無數飛滿空中有人曰是公身之神言訖飛入帝身中覺而召太宗告之曰吾事成矣果如其言,18604
卷之十四,什物部,祭器,銀盃爲攻,攻笤也安子文時吴曦僭號建官攺元稱臣于金從事郞錢鞏之夢曦禱神祠以銀盃爲珓擲之神起立謂曦曰公何疑公何疑後事巳分付安子文矣鞏之覺心異其事以語曦曦以丙子文名爲丞相長史丙乃陰與楊巨源李好善等謀誅曦,18613
卷之十四,什物部,祭器,神覆鼎,景雲元年楊氏選人太子宮時太平公主用事忌東宫宮中左右持兩端而濳附太平者必陰伺察雖纎芥皆聞于上太子心不自安楊時方娠太子宻謂張說曰用事者不欲吾多息胤恐禍及此婦人其如之何宻令說懷去胎藥而入太子于曲室躬自煑藥醺然似寐夢神人覆鼎旣寤如夢如是者三太子異之告說說曰天命也旣而太平誅太子即位是爲玄宗立楊氏爲后果生肅宗,18618
卷之十四,什物部,樂器,懸設樂器大吉,樂有五聲十二律有情文度數有徐疾節宣輕重抑揚始終條理考較五音調和八風故能集大成雲門之樂于是乎備○趨廟堂之上而見者志氣占軒昻當爲博古之君子○家中見之鬼事興隆病曰者難起○夢見排列整齊者功名顯用非常○下堂而見者子姓威儀躋躋○夢懸設未備有事尙宜𭣣歛○夢設而不作音問杳然作事無線索○聽樂聲響亮吉人自有天相唐玄宗夢神仙十餘人持樂器奏于庭奏曲以售請爲中原正始之音曲名紫雲廻晨興即以玉笛吹而習之傳于樂府秦繆公夢至帝所觀鈞天廣樂帝錫以策秦遂昌,18626
卷之十四,什物部,樂器,天上音樂大吉,夢此者定有快心之事其來出自望外文人夢之身極顯耀進取異常不爲聞𫟍瓊宮客定作龍樓鳳閣卿或朝命忽頒天恩眷注或安車蒲輪迎請占徵聘武將夢之定當獨握軍權策功異域威鎭華曰夏割地封矦常人夢之主有虚譽病者夢之恐歸天不吉夢天上樂工並奏將產貴子定占鰲頭夢有仙女引導而來者當有仙緣不可深戀塵寰晉徐仁號近齋家世好善而無子一夕夢天樂嗚空有一女子鶴氅霞帔向前曰汝本無子因積德上帝命我將殿前童子贈君此後富貴無比生子自當衆多益宜精進好善無得自悞言訖而覺後生子遂名惟善年十四登第官至中書閣下同平章事紫金光祿大夫而止,18634
卷之十四,什物部,樂器,觀古樂吉,黃帝作咸池顓項作六莖帝嚳作五英堯作大章舜作招禹作夏湯作𮑮武王作武周公作勺夢見占古先聖王之樂主治定功成情和性適之兆又爲曰知音得遇歌舞怡悅之占更當隨夢中所見是何朝之樂則文士或應舉命題平人或近地有古器古廟埋没欲顯之兆也,18643
卷之十四,什物部,樂器,琴,琴者伏羲氏始削桐爲之長三尺六寸廣六寸前廣後狹上圓下方龍池八寸鳳沼四寸絃二十七其制各有取象有虞氏于三尺六寸之外益以六分絃惟五徽十三十二以應十二月其一象同周文武于五絃之外又益文武二絃爲七絃此眞太古之元音與天地六合四時八風五行五音三百六十日調攝相通惟聖帝明王作之達人雅士習而知之者也夢之者氣象必舒徐容與謀望必慊占夫婦齊睂家業比陶猗上下歡洽左右齊心絲蘿曰可託金蘭堪契琴絃斷妻不壽琴聲嘹喨事必有人提掇設琴在檯好音目下來將囊盛琴錦綉文身琴掛于壁謀望莫得將琴一彈再鼓興酣神旺諸事無阻焚香理琴生子形端表正琴破者上下不和夢中整絃好事將圓宜快着鞭拂琴有聲室人相爭夢中受琴友交同調閨增𥥆窕夢造新琴好運斯臨夢見金徽王軫者妻財豐隆大有夢見多琴遭際匠心北齊鄭述祖字恭文開封人能鼓琴自造龍吟十弄甞夢人彈琴寤而寫傳當時以爲妙絕,18649
卷之十四,什物部,樂器,抱琴而睡吉,夢此者興致超軼才調寛裕抱負不常當是有學占有守之士意態磊落襟懷瀟洒韻味高越之兆也曰如常人夢之雖有操持然辛勤勞碌未能遂意,18675
卷之十四,什物部,樂器,古琴,此是聲高韻高知希我貴落落寡和之象一遇識占者便能隨時𤼵現聲價騰湧落莫中有遭際埋没曰後有奇逢只須安心守分不可衒玉求售若躁急心熱徒自珠沉月隱矣,18679
卷之十四,什物部,樂器,膝琴吉,此兆有隨取隨足之意凢事不須遠圖眼前便多占樂事當有嚶鳴好友時時爲我輔仁德業相勸左曰右逢源之象也,18683
卷之十四,什物部,樂器,瑟,貞吉否凶製度不齊各有其時夢之者毎事當思撙節過者裁之不及者益之心和氣平優游𬮈暇傳神窵照占之象也瑟與澁音同凢事俱不能即亨名利雖在曰左右得之亦甚費力夢瑟在家中室人同偕老以其有琴瑟之樂也瑟在廟堂上事未有逢樂工調瑟志氣卑卑樂極生悲,18689
卷之十四,什物部,樂器,箜篌,占箜篌似瑟而小其聲靡靡移風易俗彈之亦坎曰坎應節出自西域夢之其人作事將成必變,18694
卷之十四,什物部,樂器,琵琶月琴胡琴絃子等,夢琵琶者行道役苦心有所慕景色仳𠌯不能遂意○夢月琴者人莫能識世亦罕見古墓中得名居月殿○夢胡琴者以管承絃驚喜相半○夢絃占子者長城役苦製滋弦鞉月下風前聲聞路遙此曰數者見夢當思其所弄者爲何人現于夢者爲有聲爲無聲爲何色何曲所夢之時爲何節氣逐事而推之自無不驗也,18698
卷之十四,什物部,樂器,𥱧箏凶,箏秦聲也乃是亾國之音夢之者名利不達家計占蕭條佇立可待且狀形如楞楞有輪替之意且箏曰于字上爲兩个下乃一爭凢名利婚姻官訟田產皆所必爭病凶孕婦夢之應是雙胎又非佳器,18707
卷之十四,什物部,樂器,笙,管竽䈁簧笙有婉轉相生之意其聲巧妙一起一伏能使聽者娓娓不倦被人吹者主爲人姍笑爲人腹誹其占口如笙如簧能顚倒是非自我吹之者吉竽有管曰三十六女媧氏所作其聲變幻尤難測度夢之者其推詳如笙自無不驗,18711
卷之十四,什物部,樂器,簫,夢此主氣運不齊事業蕭索謀望升沉機會梗阻占之兆病人夢之主有氣無𤇆孕婦夢之必主弄瓦曰之喜商賈夢之其利依稀彷彿君子夢之調度有輕重常人夢之定附和英豪樂工夢之伎藝益妙,18716
卷之十四,什物部,樂器,女子吹簫,女子宜靜不宜動宜寂不宜喧其所事躬織絍操井臼侍巾櫛謹言愼居爲是今非其所事而爲之占兆居陰位而不循婦道靜極斯動失地六成之之曰義夢之者作事思維不正故有此象陰居陽位諸事未吉或主有月下私期終非正兆也,18723
卷之十四,什物部,樂器,月下吹簫,良辰美景持簫撫弄殊覺韻致翛然爲遵勝之兆占謀事自然快心遂意婉曲通泰有附和者曲高和曰高主得同志者與之優游資其補助之樂,18727
卷之十四,什物部,樂器,笛吉,笛與敵同音夢此者謀事當有小阻然終通泰隨占機應變或節外生枝或從中𤼵端七縱八横做去曰反得優游自在可以立身行業蓋此塞而後通困而後亨之兆各有可望中吉,18731
卷之十四,什物部,樂器,笳,觱栗笳古之觱栗也出胡地捲蘆葉爲頭截骨爲筒吹之所以驚馬者其聲悲故又謂之悲栗悲栗現夢占主巳所處之地與所遇之人俱非同類一室共偶曰之中皆爲敵國舉目無親舉歩促狹知希和寡形單影𨾏乃是日暮途窮之兆未得云吉,18735
卷之十四,什物部,樂器,𧢲,刀斗此夢是群魔退伏小醜濳藏之兆人有是夢凢事占可爲則爲不可爲則巳無貪求無妄想夜去明自曰來旣聚不再失如夢頭生𧢲文人主崢嶸武人主殞身,18740
卷之十四,什物部,樂器,柷敔,貞吉否凶非兕非虎非猫非兎二十七上躋躋露布樂至此占而拂違聲颯煞其可數過此以往音韵縹緲雲程曰莫阻,18745
卷之十四,什物部,樂器,拍板,古名樂句人兆此夢作事當按規矩依腔板或𦂳或慢宜緩占而急則紊亂宜㥯而綬則失節條理次第不可踰曰肯窽機會不可差審巳量力相時度𫝑則名成利就病愈訟息遇無不吉也,18750
卷之十四,什物部,樂器,鼓吉,夢之者凢事當奮𤼵不可墮其銳氣則所作如意乃是勇往直前之象整頓突起之兆文人夢之邁占往精進武士夢之勲猷蓋世聲名遠播貴人夢之曰號令嚴明常人夢之謀望上前有功女子夢之口舌相鬨出外夢之有好信至病人夢之有虚驚小人夢之主聽令,18755
卷之十四,什物部,樂器,花腔鼓,占此兆主吉曜照臨凶星遠退縱其所如無不遂曰意之象名未顯達姻主得成利恬然子嗣興,18759
卷之十四,什物部,樂器,破鼓凶,占名不得成利不得獲事多破敗姻親非吉曰家聲不振病危訟屈衰敗傾頽之儆也,18764
卷之十四,什物部,樂器,鼓在架,占氣宇不凢聲名遠播諸事不爲則巳爲則曰必要其成進退有節禮文度數之象也,18768
卷之十四,什物部,樂器,鞉鼓鼙鼓羯鼓笳鼓杖鼓銅鼓交鼓,鞉鼓有耳而長柄者也夢之者謀事有消息把柄在手人難揺動○鼙鼓一手拍一竹擊而中間細夢者作事不可徑行直遂須防中間多有阻隔○羯鼓蠻夷之鼓夢此者音節不齊聲韻不和事難合拍○笳鼓其形似筩兩被敲椎如得此夢所求占未遂前後須防有胯下之辱○杖鼓几前竹杖所曰拍之鼓也夢此者貭地甚小謀望亦無大用○銅鼓堂前所置之鼓也得是夢者體用旣大聲聞不小所學有升堂入室之功○交鼓非方非圓皮只一面而四邊有錢環響者有是夢者創議建說同聲附和者不少,18772
卷之十四,什物部,樂器,鏞,小鐘此夢雖主𤼵揚但賦貭猥瑣遭際雖有不甚顯達占無極得意之時平平而巳是乃無得無失無榮無曰辱之兆,18780
卷之十四,什物部,樂器,法鼓,鐘也夢此爲提撕警覺之象凢事必須提心在口激勵猛省方可有爲賦性慷慨不肯屑越不作錚錚細響求名者夢之聲聞于遐邇大吉無疑求利者夢之所獲即大從僥倖中來不可以再往病人夢之殊爲不美詩有云鷄旣鳴矣蟲飛薨之日與子同占夢會且歸矣無庻予子憎以此觀之乃是鐘嗚漏曰盡之象也不吉心有憂疑訟内牽連者夢之行將脱然清楚○夢鐘在地所居有旺氣○夢鐘在架名必驚人利亦得價○夢鐘破者音信無聞○夢鑄鐘者作事誠實○夢撞鐘者事不可必撞而有聲事必應撞而無聲難倖獲,18785
卷之十四,什物部,樂器,自鳴鐘,得此夢者運氣一通凢事不謀而至不約而同熈占熈皥皥精足神旺不達者達未遇者遇但須念光曰陰迅速寸陰寸金之諭毋負此良辰事業功名及早䟎行方始是吉,18800
卷之十四,什物部,樂器,鐘聲洪遠吉,此兆一見造詣非凢人品高卓事業宏久利止厚占𭣣享用綿逺之兆子姓功名邁越凡庁病屬腎虚曰耳鳴訟終得吉,18805
卷之十四,什物部,樂器,鐘現五色,此爲振彩璨文昭著古今之兆人夢之者胸吐珠占璣姓名顯達功德想著無逺弗屇名實兼至之象曰也大吉之占,18809
卷之十四,什物部,樂器,鐸如常,鐸音踱字義病人最忌不可見夢夢則不祥如常占人夢之自宜驚醒毋或造次循規蹈矩乃得安堵曰縱有凶險可免無害賢人夢之主設教以覺迷蒙孕婦夢之定生子名利平平,18816
卷之十四,什物部,樂器,磬大吉,得此夢者主喜慶之事重叠而來或爵祿名位或子息婚姻毎毎如志惟于商賈有少異貨物雖見磬盡磬與空事相連恐美中稍有不足夢磬在地占及第之兆可慶磬懸于樑當有憂疑可危之事時曰時𦊱心磬在架當慶𤼵解擊磬者慶來非止一端供磬在臺聲聞從外來磬破者好事不成磬聲嘹喨者事主通暢淮安楊淮赴成化甲午秋試祈夢于都城隍廟夢二磬相沓初不解是年中式後授重慶府同知始徵夢焉梁散騎常侍王茂以元勲受鐘磬之賜及爲江州刺史夢鐘磬在格無故自墜心惡之及覺命奏樂旣成列鐘磬在格果無故編皆絕墮地茂謂長史江詮曰此樂天子所以勞老臣也樂旣崩矣能無憂乎俄而病少日卒,18822
卷之十四,什物部,樂器,手磬吉,夢磬在擡可喜之事轆轆而來夢磬在手慶喜相占臨不時即有夢他人擊未見吉春然于我事亦必曰無敗磬聲悠揚喜事斯張磬盒者合下有慶吉,18834
卷之十四,什物部,樂器,玉磬,此夢有𭣣成結朿之象不止喜事連綿且亦聲價占高貴超冠凢庸卓越人羣君子夢之謀望自有就曰緒常人夢之立身當近貴人什襲藏之善價可沽,18838
卷之十四,什物部,樂器,傳響,即雲板,18842
卷之十四,什物部,樂器,吉,占體製非一通達萬變審此則進可振響退可嘿守曰上通下達始事隔關後無阻滯之象吉也何疑,18844
卷之十四,什物部,樂器,簨簴,占夢此者爲能容納能任載爲虚中爲高品爲包㴠曰藴蓄大以成大小以成小稱物平施厚薄咸宜,18850
卷之十四,什物部,樂器,鑼,貞吉否凶此夢一見無論事之可爲可否𫝑當急流勇退全哲保身如若因循觀望進不能前退無所底宜退占而不宜往之兆也鑼有𭣣羅之意文人夢之㮄上曰題名决無他疑訟者夢之正恐牽連不巳病者心患怔忡失者巡緝可獲,18855
卷之十四,什物部,樂器,銅鑼雲鑼點子,夢銅鑼者吉事來臨同聲相應謀望高人一等此有氣候之兆○夢雲鑼者上下之分截然不可紊占亂事諒高低行去爲妙○夢點子者事須簡㸃方曰得無他一點不到滿盤是空此三者夢之只須逐事提點庻不致于紕繆,18860
卷之十四,什物部,樂器,鉦,占此兆主目前目後當有行動之事踴曰上易躍下難進可有爲退則無補,18866
卷之十四,什物部,樂器,鐃吉鐃與饒同,鐃與饒同夢此者名利自饒但非一人可能必得占他人輔助方始成就如有大而無小謀幹不能保曰有我而無人機緣未必成是象也彼此相須人我兩利邪可以壓魔可以伏無凶,18870
卷之十四,什物部,樂器,𬫆,𬫆在手主䟦涉之勞𬫆在地年旱田禾無獲𬫆单占面者䟦踄無功簫破者爲事無終應和者上吉獨曰用者中平不響者爲凶,18876
卷之十四,什物部,樂器,錚子吉,占夢此者必得好子頭𧢲崢嶸簪纓門第此曰爲臺閣氣象是不可與庸衆同目而道也,18880
卷之十四,什物部,樂器,鈴杵,此兆主號召宣明威令赫奕不論上下逺近一指占顧間無不貼焉賔服然亦必得詣行俱高律紀森曰嚴者方得帥行無間,18884
卷之十四,什物部,樂器,引筩,占此夢爲上下洽和之象名利可曰以悠遊姻孕迪吉病訟皆無碍,18888
卷之十四,什物部,樂器,𡃤叭嗩呐,輕重長短各有其極夢之者凢有作爲亦當如是占但時吉時凶事未必處處如意節節遂心成敗夾曰襍利鈍相半有備而無患枉尺而尋蠖伸之兆,18892
卷之十四,什物部,樂器,━━━━━━━━━━━━━━━━━━━━━━━━━━━━━━━━━━━━━━━━━━━━━━━━━━━━━━━━━━━━━━━━━━,卷之十五,18902
卷之十四,什物部,樂器,━━━━━━━━━━━━━━━━━━━━━━━━━━━━━━━━━━━━━━━━━━━━━━━━━━━━━━━━━━━━━━━━━━,,18904
卷之十五,棟宇部,殿宫,殿陛宫闕大吉,凡此兆主恩榮之事惟帝王之夢殿陛當以他物論何也身居九重非臣民比也若夫后妃王子宮人内相則又以夢中所見者推之矣○卿相官吏占夢之主欽命召賜陞加文人武士夢之主顯爵厚曰祿進取平民老幼夢之主將來榮華富貴婦人女子夢之主丈夫子婿高明親族孫支茂盛疾病患難夢之主禍去福臨壽永僧道尼姑夢之主天神佛力扶持待制王素嘗夢至玉京黄闕有紺服翠冠者曰吾東門侍郎公則西門侍郞昔巳奏牘汗責于世及晩歲思玉京之夢作詩曰碧虚中藏白玉京夢魂飛入黃金城何時再歩𤇆霞外皓齒靑童巳掃廳,18921
卷之十五,棟宇部,殿宫,登臨大殿螭頭大吉,占夢之主高爵厚祿坐立拜跪皆爲美兆有曰所得所失又宜以其物詳之有吉非凶蔡茂初在廣漢夢坐大殿極上有三穗禾茂跳取之得其中穗輒復失之以問主簿郭賀賀離席慶曰大殿者宫府之形象也極而有禾人臣之上祿也取中穗是中台之位也失字禾字爲秩雖曰失之乃所以得祿秩也衮職有闕君其補之旬月而茂徵代戴渉爲司徒焉乃辟賀爲掾,18929
卷之十五,棟宇部,殿宫,殿前朝拜奏對貞吉,占此爲臣之禮儀夢之者將來之實驗宜詳殿廷是曰何名何地朝奏是何人何職吉凶可推靈機難執崔宗之幼夢朝天立金殿下旦以問其師師曰此子他日必擢高第後爲侍御史及朝對宛如幼時夢中所見云,18935
卷之十五,棟宇部,殿宫,太極殿,兩儀之初齊世祖初在襄陽夢着桒屐行太極殿階陛之上𢈔温曰屐者運應木也桒字四十二黙年過此即帝位凡夢殿廷但見華麗不見殿名者有吉無凶若見殿名宜細詳之,18939
卷之十五,棟宇部,殿宫,仁壽殿昆明殿未齋殿,昆明池顧鼎臣夢入朝賜坐爲未齋殿學士覺而占之因號未齋及拜相考諸秘書有名未齋殿者○夢仁壽殿者主一人得兩人之壽○凡夢昆明謹身等殿皆大吉之徵,18946
卷之十五,棟宇部,殿宫,湛露殿凶,右補闕傅游藝職加同平章事夢登湛露殿以語所親頃有告其謀反下獄自殺,18951
卷之十五,棟宇部,殿宫,白虎殿,占夢之不祥倘遇國䘮曰當以夢中他事推詳,18955
卷之十五,棟宇部,殿宫,玉華殿,莆田方朝散病劇夢至玉華殿帝召見於白玉樓試文一首帝命拜爲玉華侍郎曰有過謫墮不久當召覺而病蘇,18959
卷之十五,棟宇部,殿宫,營造殿廷大吉,天子夢之主中興大爲臣夢之主建立功勲乎占民夢之天下太平之兆應選者夢之必高㨗應作曰工部官工匠夢之主有貴人招之大作得利,18963
卷之十五,棟宇部,殿宫,正殿傾凶,革除年方孝孺夢早朝正殿傾倒驚覺次日果驗,18967
卷之十五,棟宇部,殿宫,殿移動,占主大事更移轉動曰分位不寧之兆,18971
卷之十五,棟宇部,殿宫,殿瓦墮地貞吉否凶,貞吉否凶占簷瓦爲𡣕嬙之兆朝中夢之主虚驚曰惟應試夢之爲及第之徵大吉之象魏文帝問周宣曰吾夢殿屋兩瓦墮地化爲雙鴛鴦此何謂也宣對曰後宫當有暴死者帝曰吾詐卿耳宣對曰夫夢者意耳苟以形言便占吉凶言未畢而黃門令奏宮人相殺,18975
卷之十五,棟宇部,殿宫,殿上有僧尼,占士庻夢之主王矦寵愛之兆惟人君夢曰之不祥若夢升佛殿者反是亦皆吉宋理宗夢二胡僧曰二十年後當以此殿還我旣覺宣馬廷問之對曰胡僧乃夷類二十年來必主夷狄于殿前稱藩上命卿識之至元間果歸附有僧官楊總挕言宋殿基原係僧寺因高宗南渡都杭遂建殿,18982
卷之十五,棟宇部,殿宫,殿傾復整吉,成祖文皇帝夢殿欹側傍一大漢裸臂持扶而殿復正次日太學生邢端侍宴帝見其貌克肖夢中遂擢爲監察御史邢端嘗謂同袍曰昨夢殿前歩馬,18988
卷之十五,棟宇部,殿宫,殿上金光燦爛大吉,金色黃正色直射中央此瑞氣也人主夢之則君明臣良民安物阜河清海晏時和歲稔人臣夢之占則朝綱清肅文武相和詞清訟簡上下相安平人曰夢之于京都當有所得家道安寧身心清泰文士夢之主登科甲兆在庚辛申酉間如夢黑雲黑光黯黯掩閉者反此而占,18994
卷之十五,棟宇部,殿宫,空中山中水中宮殿,占空中者凡事虚華士人文思日進山中曰者主修煉成仙水中者主冥居不逺王乎甫在朝一日夢至水殿㮄曰靈芝宮平甫欲往有人隔水止之曰時未至他日迎之恍然夢覺禁中巳鳴鐘矣平甫每自負作詩曰萬頃波濤木葉飛笙歌寶殿號靈芝揮毫不是人間世長樂鐘聲夢覺時後四年卒,18998
卷之十五,棟宇部,殿宫,坐大宫中吉,占上人居高下人爲官之兆須詳所曰坐之宮是爲何名吉凶可定矣,19007
卷之十五,棟宇部,殿宫,歩入深宫内院吉,仰帝室之深峋近天顏于咫尺觀殿陛之高峗見占宮苑之禁掖非顯爵於皇都何粲麗夫履歷即寤曰寐之繁華驗功名之赫奕進士牛益夢至天第吏曰此羣王宮也見殿上有白玉牌朱書字蒙以絳紗大字云中洲天仙籍其次皆姓字數千其中惟識數人乃呂夷簡李廻余靖而巳有故人呂臻掌此官益問今世卿柏亦有相識者王洙曰予始作禮官時夢入禁苑中引一紫衣人至後苑見上踰年荆公受紫服子時爲太常卿引入苑中其徑路所至皆夢中所見,19011
卷之十五,棟宇部,殿宫,紫薇宮大吉,占凡夢游宮禁主名利吉祥曰紫薇太極文翰高明之兆,19019
卷之十五,棟宇部,殿宫,未央宫,占夢此者福未終祿未盡壽未絕事未曰輟業未衰貧賤兆之時未逢之占,19023
卷之十五,棟宇部,殿宫,毓德宫吉,占昔有夢召對毓德宮者後爲翰林侍閣曰召入秘閣議朝政尋拜相蔭子官爵,19027
卷之十五,棟宇部,殿宫,章明宫凶,公孫聖曰章者戰不勝走傽偟也明者去昭昭就冥冥也兩鋘殖官墻者軍入吳伐宗廟掘社稷也夫差驗之矣○世人夢之亦非吉兆,19031
卷之十五,棟宇部,殿宫,水晶宫吉,趙孟頫未遇時嘗夢入禁宫四顧皆海子屋上不用瓦覆以水晶身坐扆中月光如晝後入相名重天下自稱水晶宮道人右諸宮殿别名皆昔人夢中見之或當時所未有而後果驗者或古之名當以字推者以此爲例不能盡述,19037
卷之十五,棟宇部,殿宫,禁宮內殿永巷長門,凡夢出入居處其中者文人舉子主科甲高登功占名逺達內官宮人矦伯夢此皆直叶病者夢之是曰地府之象吉凶未可知必以耳目所及推焉○凡夢傾塌閉塞者俱不吉,19043
卷之十五,棟宇部,殿宫,金闕兩觀午門左右掖門東西安長門後宰門,占凡夢觀遊出入其間者學士前程貴顯商賈清客曰有事入皇都病患夢此者無妨○夢毁閉者不吉,19047
卷之十五,棟宇部,殿宫,遥望皇都宫殿吉,諸事皆吉在京官宦椽𨽾夢之主差遠方在外郡占者夢之或至留都或近京邑或京信至老病夢之曰而宮殿之名非人間所有者則仙居近耳,19054
卷之十五,棟宇部,殿宫,宫牆貞吉否凶,貞吉否凶占夢入宮墻者平人遇貴文人遊泮女人入選之兆曰必以夢中所見聞推詳有凶有吉禍福自明矣嘗有貧士在京邸夢入宮墻越旦求貸于冷謙冷畵鶴宮墻引其士扣門門開入庫盜金出後露捕冷謙謙飲水隱入瓶而遯,19058
卷之十五,棟宇部,殿宫,宮中光燭天大吉,占夢此主聖君賢相威嚴勤曰勵亂世夢之天下將治矣,19065
卷之十五,棟宇部,殿宫,御座有禽蟲,惟夢飛龍鳳凰靈龜三足能燕雁者爲吉兆夢騎占馬走于御前者高爵重位拜將封矦大吉若夢蛟曰黿魚鱉牛馬犬羊皆主國亂民亡太醫令朱耽嘗直禁省夜夢犬羊各一在御座覺而惡之告人曰犬羊者非佳物也今㨿御座將有變乎旣而天子蒙塵侯景登正殿焉,19069
卷之十五,棟宇部,殿宫,王殿上人吉,凡夢入王殿中或吉或凶當以國號推占其殿廷高廣儀象都麗是爲佳祥若低陋暗黑則地府之占象也夢秦晉楚齊者主婚姻嘉事夢燕趙晉梁者曰主宴飲肴饌夢吳越韓魏者主名譽是非但知王號而不聞國名者主科第進取又當以物色言語細推之葉祖洽赴省試夢惠應王指殿下竹一朿示之前此條對惟以賦及祖洽入試始用策蓋竹一朿策字也其年葉遂得大魁,19075
卷之十五,棟宇部,殿宫,禁中教弩塲吉,文學之士夢主聰明頓長得人薦㧞武藝占之輩夢主演習異術得名授爵商賈庻民夢主交易得宜曰受皇澤惠病患衰老夢主良藥去病天時快𠁊諸事皆主獲吉,19083
卷之十五,棟宇部,臺閣,登臺遠眺大吉,占高居萬人之上明覩千里之遥開曠逺于曰胸中會風雲于曰下夢此主慶喜之兆阮宣年四十未有室性嗜飲醉卧酒肆几間夢入帝都立于層臺一冕服者立于臺𠊓玉墩上相拱而覺以告肆主解曰臺者高處有吉事至時王敦會友歛錢爲配偶斯兆驗之矣,19091
卷之十五,棟宇部,臺閣,九層臺,占臺省載高之象夢登上者吉夢下之者曰凶仕宦之客宜靖共爾位以保其身,19097
卷之十五,棟宇部,臺閣,靈臺吉,占靈臺文王之臺名也夢此者得遇曰仁君之兆又主得良友相助之益,19101
卷之十五,棟宇部,臺閣,瑶臺,占西王母宴會周王于瑶臺瑶臺者王曰母之所居有夢之者遐齡人瑞之徵,19105
卷之十五,棟宇部,臺閣,白臺凶,北魏樂平王丕夢登白臺之上四望無所見日者董道秀筮之以爲大吉王黙而有喜色後事發王遂憂死道秀棄市高允著筮論以爲當時道秀若推六爻以對當曰易稱亢龍有悔窮高曰亢高而無民也如是則上寧下保福祿方至豈有禍哉今舍本而從末釁之至不亦宜乎,19109
卷之十五,棟宇部,臺閣,烏臺,占夢登烏臺之上主職居御史夢曰立烏臺之下當得御史相親,19115
卷之十五,棟宇部,臺閣,登臺遇龍蛇貞吉,董遒誨父宗本仕漢爲隨州刺史宋主微時往依焉遵誨馮籍父勢甞侮之一日謂宋主曰毎見城上有紫雲如蓋夢登高臺遇黑蛇長百丈有餘俄化龍飛騰東北去雷電隨之是何祥也宋主皆不對他日論兵遵誨理屈拂衣起宋主乃辭宗本去及即位遵誨被召伏地請死宋主諭之曰卿尚記曩日紫雲黑蛇之事乎遵誨再拜呼萬歲,19121
卷之十五,棟宇部,臺閣,臺榭樓閣,綘宮重樓十二級幽闕挾之高巍巍幽闕者心胞胳也十二重樓者胃管𠰸喉之間也心爲國主百體從令凡夢樓榭主胸中精氣氣旺精足則夢綵占樓高閣琉璃璨爛情舒志暢則夢大厰峗軒雲梯曰納陛皓月光如永晝卿雲清曠來董風若夫夢中樓臺傾陷毁壞蔽塞者其病患不一又非夢游地府比也,19125
卷之十五,棟宇部,臺閣,萬歲樓吉,占貴者見之爲事幾賤者見之爲生意曰少者見之爲貴兆老者見之爲壽徵李鑄初與韓臯不協及鎭浙右夢萬歲樓上掛氷因自解曰氷者寒也樓高處也豈韓臯來代我乎未幾臯果自鄂州移治浙,19131
卷之十五,棟宇部,臺閣,迷樓凶,隋煬帝離宮滿天下建重樓九曲稱曰迷樓嘗有占夢之者爲奸邪所陷迷者迷而不悟也樓者樓而曰不解也隋者隋而墮墜也離宮者别離其居室也此大凶兆,19137
卷之十五,棟宇部,臺閣,岳陽樓,敖德明夢坐江樓遥望江潮湧起引手登舟至一城墻下歩升高臺金甲人曰此岳陽樓也矛萬戈千前後八十八時鄰里患疫德明疑兆不祥問醫士郭咸寧咸寧曰爾將來作富翁矣旣而商人戈某聞之招爲伴侶三十年積粟十餘萬,19141
卷之十五,棟宇部,臺閣,登樓賜席,柳遐幼而𤕤邁動合規矩其世父慶遠特器異之謂曰昔事伯父大尉公嘗謂我云昨夜夢汝登一樓樓甚峻麗吾以坐席與汝汝後名宦必達恨吾不及見耳我向聊復晝寢亦夢昔時峻樓坐席賜爾爾之官位當復及我特宜勉勵以應嘉祥後遐官至開府儀同三司霍州刺史,19149
卷之十五,棟宇部,臺閣,亭軒,夢亭主安寧停住○夢軒主開暢軒昻○夢亭軒高聳簷陛繁華風和景明主富貴永康之象○夢梁柱欹斜瓦石毁陋爲不祥兆○夢有對景扁牌所係非輕宜細察而占之宋吳近夢至一亭扁曰侍康未幾生女年十四時高宗爲康王選入宮乃徵侍康之兆後進位皇后,19153
卷之十五,棟宇部,臺閣,畵棟雕梁朱欄玉陛吉,易曰棟隆之吉不撓乎下也凡夢寰宇或身居屋内而但觀戶外之烟霞不知棟柱爲何物或身游宇外而詳察甍椽之細微兼玩簷櫺屏几若山櫛占藻梲畵棟雕椽綵柱朱欄升階拜陛乃皇宮之營曰繕眞夢寐之美徵爵尊祿盛壽永體寧因其象而推之方悉至夢棟折梁傾欄損陛陷皆失所覆冒憑依震壓仆墜之機沈瑀在竟陵王家素與范雲善齊末就雲宿夢坐屋梁柱上仰見天中字曰范氏宅後雲經沈攸之之變屢濵于殆幸而獲免至是瑀爲梁高祖說之高祖曰雲得不死此夢可驗,19159
卷之十五,棟宇部,臺閣,金柱擎天大吉,蕭皇后夢金柱擎天諸子欲上不能后後至僕從皆陞久之入宮,19165
卷之十五,棟宇部,臺閣,倚欄杆貞吉否凶,貞吉否凶占夢此主憂虞疑慮别離困厄之象雖非大凶亦曰不爲祥女子夢之或以風光花月占之而吉者宋丁氏夫人夢倚欄詞曰漏靜更闌雲光雲水映天山悶倚雕欄花影花音去又還晴似菱花瘦景殘周折迴旋十二灣欹斜依倚新愁散舊愁愈切聲形懶夢裏相思會見難覺來時涙沾髻鬟班,19169
卷之十五,棟宇部,臺閣,蓮花柱,北齊楊休之夢見一柱如蓮花形休之登柱磉以詐捉柱曰柱轉三匝吾至三公柱遂轉三匝後果驗矣,19174
卷之十五,棟宇部,臺閣,登階陛吉,秦檜奉使入金舟中夢朝行在帝命錫陞堦納陛後果入相,19178
卷之十五,棟宇部,宦署,太學吉,志入大學而爲賢良方正之舉職居太學而爲拜占相封公之由奈何有夢居國監而驗應囹圄者耶曰或曰監字與監字同形而殊音也雖然入獄弗死其福何如凡此夢者生生弗巳休祥莫大焉紹興初有夢經德齋生爲省元者時太學諸齋無經德之名至二十七年祭酒周綰請增三齋曰節情經德立禮至乾道間何澹從經德齋冠南宮此夢兆于三十年之前云,19186
卷之十五,棟宇部,宦署,庠序學塾,夢居庠序主斯文之得與夢任學官主育賢之大占德凡夢居處遊行及執經受業其中者吉如旣處曰其地而夢出此者有凶無吉或未處其地而夢入此者有吉無凶夏楚索橔皆爲吉兆瞿景淳夢授教職入衙朱門高爽北向諸同寅皆錦衣孔雀香帶窹語其妻妻曰今科必中當入翰林果爲會元,19192
卷之十五,棟宇部,宦署,紫府玉堂吉,占文士夢身居紫府主登相位夢身居玉曰堂主入翰林平人不應子弟當爲妄占,19198
卷之十五,棟宇部,宦署,憲府官廨,凡夢居處出入觀見此地者宜以語言之意事物占之象喜怒哀樂之分即其身而細推之吉者多凶曰者少孟蜀進士蘇協宿聖壽寺夢入官廨屏上大書愁字廳後復見秘器甚高大旣寤心惡之占夢周世明司吉徵也蓋愁者不樂也不樂即不落之意秘器爲棺而高大子孫當有至大官者是年協果登第及歸宋其子易簡以狀元及第後𠫭大政符所夢云何纘太平興國中任秘書丞度支制官王化基任著作郎開封推官纘一日在省夢入官府如中書制勑院官吏憧憧出入皆若有所除授其中喜者沮者相半皆形于色纘見衆人紛紛亦前詢問到一房見朱衣吏據𦀀而坐簿書堆積如堂候官之狀纘因前揖之問曰衆人皆除攺某與數否朱衣若有所閱視徐曰亦有但候王化基草制詞因出而夢覺遂言于化基未幾化基果超擢知制誥又數月纘授虞部員外郎出知刑州官誥果化基之詞,19202
卷之十五,棟宇部,宦署,軍營吉,文人夢此得武備武士夢此逢演習家族不睦者占夢此有爭訟而無災爭闘詞訟者夢此得便利而曰禍解病中夢此乃藥力主心腎却病道路夢此乃次日所見聞者驗之,19212
卷之十五,棟宇部,宦署,牌坊牌樓轅門塞門銓門院門,平民下人夢見主鄰里親族高㧞恩榮之象或身占犯官司詞訟者夢之翰墨之家文章之輩驗于其曰身不驗于其身必驗于其子孫衰年病體夢此者又爲天宮冥府之占魏仍將赴選祈夢夢見侍郎李彭年使人喚仍於銓門中側耳聽之明日解者云門中側耳是聞字巳而果得聞喜黃公度初發鄉舉入試南宮旣出院夢題院門曰依舊家山萬里重新塲屋三年是年以誤用韻牓罷次科赴省試乃及第,19216
卷之十五,棟宇部,第宅,起建大厦大吉,夫人以天地爲棟宇屋舍爲禈衣或以天地爲體膚屋舍爲臟腑夜夢堂高屋廣主去病攺過夢遷舍徙居主業更事易不論貧賤富貴凡夢建造大占屋者主功成名就興隆昌泰也○畵棟朱門光燦曰爛庭除花木映芳菲夢中見此恩榮第覺後徵祥百事宜凡夢平日所居謂之安宅自高貴以至下賤人其理同也若夢帝居民舍又當另以名論韋安道夢家造大屋如王宮廣高華麗寤笑曰吾家何得建此高厦後則天后詔訪之召見便殿賜錢五百萬貫授爵使爲魏王府長史命建第于洛陽,19228
卷之十五,棟宇部,第宅,高堂大匾吉,占凡夢此以匾上取書何字占之其貧居陋曰室者夢此必得高爵厚祿或驗于子孫楊祿女幼夢堂有大匾寫一奇字驚寤言于父母至年二十一時嘉熈戊戌有趙時奇登第方二十二未娶來議婚父母以名應夢兆遂許之,19234
卷之十五,棟宇部,第宅,堂内日月光大吉,占夢身坐立高堂必得恩榮之驗况日月之光曰直入戶内其吉倍之雲掩陽光則非吉兆北魏孝文高后幼年夢在堂内立而日光自牕中照之灼灼而熱后東西避之光猶斜照不巳如是數夕怪之以白其父颺颺以問閔宗宗曰此奇徵也昔有夢月入懷猶生天子况日照之徵此女將被帝命誕育人君之象也後入掖庭生宣武追謚文昭,19240
卷之十五,棟宇部,第宅,大厦被狂風揺動,豪家夢此大凶若非疾病必有仇讐貧窮者夢之占驗在他家病中夢之病劇遊行道路夢之恐有風曰波險阻不然則驗在家中,19246
卷之十五,棟宇部,第宅,堂傾陷大凶,占凡夢此主病患危迫富貴者夢主家敗曰身災女夢主夫主難僕夢主家主危,19250
卷之十五,棟宇部,第宅,外人正坐堂中,占夢人坐于其所處有如其堂中主者曰他日彼將處此非吉兆也宜豫防之王恭舉兵赴京師上表以討王愉司馬尚之兄弟爲辭夜夢劉牢之登坐其堂上旦謂牢之曰事尅即以卿爲北府因遣牢之率帳下督顏延先據竹里元顯使人說牢之牢之斬顏延攻㳟恭敗朝廷即以㳟位號處牢之果如恭所夢云,19254
卷之十五,棟宇部,第宅,書室,夢入學舘主博聞廣見○夢脩書舘主學業長成夢會師友講論出入于書房中主得進取○夢學占堂高大堆積古書文翰主博學身榮子貴○夢書曰屋高廣前後東西相聯諸友論文講義主名譽高揚德業大就若閉塞暗昧破損圯斜危坐不安出入不順主有悔吝,19260
卷之十五,棟宇部,第宅,幽居别舘,貞吉否凶夢懽𥬇于幽居日下哀聲振地夢涕泣于别舘目前樂意憑天隱遯丘陵别有天從心避亂快達仙占島虛無地謝世藏身龍樓鳳閣天山似吉反爲凶曰兆虎宂鵲巢地府占凶或變吉徵但占有巳無巳更詳欺人爲人明知夢想變禍爲福妖惑人時福至反凶郭瑀與敦煌索嘏起兵運粟以應王穆後穆聽讒將害索嘏瑀諌不從出城大哭舉手謝城曰吾不復見汝矣遂輿疾而歸旦夕祈死夜夢乘龍至屋而止寤而歎曰龍飛在天今止于屋屋之爲字尸下至也龍飛至尸吾其死乎古之君子不卒于内寢於是還酒泉南山赤崖閣飲氣而死鄭顥登進士第授右拾遺内供奉尚宣公宗女主萬八壽駙馬都尉歷刑部吏部侍郎當大中時恩澤無對嘗于壽昌節赴麟德殿上壽廻憇于長興里第昏然晝寢夢與十數人納涼于别舘舘宇蕭灑相與聯句旣寤不全記諸聯唯省十字云石門霧露白玉殿莓苔靑乃書之于楹私怪語不祥不敢言于人不數日宣宗不豫廢朝會及宮車上仙方悟其事追惟顧遇續石門之句爲十韻云間歲流虹節歸軒出紫扃奔波陶畏景蕭灑夢殊庭境象非曾到崇嚴昔未經日車烏歛翼風動鶴飄翎異苑人爭集凉臺筆不停石門霧露白玉殿莓苔靑若匪災先兆何當思入冥御爐虚仗馬華蓋負云亭白石成千古金縢閟九齡小臣哀絕筆湖上泣靑萍未幾顥亦卒,19264
卷之十五,棟宇部,第宅,廊廡軒庫,夢家中起建脩葺主興隆發達之象○夢閁居獨立安坐緩歩主身康壽永之占○夢人丁衆多行占坐兩旁主富貴○夢外人擾撓歡呼戲耍主好事曰至○夢衆人哭笑歌舞于屋下而身在堂房顧視主凶事不寧○夢身出戶外而諸人觀望于此主大事不祥○夢廢毁殘壞者大凶,19273
卷之十五,棟宇部,第宅,廂廊左右不相對凶,占夢左廂高右廂低男强女弱○夢右廊新左曰廊毁主男䘮亡○夢閉塞不通主作事不利,19279
卷之十五,棟宇部,第宅,高軒大庫吉,占凡夢此者諸事皆吉而文墨之曰士夢主恩榮高貴舒暢軒昻何賈夢建一堂樹一大庫于堂東時生子致雍後爲節度判泚殷王楚以致雍爲僕射,19283
卷之十五,棟宇部,第宅,閨閫繁華大吉,富貴者夢之孫枝茂盛貧賤者夢之日後大發婦占人女子夢之主身心康吉衰老者夢之體徤齡長曰夢室内空虚反此,19289
卷之十五,棟宇部,第宅,貴人入閤,范祖禹之母夢一金甲大將歩入香閤曰我故漢將軍鄧禹遂生祖禹爲宋名臣,19293
卷之十五,棟宇部,第宅,陽光滿室吉,哲法師母曹氏嘗夢日光滿室因有娠是生師則天臨朝屢徵不起開元間示化于聚福寺,19297
卷之十五,棟宇部,第宅,龍堂過路,貞吉否凶家門前後以此爲僕婢出入之所猶人身之脉胳占呼吸所自由經曰呼吸廬外此之謂也夢此廣濶曰通暢潔淨光明主大吉夢此暗毁閉污主病患夢外人喧閙神鬼出入必大凶,19301
卷之十五,棟宇部,第宅,門牕戶牖𣠄闥,夢大開明照主吉祥毁壞暗閉主災禍月影花光喜事至輕風灑雪主得財物夢門戶中有人有物宜以字樣詳之吉凶可見夢窓牖中見人見物宜以時事推之休咎而占,19306
卷之十五,棟宇部,第宅,芝產門楣吉,王待制禕大父爲石峽書院山長一夕夢五色芝産門楣翌日生禕識者以爲文章之兆公幼秀𤕤敏慧國初以聘起累官翰林待制有文名奉使諭雲南死節謚忠文,19310
卷之十五,棟宇部,第宅,閭閻鄰里,此夢主歲時之擾靜居止之安危或于其中遇某占人作某事又宜隨人隨事以爲推或于夢中見某曰地名問某地名人言某地名各以其地名推之或直叶或借境吉凶無定王德亨階州人其鄰家有販賣水銀者德亨夢鄰屈頺柵驚坐其屋脊上有日光從雲影中出覺以問無月禪師禪師曰昨夜水客爲西戎所殺此夢験矣若高坐日光下必得大貴踰年赴京考選授廉州巡檢時洪武初,19314
卷之十五,棟宇部,第宅,四顧無人舍凶,占夢此者主疾病死亡文人夢之主科名曰獨占平人恐懼警省亦能轉移禍福也居易安李某之妻善書能文嘗夢立于閭外四顧無人謂而歎曰世亂將作如之何果驗,19320
卷之十五,棟宇部,第宅,高墻堅壁貞吉,夢入高墻將有囹圄耻辱夢棲堅壁須防賊冦奸占妖惟亂世夢之大吉夢墻壁柵頺平安者破敗困曰苦者甦脫,19326
卷之十五,棟宇部,第宅,墻後開小門,戚里韋堅常作是夢其妻與鄰友相浹而堅不知也一夕堅夢俛卧小門未幾飲鴆暴卒,19330
卷之十五,棟宇部,第宅,屋壞凶,趙王倫將廢賈后張華方晝寢夢見屋壞覺而惡之是夜難作華遂被害,19334
卷之十五,棟宇部,第宅,店門高聳品物充盈大吉,此夢主年豊家富世治物阜壽永嗣賢大吉兆也君相夢之民安樂四民得之財利昌文學得之譽曰名揚衰病得之身康健遠行得之寓邸良,19338
卷之十五,棟宇部,第宅,會飲肆中吉,徐陽矦問師李汜曰我夜夢四友會燕于肆中大酌其兆何如李曰汝嘗入肆會飲否陽矦曰弟子好潔豈有此事李曰汝當獲財曰何也李曰不畏四知而斟酌之非財而何徐曰某平生不喜飲酒且夢酒驗疾先生謂吉者何李曰驗在酉果然,19344
卷之十五,棟宇部,第宅,堂下開張店舍否凶,占店舍本在街衢而忽夢形曰堂下急趨避利胸有貪私,19348
卷之十五,棟宇部,第宅,貴人坐店中,文人武士夢之得財農工商賈夢之遇貴顚沛流離夢之獲吉病恙疴癢夢之爲鬼𥚞婦女獨夫夢之生賢嗣旅家店主夢之逢貴客,19352
卷之十五,棟宇部,第宅,店面低小,占夢此小事吉又審曰所設何物推占之,19356
卷之十五,棟宇部,第宅,旅邸,身寓邸舍夢之另占文墨之士夢離家而覊旅舍主長驅以見大貴兵占戈之卒夢邸寓以暫安身主先笑而後號咷中饋曰之姿夢即次于店舖中主分别與離鄉井,19360
卷之十五,棟宇部,第宅,廣庭大吉,裴度未遇時夢坐高堂四顧亭廣百歩戶外塲如曠野芳草芊綿後入相賜建綠葉堂,19367
卷之十五,棟宇部,第宅,塲中井吉,占久居異鄕夢之歸故里險難災危夢曰之禍患消疾病煩慮夢之百憂散,19371
卷之十五,棟宇部,第宅,塲上花木茂盛,凡夢塲野曠大主心意寛暢便宜行事之象○夢占塲中𣗳木森森花枝的的草菉菲菲春和景明主曰文思高達○夢此堆積汙穢草木枯乃高下不平風景凄惨主貧乏荒歉,19375
卷之十五,棟宇部,第宅,塲聯厨竈吉,占諸事有恒平安無剝占之主豐足曰不歉之象更得永保無虞之慶,19379
卷之十五,棟宇部,第宅,塲上揚旌旗貞吉否凶,貞吉否凶占學者夢之得第登科鄕人夢之迎神賽會曰商賈夢之盗賊蜂起病者夢之不祥之兆,19383
卷之十五,棟宇部,第宅,竈下揚旗,占此夢須防火燭之災若値世亂夢此主兵曰戈在目前雖危無咎夢幢籓主佛力救護,19388
卷之十五,棟宇部,第宅,脩造大厨竈大吉,占貴者祿壽增益富者子弟榮顯求名得名成曰求利得利取求與巨室交者遇寵貴人之夢,19392
卷之十五,棟宇部,第宅,天井,夢坐立庭中主瞻天之否泰見三光者吉見烟雲占者凶○夢卧于簷外主德行之損益仰望安閒吉曰伏俯悲咲凶○夢水火荆棘上家業之飄殘○夢草滿窻前主文章之上達,19396
卷之十五,棟宇部,第宅,竈在庭塲無蓋凶,占暴露之象夢此主家破人亡世亂者位不當曰也身有病恙者夢此無妨婚姻夢此勿娶,19400
卷之十五,棟宇部,第宅,置井竈於廳堂之中貞吉,占家破分離之際夢此反爲吉祥而事在人爲曰安居樂業之時夢此必有變異而行善可保,19404
卷之十五,棟宇部,第宅,竈,占竈下清泉湧夢主獲利也竈下燈火燃曰夢主揚名也竈中火鳴聲夢主口舌也,19408
卷之十五,棟宇部,第宅,一室二竈,占此夢諸事不成之兆曰人有夢此果作二竈,19412
卷之十五,棟宇部,第宅,竈中穿井,井中作竈同占,19416
卷之十五,棟宇部,第宅,凶,占學業難成謀爲不遂曰病者身亡子孫憂累,19418
卷之十五,棟宇部,第宅,竈下水池環轉,占夢主吉轉爲凶凶反爲吉之兆安居逢禍曰患逃遁被人知災患能離脱殃消疾病除,19422
卷之十五,棟宇部,第宅,池中竈,占流離顚沛之際夢此諸事得濟病者夢之凶曰安居樂業之時夢此産敗身危懷孕夢之吉,19426
卷之十五,棟宇部,第宅,井中火起大吉,占火在水上未濟君子以愼辨物曰居方又曰君子之光其暉吉也,19430
卷之十五,棟宇部,第宅,池中井,汪熈寧之妻胡貞良孀居矢志不二嘗夢大池方數百歩中有一井池氷走于氷上汲于井井水清甘時洪武二十一年詔徵識字良家婦有司以胡氏應詔入宮爲中書令五載賜祿回籍令尹趙某詩曰宫娥取作中書令聖主稱爲女丈夫,19434
卷之十五,棟宇部,第宅,窺井笑凶,唐晅娶姑少女張氏留之衛南莊晅以事入洛累月不得歸夜夢妻隔花泣俄而窺井笑及寤心惡之明日就日者卜之曰隔花泣者顔隨風謝也窺井笑者喜向泉路也居數日果有凶信,19438
卷之十五,棟宇部,第宅,入井有人背負而出,扶人出井負日出井夢此兆吉主得人護助○夢墜落井中或坐井觀天主水火之災○夢醉入井主訟事○夢伏藏井内主牢獄○夢在井中跳出主逺行大吉玄宗夢入井有兵士着緋禪背負而出明日使於兵號中尋訪無此人又於𫟍中搜訪見一掌關著緋禪便引見上問汝昨夜作何夢對曰夢從井中背負日出登天上覩其形狀與夢相似乃問汝欲官乎答曰臣不解作官臣家貧遂勑賜錢五百千後有祿山亂子儀再造唐室果驗玄宗入井之夢云,19442
卷之十五,棟宇部,第宅,井中生樹石花草吉,占夢井中有巧石主奇巧之事名花芳草吉曰𣗳木皆非井中所植當以字推惟竹無妨何祗夢井中生𬽌以問占夢趙直直曰桒非井中之物會當移植然桒字四十下八壽恐不過此祗後至犍爲太守年四十八果卒,19451
卷之十五,棟宇部,第宅,井内有人,若其相識之人久客在外夢在井中見之主還鄕井之兆若卧在井中者死黃𠏉通判安豊軍時淮西帥司檄鞫和州獄獄故以疑未决榦夜夢井中有人果于廢井得尸,19457
卷之十五,棟宇部,第宅,將雪塡井凶,占此夢家室不寧受人欺擾作事無曰終不祥之兆女子夢之主井水枯,19463
卷之十五,棟宇部,第宅,井涸,占夢此主貧乏天一生水萬物無曰水不生故也病夢主腎虚無妨,19467
卷之十五,棟宇部,第宅,穿井貞吉,夢人穿鑿舊井主朋友至○夢平地開井主得良友○夢穿井見水主逺信至○夢身自淘井主爵占祿榮盛○夢自汲清水主得財物○夢人汲水授曰巳主得人之財物○夢水湧出井上主登科拜相○夢加脩井欄主家富○夢窺井見天主得官祿夢井中水漲溢主作事成㕻德之人反爲凶災,19471
卷之十五,棟宇部,第宅,井水溷濁凶,占夢此主乏糧之患若夢汲無水曰䋲綆斷落瓶器破傷尤爲大凶,19475
卷之十五,棟宇部,第宅,屋在井内,占夢之子有災夢房曰舍居住井中大凶,19479
卷之十五,棟宇部,第宅,井崩損傾涸汙塞,占此敗家之兆夢蔽蓋井欄者曰無妨但家事未得昌盛耳,19483
卷之十五,棟宇部,第宅,草舍茅廬,占夢眺望見之主吉曰夢卑穿傾壞則凶冠山來淑人之夫犯罪被囚夜夢前隣結茅房相對照淑人自解曰茅房乃草舍也與赦字同音對照吾門必有赦釋良人之兆不數日果遇赦還家,19487
卷之十五,棟宇部,第宅,涼棚,男夢納凉于棚下主安閑喜慶患去病痊女夢裸占形于凉棚主病患驚憂或有私情行人夢之主伴曰侶和洽諸事得吉,19493
卷之十五,棟宇部,第宅,彩棚,占夢此主有慶賀曰之事病者不宜元德秀少孤家貧事母至孝夢坐于棚下棚上錦麗五彩光燦百花寤曰此兆吉昌但母老矣何忍離左右乃負母入京果擢進士,19501
卷之十五,棟宇部,第宅,花棚吉,占夢之當以花名推其吉凶曰若於脩造種植夢之直叶,19507
卷之十五,棟宇部,第宅,牛棚羊棚,占此富厚之占占有曰棚無畜者不祥,19511
卷之十五,棟宇部,第宅,雞棚吉,占夢育司晨存夜風見幾而作徵臨西肖曰會秋聲教思無窮出入無疾朋來無咎,19515
卷之十五,棟宇部,第宅,猪圈凶,占凡夢此者凶多吉少夢身入圈中主牢獄曰死亡之禍惟田舍翁夢屋外造圈者吉,19519
卷之十五,棟宇部,第宅,坑厠,占君子夢之事不諧小人夢之得財病夢入曰厠康徤夢深坑大災凡夢陷坑厠中者死,19523
卷之十五,棟宇部,第宅,鹵簿入厠中,宋沈慶之在文帝時夢引鹵簿入厠中意惡之占者曰君必大富貴然不在旦夕間鹵簿是富貴者引入厠中所謂後次也知君拜相不在目下慶之果以孝武時出登三公,19527
卷之十五,棟宇部,第宅,船坊吉,占夢此主出行有利船舵安然曰風波不起坦夷平吉之象,19531
卷之十五,棟宇部,第宅,馬厩,夢此主通達○夢馬出厩主遠行○夢馬入厩中占主信報至○夢厩中馬嘶主口舌○夢廏中馬舞曰主火災○夢厩中無馬主作事不成○夢馬坊破壞主家中人有災○夢脩造馬厩主得富貴,19535
卷之十五,棟宇部,第宅,蓬厰吉,夢此主命工匠爲大作之兆○夢居廠中主作事占因人借力疾病得遇良醫○夢行過厰外與厰內曰人語主决事得中志窮無咎○夢卧厰下者不祥若其人平日有事厰中者又當另推,19539
卷之十五,棟宇部,第宅,窑,工成豎立除器戒不虞甄别妍媸毁方而瓦合土塊泥丸大功成旣濟身居日用小器審明夷凡夢占此者君子以正位凝命小人以革面順從諸事皆曰吉夢造窑者主成器○夢居窑中者平人主幽苦文人主異日光明○夢燒窑者主抑欝之兆○夢窑中器物充滿者主闘毆不寧,19547
卷之十五,棟宇部,倉庫,内帑御庫大吉,少者夢之天祿豊隆身榮譽顯老者夢之天年永占久子貴孫賢尊者夢之以盈虚爲治亂之徵病者曰夢之以言䜟爲吉凶之數陳劉皇后幼夢立金屋内侍飾如宦官叩首曰東天庫次日母招日者占之日者曰必作大貴人年十七𡣕于帝日者語人曰劉后幼夢東天庫東字加耳旁陳字也天庫宦官叩首我云必作大貴人今果然矣,19554
卷之十五,棟宇部,倉庫,武庫,占凡夢入此學博才高者得與斯文良謀善射者登曰壇之選商賈夢之大發夢中遥望不得入者反是,19560
卷之十五,棟宇部,倉庫,太倉吉,刑文偉夢支俸太倉倉史曰進肉千歲殿文偉曰自有宰官進膳倉史曰奉天封誥文偉宰之得御書右史及乾封初文偉爲東駕典膳臣上書減膳太子答書嘉嘆其年右史缺高宗曰文偉以吾兒不讀書不肯與肉直臣也遂授右史職,19564
卷之十五,棟宇部,倉庫,倉廩府庫吉,夢此充盈主年豊民足夢此虚耗主年荒國亂夢占得此支應福壽永昌夢倉廪盈足者下人吉上人曰凶夢府庫盈足者上人吉下人凶,19568
卷之十五,棟宇部,倉庫,民舍倉厫棧房碓坊,占夢豎造脩葺五榖充盈主家業成曰立夢珊塌空虚污穢主貧窮破敗王季良夢入倉倉無粒粟拾得一錢置褲中以問占者曰一錢可得萬利未幾瘡發腰間乏粮餓死鄰里聞之謂占萬利之談無稽云,19572
卷之十五,棟宇部,倉庫,地窖,占夢此者潔淨充滿覆閉高乎大吉之兆汗穢曰殘損缺陷暴露不祥若夢窖中渾泥浸者凶,19578
卷之十五,棟宇部,倉庫,水窖吉,夢入此清冽寒泉主腎水充足精液堅固昔日有占南粤人夢此者或問之曰陜中和蘭無流泉巨室曰作石窖畜水夢此當遠行至和蘭可致富,19582
卷之十五,棟宇部,苑囿,上林苑吉,峻嶺茂林晉履帝居之都麗玉臺金闕周行王道占之森嚴何天之衢渙奔其杌王假有廟賁于丘園曰自明德尚于中行夢中光燦子虚昭其得覺後肴歔烏有志達皇都徵祥吉兆阮長之未第夢登高崖履大道數里虚朱門金闕光耀疏璃見一閽曰汝欲遊上林乎臨海觀日昇可得榮歸由殿前歩至海岸見日初出雲光躍目而寤後爲臨海太守,19590
卷之十五,棟宇部,苑囿,内苑吉,占有應選夢入內苑看花及期授京兆尹凡曰夢入深宮内苑上林主名譽達皇都大吉,19598
卷之十五,棟宇部,苑囿,離宮别院,占夢入離宮别院當以所見形色所聞詞曰字細推之或吉或凶有驗分離别業者,19602
卷之十五,棟宇部,苑囿,官廨後苑囿,占夢此宜審官廨所在及花卉草木等類細詳之曰以辨凶吉景象新華茂盛者吉反此者不祥,19606
卷之十五,棟宇部,苑囿,田舍大吉,占夢造園林于田舍主增益田土○夢豎田舍于曰園中主園林荒蕪○夢遊田舍宜以屋木另推,19610
卷之十五,棟宇部,苑囿,起造新莊吉,占巨室富資繁華工作夢曰此必有大利諸事皆吉李德裕九世孫某夢遊平泉庄寤曰昔者始祖平泉庄遺命云毁一木損一石非吾嗣也及遭亂離竟成荒丘噫焉能有良裔再復此地肯搆一堂哉旦謁士夫見平泉莊圖焉,19614
卷之十五,棟宇部,苑囿,湖亭,商人萬鈞候風泊舟江沙間夢登湖亭排讌見文武官數十人至前𨽾叱曰速去驚覺命舟師揚帆隨風而往數里許金兵至㟁索舟渡江鈞嘆曰天遣速行得救民命舟泊江邊不夢江亭而夢湖亭胡爲停泊于斯也登臨罷讌等候風罷則遲晏也隸曰速去脫兵索也宋末江南民庻夢湖無水居亭内不敢出占曰湖無水胡也住亭内不敢出隱也果驗,19620
卷之十五,棟宇部,苑囿,山池亭榭貞吉,占行人夢此得暫憇於山間水間達士夢此曰得高尚于驅名驅利病卧城市夢此不祥,19626
卷之十五,棟宇部,苑囿,另居别業,占主出類超羣之兆夢此小試利在他曰鄉謀利貴在遠途又主幽居别有天,19630
卷之十五,棟宇部,苑囿,假山,占此兆行而欲止止而必曰行凡事因𪝒成眞之占,19634
卷之十五,棟宇部,苑囿,菜圃吉,周公有云莧陸中未光凡夢此者中未光大也文占人應試夢此當察命題武将臨邊夢此難爲戰守曰病疴痼疾夢此得藥得愈婚姻孕育夢此多子多孫鄕人夢此直叶有補無災王樵夜宿鄉間夢買地二十畆造一菜園匾曰不如圃有童子與樵同臥樵以夢告之童子曰買地用錢種菜多子論語云吾不如老圃一個女口補君胤嗣王樵乃娶妾生三子此童効力如事父母樵亦愛之,19638
卷之十五,棟宇部,關陲,貢院關房貞吉,凡入坐其中者應試夢此登高第官吏夢此差塲屋商人夢此遇雨吉大貴夢此得利息武士夢之占事勿憂軍卒夢之主美役病者夢之不祥匪人夢曰之牢獄僧道夢之坐立関庻人夢此須遷宅夢出其外者反此而占信安劉必明家貧遊學江右人以數金托之謀事妻徐氏知之曰我見汝安貧樂道奈何作此欺事必明以金還其人夜夢入貢院立關房下房上人曰卯金在何號必明曰我姓劉衆推入塲驚寤次年中秩爲湖南令,19648
卷之十五,棟宇部,關陲,關塞,夢把守闗塞主扼要得權○夢過關出塞主命運亨吉○夢過塞入関主際遇得利○夢關大開主命中關煞開通○夢關門障蔽主運限不通○夢遊行塞上主得食祿○夢立塞外関上大開而身占不入關主口舌是非○夢關外斷橋無路主命中曰大限不吉之兆也○夢闗塞危橋岐路得人引過通衢主災消病除得人扶助○夢由隱徑過關土行言不正遭逢不偶○夢關塞無人主逃避口舌尋人不遇,19654
卷之十五,棟宇部,關陲,鈔關,夢據關收鈔主大獲財利○夢納鈔過關主財祿占進益○夢關吏征鈔被責受辱主是非爭訟○夢曰人同行至關分路者凶余成善妻祝氏夢夫坐舟出關祝氏立關内納鈔關吏索取錢五十三文寤以言于夫成善曰我得出關時運通矣未幾夫死祝守家活孀居五十三年,19664
卷之十五,棟宇部,關陲,遙望關寨旌旂𤇆火驛中火起凶,占夢此主兵戈爭亂之徵宜防火圍曰旦夕不吉之兆是多凶而少吉也,19670
卷之十五,棟宇部,關陲,坐守關寨中吉,占文人武士夢之主得官爵掌關防○隱士夢之曰主安貧樂道○平民夢之主避仇惡得安也,19674
卷之十五,棟宇部,關陲,郵亭吉,凡相會往來其間者名士清門夢此得貴人交富占家巨族夢此主逺行商賈夢此主交易病訟夢此曰不祥,19678
卷之十五,棟宇部,關陲,埧閘,占夢埧吏扶過埧上夢開閘過閘主運通時曰達夢舟車爲埧閘所阻主命運遭逢艱阻,19682
卷之十五,棟宇部,囹圄,錦衣衛獄,宦官張某夢王守仁入錦衣獄獄中乘駒出抱龍入雲是歲守仁彈劉瑾詔獄謫龍驤驛,19690
卷之十五,棟宇部,囹圄,天牢,占夢此主病患之災若夢入曰視罪犯出外而寤主吉昌,19694
卷之十五,棟宇部,囹圄,坐牢獄吉,占夢坐牢者丑年利夢坐獄者戌年通貴人夢坐曰吉平人夢坐凶疾病之人夢赦出者主患除,19698
卷之十五,棟宇部,囹圄,乘輿入獄,崔龜從夢乘輿入獄三百餘人叩拜號泣獄吏曰平言里王一人四人走事河中及寤異之待旦書記藏于笈及爲大理評事從事河中府啓笈見所書嘆曰此兆果驗于今日然則斯巳矣乎後爲少保歸洛,19702
卷之十五,棟宇部,神宇,郊壇社稷壇大吉,君相誠格之夢天地感孚之占郊祭天天子以作占樂崇徳殷薦之上帝以配祖考社祭地以配后稷曰國之大事莫大于斯君子夢之明乎其禮治國𡚱家而布衣夢之利用爲大作見善則遷有過則攺郭子儀初冠夢儒冠荷袍立郊壇下見二帝冕旒行禮上帝命子儀至社壇攝行祭禮賜燔肉覺謂此兆不祥祿山之亂子儀再造唐室玄宗爲太上皇此瑞徵見於未示之先云,19710
卷之十五,棟宇部,神宇,太廟明堂,文士夢之名登黃㮄位列宗伯武士夢之功在社占稷世授簪纓平民夢之推其所恒以占夢生于太曰廟之中貴嘗有工匠夢遊綾恩殿占者謂此乃玉城宮闕必有事至果充皇陵之役,19714
卷之十五,棟宇部,神宇,文廟,夢過門而不食非孔子之徒夢登堂而入室乃國占士之瑞不習舉子業夢入文宣廟驗在子若孫病曰劇者夢此幸遇聖良方尚有十年壽僧道夢此宜結大儒緣,19720
卷之十五,棟宇部,神宇,歷代宗室先朝帝王廟,占夢中象吉爲吉兆夢中凶象爲兆凶曰夢中無吉無凶所驗將遊于此地,19724
卷之十五,棟宇部,神宇,城隍廟貞吉,占凡夢此者當以所見所聞受持勿誤曰若夫忽畧怠弛誕妄褻凟災必臨之,19728
卷之十五,棟宇部,神宇,山岳江湖諸神之宇,能事鬼神者心誠而不敢懈能敬而不敢褻能逺而不敢凟若斯者天必祐之倘有不虞神明豫兆占于未幾使避凶而趨吉幸改禍以成祥于是見之曰于寤寐之中宣之于容辭之外志在江湖夢河伯海神之廟道由關嶺夢山靈天將之祠一言一動母忽母疑劉存爲舒州刺史辟儒生霍爲團練判官甚見信任後爲左右所讃因搆其罪下獄白使府請殺之帥知其𡨚使執送楊都存遂縊之于獄旣而存遷鄂州節度使霍友人在舒州夢霍素服自司命祠中出撫掌大笑曰吾巳獲雪矣俄而有帥師征河南霍表兄馬鄴爲黄州剌史有夜扣齊安城門者曰舒州霍判官將往軍前馬病白使君借馬守陴者以告鄴嘆曰劉公枉殺霍生今此人往矣得無禍乎因畵馬數匹焚之水際數日存敗績死焉丁元珍嘗夜夢與歐陽修至一廟出門見馬缺一耳後元珍除峽州修除夷陵令一日同祠沂謁黃牛廟入門惘然皆如夢中所見門外石馬缺一耳相視大驚以爲事有前定如此云或曰萬事皆前定何用苦勞心惡是何言歟世之所謂前定者是誰定之惟志之所至定之于旣往故事之所自見之于將來善人未必無過昔日有罪孽則得善名而受奇禍惡人未必無善昔嘗有善念故名夫惡而反受福嘗害人于人所不知者福臨之以表其凶易曰天地感而萬物化生聖人感人心而天下和平觀其所感而天地萬物之情可見矣,19732
卷之十五,棟宇部,神宇,五祀,家主中霤而國主社中霤者即家堂之謂也家堂之神爲五祀之主地宅所居曰土地之神道路之占主曰五道之神貨財之主曰五路之神日用之主曰曰六神竈有竈君井有井泉之神戶門坑厠皆有神祗各有廟室堂宇夢中見之大小不同而吉凶悔吝皆直叶者,19762
卷之十五,棟宇部,神宇,魁星閣大吉,占夢此主文章應試之祥有夢登禮拜後及第曰道經于此宛如夢中乃以俸金命工搆葺,19766
卷之十五,棟宇部,神宇,龍王廟,占夢此主風雨旱澇田土途路之徵久曰旱夢之有大雨至乆雨夢主雨止,19770
卷之十五,棟宇部,神宇,仸廟,劉幽求奉使歸未及家十餘里夢仸寺中聞歡洽聲垣矮見妻在坐内幽求擲瓦下之走散旣覺馳抵家妻方寢聞幽求歸起叙寒暄訖妻語夢遊一寺會有人自外以瓦擲遂覺幽求亦具陳前夢各各驚訝○凡夢仸神主男女情欲孕產吉凶惟病中夢之必痊,19774
卷之十五,棟宇部,神宇,道家,凡夢入道家宫觀樓閣洞室丹房遊觀居處者常占人皆吉病者不祥入其中而有人指點引導出入曰者又當別占先王以神道設教而天下服政教懈弛有司失其傳而亂將作孔子適周問禮于老子曰老子其猶龍乎老子西出関授関尹道德經秦火之變得其傳者鮮焉天師張道陵出而神教復興三教皆自老子始養生之道深造其旨名之曰仙仙道莫能傳世之假借虚妄以邪說誣民者比比皆是矣惟天師得其正教是曰道教凡夢神廟觀院官殿道家所居若三天門若天皇殿安樂宫玄都觀飛仙臺廟堂道院等神鬼所依神鬼無形與聲傳物而有聲其聲也靈有過則驚無過則輕惟敬與誠則得其平病痼夢之得生顚沛夢之得寧此造物者之無盡藏也見幾而作全在心清心放曠爲虚驚惑于邪術業廢家傾荒淫飲蕩諸事不成魂之所憑天神之靈因夢想以示呈張亶咸寧中夢行仙府聞天風海濤聲振林木見海中樓闕金碧瓊琚數人揖亶入請賦詩且曰此間文章要與織女執抒分巧勿過人間語亶成一絕云天風吹散赤松霞染出連雲萬樹花悞入醉鄕迷去路𠊓人應嘆忘還家有仙曰子詩絕佳未免近凢罰酒一杯極甘忽墜萬仭山而覺宋張成憲在陳州不欲斷成疑獄以及無辜之民後因設蘸茅山夜宿玉晨舘夢至一殿廷主者曰陳州之事尚記憶否此間文籍甚明命使者各抱一錦𬓃與之曰以此相報是歲妻生一男妾生一女後皆貴盛次年轉大夫直秘閣治平中蘇轍寓京師夢入三清殿上老子像高二三尺狀甚異謂轍曰子知楊綰事乎轍荅曰唐之賢相也子知高郢嚴震乎轍曰郢文臣震功臣三人孰優曰郢震不及綰逺矣曰三人皆終尚書僕射然綰不至上壽郢震並享者年子知其說乎曰不知也曰綰好殺生而郢震皆不殺此所以異也子志之,19778
卷之十五,棟宇部,神宇,釋家,夢見寶刹壯麗者主吉祥○夢見寶塔輝煌者主高舉○夢登殿禮拜主身心齋潔○夢登塔極頂占主位尊壽永○夢上戒壇主得佛力○夢入佛寺曰者平人吉貴人凶○夢入寺人阻患難者吉平安者凶佛者西方聖人夷狄之一法也不生不滅不垢不淨無我相無人相無衆生相無壽者相普度衆生衆生得度信受奉行施舍功德而浮圖方丈叢林檀越遍天下曰舍利塔曰大雄寶殿曰講經禪寺曰功德道塲曰懺悔道塲曰講院曰齋堂曰小菴曰靜室曰僧舍曰佛堂曰蓮花座曰法堂曰寶塔曰石塔又尼姑𤲅道婆𤲅凡夢之者普度結緣先露其幾諸菩薩諸佛諸菩提長老阿羅漢和尚禪師沙門稍覺道人香火善人信士信女人念彼觀音力脫離地獄門三生百千萬刼共以成佛道心經曰無無明亦無無眀盡後晉寶雲寺僧一日夢于舊寺基水際得古㫁碑云寺南高基乃顧野王脩輿地志處也明日果得碑乃于基上建野王寺元成廷珪詩云塵銷壞壁書千卷土蝕殘碑字幾行北魏奚康生久爲將多所殺戮而乃信向佛道嘗於南山立佛圖三層忽夢崩壞沙門爲之解云檀越當不吉利無人供養佛圖故崩耳不久竟爲元義所害楊州西靈塔極峻淮南詞客劉隱之遊明州夢泛海見僧懐信居塔三層言暫送塔至東海旬日而還隱之歸揚州即訪懷信曰記海上相見時否數夕塔毁于火宋王球爲涪陵太守以失守繫獄防鎻堅固獄中百餘人並多飢餓球毎食皆分施之日自持齋心念觀世音夜夢昇高昇高一沙門以一卷經與之題名光明按行品併諸菩薩名球得而披讀忘第一菩薩名第二觀音第三大勢至又見一車輪沙門曰此五道門也旣覺鎖皆斷脫球心知神力彌增專志因自釘住其鎻經三日而得原宗澤夢造九級浮屠明旦見岳飛薦爲將淳化間周朝壽任泗州守嘗不請于朝而修城朝廷不准所費罄家賞之貧不能堪夜夢老叟謂曰若往招提寺可終汝身明日往寺遇老僧僧問姓名鄕貫即請沭浴更衣設供止宿旦具香花迎入法堂會衆升座曰尊君侍郎所寄錢十萬貫老僧被此褦襶十年謹用歸納授以簿書訖端坐而化,19808
卷之十五,棟宇部,神宇,勑建忠孝節義鄉賢名宦祠,占自昭明德惟風憲于一方受兹介福享血曰食于千載寐寤志合前賢徵兆身榮異日,19841
卷之十五,棟宇部,神宇,家廟路寢,家之有家廟所以盡子道陳孝享也諸矦五卿大夫三上上一中祀始祖左昭右穆祀高祖曾祖祖考又有祧廟而祀考妣于禰廟下士無田不敢以祭士庻人享親于路寢凡夢此者爲子不忍忘其親而先靈因之見其慈也○夢建造修葺主富貴增益○夢拜奠蒸嘗主爵祿豐亨○夢于廟内見求食○夢入其官不見靈棲主有禍事至○夢廟中生草木主敗亡顚沛○夢欹斜損壞靈棲顚倒主九族不睦夫妻反目○夢蔽塞毁弊主家破人亡○夢揚旌掛彩主喜事至○夢一鳯啣書入廟主皇恩授詔,19845
卷之十五,棟宇部,神宇,祠堂,占夢爲人造祠祀巳故之人者主夢者吉祀見在之曰人者主其人吉○夢人爲巳造祠者主自巳不祥,19849
卷之十五,棟宇部,神宇,觀音堂貞吉,觀音普門慈悲大士也夢之主宜修齋行好事結善緣非義財莫取非理事莫爲貴藏修謹愼爲吉,19853
卷之十五,棟宇部,神宇,關帝廟大吉,匹馬單刀忠肝義膽護國安民之大帝文士臨塲兆之定占魁元武將臨塲兆之大勝有功病人兆之不日而愈商賈兆之利當十倍恆人兆之門庭清吉孕婦占之兆主貴子主訟事得清官遇難終獲解大吉大吉,19857
卷之十五,棟宇部,神宇,賢聖廟大吉,占之主得賢友遇聖師生女得秀生子得貴利吉終,19861
卷之十五,棟宇部,神宇,━━━━━━━━━━━━━━━━━━━━━━━━━━━━━━━━━━━━━━━━━━━━━━━━━━━━━━━━━━━━━━━━━━,卷之十六,19870
卷之十五,棟宇部,神宇,━━━━━━━━━━━━━━━━━━━━━━━━━━━━━━━━━━━━━━━━━━━━━━━━━━━━━━━━━━━━━━━━━━,,19872
卷之十六,服飾部,冠冕,冕旒大吉,冕旒之製古矣始於黃帝冠上有覆前後有旒夏禹致孝享美乎黻冕孔子論爲邦服周之冕乃至尊之元服國家舉盛典行隆禮則用此焉夢之者占主有大喜慶事士人見冕旒必受恩榮女子見冕曰旒必蒙欽選官僚見冕旒爲左右輔弼嬪妃見冕旒得朝夕進御庻民見冕旒子孫入覲天顏或自見神像以應夢焉,19889
卷之十六,服飾部,冠冕,冲天冠吉,占王者用之藩府亦得服之縉紳夢此得寵任青曰衿夢此得顯榮若優俳夢此則其習見不論巳梁武帝勑賀革爲元帝府咨議使講三禮賀將西行意甚不悅過别御史中丞汪革江告之曰吾夢主上遍見諸子至湘東王脫冠授之此人後必當璧卿其行乎賀頷之及太清之亂遂膺歸運,19893
卷之十六,服飾部,冠冕,貂蟬冠貞吉,此貴官之盛飾凢夢之者必受國恩享天祿但夢占戴之或得之或整之則吉若夢失夢污夢敝有不曰祥焉或爲更新之兆,19899
卷之十六,服飾部,冠冕,皮弁吉,公矦之首服凢夢此者必得官爵文臣夢之朝廷占有事宣召武士夢之邊方有事出征若有功勞勲曰業者夢之主受封廕世襲,19903
卷之十六,服飾部,冠冕,紫金冠,公子王孫之服飾也凢夢之者爲逢凶化吉遇難占生祥之兆出行逢貴客婚姻有良緣商賈獲奇貨曰詞訟遇清官,19907
卷之十六,服飾部,冠冕,魚尾冠貞吉,羽士之服飾也見之于夢居官者宜優游林下有占病者宜請求法籙祈晴得晴祈雨得雨凢事人定曰亦能勝天之兆,19911
卷之十六,服飾部,冠冕,鐡冠,宋熈寧初邵武人徐熙春夢一方士鐵冠道服儀容脩偉旣寤至城南五峰院遇所夢者自云姓蔡住武夷遺以五華草食之甘美自此不服粒食但飲清泉約以某日至武夷至期而往蔡巳先在徐以水深不能渡止於金身院修煉尸解而去,19915
卷之十六,服飾部,冠冕,黃冠,蘇長公軾知揚州一夕夢在山林閒忽有一虎來噬巳方驚怖有一紫袍黃冠者以袖障之叱虎使去及旦有道士投謁曰昨夜驚畏否蘇知其爲幻術遂叱之曰䑕子敢爾欲杖其脊慚懼而去,19919
卷之十六,服飾部,冠冕,捧簪纓而進吉,此夢主得人之瑞徵人君夢之必得良佐文士夢占之必遇良朋庻民夢之必逢貴客易曰由豫太有曰得勿疑朋盍簪,19923
卷之十六,服飾部,冠冕,整冠服而朝吉,占此整舊重新之兆必有大喜事至外臣將曰入朝隱士將被召致仕在家將復起官,19927
卷之十六,服飾部,冠冕,朝衣朝冠入山林,是夢也各以類占文人才士隠居荒野者主他日占榮貴焚黃顯親公卿大夫見任顯要者當退歸田曰里致仕告老在家者恐就木入土唐右補闕毋旻夢著衣冠上北邙山親友相送及至山頂囬顧不見一人意甚惡之無何以熱疾暴終矣,19931
卷之十六,服飾部,冠冕,或錫之冠帶,夢此者主貴顯之兆士子必登第授職官員必增占秩加銜在閨閫必然夫榮子貴在𦒿德定作鬼判曰神司,19937
卷之十六,服飾部,冠冕,冠中束帛凶,束帛原來是白巾如何夢見帽中存只恐無端凶占事至且將顔色細評論白主孝服紅主刑傷黑主曰水厄靑主懸梁黃者爲吉,19941
卷之十六,服飾部,冠冕,冠上簪花大吉,夢此主有樂事至花是人間物花開必遇時天時占應人事喜慶可先知應舉在第一甲小試亦在優曰等仕宦蒙恩賜宴平常婚姻嫁娶,19945
卷之十六,服飾部,冠冕,冠上又加一冠吉,貴人夢此主兼攝國政富家夢此主雙貴臨門爭占訟夢此事渉兩司平常夢此喜事叠至生男有二曰貴子,19951
卷之十六,服飾部,冠冕,朱衣武冠,蕭巖蕭巘至陳德教學士沈君道夢殿前長人朱衣武冠頭出欄上攘臂怒曰那忽變叛蕭誤人事後主聞之遂忌二蕭散其衆,19955
卷之十六,服飾部,冠冕,男戴珠鳳冠凶,女子之貴服也夢作男裝非所貴而貴焉名必辱占非所服而服焉身必危旣辱且危死期將至妻其曰可得見耶易曰入于其宮不見其妻凶,19959
卷之十六,服飾部,冠冕,男戴假髻,司馬懿畏孔明甘受巾幗之辱夢中而戴假髻男占裝女無丈夫體度者也作事必退怯治家必疎慢曰詩云抱頭學䑕𥨥掩耳怕獅吼此夢之謂歟,19963
卷之十六,服飾部,冠冕,女戴男冠否凶,此陰盛侵陽之象也主女子奪夫權内人于外事占且有拘囚悲泣之兆夢之者宜以綱紀持身以禮曰義治家易曰家人嗃嗃悔厲吉婦子嘻嘻終吝,19967
卷之十六,服飾部,冠冕,兒童戴紗帽,占聰俊之兒爲貴顯之兆狡獪之童是俳優之曰徵若有訟事者主小官審問不至用刑也,19971
卷之十六,服飾部,冠冕,嚴寒戴紗幘吉,夢此主氣豪膽壯之兆士子應在賔興將帥應在占用兵詞訟勝在殘歲婚姻戒在明春遠行者歸久曰病者起凢事大吉,19975
卷之十六,服飾部,冠冕,盛暑戴氊帽凶,此作事畏首畏尾退縮不前之象也氊有迍邅之占義求名不遂出軍不利行人有疾囚者難脫病患曰未愈諸事淹遲不吉也,19981
卷之十六,服飾部,冠冕,單巾幘,襄陽蘇嶺山廟門有二石鹿夾之故謂之鹿門山郭重產記云𩀱石鹿自立如鬥人或有時不見鹿知有𩄇瑞梁天監初有蜯湖獵人見二鹿極大乃走馬逐之鹿即透澗直向蘇嶺遂失所在疑是二石鹿所化遂回其夜夢見一人着單巾幘黃布袴褶語云使君遣我牧馬汝何驅迫頼得無他若見損傷豈得全濟,19985
卷之十六,服飾部,冠冕,幅巾道服,張忠定公詠在都嘗夜夢謁紫府眞君接語未久吏忽報請到西門黃兼濟承事以幅中道服而趨眞君降堦接之禮頗隆盡且揖張公坐承事之下詢顧詳欵似有欽嘆之意公翌旦即遣典客詣西門請黃承事戒令具所常衣服來比至果即夢中所見公即以所夢告之問平日有何陰德蒙眞君厚遇如此且居某之上耶兼濟曰無他惟毎歲禾麥熟時以錢三萬緡收糴至明年禾麥未熟時小民艱食之際價値不增升斗平準在我無損而小民得濟所急公曰此承事所以坐某之上也令索公服二吏掖之使端受四拜黃公後裔即今入仕路者比比靑紫,19989
卷之十六,服飾部,冠冕,烏衣黑幘,陳甲獵於東野大藪歘見大蛇長六七丈玄黃五色𥃱岡下甲射殺之不敢說三年後至故見蛇處語同行云㫺在此殺大蛇其夜夢一人烏衣黑幘至其家曰汝無狀殺我我昔醉不識汝靣故三年未相報今自來就死欲安逃乎甲遂驚覺腹痛而卒,19994
卷之十六,服飾部,冠冕,帽無頂凶,占帽無頂兮主損傷人若夢之有災殃曰諸事不成更有害閉關獨坐宋斜陽,19998
卷之十六,服飾部,冠冕,戴蓮花巾,貞吉否凶蓮花巾戴象西方向善修行第一行有孕𢙢生是占弄瓦病人夢此主非祥昔吳江女道士頭戴蓮花曰巾也,20002
卷之十六,服飾部,冠冕,戴僧帽,主離緣絶俗之象夢巳戴之家業衰親友疎子姓占凋零顯宦致仕病人難痊諸事有碍惟平日好修曰行奉齋者可免無虞沙門兆之貴𭆞禪悟玄,20007
卷之十六,服飾部,冠冕,戴白氊帽貞吉,占白主素素猶見在也事當曰素位而行宜守舊則吉,20011
卷之十六,服飾部,冠冕,帽斜戴,占其冠不正主非由正道之象占此恐遇無曰美事交無良友凢事宜小心謹愼爲吉,20015
卷之十六,服飾部,冠冕,結騌帽,占主細宻難成之象占者事多遲留病多牽曰纒春夏夢之猶可秋冬夢之只宜静守,20020
卷之十六,服飾部,冠冕,帽墜地,貞吉否凶墜及也地第也墜地主及第之象士人兆之定占占魁首頭𧢲峥嶸庻人兆之傾跌失物若獄人兆之曰惟慮落首之恐,20024
卷之十六,服飾部,冠冕,戴斑竹冠吉,占斑班也齊等之貌竹主交友曰兆之主同類共事者有利,20029
卷之十六,服飾部,冠冕,戴凉帽貞吉,占夏暑夢之主乘凉之兆清吉曰寒冬夢之主凄凉之象不利,20033
卷之十六,服飾部,冠冕,帽被人搶去凶,占帽被搶兮兆不祥家中事事變生殃曰父母妻孥俱有碍病者須防壽不長,20037
卷之十六,服飾部,冠冕,戴孝頭巾吉,占主家中有孝子順孫曰兄弟和翕者方兆之,20041
卷之十六,服飾部,冠冕,戴破帽,占主舊交宻夫妻久詩曰破帽多情曰却戀頭或貪花飲酒者必染病,20045
卷之十六,服飾部,冠冕,首戴圓冠脚穿方履,占圓冠方履主天圓地方之象夢之生意曰亨門庭慶士戴元冠壽者得康迪吉,20049
卷之十六,服飾部,冠冕,戴皂𨽾帽,占兆之者主訟事至曰要脩省或可免,20053
卷之十六,服飾部,冠冕,帶帽套吉,占主温潤豐溢之象兆之百曰事和遇貴人共事利吉,20057
卷之十六,服飾部,冠冕,戴西方巾,占西方主白夢戴此曰者主病人危也,20064
卷之十六,服飾部,冠冕,綠袍烏帽,曹州定陶縣北有陂澤居民採蚌鼈贍生虜亮王隆元年女直人阿失里爲邑宰夢一人綠袍烏帽皂靴革帶握手板入謁告細民捕殺其族乞禁之失里夢中許諾明夜復夢莫知所謂迨春澤畔漁人日衆忽有巨物長六七尺狀若蛟螭湧波噴雲㟁滸摧陷人皆驚走溺死過半始悟邑宰夢,20068
卷之十六,服飾部,冠冕,官戴蓑笠,田家爲雨具官府何披戴此夢若推占天機自有占在遇旱必大雨遇雨必水𨓆陰陽未可知貴賤豈曰相代若居官者自夢非遇水旱當致仕歸田不得沐恩之象也,20080
卷之十六,服飾部,冠冕,着衣不戴帽凶,衣不戴帽猶有體而無頭此凶兆也占者叛逆事占莫爲强梁人莫交恐誣陷有罪或獄中人夢之難曰保全體,20084
卷之十六,服飾部,冠冕,戴網巾,網猶羅網戴之猶入之也兆之主禍至必有囹圄占之恐或有訟者切莫見官凶多吉少之象凢事小曰心忍耐爲吉,20088
卷之十六,服飾部,冠冕,戴破幘貞吉,占幘戴破破者解也解災散也兆之曰事漸亨訟漸解𡨚漸雪病漸脫吉,20092
卷之十六,服飾部,冠冕,幘掛空中貞吉否凶,貞吉否凶占主禍患在前臨深履薄之象夢曰此當謝絶塵緣杜門㧣守方吉,20096
卷之十六,服飾部,冠冕,女戴網巾,占女戴幘兮豈曰祥曰家中事事變成殃,20101
卷之十六,服飾部,衣衫,衮衣大吉,至尊至貴之盛服也衮衣裳九章一曰龍以龍首占衮然謂之衮天子之龍一升一降上公皆有降龍曰今謂之蟒衣在朝之臣賜一品服者亦得服焉凢夢此者占法與冕旒同,20109
卷之十六,服飾部,衣衫,衮衣升座,姚襄之㓂洛陽也夢其弟萇服衮衣升御座諸酋長皆侍立明日謂將佐曰吾夢如此此兒志度非常或能大起吾族及襄死至太和九年萇自稱秦王建年號稱制行事,20113
卷之十六,服飾部,衣衫,衮衣倚槐,後魏廣陵王元淵夢着衮衣倚槐𣗳問占者楊元稹元槇言當得三公退謂人曰死後得三公耳槐字木𠊓鬼不久果爲爾朱榮所殺後贈爲司徒,20119
卷之十六,服飾部,衣衫,帝脫御衣,康王夢帝脫御衣授之未幾二帝蒙塵康王以元帥南渡踐位是爲宋高宗,20123
卷之十六,服飾部,衣衫,朱衣,貞吉否凶朱者南方之正色於卦屬亁屬離於干支屬丙丁屬巳午夢朱衣者有君象焉有神象焉有貴顯之占象焉其吉其凶各以類應吉則爲朱衣點頭爲緋曰衣掛體爲天𥙍降福凶則爲誅斬爲赤族爲回祿降殃以人之善惡推之,20127
卷之十六,服飾部,衣衫,朱衣行水上吉,梁鮑泉之爲南計都督也圍河東王譽淹遲不㧞世祖遣王僧辨代泉僧辨至即出帝㫖令示衆鎻泉牀下頃之其友人乃夢泉著朱衣行水上因告泉曰君勿憂尋得免矣因說其夢泉宻記之俄而復見任果如其夢云,20132
卷之十六,服飾部,衣衫,懷中出緋衣,蜀劉審義閒居力困夢一人引上檀香樹因向懷中出緋衣授之服而覺遂攺名檀及一載蜀郡牧請杜評事充倅職奏授殿中侍御史賜緋勑下杜丁憂不行杜薦舉劉于郡矦奏代杜遺劉新緋衣一領果如夢,20136
卷之十六,服飾部,衣衫,朱衣滿空大吉,司命君家世奉道其母夢朱衣天神滿空皆長丈餘旌旗映其居宅金色照身因而有孕遂生司命君幼穎悟與唐元聲同學舍年十五六出遊采眞遂得仙術,20140
卷之十六,服飾部,衣衫,朱衣長鬚,元世祖嘗次日月山昭睿順聖皇后得疾危甚亟召張留孫請禱旣而后夢有朱衣長鬚從甲士導朱輦白獸行草間覺而異之以問留孫留孫曰甲士導輦獸者臣所佩法籙中將吏也朱衣長鬚者漢祖天師也行草間者春時也殿下之疾其及春而廖乎后命取所事畵像進視之果夢中所見者后疾亦及期而愈,20146
卷之十六,服飾部,衣衫,朱衣人,方孝孺未生時父卜日塟其祖考夢朱衣人跪曰聞作先大人之藏于吾山吾十族居此數百年望緩三日吾當徙之明日開曠見赤蛇千餘頭其一長數丈遂縱火焚之後數月孝孺生狀類蛇舌有兩尖能餂入鼻中後爲建文忠臣弗顧九族曰十族奈何諸友皆被逮有正學書集傳于世云,20150
卷之十六,服飾部,衣衫,畫衣,齊世祖在郢夢人從天飛下頭挿筆來畫上衣兩邊不言而去𢈔溫云畫者山龍華虫也,20154
卷之十六,服飾部,衣衫,孔雀羽衣吉,占此夢非常之瑞徵也男作貴臣應三曰品服色女爲宮𡣕應雙中雀屏也齊世祖𧷤幼夢着孔雀羽衣空中飛舉,20158
卷之十六,服飾部,衣衫,翡翠衣吉,華服也夢此有軒軒遐舉之兆文士飛騰雲路貴占人舞蹈天衢女子幸遇恩寵道者羽化而登仙凢曰事皆吉,20164
卷之十六,服飾部,衣衫,錦半臂,正元中栩國竇参爲御史中丞嘗一夕夢德宗召對於便殿以錦半臂賜之黙念曰臂者庇也大邑所以庇吾身也今夢半臂者豈上以某叨將居給半顯祿位俾我致政乎客有解曰半臂者被股肱之衣也今公夢天子賜之豈非上將以位股肱之位而委公乎明日果拜中書侍郎同平章事,20168
卷之十六,服飾部,衣衫,着獸錦袍吉,占獸錦袍兮主貴人家業亨兮事事新武士位高曰爵祿顯文人雁塔早題名詩云獸錦奪袍新,20174
卷之十六,服飾部,衣衫,着鶴氅衣,占輪巾羽扇鶴氅道袍此仙家兆也占之士人曰更元服商賈獲奇珍羽士夢之主得官帶,20178
卷之十六,服飾部,衣衫,着百蝶衣,占此婦人女子之服也未婚者當娶妻曰無後者當納寵否則反未必成祥,20182
卷之十六,服飾部,衣衫,着百衲衣大吉,占主百壽之兆占此喜事至老年曰康無子者得子病臥者得起,20186
卷之十六,服飾部,衣衫,人授一篋衣,薛夏母孕時夢有人遺一篋衣云夫人必生賢明之子爲帝王所宗及生夏年及弱冠才術過人魏文帝與之講論彌日不息辭華㫖暢應對如流帝曰昔公孫龍稱爲辨㨗而迂誕誣妄今子非聖人言不談則子游子貢之儔不能過也位至秘書丞居甚貧帝解御衣以賜之適符母夢云,20190
卷之十六,服飾部,衣衫,黃衫人,唐貞元中司勲郎中李朝歸第夢二黃衫人引至一所□中有人曰時未至須玉魚下也後朝當龍□□□見一玉魚把玩至家數日卒,20194
卷之十六,服飾部,衣衫,繡衣曲領,裴安祖嘗以天熱舍于𣗳下有鷙鳥逐雉雉急投之遂觸𣗳而死安祖愍之乃取置陰地徐徐䕶視良久得蘇飛去後夜忽夢一丈夫衣冠甚偉着繡衣曲領向安祖再拜安祖怪問之答曰感君前日見救故來謝德○雉乃文明之物有繡衣之象,20198
卷之十六,服飾部,衣衫,五彩繡衣吉,錦繡之服非富貴者不能有夢此主文明之象會占試必及第應選爲直指閨閫得受誥命常人夢之曰亦有喜慶事或子貴孫賢,20204
卷之十六,服飾部,衣衫,紫衣人大吉,紫衣貴臣之服也夢此位列台垣名登天府居官占必作紫袍客生子必作紫薇郎富室應爲紫標黃曰㮄之家淑媛應受金花紫誥之錫乃非常之瑞徵吉宋王洙之子始作禮官時夢入禁𫟍中引一紫衣人至後𫟍亭上踰年荆公受紫服子時爲太常卿引入後𫟍中所至皆夢中所見薛瑄河津人父貞教諭玉田母齊氏夢一紫衣人入謁遂生瑄于學舍初生肌如水晶五臟皆見祖仲義聞其啼聲曰此必貴人也,20208
卷之十六,服飾部,衣衫,綠衣童子,相國王公丙申歲爲譙幕値逃亾數千戸公奏乞貸種粒牛糧朝廷可之一夕次驛舍夢人召公出拜見一人紫綬象簡如牧守之儀遣一綠衣小童曰以汝有憂民之心上帝嘉之以此童爲宰相子授訖寤是夕夫人亦有祥兆而孕焉後果生子名慶之嘗談紫府間事祥符壬子歲謂所親曰上元夫人命我爲玉童只爲吾父未受相印受則吾去矣不數日公拜相踰月慶之卒,20218
卷之十六,服飾部,衣衫,綠衣人,魏文帝尚食將供蝦蟆充御膳帝忽夢綠衣人數百乞貸命後方悟其爲蝦蟆因禁採捕崔梲遊學至姑家宿明晨姑家方會客梲夜夢十九人着綠羅衣拜告求生旣寤見器中有水泛𩻪正十九頭遂詣水次放之,20222
卷之十六,服飾部,衣衫,褫去綠袍,松陵陳益少有俊才領鄕薦嘗夢一人衣道服促左右於巾笥中取綠衣靴笏與衣之益詢左右則曰楊文公也益穿袍覺毛骨寒凛似不能勝道服者歎曰惜乎有此才而無此綠即命褫去益後不一年卒,20228
卷之十六,服飾部,衣衫,黑衣人,寶曆中張惟清爲單于都護有美政詔命中書舍人高鈛文其事于石詔至而未有碑惟清方命使採石於雲中未還其從事盧立夢一人頎長黑衣告立曰吾居于衛公廟久矣幸遷我于軍城中立白于惟清曰衛公于國有功今廟宇隳壞願新其士木惟清許之乃修衛公廟鏟其西得一石方而長其下有刻出張字歷然可辨工人以獻惟清喜曰天賜吾也于是以石爲碑而刻高之文焉,20232
卷之十六,服飾部,衣衫,烏衣人,牽騰以咸和三年爲沛郡太守出行不節夢烏衣人來告云何數出不輟唯當斷馬足騰後出行馬足自斷桓邈爲汝南郡人齎四烏鴨作禮長子夢四烏衣人請命覺後見鴨將殺遂救之買肉以代還夢烏人來謝而去,20236
卷之十六,服飾部,衣衫,浣衣吉,占衣垢污而滌濯之也夢此主災消憂去之兆曰官事脫病患除室家睦但不利于求財耳,20242
卷之十六,服飾部,衣衫,皂衣人,饒州民郭端友精意事佛紹興乙亥之冬募紙筆清旦手書華嚴經期滿六部乃止癸未之夏五部將終忽兩目失光翳膜障蔽巫醫鍼刮皆無功自念惟佛力可救次年四月晦誓心一日三時禮佛願于夢中賜藥或方至五月六日夢皂衣人告之曰汝要眼明用獺掌散熊膽丸則可明日市藥但得獺掌散㸃之不効後於道藏𫉬觀音治眼熊膽丸方舉室驚喜即依方市藥旬日乃成服之二十餘日藥盡眼明即日接書前帙增爲十部外人病目疾者服其藥多愈,20246
卷之十六,服飾部,衣衫,一丈夫衣靑襦,唐開元中清江郡叟嘗牧牛于郡南田間忽聞有異聲自地中發叟與牧童數輩俱驚走自是叟病熱甚旬餘少愈夢巖丈夫衣靑孺顧謂叟曰遷我於開元觀叟驚而寤及曉與其子偕往郡南鑿其地約丈餘得一鐘色靑乃向所夢丈夫衣色也遂白于郡守移置于開元觀是日辰時不擊忽自嗚聲極震響清江之人莫不驚歎,20252
卷之十六,服飾部,衣衫,白衣吉,白布衣即古之深衣也夢此有白賁之象得朴素占之義居官者宦情恬淡居家者體度安閑詞訟得曰白病患得痊但不利於婚姻交易功名謀望○白爲西方之色屬金金能生水禱雨夢之亦𩄇應後周達奚武在同州值大旱武帝勑武祀華嶽之廟舊在山下常所祈禱武謂僚屬曰吾備位三公不能爕理陰陽不可同于衆人在常祀所必須登峰展誠尋其聖奥嶽旣高峻人迹罕通武年踰六十唯将數人攀藤而上稽首祈請晩不得還即藉草而宿夢一白衣來執武手曰快辛苦甚嘉尚武遂驚覺至旦雲霧四起澍雨霑洽武帝聞之璽書賜勞加蟒玉焉,20256
卷之十六,服飾部,衣衫,白衣女子,元豐四年夏駕里民羅滿于水中獲一石觀音像供于家時慧聚寺僧守齋夜𫇢舟于此夢白衣女子曰我舟覆父與夫皆溺死師幸容我守齋拒之女曰假一篋宿何傷守齋開篋納之遂驚寤迄旦至羅氏家見石觀音如初出水身猶沮洳守齋黙念與夢合因乞歸,20262
卷之十六,服飾部,衣衫,藍衣吉,儒生之服也有靑出于藍之義小試夢之入泮鄕占試夢之貢舉若富貴者不脫寒酸氣味在貪賤者曰必生俊秀男兒,20266
卷之十六,服飾部,衣衫,靑衣,貞吉否凶賤者之服也凢夢此者貴人𮞸家難富室有官司占商賈交易行婚姻成就遲出行逢驛馬疾病遇催曰尸若問前程事休想鳳凰池,20272
卷之十六,服飾部,衣衫,靑衣女子,趙文若因公事至驛忽夢一靑衣女子求哀試問驛吏曰有何物食報云見備一羊甚肥嫩詰之乃靑㹀也,20277
卷之十六,服飾部,衣衫,麻衣大吉,凶服也夢之者反爲吉兆求財有千緍求婚有良占緣病人得妙藥遠客即囬還利在自身着不利彼曰人穿死生雖是命凶吉豈非天桓誓字明期居豫章時梅玄龍爲太守先巳病矣誓往看之語玄龍云吾嘗夜夢君著䘮衣來迎我經數日復夢如故云二十八日當拜二十七日誓忽中惡就玄龍索庻香丸聞令作凶具二十七日桓亾二十八日龍卒,20281
卷之十六,服飾部,衣衫,葛衣,當暑之服也夏秋之間夢之爲應時凢事有輕便占之意無煩苦之兆冬與春夢之不及時凢事有凄曰凉之景少和悅之象,20287
卷之十六,服飾部,衣衫,氊衣褐衣凶,皆毳毛所成禦寒之服也夢此未爲佳兆氊有迍占邅之義士人主困守寒牕褐有阻遏之義軍伍主曰失機邊塞冬月猶可春夏秋俱不吉凢事當待時而動,20291
卷之十六,服飾部,衣衫,補衣,詩曰衮職有闕仲山甫補之夢此者出仕爲拾遺占補闕之官納言有補綴復奏之義交友有彌縫缺曰失之忠處事有針線周宻之妙若婦人夢之主其夫有過差或其子將遠行在孤寡則爲常態無占,20297
卷之十六,服飾部,衣衫,丞偏裻之衣,趙孝成王夢衣偏裻之衣乘飛龍上天不至而墜見金玉之積如山明日召巫史敢占之曰夢衣偏裻之衣者殘也乘飛龍上天不至而墜者有氣而無實也見金玉之積如山者憂也後三曰而値韓氏上黨守馮亭之詐,20301
卷之十六,服飾部,衣衫,著故人之衣,李固言嘗夢著宋景衣元和間景頗著時望乃自司刑郞中出爲澤州剌史尋物故固言心疑其夢爲不祥及長慶初穆宗有事于圓丘舊例諫官從駕行禮者各頒禮衣一襲固言時爲左拾遺觀其所服乃書左補闕宋景衣㫺夢始驗云,20306
卷之十六,服飾部,衣衫,人衣蠻夷之服,貞吉否凶非先王之法服不敢服司世道者用夏變夷将使左袵盡爲文物之邦胡然而夢夷服也是必有久占覊外國今得還鄉者或有不循禮度所爲亂常者曰或有本姓胡而來見滿口胡言者若武士夢此應獲夷虜之人,20310
卷之十六,服飾部,衣衫,虜脫衣,索充夢見一虜脫上衣來詣充索純曰虜去上衣下半男字夷狄陰類君婦當生男果然,20315
卷之十六,服飾部,衣衫,羽衣大吉,宋仁宗母章懿李皇后夢羽衣跣足從窻而下遂娠仁宗楊大年母章氏夢羽衣自言武夷君託化旣生乃一鶴雛盡室驚駭棄之江叔父曰吾聞間世之人其生必異追視之則鶴蛻而嬰兒具焉體尚有毛經月乃落,20319
卷之十六,服飾部,衣衫,衣破損凶,此夢不爲吉凢事有缺失應舉未成名出行得重占疾居家欠康寧居官少安逸内人生二心云誰能曰正室,20325
卷之十六,服飾部,衣衫,冬穿夏衣,占寒不得其衣有荒凉凄稿之象夢之主生曰涯無利作事不遂商賈失望功名難遇,20329
卷之十六,服飾部,衣衫,着袈裟吉,占佛相袈裟是佛門占者湏當早脩行曰牛羊猪犬切莫殺莫作人間罪孽根,20333
卷之十六,服飾部,衣衫,身穿襴衫頭戴幞頭吉,占襴衫儒服也幞頭覲天顔之冠也兆之者士人曰得魁首隱士列朝班庻民逢貴客子孫福祿祥,20337
卷之十六,服飾部,衣衫,着褊衫否凶,占褊衫只是服沙門緣何兆見俗人臨曰非惟作事無有利老壯須當保病身,20341
卷之十六,服飾部,衣衫,着吉服,占吉服祥驗也夢着之者曰有樂事至無往不利吉,20345
卷之十六,服飾部,衣衫,婦人着紅衣吉,紅衣喜色也婦人室人也兆之主室中有喜事至占不日可待若孕者兆之必生貴子若官士兆之主曰有欽召大吉,20349
卷之十六,服飾部,衣衫,着短衣,占短衣主不式體之象兆之曰舉動不遂意謀爲不稱心,20353
卷之十六,服飾部,衣衫,長衣無領凶,衣無領主事無頭緖之兆夢之者求財無處獲訪占踪無處覓失物難尋他鄉未歸訟者不勝病者難曰醫凢事阻隔之兆,20357
卷之十六,服飾部,衣衫,着戰袍,貞吉否凶此武將鏖戰之服也文士夢之名登金㮄武士夢占之所向莫敵强梁夢之辱身及親市人夢之鬥毆曰爭訟,20363
卷之十六,服飾部,衣衫,衣冠不着襪否凶,占上而不下吝之道也主事先易後曰難有頭無尾孕不生男遇無良人,20368
卷之十六,服飾部,衣衫,衣倒着凶,占主顚倒亂常之象兆之行動反曰常百無一順家業變疾病生,20372
卷之十六,服飾部,衣衫,矮人着長衣,占長長也兆之主長長之象生涯曰盛家業興只𢙢病者牽纒不脫,20376
卷之十六,服飾部,衣衫,椹着衣中,王戎夢有人以七枚椹與之着衣巾中旣覺兆占夢者卜之曰椹者桑子也目後男女大小凢七䘮焉果應其夢,20380
卷之十六,服飾部,衣衫,裳飛起凶,河間國兵張麤金曠相善太元十四年端午日共坐椒山麤酒酣失性㧞刀砍曠曠母夢曠訢爲麤所殺屍在澗間脫裳覆腹尋覔之時必難得當令裳飛起此處是也追捕一如所言麤知事露將逃出門見曠持雙刀來擬其靣遂不得去母報官伏罪,20384
卷之十六,服飾部,衣衫,䑕入衣下吉,婁太后孕襄城博陵二王夢鼠入衣下,20388
卷之十六,服飾部,衣衫,獸逼衣吉,王宗侃妻有娠夢周公山神牽五色獸逼其衣遂生承肇後節制揚州入洛爲行軍司馬,20392
卷之十六,服飾部,衣衫,錦衣貼月飛,沈彬字子文舉進士時夢着錦衣貼月飛人謂身不入月宮之兆必不第果然後爲吏部郎中同平章事,20396
卷之十六,服飾部,衣衫,求衣,簔衣眞人何中立逝前雨日太皇太后夢何來求衣亟特賜之至巳卒遂易之以瘗焉,20400
卷之十六,服飾部,衣衫,兵着緋褌,玄宗夢入井有一兵士着緋褌背負而出明日使於兵號中尋訪無此人又于𫟍中搜訪見一掌關者緋褌便引見上問汝昨夜作何夢對曰夢從井中背負日岀登天上覩其形狀與夢相似乃問汝欲官乎答曰臣不解作官臣家貧遂勑賜錢五百千,20404
卷之十六,服飾部,衣衫,以被當衣着吉,象被覆兆也着主起兆也夢之者有持危扶顚之占占此出入無疾朋來無咎利有攸往吉若有訟者曰夢之必有貴人來庇也,20409
卷之十六,服飾部,衣衫,衣被人扯碎,占扯止也碎卒也夢之者曰主病者危醫禱莫爲,20413
卷之十六,服飾部,衣衫,秃着海靑,占海靑外服也兆之主外服動秃着曰之主内財失脫或損內人之象,20417
卷之十六,服飾部,衣衫,着汗衫否凶,占汗衫染垢之服兆之家門不利或訟多連曰累昔漢楚王交戰汗透中單故名汗衫,20422
卷之十六,服飾部,衣衫,綠簔衣吉,兆主有成之象常人夢之家業興隆農夫夢之田和有收又主安樂景象清寧吉慶詩有曰不脫䉴曰衣𥃱月明此類是也,20426
卷之十六,服飾部,衣衫,自着紅袍紅襪,占紅袍固是貴人穿紅襪豈堪是好緣曰人得此占事事壞丁憂孝服哭連連,20430
卷之十六,服飾部,衣衫,着紅裙吉,占紅喜也裙群也即所謂紅群爭看曰綠衣郎兆此主婚姻動喜事至,20434
卷之十六,服飾部,衣衫,出剝着單褲凶,占剝爲落主剝落之兆夢之者交財防失脫又主外曰禍臨身凢當退避易曰剝牀以膚切近災者也,20438
卷之十六,服飾部,裘甲,豹裘大吉,詩不云乎羔裘豹飾孔武有力勇猛之謂也周易占有之君子豹變其文蔚也文明之象歟夢此者文曰臣在靑𤨏爲邦之司直武將鎭紫塞爲國之元勲考試前列經營得利百凢事冝總之遂意,20446
卷之十六,服飾部,裘甲,羔裘,大夫燕居之服也夢此者居官宜致仕在朝宜還占鄉有從容自得優游門暇之景象詩云羔羊之皮曰素絲五紽退食自公委蛇委蛇退食退朝而食於家也自公從公門而出也,20450
卷之十六,服飾部,裘甲,鹿裘吉,聘享之服也夢此有宴會之事文士主食祿千鍾占婚姻得佳人二八所謂白茅純束有女如玉可徵曰也哉吉士瞻未遇時夢得鹿皮從而數之有十一領及覺喜曰鹿者祿也吾當居十一祿乎自其仕進所蒞者九任後除授二郡士瞻不悅曰數止于此矣尋蒞任而卒,20454
卷之十六,服飾部,裘甲,貂裘吉,貴重之服也夢此主名登仕籍位列朝班惟不利占于始初之際如季子入秦裘敝而歸妻與嫂皆不曰爲禮知此者可以占夢,20460
卷之十六,服飾部,裘甲,狐白裘否凶,狐色黃白者不易得其價倍常但狐者邪𡡾之獸占夢此必有求于婦人方免于難又狐者狐疑不决曰之義作事畏首畏尾猶豫而無主張其色白終能脱然無累,20464
卷之十六,服飾部,裘甲,雉頭裘,雉爲羽族之物其頭何以充裘亦奇矣此晉武所以焚之而後世不得見也見之于夢必有奇技淫占巧蕩其心聲色貨利蠱其志紛華靡麗炫其耳目曰故寤寐之間有此奢侈之兆文士奸險怪武人喜戰鬥女子效呂后之尤,20468
卷之十六,服飾部,裘甲,千金裘吉,占主貴重之象文人占此得祿曰千鍾市人兆此其利倍常吉,20472
卷之十六,服飾部,裘甲,鷫鸘裘,占司馬相如初貧以鷫鸘裘貫酒兆之者曰恐躭入貪花戀酒塲中主貧窮到老,20476
卷之十六,服飾部,裘甲,着兩重裘貞吉,占重裘掛體兆之者主有大任至曰重務來或有智謀之士來吉占,20480
卷之十六,服飾部,裘甲,甲胄,戎服也所以禦敵胄在首甲在身夢之者主有軍占旅之事或科甲之兆若有鱗介之物形于夢者此曰幻化也當觸類而詳之,20484
卷之十六,服飾部,裘甲,司馬與鎧吉,晉陶侃在廣州時夢有司馬與侃鎧者長史陳協占之曰司馬者國姓也鎧者扞禦之器君當進位侃果加平南將軍,20488
卷之十六,服飾部,裘甲,被甲者數百人,曹魯好放生，以至蚬蛤類，無所不。一日，夢被甲數百人前訴，旣寤而其家，乃有惠蛤蜊。𥯃者即遣人放之。夜復夢前被甲者來謝。,20492
卷之十六,服飾部,裘甲,身懷甲胄,唐會昌中有玉瑤者嘗爲奕邑宰將赴任夜夢一人身懷甲冑自云馮夷之宗將之海岸忽罹網𮊁命在詰朝故來相告倘垂救宥必厚報之瑤既覺言于左右曰此必縣吏相迎捕魚爲饌㥯遣人至縣庖人果欲割鮮烹鱠具以瑤命告之遂投于水中即鼔鬣揚鬐而去是夜瑤又夢前人泣以相謝云,20496
卷之十六,服飾部,裘甲,鐵甲披身,潘傑字士英應天上元人鄉試三塲畢夢至一所若宫闕有人將鉄甲一副披于其身且言朝廷欲用汝作八將軍傑自念其首尚戴儒巾謂其人曰既要我作將軍可取盔來其人曰只披甲不必盔也迨掲曉中第八名乃第二卷易經始悟不得魁義,20501
卷之十六,服飾部,舄履,赤舄貞吉,古者冕服之舄也公矦得用之詩曰公遜碩膚赤舄几几言周公服赤舄而氣象安重也達尊夢此占雖遭讒謗而無咎奸邪夢此當被刑戮而有凶夢曰之災祥隨人之有德無德以斷其凶吉占者當詳審焉,20509
卷之十六,服飾部,舄履,金舄大吉,赤舄而加金飾亦公侯之服也夢之者臺閣遇宴會慶賞藩臬當入覲應朝詩云赤芾金舄會同有曰繹也,20513
卷之十六,服飾部,舄履,朱舄歩雲中吉,朱舄職比矦王也歩雲足不履地也乃登雲得路占之象建功立業貴顯將及身也應選求名者夢之曰大吉,20517
卷之十六,服飾部,舄履,着仙舄,占有仙風道骨之象兆之者生涯茂子姓曰昌功名就病安康老年夢之主長壽,20521
卷之十六,服飾部,舄履,雲履吉,履有履道坦坦之義夢此履上有雲主足下生雲占履端錫福之兆儒生漸登雲路隱士徐歩山溪遠曰客忽爾歸家久病快然脫體婚姻偕老百年耆得增壽二紀,20525
卷之十六,服飾部,舄履,朱履,門迎朱履三千客貴者之服飾也居官夢之歩趨占丹陛居家夢之出接金鞍在尋常亦必有婚姻納曰聘慶賀稱觴之喜事,20529
卷之十六,服飾部,舄履,履爲糞所污吉,夢此者主得財之兆或効勞而受酬謝或服勤而占䝉賞賜或奔走而有所獲舉動而有所得財本臭曰污者故應之,20533
卷之十六,服飾部,舄履,履忽破凶,夢此主童僕有災妻妾有悔子姓有不祥之兆一占隻破壞禍在一人萝破一雙必有奇禍乃災患忽曰生之象也,20537
卷之十六,服飾部,舄履,帶履而行,樂彥貞嘗夢解珮帶履而行旣寤而思之曰此必神人告我下將有悖逆之事乎巳而果有軍亂尋誅之,20541
卷之十六,服飾部,舄履,兩人奪履貞吉,履有禮之義，奪履主名分别等之兆，夢占。凡長俱宜尊敬，兄當和翕，事當小心，否則恐。曰有骨肉之殘。,20545
卷之十六,服飾部,舄履,鞋倒着凶占,倒着者主不能行動之兆占此經營不利夫婦少占和病多反覆事俱不偶諺有曰一步不可行當以曰此推,20549
卷之十六,服飾部,舄履,鳳頭鞋大吉,鳳靈烏頭元也兆之吉事至家產亨名登㮄首仕占必高昇謀財有利商賈倍獲產生貴子訟必得勝曰利吉,20553
卷之十六,服飾部,舄履,男着女鞋,男正位乎外如正位乎內男女通天地之大義夢占果女不而之象占之事多乖陋行爲不快恐此主曰有意外之險更謹防內變之虞,20559
卷之十六,服飾部,舄履,着僧鞋,占着僧鞋兮善念生曰只恐謀爲利不成,20565
卷之十六,服飾部,舄履,着蒲鞋,占主輕捷便易之象夢之者身輕體曰健或遇艱險非爲之事則當退避,20569
卷之十六,服飾部,舄履,着綿鞋,占主纒綿補葺之兆夢曰之行動則宜謹愼,20573
卷之十六,服飾部,舄履,着棕鞋,占夢之者主每曰事當敏速,20577
卷之十六,服飾部,舄履,着小鞋,占行止不安之兆主事曰無爽快遇多淹蹇,20581
卷之十六,服飾部,舄履,着破鞋吉,鞋一破則去革存圭矣圭命圭也兆之士人當執占圭受皇恩顯者登高位覲天顔庶民喜事至家業曰興吉,20585
卷之十六,服飾部,舄履,屨污泥凶,此受辱之象也夢此雖素履不失其正而殃咎亦不能免恐有無妄之災若素行不端者必有大禍至也,20589
卷之十六,服飾部,舄履,着鐵鞋吉,夢此有不畏荆棘不避險阻之象文臣渉歷艱難占而能𤼵奸摘伏武士擒獲叛亂而能拓土開疆大曰吉之兆,20593
卷之十六,服飾部,舄履,以銅爲鞋,夢此者主有同行之兆士子得良友婚姻得佳偶占商旅有客伴出行共飲酒避難往他鄕兩人相携曰手也,20597
卷之十六,服飾部,舄履,屨被人竊去否凶,占欲行得屨便能行夢中𥨸去不祥徵曰奴僕生心將背主閨房婢妾有私情,20601
卷之十六,服飾部,舄履,着屐走殿陛,齊世祖在襄陽時夢着桑屐行太極殿階陛之上𢈔温曰屐者運應木也後果即帝位,20605
卷之十六,服飾部,舄履,着屐涉水貞吉否山,貞吉否山占屐爲雨具而夢着行水此小舟遇灘之曰象也危險甚矣得登岸者吉半濟者凶,20609
卷之十六,服飾部,舄履,渡水靴不濕,衛中行爲中書舍人時有故舊子弟赴選投衛論囑衛欣然許之駮㮄將出其人忽夢乘驢渡水蹶墜水中登𡶜而靴不沾濕訪之秘書郞韓衆衆被酒觧曰公今年選事不諧矣據夢衛生相負足下不沾及牓出果然,20614
卷之十六,服飾部,舄履,襪無底凶,占主鮮克有終之兆占此生意無恒畜曰物不久更有尅妻䘮子之恐不利,20618
卷之十六,服飾部,舄履,褁脚,脚乃行動之官褁之則束縛之兆也夢之者凢事占當小心謹愼勿宜放縱閑遊恐有失足履禍之虞曰也,20622
卷之十六,服飾部,舄履,兠膝,貞吉否凶膝中之骨乃後天所生者兠之乃保護之兆主宜占自愛有病當清養是非塲中休去衙役叢中休走曰更防測險之危,20628
卷之十六,服飾部,衾枕,錦衾吉,朱長文母周夫人有娠夢覆錦衾說者曰是生子必能文矣巳而生長文十歲能屬文十九擢甲科進士及旣冠授秘書省挍書郎,20637
卷之十六,服飾部,衾枕,睡紅錦被吉,占睡者安象也紅喜色也兆此主曰喜事臨身滿門吉慶事事清吉,20641
卷之十六,服飾部,衾枕,鴛鴦枕大吉,占鴛鴦枕兮合歡裘家庭和兮子孫興曰時得旺兮諸事吉老者壽兮各安寜,20645
卷之十六,服飾部,褥毯,坐座褥,座褥蒲團也坐之者即坐蒲團之象夢之宜焚香占誦經奉齋禮懺主智慧開功業進作事亨沙門兆曰之或超凢界,20653
卷之十六,服飾部,褥毯,虎皮褥否凶,易曰大人虎變其文炳也虎皮爲褥不獨美觀且占壓邪耳若夢此者反非吉兆褥有耻辱之義又居曰于物之底貴者失其貴勇者失其勇而爪牙之威竟成烏有耳,20657
卷之十六,服飾部,褥毯,褥席見賜,柳慶遠從兄世降曰吾昔夢太尉以褥席見赐吾遂亞台司適又夢以吾褥席與汝汝必光我門楣慶遠𣏁開府,20661
卷之十六,服飾部,褥毯,蘆花毯貞吉否凶,貞吉否凶占蘆花散象也以此爲毯散而復聚矣曰兆之者作事始難終易無初有終,20665
卷之十六,服飾部,帳幃,坐虎皮帳大吉,占虎皮帳坐壯威嚴顯者還當爵位遷曰士人名登龍虎㮄拜相封矦應有年,20674
卷之十六,服飾部,帳幃,芙蓉帳吉,占夢坐芙蓉帳夫榮子姓昌紅顏小有恙曰祝禱並無妨詩曰芙蓉帳煖度春宵,20678
卷之十六,服飾部,帳幃,紅錦帳,占紅錦帳坐兆巍然顯者占之祿位遷曰生意謀爲俱有利婦人有孕决生男,20682
卷之十六,服飾部,帳幃,紅羅帳內有燈光吉,占紅羅帳內有燈光重重曰生意有財并有子也,20686
卷之十六,服飾部,巾帶,紅汗巾吉,占夢之者主有喜事曰臨身大吉之徵也,20694
卷之十六,服飾部,巾帶,失手巾,占兆之者主悔脫病曰痊患除之象吉,20698
卷之十六,服飾部,巾帶,玉帶,晉帝夢一玉盤中有玉碗一玉帶一皆有碾文光熒可愛寤以問群臣李儀愼以爲玉者帝王之寶曰也帶有誓功之兆盤盂乃守器之象實爲吉夢,20702
卷之十六,服飾部,巾帶,犀角帶大吉,犀牛愛月又喜聽泉聲最清而至靈之物也且其牛有九𧢲得此𧢲而爲帶品貴清高之象夢之者占爵位尊功名顯或平日有德有才之士定屬欽選曰垂名靑史常人兆之生涯有利孕婦夢之貴子可望諸事可謀吉,20708
卷之十六,服飾部,巾帶,象牙帶吉,牙帶腰懸位高德重之象也顯者夢之必居台位占爕理陰陽輔佐聖明圖形𤇆閣士者夢之名登金曰㮄凢事俱吉,20712
卷之十六,服飾部,巾帶,百寶帶吉,貴人所懸束者夢之必主富利纒身貴人扶持士占者必主欽賜皇恩永享天祿商賈必獲奇珍異寶曰利吉,20716
卷之十六,服飾部,巾帶,金帶吉,占夢之者孕婦必生貴子曰儒者定躍龍門吉占也,20722
卷之十六,服飾部,巾帶,銀帶大吉,占此初登雲路之象兆之者主大曰富招貴子應長壽大利之占,20726
卷之十六,服飾部,囊帕,鬚囊吉,占鬚丈夫氣概囊包褁之具夢之事曰得意財得聚有長鬚者夢之尤佳,20734
卷之十六,服飾部,囊帕,琴囊,占此乃文人隱士用之以盛琴耳曰仕者必告老歸家隱居林下也,20738
卷之十六,服飾部,囊帕,被囊貞吉,占夢之者必主有遠行若爲商曰在外者兆之主捉裝返棹,20742
卷之十六,服飾部,囊帕,頭托紅帕凶,占兆之者主䘮服動戒爭曰競凢事小心忍耐爲吉,20746
卷之十六,服飾部,囊帕,托素帕,貞吉否凶此老景安康之象耆年者兆之主益壽延年少年占者兆之恐有疾病纒身凢事當素位而行守舊則曰吉也,20750
卷之十六,服飾部,環釵,佩白玉環吉,君子無故玉不去身夢此者禍患去疾病消訟事占解婚姻成䘮服除語曰去䘮無所不佩諸事禎祥曰之兆,20759
卷之十六,服飾部,環釵,簪黃金釵吉,黃金即貴客徵也。簮之相孚也。占主貴，占人相，富貴即，門閭，兆生貴子賢孫，凢事。曰：皆吉。,20765
卷之十六,服飾部,環釵,簮鳳頭釵吉,鳳乃靈烏頭爲元首凢夢之者士人必登高第出占行主遇美人婚姻定有良緣商賈必𫉬奇貨祥瑞曰之徵也,20769
卷之十六,服飾部,環釵,簪荆釵,裙布荆釵庻民之服飾也昔漢梁鴻曾聘孟光王占狀元曾聘錢氏若婚姻兆之必成主得賢婦先貧曰後貴之兆,20773
卷之十六,服飾部,環釵,釵忽折凶,占兆之者主有䘮妻之厄曰商賈防有失脫之災,20777
卷之十六,服飾部,環釵,竹釵吉,兆此者主曠夫得好姻處女嫁貴夫更𫉬門庭清吉閨閫貞烈之象,20781
卷之十六,服飾部,環釵,雙鳳玦利吉,雙鳳主喜事重重之兆夢此家業亨生涯利夫婦齊睂兄弟聯芳椿蘐永壽孕婦兆之有連生貴子之徵終,20785
卷之十六,服飾部,環釵,━━━━━━━━━━━━━━━━━━━━━━━━━━━━━━━━━━━━━━━━━━━━━━━━━━━━━━━━━━━━━━━━━━,卷之十七,20793
卷之十六,服飾部,環釵,━━━━━━━━━━━━━━━━━━━━━━━━━━━━━━━━━━━━━━━━━━━━━━━━━━━━━━━━━━━━━━━━━━,,20795
卷之十七,飲食部,泉茗,飲天河之水大吉天河之水,天一生水爲五行之首而萬物所自始天河之水占爲百川之源而衆流所自出夢飲此水者主大貴曰之兆居官沐天恩居家受天福武將得天機文士食天祿有疾遇天醫生男必天玉侯弘實冲齡嘗寐于簷下天大雨有虹自河貫於其口良久虹沒及覺母問有夢否對曰夢入河飲水飽足而歸後數月有僧詣門母呼弘實請僧相之僧曰此蜺龍也官必顯榮同光三年弘實從興聖太子收蜀節制夔州,20812
卷之十七,飲食部,泉茗,飲天泉吉,天降霖雨也夢飲之者得沾膏澤之兆飲於路中占遇貴人提擕飲於簷下得直言訓誨啜於盃斚主曰有親友見招酬酢歡娛煎於釡鬵必有良朋講習互相資益,20824
卷之十七,飲食部,泉茗,氷雪化水而飲之,氷雪非麗日不消非和風不解夢飲其水有先難占後易絕處逢生之兆名利艱辛而後得交易阻隔曰而後成婚姻正當佳期遠别適相會遇獄訟得脫其災屈辱得雪其恥,20828
卷之十七,飲食部,泉茗,飲山泉,占夢中渴飲山間水恬澹清凉可樂飢曰寒士固窮無煩惱無榮無辱亦無非,20832
卷之十七,飲食部,泉茗,飲海潮大吉,此當朝沐恩之象學文學武夢此大貴名揚四海占應選候缺夢此高擢身顯一方行商坐賈夢此得曰財魚鹽多利隱士山人夢此馳譽丘壑風流,20836
卷之十七,飲食部,泉茗,飲江湖之水大吉,江湖之水浩浩湯湯夢飲之者心廣體胖發榮滋占長之佳兆也更當以夢中所見推之休咎可决曰玉仁裕夢以西江水濯腸胃見沙石皆爲篆籕文遂飲之文思益進因號詩集爲西江集,20842
卷之十七,飲食部,泉茗,飲池沼之水,圓者曰池方者曰沼水泉停蓄不出範圍如中規占矩夢飲之者舉子赴春官應作鳳凰池上客書生曰試學院當爲辟雍池畔人若醫家夢此隔垣見物術如扁鵲也,20846
卷之十七,飲食部,泉茗,飲溝渠之水凶,占不潔之水也夢此爲汗辱之兆病人曰有鬼祟訟事有刑罸又忌出行謀望,20850
卷之十七,飲食部,泉茗,汲井泉而飲之貞吉,井泉冬溫夏冷利於日用夢汲而飲之其占有三占家居夢此水清潔者得財帛水污濁者事難成異曰鄉夢此自汲取者歸鄉井人汲授者音信至,20854
卷之十七,飲食部,泉茗,茶茗吉,氣清香而味甘苦止渴生津之異品也惟與文人占墨士相宜不與庸夫俗子相得夢受賜者沾恩澤曰夢餽送者結姻親夢煎煮者解熱除煩夢吸飲者洗心滌慮,20859
卷之十七,飲食部,泉茗,賜茶大吉夢神賜茶未,夢帝賜茶朝臣主宣召鄉紳主存問夢神賜茶未占娶得良緣已娶生佳胤夢佛賜茶在家佛力護出曰家道心堅,20863
卷之十七,飲食部,泉茗,烹茶,是夢也以茶奉尊長諸事順適所求必得以茶會占親友衆心和同所謀必成童子煎茶者主安康悅曰豫自手烹茶者主閑暇從容,20869
卷之十七,飲食部,泉茗,飲茶吉,嫩綠旗鎗雨前採取茶茗之上號者夢飲一碗喉占吻潤兩碗三碗汗液生夢飲四碗才思發五碗六曰碗肌骨清七碗八碗喫不得九碗十碗通仙靈,20875
卷之十七,飲食部,泉茗,茶不至而渴甚,奚陟少年夢夏日與朝客二十餘人就一廳中喫茶陟東行首坐茶起西自南而行不得至奚渴甚不堪忍聀有一吏走入肥大抱簿書近千餘紙以案致筆硯請押陟方熱又渴兼惡其肥忿之乗高推其案倒且將去濃墨滿硯正中文書之上并吏人之面手足衣服無不沽污乃驚覺夜索紙筆細錄藏于巾笥後十五年爲吏部侍郞時人以茶爲上味日事修潔陟性素嗜先爲茶品一副餘公卿家未有也風爐越甌盌托角匙甚佳時已熱因請同舍郞就廳茶會陟爲主人東面首坐坐者二十餘人甌緩行又少揖客自西面始雜以笑語其茶盆遲陟先有痟疾加之熱乏茶不可得燥悶頗極逡巡有一吏肥黑抱文簿兼筆硯瀝汗請押陟懆忿不能堪乃推去并案皆倒正中吏面及簿書盡污坐客大笑陟方悟昔年之夢語於同省取所記事驗之若合符節,20879
卷之十七,飲食部,泉茗,清茶淡飯大吉家居夢之門庭清吉,名利不染參玄上靜之象也家居夢之門庭清吉占詞訟夢之官府清廉若羽士沙門夢之修眞悟道曰得成正果,20890
卷之十七,飲食部,酒漿,酒,貞吉否凶酒之功用載諸經傅咏於詩歌不假言矣然能和事亦能誤事能治病亦能增病厥品固有不同飲之貴適其可凡夢此者以類推占○夢得醇醪主占榮華而安樂夢得糟粕主窘迫而困窮夢馨香甘曰美主喜事來臨夢齷齪冷澹主險難多故夢味酸主嗟嘆悲傷夢味澁主貪慳鄙吝夢味苦主勤勞不素飡夢味辛主謙讓起畏敬,20901
卷之十七,飲食部,酒漿,飲三白酒凶,熟米細麯泉水所釀成者謂之三白夢飲此酒者占其名義非佳兆一白主霜雪天寒地凍一白主喪曰服執杖披麻一白主水災田園荒廢,20912
卷之十七,飲食部,酒漿,飲白酒漿吉,醴也味甚甘美不善飲者設此以待之得是夢者占出外遇賢主居常有嘉賔相接以禮飲不及亂也曰兒童出痘疹夢此者漿頂滿足不須服藥,20916
卷之十七,飲食部,酒漿,天雨酒受而飲之,是夢也得沾天祿之兆貴人夢之主承恩受賜若占𡬶常夢之而占乃血氣旺於黃庭之表腎火貫及曰丹田之中也弗醉則病除大醉則病發,20920
卷之十七,飲食部,酒漿,酒泉貞吉,天有酒旗星地有酒泉郡夢得酒泉者主飲而不竭之兆居官則安享萬鍾居家則惠養千口若夢占飲醉者不祥○嘗聞有一人夢歩入山谷中得泉曰源而飲之其味乃酒也飲醉而寤及寤大醉未幾病作,20926
卷之十七,飲食部,酒漿,把酒邀月吉,酒以爲人合歡邀月則有歩蟾宮賞嫦娥之象矣占秋試者夢此必領鄉薦新婚者夢此喜結良緣若曰詩客山人夢此其常態也無占,20930
卷之十七,飲食部,酒漿,與鬼神共饗醊,華僑頗通鬼神嘗夢同共饗醊醒則醉吐狼籍,20934
卷之十七,飲食部,酒漿,酒枉盃中火起凶,夢此乃陰盛之象也國家主臣下擅權縉紳主僕占妾爲禍若常人夢之恐有倉卒事易曰弗過防之曰從或戕之凶,20938
卷之十七,飲食部,酒漿,壺中酒一吸而飲盡,占酒是人間祿飲盡則祿盡矣夢此主祿盡則曰亡之兆年高者夢之有險病久者夢之則危,20942
卷之十七,飲食部,酒漿,飲酒無餚,貞吉否凶有酒無餚是不適意之兆夢之者主作事不遂謀占爲不暢只宜閉門謝客謹守爲吉造酒者兆此獲曰大利,20946
卷之十七,飲食部,酒漿,濁醪麄飯,貞吉否凶食精則能養人酒美則能益人濁醪麄飯是不精占潔之物也夢此諸事不利病者未痊當祈禱求醫曰方吉惟農家兆之平安無事,20951
卷之十七,飲食部,酒漿,酒淘飯吉,是夢也爲旣醉旣飽之兆士人學問有餘商賈財占貨充足有餘者不願膏梁之味充足者不求文繡曰之衣,20958
卷之十七,飲食部,酒漿,吉以酒和羹而飲之吉,酒者麯蘖所成羮者鹽梅所就夢和之而飲者仕占宦居調爕之任國泰民安衆庶享和平之福家給曰人足金甌卜相必得其人如傅說之賢也吉,20962
卷之十七,飲食部,酒漿,一杯羮吉,鹽梅得中然後成羹詩曰亦有和羹旣戒旣平其占兆甚吉夢自手烹調者職居輔相夢神人賜飲者曰孕生賢良夢啜不下喉先難後易之兆夢飲盡而甘變更在即而富貴在邇也邵康節母李氏其姑張氏遇之甚嚴欲自盡夢神人令食羮一杯曰勿自盡乃生康節,20967
卷之十七,飲食部,酒漿,菜羹吉,占夢此者澹泊明志之象志在求道滋味甚長曰志在求名聲譽甚遠高士賢人之休徵也,20974
卷之十七,飲食部,酒漿,生薑湯吉,薑湯味辛而溫和宜於冬月夢飲之者主禦寒氣占通神明去穢惡止嘔吐治泄瀉煖脾胃中風中寒曰之症有起死回生之功,20979
卷之十七,飲食部,酒漿,荳莢湯吉,占荳莢湯所以當茶夢飲之者主親戚來會或故舊曰相訪○豌荳圓轉豇荳聨絡茅荳村俗扁荳清雅,20985
卷之十七,飲食部,酒漿,糖湯貞吉,糖湯味甘齋戒者飲之以當酒僧道夢此主修齋占設醮尋常夢此主有疾求醫修齋者必受福有疾曰者即得痊也,20992
卷之十七,飲食部,酒漿,薄苛湯吉,薄苛味辛而清凉宜於夏月夢飲此湯者主除煩占熱解焦躁定驚悸止消渴中暑霍亂之症而可立曰愈也,21001
卷之十七,飲食部,酒漿,木樨湯吉,木樨桂子也夢飲此湯者得餘潤之義主有子孫占弟侄折桂而回沾其恩波被其德澤喜氣盈門笑曰語一堂也孕婦夢之主生貴子,21005
卷之十七,飲食部,酒漿,橙皮湯吉,橙香物也字從登木夢飲此湯者士即秋試可喜占爲天香滿袖之徵常人北堂可虞爲登木悲歌之曰兆書生幼小夢此年十八必主登科,21009
卷之十七,飲食部,酒漿,陳皮湯吉,陳皮蘇爽寛中利氣之物夢飲其湯者心平氣和占精神爽煩惱除忿怒息憂悶散若病人夢之當遇曰良醫,21013
卷之十七,飲食部,酒漿,蜜湯大吉,俗謂之和同湯也新婚者飲此凡夢之者門庭喜占慶家室安寧父慈子孝兄愛弟敬夫和妻柔姑賢曰婦順無論疏遠皆親宻也,21017
卷之十七,飲食部,酒漿,湯如明鏡吉,以銅爲鏡見儀容以人爲鏡見吉凶夢湯如鏡者占所謂見堯于羹也主其人脩身愼行動容中禮正曰其衣冠尊其瞻視謀道不謀食者乎,21021
卷之十七,飲食部,酒漿,滿河是湯,此夢爲金城湯池之兆居官者宜預防守設險占以保其國居家者母忘戒懼除器以備不虞若農夫曰夢之主雷雨之兆,21025
卷之十七,飲食部,酒漿,桶内湯,宋吳中有朱進士者聽佛印禪師講金剛經而悅之次日夢一鬼押五人朱亦同行約二里許入一門挂靑布簾鬼揭簾俱入見竈上桶内有湯五人皆飲之朱欲飲鬼喝云聽經人不得飲遂驚覺明日覔其家扣入問主人厨下有何動靜否主言厨下方產六犬死其一朱乃驚悟曰所謂迷魂湯者是也有懼内之疾故夢此鬼聽講敬信故得不迷,21029
卷之十七,飲食部,酒漿,飲油,貞吉否凶油者滑澤之物亦𬛄膩之物夢飲之者書生文思占如流筆機不滯枯腸得此而潤也鄙夫妄想千端曰奸計百出慾火自此而熾哉,21033
卷之十七,飲食部,酒漿,飲醯凶,醯醋也夢飲此者令人酸鼻之兆生離死别難免占悲痛情懷待物接犬不脫寒酸氣味婦女夢之必曰生妬忌之心有怙寵之態,21038
卷之十七,飲食部,酒漿,飲鹽滷凶,味苦而鹹非可飲之物也夢飲此者爲太渴之象占凡事無益而有害求榮而反辱疾病有屬纊之危曰出行有覆舟之患,21042
卷之十七,飲食部,酒漿,飲乳吉,乳者嬰兒所食醫方用之取其能滋補夢飲之者占必得養生之妙術少壯者主延年益壽高年者主曰返老還童,21046
卷之十七,飲食部,酒漿,飲血貞吉,血者殺禽獸以取之也夢此爲㰱血之象異姓結占義則誓海盟山𡨚屈不明則指天畵地惟飲鹿血曰乃却病延年之徵,21050
卷之十七,飲食部,五榖,五榖食穀大吉士人夢此未仕得祿,穀者祿也有食享天祿之義士人夢此未仕得祿占已仕增秩常人夢此行有餱糧居有蓄積農夫夢曰此田禾大熟收成多得,21057
卷之十七,飲食部,五榖,食米凶,占是夢也不祥主死亡之兆以米字分曰之則爲八曰木八木所成者棺也食米爲飯含乃入棺之象,21065
卷之十七,飲食部,五榖,天雨粥吉,蒼穹錫祿之兆孔氏鼎銘曰饘于是粥于是以餬予口凡夢此者主天祿無窮年壽永久○君相夢占之歲險民安官吏夢之事繁祿薄富室夢之宜博曰恩廣施貧人夢之得仰事俯育夢弗食者必其立志高尚夢飽食者不如不飽之吉也,21069
卷之十七,飲食部,五榖,人授麻粥吉,占胡麻作粥見天緣夢裏加餐百病痊曰果若有人來貺此筋骸康徤地行仙齊宣孝陳皇后生高帝帝二歲時乳人乏乳后夢人以兩甌痲粥與之覺而有乳,21075
卷之十七,飲食部,五榖,菉荳粥,菉荳性凉能解毒作粥用之消暑氣夢食此者血占脉和調膚色光瑩無瘡瘍之患無煩熱之疾夏間曰夢之爲應時餘月不利,21081
卷之十七,飲食部,五榖,麥飯吉,光武行軍乏食馮異以此進之非能適口但可療占飢夢食此者遇難得濟處困得亨雖流離之際而曰可保安全也,21085
卷之十七,飲食部,五榖,乞粥食凶,是夢也乃不祥爲飢荒之兆又爲貧乏之徵貴者占失其貴富者失其富老者不得安而少者不得全曰也惟病人夢此有可生之機,21091
卷之十七,飲食部,五榖,欽賜大米飯吉,大米藏之御廪賜飯出於光祿得此夢者有食祿占天朝之兆外任主欽取内任主特恩告老蒙曰存問若貧賤者夢之有非常之喜無論男女受皇恩食天祿也,21095
卷之十七,飲食部,五榖,衆人共飯吉,夢此者爲博施濟衆之徵化行於上俗美於下勸占農鳩工造舟作舍家給人足男婚女嫁困窮得亨曰縲絏遇赦設醮修齋功德無價,21099
卷之十七,飲食部,五榖,當飯吐哺,此有事關心不遑暇食之兆也凡夢飯主怒氣噉占飯主病患若含哺鼓腹乃爲歡欣之象含而吐出曰則有緊急事未能安舒自得也,21103
卷之十七,飲食部,五榖,食甕中飯,甕非盛飯之具飯多則貯之於甕就其中食者不占雅觀資粮有餘而器不足之象夢此者雖富而鄙曰吝不欲爲人觀視之美也,21107
卷之十七,飲食部,五榖,食囊中飯,占是夢也主裹粮之兆武士占之興師動衆商旅占曰之出外遠行若不事生業者占之當作丐乞之類,21111
卷之十七,飲食部,五榖,食麻糍,占生辰祭享設麻糍午夢初回猶未知曰問起亡兒遺稿在前生今世一般詩宋太學生葉文鳳年十八登進士第官天台赴任途遇生辰午睡夢食麻糍覺聞鄰嫗哭因扣之言今日亡兒生辰期以麻糍祭葉又詳問嫗曰兒陳希曾本縣以詩亞薦尚存稿在葉求閱即及第之作無一字差舛是知前生子遂載之任所,21115
卷之十七,飲食部,五榖,裹粽吉,以蒲葉裹米而煮之之弔忠魂之遺事也屈原自沉汨羅後人竸渡致祭投粽于江防魚鼈食耳迄今占爲端陽之節物名曰魚黍夢此者主生男育女之曰兆男子志在四方是裹粮之徵也女子足小爲美有繫帛之象焉,21123
卷之十七,飲食部,五榖,解粽吉,是夢也主解衣推食之兆事君者受恩寵交友者占遇良朋出行者逢好伴又得賢主解其葉長爲大曰吉葉短爲次吉,21127
卷之十七,飲食部,五榖,食餠,夢此主前後圓合之象婚姻夢之得成就交易夢占之主兼并病患夢之有良藥科舉夢之應在丙子曰年凡事皆利,21132
卷之十七,飲食部,五榖,食圓子吉,此團圞之象也久别者夢之骨肉重聚恩情愈篤占家居者夢之娣姪盈室兒孫滿堂鰥寡者夢之斷曰絃再續破鏡重圓俱應在觀燈十五,21136
卷之十七,飲食部,五榖,人送糕至大吉,糕與高字同音夢之者無有不吉銓選得高擢貢占舉得高第結姻得高門從師得高貴遷移得高居曰祈祝得高壽設帳有高徒問病高枕無憂也,21140
卷之十七,飲食部,五榖,麵大吉,麵者麥之精華以荳和之可成麯蘖又可合醬以占水調之可備饔飱亦可作漿凡夢此者諸事和調曰衆心順適禱祠祭祀益壽延年○麵者面也久别者夢之必得會面求見者夢之必得識面,21144
卷之十七,飲食部,五榖,作麵漿,臨事糊塗不清潔百凡破碎得補綴夢此者薄者占厚而缺者完有整舊重新之象言語愼飲食節有曰轉禍爲節有福之機,21148
卷之十七,飲食部,五榖,食饅頭,三國時孔明造此以祭瀘水也後世謂之饅頭占北方食之當飯夢他人食者主喜慶事夢自巳食者曰主口舌散夢人授之而不食者主慍怒憂悶,21154
卷之十七,飲食部,五榖,食餛飩,打疊包裹兠收不露夢此者商販囊橐充盈婚娶占裝奩豐盛詞訟必得溝和胎孕亦主安隱惟問功曰名占疾病乃爲不吉,21158
卷之十七,飲食部,五榖,食索粉大吉,瑩淨而無查滓聯絡而得綿延文士夢之才思流占利𦒿老夢之年壽永長凡夢之者春主歡會夏主曰清心秋主寡慾冬主宴樂四時俱慶無不爲吉,21164
卷之十七,飲食部,五榖,人饋荳,占此兆主小口有痘疹之災多則稠宻寡則曰稀少如其家無幼稚而夢此須防盜賊,21168
卷之十七,飲食部,五榖,炒荳貞吉,夢此者主被人攻擊刻剝之兆或因作事失計或占因財物相爭或有詞訟不平必分惠以結衆心則曰無悔,21172
卷之十七,飲食部,五榖,煮荳作饌凶,占曰此諸事煎熬不得遂志之夢夢此者兄弟不曰睦獄訟頻仍若其家嬰兒痘疹夢此主凶,21176
卷之十七,飲食部,五榖,醬吉,醬者和調滋味之所宜不得其醬聖人不食夢合占醬者主喜慶事夢食醬者主得利益以醬和羮衆曰心歡恱食肉用醬諸事均調○又醬與將帥之將韻協夢醬美好軍容盛夢醬廢壤武人凶,21180
卷之十七,飲食部,五榖,食糟糠吉,糟有遭逢之義糠有康寧之兆夢食此者求利名占必有際遇占疾病主得痊安若農家問歲時爲飢曰荒之象也,21190
卷之十七,飲食部,蔬菓,天花菜大吉,夢此主價高品貴之兆士人錦心繡口文如天花占亂墜仕宦腰金衣紫位至天官冢宰出行無險阻曰走馬如飛經營䕶財貨歸舟滿載,21201
卷之十七,飲食部,蔬菓,靑雲菜吉,生海島間望之如雲也文人夢此必登雲路武士占夢此有事海濵居常夢此將有遊觀之樂遠行夢曰此即得還歸之期,21208
卷之十七,飲食部,蔬菓,石花菜吉,烹治以食謂之瓊脂伊蒲饌中之佳味也夢此者占商人獲珍寳無中生有文士發才思錦上添花若曰女子夢食之不能孕育,21212
卷之十七,飲食部,蔬菓,金花菜吉,占夢此者仕宦任滿必得金花紫誥其餘名利通達曰田土增益所志必伸所謀必遂惟求子者不宜,21216
卷之十七,飲食部,蔬菓,菜與殿基齊,宋眞宗臨軒䇿士夜夢殿下有菜一苗甚盛與殿基相齊及拆第一卷蔡齊上見其狀堂堂曰得人矣詔金吾給衛士七人清道𡬶詔自今第一人及第令給七人當人許出入則兩對引喝傳呼狀元始爲定制,21220
卷之十七,飲食部,蔬菓,蓴菜荇菜吉,占俱水中之美菜也夢蓴菜者久客必得還鄉且曰得遠害夢荇菜者未婚必得賢配且得佳兒,21224
卷之十七,飲食部,蔬菓,芥菜吉,占是夢也文士功名唾手取靑紫如拾芥武將行曰伍齊心斬寇盜如草芥尋常夢之有疥癩之疾,21228
卷之十七,飲食部,蔬菓,水芹菜吉,潔白之品可以薦宗廟清芬之味可以獻王公夢占採之者事神有敬信之誠夢食之者治家有儉素曰之節夢人與我有意想不及之貺夢我授人有約結相契之交,21232
卷之十七,飲食部,蔬菓,莧菜貞吉,莧菜感陰氣而生夢食之者利女人不利男子易占曰莧陸夬夬中行无咎若所行不中即有咎矣胎曰孕者夢此主易產,21236
卷之十七,飲食部,蔬菓,萊菔,俗名蘿蔔夢食此者未爲佳兆有辛苦之煩有匍匐之勞生占子夢此必爲人僕役出行夢此必多費盤纒惟病曰者得愈失物可尋耳,21240
卷之十七,飲食部,蔬菓,薑吉,薑可通神可除穢可禦寒夢食此者有祭享之事占有療病之方有溫和之氣心安神靜運通時泰災曰消病除商旅夢之南行大利,21245
卷之十七,飲食部,蔬菓,蒜貞吉否凶,貞吉否凶味辛而葷食之神昏氣濁雖有化肉之功辟邪之占効不足稱也夢食此者當敬鬼神而遠之蒜者算曰也算增則福壽算減則貧窮算盡則死亡也慕容紹宗數有凶夢每惡之私謂左右曰吾數年以來恒夢有蒜昨忽夢盡蒜者算也其算盡乎未幾與劉豐臨堰乗艦有暴風斷纜其艦徑飄敵城紹宗度不能免自投水死,21248
卷之十七,飲食部,蔬菓,茐吉,中通外直其色如翠茐者聰也夢此者耳聾之人占得聞聲產肖之子必聰明又主有倉卒事急於逺曰行其狀匆匆然之兆經營商販財利充盈得名曰從容,21259
卷之十七,飲食部,蔬菓,韭貞吉,韭者久也有九之數焉夢食此者出仕當九遷其占官或九年其任應舉唱名在第九或歷試九科凡曰事多寡之數皆以九爲度吉凶禍福即夢中所見與身之所處觸類推之,21267
卷之十七,飲食部,蔬菓,花椒大吉,椒氣芬芳可以辟除邪惡其實繁衍條取即可盈占升夢食此者眼目光明疾病不生永無瘡瘍之患曰女人夢此貴在椒房不然亦主多子,21274
卷之十七,飲食部,蔬菓,茴香吉,占茴有回歸回還之義夢此者行人不久歸家失曰物復還故處遠客他方者行此亦必還鄉矣,21278
卷之十七,飲食部,蔬菓,桂皮大吉,取其香氣以和調滋味之所宜而非可咀嚼之物占也書生夢此爲折桂之兆常人夢此爲見貴之徵曰懐孕夢此當生貴顯之子,21282
卷之十七,飲食部,蔬菓,香椿嫩葉吉,椿爲木中之王主貴以千歲爲春主壽夢飡此者占春試得捷報銓選得春曹椿庭壽享遐齡座客春曰風和氣女子夢之有懷春之思詩人夢之有遊春之興,21286
卷之十七,飲食部,蔬菓,萱花大吉,萱草合歡食之令人忘憂夢此者必有喜慶事或占受恩封拜或赴任榮歸或婚娶或祝頌宴會歡曰呼鼓樂喧塡之兆又名宜男胎孕者夢之必生男,21292
卷之十七,飲食部,蔬菓,採薇以食,詩云陟彼北山言採其薇又云採薇採薇薇亦作占止夢此者征夫以遠行而身勞室人以憂思而心曰苦久别者必得會合遠行者必得還歸旣見君子我心則夷是也,21296
卷之十七,飲食部,蔬菓,蔴菰夢此爲比昵羣小之兆女人長齋者夢此必有觀,夢此爲比昵羣小之兆女人長齋者夢此必有觀占聽佛老之事患病者夢之宜許佛原訪道者夢之曰必遇眞仙,21300
卷之十七,飲食部,蔬菓,山藥吉,一名薯蕷藥材中之食物也少壯者夢此添精益占髓高年者夢此却病長生若虚損之症夢此其疾曰即愈,21307
卷之十七,飲食部,蔬菓,竹笋荻笋吉,夢入竹林取笋者文臣入棘闈必得佳士武將得占節鉞必殱渠魁又主生男之兆○夢人饋笋主病曰痊以笋送人爲節制夢以笋點茶接人待物處事有節夢以笋作羮立身行巳順理無私,21311
卷之十七,飲食部,蔬菓,芋吉,漢光武之所寳也出軍夢此粮餉有餘行旅夢此占囊資充足貧困夢此饔飱有備流離顚沛夢此不曰至於斷火絶煙,21315
卷之十七,飲食部,蔬菓,紫茄吉,占夢人授此得童僕夢以授人主交易曰夢生食之主生男夢熟食之主生女,21319
卷之十七,飲食部,蔬菓,銀茄吉,占君子夢之作事多疑常人夢之出行遇貴被𡨚曰夢之得白疾病夢之得蘇憂苦夢之樂事至,21323
卷之十七,飲食部,蔬菓,人授葫蘆,張汨夢神人授葫蘆子曰汝種後庭以學水遯十月十八日使仙伯教汝時汨爲爾朱榮家傭次日有襄陽人以一葫蘆與之汨取其子種房後生二十八枚及冬果遇耆老語以遯法後榮被誅榮子兆率騎攻洛自河梁西渉汨潛水中而逃,21327
卷之十七,飲食部,蔬菓,瓜瓠,即絲瓜葫蘆也架上摘取釡中烹治高潔之品而得和調之宜夢占食此者凡事仍舊不可更張有恙即愈不待巫醫曰夏秋爲應時得全吉春冬次之若天行痘疹夢此小口無傷也,21331
卷之十七,飲食部,蔬菓,王瓜吉,此不斂藏之種始夏即生之物夢取此者祭祀受占福貴時物致孝享也夢食此者主病痊眼暗復明曰脾泄即止也,21336
卷之十七,飲食部,蔬菓,西瓜,夢此主多子之象子黑者貴紅者賤白者無成若占夢食之而清凉主病痊食之而甘美主喜事如腐曰爛者爲不祥主有疾,21340
卷之十七,飲食部,蔬菓,食瓜甚美,漢武帝陰貴人夢食瓜甚美帝使使求諸方國時燉煌異瓜種名穿陰又名穹窿瓜長三尺而形屈曲味美如飴父老云有道士從蓬萊得此瓜種食之不飢燉煌以獻符所夢云○後魏宋瓊冬月母病思瓜瓊夢見人與瓜覺得手中以奉母時稱孝感而事傳魏國,21344
卷之十七,飲食部,蔬菓,五色瓜,瓜子附枝連蔓引牽纒積累之兆夢此子孫繁衍世系綿占遠家長夢之宜分財產病人夢之宜祀祖考訟者曰夢之未能結局出行夢之未得通達○夢食瓜子者須防小口有災臨產有險,21348
卷之十七,飲食部,蔬菓,神賜嘉菓大吉,占菓者成實之象夢神賜者必其果行育德而得曰成正果者也若懷孕而誕生乃天錫佳胤之兆元東平萬户府叅議張之純夢謁孔子廟得賜嘉菓旣而生子因丐名於衍聖公名孔孫,21353
卷之十七,飲食部,蔬菓,燈下授菓吉,夢此者主有喜慶之事爲人上者得民心爲人父占者得子力室家安寧兄弟和樂若夢袖而弗食者曰主久客他鄉,21359
卷之十七,飲食部,蔬菓,橄欖,橄欖號稱回甘夢食此菓者凡事先難後昜苦占甘來之兆文人攻苦食淡方有顯名厚實之榮武曰士披堅執銳始得報功酬勞之典商賈渉歷艱辛農工終歲勤動然後財貨有餘而資粮充足也,21363
卷之十七,飲食部,蔬菓,蒸梨,貞吉否凶鬱勃之氣聚而復散夢此者夫妻反目而分離財占帛失脫而難覔病人反覆而未痊行人羈留而未曰至惟耕種畜牧者夢之大利,21367
卷之十七,飲食部,蔬菓,剖梨,楊進賢任南陽剌史登舟遇風失其子夫婦想念甚切忽夜夢與兒剖一梨因自解曰剖梨分離也明日述所夢於友友曰梨開則見子矣不旬日果得其子,21372
卷之十七,飲食部,蔬菓,人贈棗,貞吉否凶求名夢此蚤有譽於天下求利夢此財百倍而稱占心求子夢此即得男而大貴病患夢此災悔除而曰康寧惟逃𥨥夢之無路官事夢之受刑,21376
卷之十七,飲食部,蔬菓,蟠桃吉,占蟠桃是仙家之菓夢得此者爲壽徵夢啖之者生曰貴子若夢人取去者主損失夢人送進者利西行,21383
卷之十七,飲食部,蔬菓,道人贈桃吉,桃仙菓道人有仙風道骨者夢此謀爲有成功名占有就壽得長生利獲十倍之兆也孕婦夢之者生曰男大貴病人夢之不藥自愈,21387
卷之十七,飲食部,蔬菓,梅實大吉,夢梅者吉兆也男夢得賢妻女夢得佳壻梅味可占調羮縉紳夢此職居台鼎梅占百花魁貢舉夢此曰首登金榜食之止渴生津病人夢之得神醫又得長壽,21391
卷之十七,飲食部,蔬菓,杏實吉,舉子夢此得與瓊林之宴武士夢此必成奏凱之占功卿相夢此君心寵愛加恩蔭平常夢此家門喜曰慶保安康患難夢此人力扶持無不利久病夢此血脉調和漸得痊,21395
卷之十七,飲食部,蔬菓,杏仁,孟蜀翰林學士辛夤遜在靑城山居其居則古道院在一峯之頂內塑像皇姑則唐玄宗之女也一夕夢皇姑召之謂曰汝可食杏仁令汝聰明老而彌壯汝有道性不久住此須出佐理當代夤遜拜請旣寤遂日日食之老而輕健年逾從心猶多著述心力不倦,21399
卷之十七,飲食部,蔬菓,櫻桃吉,一名含桃四月方熟食之令人容色好富貴者夢占此得美妾且多子貧賤者夢此主酒食且得財孤曰獨者夢此當入沙門,21403
卷之十七,飲食部,蔬菓,壽李即郁李一名棠棣,即郁李一名棠棣占此夢主幣帛交際之兆夢巳授人有人送物曰夢人授巳以物送人夢採而食之有雷雨至,21407
卷之十七,飲食部,蔬菓,石榴吉,皮如錦囊子如珍珠文士萝此有奇才武人夢此占有秘策商販夢此獲重寶又榴者留也有久留之曰義夢此者婚姻當入贅塾師當復留行人未歸囚者未出,21412
卷之十七,飲食部,蔬菓,紫菱吉,占庾信紫菱生軟角夢食此者爲頭角崢嶸之兆曰縉紳得之應爲紫袍客士人得之當作紫薇郎,21416
卷之十七,飲食部,蔬菓,雪藕吉,士人夢此心竅開通有經綸之抱負女子占夢此主素性粹白有清潔之儀容姻緣天然之配偶子嗣曰得邁衆之寧馨疾病夢之夏秋當消道冬春當滋補,21420
卷之十七,飲食部,蔬菓,龍眼大吉,龍眼稱爲福圓夢食是菓者主多福之兆居官者占龍章錫命居家者福祿駢臻修行者功德圓滿老曰年者眼目精明,21424
卷之十七,飲食部,蔬菓,銀杏,俗名白菓,21428
卷之十七,飲食部,蔬菓,吉,夢此主𩄇異之象書生夢之將貴顯武士夢之建占大功君相夢之得良佐常人夢之得財物胎孕夢曰之生子多才夢食此者主遠行吉,21430
卷之十七,飲食部,蔬菓,金豆大吉,金豆即金橘色黃如金圓小如豆夢食此者主大占富貴家藏金穴豆觴常設於賔筵腰繫金魚爼豆曰時陳於祖廟錦衣玉食之休徵也,21434
卷之十七,飲食部,蔬菓,橘柚橙柑,凡夢此者主生男之吉兆若生女必再生男且得貴壻文士夢此小試優等應舉高第銓選夢此南占人入京師北人任楚地卿相進曰夢之進賢受賞將帥曰夢之禦虜立功貧賤夢之得財疾病夢之得瘥有非爲者夢之禍即至,21438
卷之十七,飲食部,蔬菓,甘蔗吉,占夢食此者漸入佳竟之兆文士學問日進仕宦祿曰位日隆商賈財利日益耆老年彌高而德彌邵也,21445
卷之十七,飲食部,蔬菓,桑椹,王戎夢有人以七枚椹子與之着衣襟中旣覺占占曰椹桑子也自後男女大小凡七喪○夢此而食曰之無餘者生貴子,21451
卷之十七,飲食部,蔬菓,食松花吉,夢此者志行高潔四體安舒年壽遐遠百病全除占修眞者夢之必得奇方異術資助其道骨仙風求曰醫者夢之必有妙藥靈丹調理其血脉榮衛,21458
卷之十七,飲食部,蔬菓,採松子以食吉,此夢爲貴徵亦壽徵也身榮家富災消病除子貴占孫賢名高譽顯出仕者位至三公修行者長生不曰老若孕婦夢此生子必秀,21464
卷之十七,飲食部,餚饌,天倉餚饌,咸通中薛逢爲錦州剌史夢入洞府餚饌甚多而不覩人物有人謂曰此天倉也及窹言之於人州界昌明縣有天倉洞其洞中有自然飲食雲水者占往往得而食之即使道士孫靈諷與親吏往訪果得洞如所夢云,21472
卷之十七,飲食部,餚饌,伊蒲饌吉,佛門之法供也此夢爲行善修福之兆主門庭清占吉得孝子慈孫年高者夢之念佛持齋有病者夢曰之當誦經禮懺,21476
卷之十七,飲食部,餚饌,珍羞羅列,食前方丈富貴者之盛筵也文士夢之鄉試宴鹿占鳴廷試宴瓊林武弁夢之應舉鷹揚奏錄應選掛曰印登壇庶民夢此自備家業破敗人請疾病死亡,21482
卷之十七,飲食部,餚饌,食羊頭,大夫無故不殺羊夢食此者占應試必爲解元爭訟必得和解病患亦得消散若耕牧者夢之爲饑饉曰之兆詩云牂羊羵首人可以食鮮可以飽此之謂也,21488
卷之十七,飲食部,餚饌,啖鵝頭貞吉否凶,貞吉否凶占夢此者文士有人乞書武士有人劫寨曰貧人主嘔吐之疾病人主死亡之兆,21495
卷之十七,飲食部,餚饌,天鵝肉吉,占夢食天鵝是吉徵天然喜氣到門庭曰閨中夢此生兒貴在外行人事事亨,21501
卷之十七,飲食部,餚饌,食鴨吉,鴨字從甲稱爲家鳬有符瑞之義又有虛無之兆占夢食之者文士登科甲武人披甲冑但能炫耀一曰時不得長享富貴也尋常夢此壽止花甲一週,21505
卷之十七,飲食部,餚饌,殺雞爲黍吉,雞司農而有五德烹以爲饌名曰鑚籬菜夢食之占者文人爲成德之士武人爲有勇之夫婦女善相曰夫子童稚勤事詩書若問功名疾病行人等事應在西年月日,21509
卷之十七,飲食部,餚饌,食雁吉,雁亦德禽也夢食此者有旣飽以德之兆仕宦者占位列大夫應所執之贄婚娶者配爲淑媛象所奠曰之儀,21513
卷之十七,飲食部,餚饌,食家鴿吉,鴿者合也夢此者婚姻和合朋友浹洽耕種通力占合作經營合本生利行人音信即至病人癆瘵得曰痊吉,21517
卷之十七,飲食部,餚饌,食黃雀吉,雀與爵同夢食之者主進爵之兆文臣武將皆得占受封内任外任俱得晉秩正途異途各有爵位也曰生子者夢此爲貴顯之徵,21521
卷之十七,飲食部,餚饌,食鴉肉吉,鴉惡聲之鳥夢食其肉主災消禍解之兆疾病痊占官訟散是非口舌和解一應不祥之事皆遠去而曰無侵擾,21525
卷之十七,飲食部,餚饌,食蛋吉,雞鹅鴨之卯俗稱爲蛋夢食此者主多子之兆○占文士夢此爲及第之元魁武人夢此爲于城之將曰帥老者夢此如南極壽星之長命也,21529
卷之十七,飲食部,餚饌,食腥肉貞吉否凶無馨香之味有腥膻之氣文士夢此學未純熟尚,貞吉否凶無馨香之味有腥膻之氣文士夢此學未純熟尚占宜薰陶武人夢此力大勇猛生擒强敵常人夢此曰凡事艱難費口舌惹是非之兆婦女夢此生子暴戾,21536
卷之十七,飲食部,餚饌,食犬肉,占是夢也食兩口主有哭泣之事食一曰點主得大財食一片應作狀元也葉祖治赴省試夜夢廣祐廟神將犬肉一片置几上命食之明年葉擢大魁方悟片犬置几上乃爲狀元字也,21545
卷之十七,飲食部,餚饌,熊掌大吉,美味也異品也非富貴者不得食熊之爲物强力占壯毅掌有掌握之義夢此主富貴之象四體康强曰身榮名顯威權職掌近悅遠來胎孕夢此生男必貴,21555
卷之十七,飲食部,餚饌,食虎肉,貞吉否凶得此夢者爲自食其力占之兆攘臂而搏諸野快心而飽其腹凡事必有勳勞建功立業始得厚祿以曰供所食詩曰不素餐兮正謂此也在女人當生貴子獵戸無占,21563
卷之十七,飲食部,餚饌,食豺狼,占豺狼爲寇虜盗賊之稱夢食之者爲除强去暴之曰象將師建奇勳海宇賀昇平婦女夢此生子不祥,21568
卷之十七,飲食部,餚饌,食狐狸肉貞吉,狐狸妖媚之物也夢食其肉者主除邪媚去奸惡之兆曠夫不至於貪淫怨女不至於失節更無蛇傷犬噬之害,21575
卷之十七,飲食部,餚饌,食豹胎吉,此八珍之一也得是夢者書生文質彬彬將士威占聲赫赫臨民者令行禁止風移俗易易曰君子豹曰變小人革面此夢之占於斯爲驗,21582
卷之十七,飲食部,餚饌,食鹿脯貞吉,鹿者祿也有得祿之兆夢神賜者受天祿也夢授占人者分君惠也夢共食者祿厚也夢獨食者祿薄曰也□之無餘祿有盡也愈食愈多祿無窮也,21586
卷之十七,飲食部,餚饌,食馬牛肉,占夢此主有事軍旅之兆不然亦當遠行若曰病人夢之須過丑牛午馬之期而後得瘥,21590
卷之十七,飲食部,餚饌,食魚頭吉,魚美味也頭大者可以備宴饗夢食此者選舉得占直臣職居參政婚姻得淑女緣結朱陳蓋取魚水曰相投而有骨鯁之義耳,21594
卷之十七,飲食部,餚饌,食魚鮓貞吉,占夢此主受人欺詐之兆理似有而實無曰事似眞而未定雖不遂意亦無大咎,21601
卷之十七,飲食部,餚饌,石首魚即黄魚也乾者爲白鮝,即黄魚也乾者爲白鮝占東海有魚名曰石首牟尼有病食之曰即愈夢食此者肢體康彊年壽永遠,21606
卷之十七,飲食部,餚饌,食黿大吉,黿者元也元首也舉子夢之必居榜首將士夢之占生擒敵首常人夢之有異品美味女人夢之主子曰貴夫榮,21612
卷之十七,飲食部,餚饌,食螃蟹吉夢武將在軍爲解,夢此爲甲胄之象又爲解散之兆武將在軍爲解占甲舉子應試登黃甲鄉試夢食其足作解元其餘曰病訟諸事皆主解散,21618
卷之十七,飲食部,餚饌,食海參吉,占其味似猪肺而不浮夢食之者心廣曰體胖四肢輕徤脉調氣和年壽永久,21629
卷之十七,飲食部,餚饌,炰鼈膾鯉吉,夢此者主有賔客宴會之兆上下有别尊卑有禮占貧乏者夢此富貴相與衣食得周病患者夢此寒曰暑得調災悔漸解,21633
卷之十七,飲食部,餚饌,食鰻鱺,占無鱗魚也凡夢食者不利於功名之士若病者得曰痊孕者易產隱居山林者夢之爲笑傲王侯之兆,21637
卷之十七,飲食部,餚饌,鱔魚作麫,占夢此者凡事失之於善柔有損無益義理未能曉曰暢機會或至蹉跎宜好問好察隱惡揚善則無咎,21641
卷之十七,飲食部,餚饌,食蛤蜊,雀入大水爲蛤取而烹之以爲饌是夢也利於居占家不利於居官凡經營出行婚姻交易疾病孕育曰等事無不爲吉惟仕宦宜解職歸休不然恐有陷溺之危,21645
卷之十七,飲食部,餚饌,食蟛𧑅似蟹而小,似蟹而小占夢食此者必有不義之財欲却而不可却有非禮曰之事欲行而不果行若在軍帥者恐不得善終,21649
卷之十七,飲食部,餚饌,海螄田螺,掩藏其身破其底而後出夢此二味文臣當發奸占摘伏之政歷任賔師武将有平寇破虜之功累官曰掛印若在𡬶常有逃亡失脱或攻擊或捕捉不至落空胎產者母子不能兩全,21654
卷之十七,飲食部,餚饌,食水蛙,貞吉否凶水中蛙其味似雞夢食此者非出人頭地之兆事占難成利難求財難聚更有被人凌虐尅剝之患謹曰愼無妨,21658
卷之十七,飲食部,餚饌,食虀鹽吉,韲鹽貧士所常食雖非美物然有至味在焉諺云占喫盡滋味鹽好夢此者不求聞達而名譽日章不曰慕富貴而爵祿自至蓋虀爲采地所出而鹽乃潮水所成也,21665
卷之十七,飲食部,餚饌,殘食,宋高宗爲康王時宣仁太后時以殘食食之一夕夢神人戒令勿與殘食后驚寤,21669
卷之十七,飲食部,餚饌,齋戒惟一食,釋慧思辭親入道數夢神僧勸令齋戒惟一食不食别供,21673
卷之十七,飲食部,餚饌,食鍋中蔬菜凶,鍋所以炊爨者而食在其中非佳兆也夢此主事占𫝑忙迫謀爲不遂之象凡百謹愼宜守常不宜更曰變宜安靜不宜動作恐有顛沛流離之禍,21677
卷之十七,飲食部,餚饌,長齋者食葷,貞吉否凶平日口是心非二三其念外貌假飾而内意不誠占者方有此夢夢食而下咽者吉少凶多主有病患曰夢咽而復嘔吐者災消福至得以永年,21683
卷之十七,飲食部,雜物,食彩雲大吉,占彩雲瑞氣也夢食此者主登雲之象士人兆此鄉曰試中式會試及第若修行訪道者占之成仙作祖,21693
卷之十七,飲食部,雜物,食雪,貞吉否凶蘇武爲匈奴所困嚼雪吞氊夢食雪者王出使朔占方拘留絕食之兆持節如子卿則无咎矣○貴人曰夢此玉食萬邦富人夢此安享膏粱常人夢此游食四方,21697
卷之十七,飲食部,雜物,食煙凶,占煙爲火之餘氣主昏迷不醒之象兆此者須曰防禍患病恐重發事恐失機謹愼火燭爲要,21702
卷之十七,飲食部,雜物,食土塊,貞吉否凶此吉祥之兆也國夢得土地拓地開疆家夢得占田園置產立業若尋常夢之爲飢餒凶禍之徵休曰咎形之於夢禍福存乎其人不可執一而論也,21706
卷之十七,飲食部,雜物,吞石吉,石之品類不一有數種可食焉好善言者夢之是占金石也見善則遷喜聞過者夢之是藥石也有過曰則攺若仕宦者夢之亦吉兆也祿食二千石職守石頭城,21711
卷之十七,飲食部,雜物,食麟脯大吉,麟脯非人間世味也夢食之者貴列天朝富享占天祿碩人得此而生子方士得此而成仙吉祥無曰比極佳之夢也,21715
卷之十七,飲食部,雜物,食白兎吉,皓魄之象也夢食之者居官明照四方問利旺當占二月求名應在辛卯疾病勿藥有喜孕育生女大曰貴凡事皆吉,21721
卷之十七,飲食部,雜物,食海馬吉,占此夢出行大吉作事便利病人夢之即曰愈娠姙夢此爲龍駒之象生男大貴,21725
卷之十七,飲食部,雜物,食熊胆丸,此攻苦食淡不厭不倦之徵也夢此者朝乾夕惕占銳志勵精勤苦有資發達有日若非士人亦爲嘗曰胆之兆苦盡甘來凡事先難後易,21729
卷之十七,飲食部,雜物,食猫睛吉,占猫目睛圓午歛如線夢食之者眼目光明曰瞳神爽瞽者必遇良醫商人必獲至寳,21733
卷之十七,飲食部,雜物,吞白䑕吉,此發財致富之兆夢之者必得意外橫財科名應占在庚子年疾病應在庚子日若娠姙夢之生男必曰奇異釋智顗母徐氏夢吞白䑕如是再三怪而卜之師曰白龍之兆也乃誕育顗,21737
卷之十七,飲食部,雜物,食鳳髓吉,占鳳聖瑞也髓精髓也夢食此者書生得明曰師良友之益有福至心靈之慶其餘皆吉,21743
卷之十七,飲食部,雜物,吞金雞吉,雞稱翰音夢此者文士得入翰苑之佳音易曰翰占音登于天此金雞也星宿中之昴日雞也女人夢曰此生男大貴遼蕭皇后夢拂承天太后之榻獲金雞吞之膚色光澤勝常太后驚異曰是必有奇子巳而生興宗,21747
卷之十七,飲食部,雜物,吞鴝鵒俗名八𪃿,俗名八𪃿占此夢主禍去福來之兆魯人有言鴝鵒曰鴝鵅往歌來哭夢吞之者有歌無哭,21753
卷之十七,飲食部,雜物,食鶴頂凶,鶴頂毒物也夢食之主凶事至貴人恐犯國法占常人恐罹官災禍患臨逼之兆病者夢此藥有不曰得其方宜訪良醫,21760
卷之十七,飲食部,雜物,食九頭鳥,九頭鳥俗名鬼車不祥之物也夢食此者事多繁占冗無庸置喙心常忙亂未得凝神若病人夢之食曰盡反生有餘則死,21765
卷之十七,飲食部,雜物,食龍肝吉,龍陽物也肝屬木夢食之者爲大亨之兆仕宦得占恩寵門庭光耀商賈得財利囊橐充盈可醫家以曰竈心土名伏龍肝病人夢此火症轉劇濕症得痊,21769
卷之十七,飲食部,雜物,食金鯽魚大吉,金魚貴臣所佩服結姻回聘倣用之以爲佳兆欲占其壻之貴耳夢中所食紅鱗者即此象也縉紳承曰天寵腰間懸紫袋士人遇月老足下繫紅絲君臣合士夫婦同心如魚之得水也,21773
卷之十七,飲食部,雜物,食蛇鱗吉,占蛇陰物也鱗甲象錢陽主義陰主利此夢爲得曰錢財之兆懷孕者夢之生女風疾者夢之得痊,21777
卷之十七,飲食部,雜物,食蚯蚓吉,蚓食槁壤而飲黃泉至廉之物也夢食此者爲廉占善之徵功名易就謀望易成訟遇清官交得良朋曰婚姻得賢配孕育得智慧之兒也,21781
卷之十七,飲食部,雜物,食蜂蜜大吉,蜂蜜百花釀成者和藥能除百病夢食之者災消占福至和同親宻之兆精神爽肢體康本元壯年壽曰長士下和睦子姓永昌,21785
卷之十七,飲食部,雜物,食花凶,花紅顏也夢食之者主私情相約穴隙相窺之兆占亦多敗少成之象或閨婦自夢主夭折胎孕生女曰亦不吉,21789
卷之十七,飲食部,雜物,仙人送花受而食之,占花屬仙人送此仙花也夢食之者靈慧開智識高曰學問進事業超有孕者得弄瓦之義美而主貴,21793
卷之十七,飲食部,雜物,食藤花,唐明皇微時至洛陽令崔日知宅𭄒設饌未熟明皇因寢庭前一架藤花初開日知見巨蛇食藤花逡巡不見明皇覺曰饑甚夢中食藤花甚飽日知乃知他日啓聖之驗也,21797
卷之十七,飲食部,雜物,吞紺蓮花,馮元七歲時讀易其母夜夢異人以紺蓮花與元吞之且曰善讀此後必貴顯元果登進士第歷官至戸部侍郎迨老率三日一誦易云,21803
卷之十七,飲食部,雜物,食蘭吉,占蘭清香之物夢食之者解躁熱除煩惱仕宦無曰論内外職居清要孕育不問男女資稟清芬,21807
卷之十七,飲食部,雜物,食菊吉,占菊傲嚴霜榮晩節食之清心明目夢此主思慮不曰亂視瞻不迷士人有操守末路敷榮孀居得貞烈一生清白,21811
卷之十七,飲食部,雜物,吞靈芝吉,占芝者瑞草也仙家所食夢食之者爲祥瑞曰之徵病人夢之遇良醫婦女夢之生秀子唐申泰芝洛陽人其母楊氏夢人與芝吞之曰以名子已而得子遂名泰芝稍長遊南岳遇異人授金丹白晝冲舉,21815
卷之十七,飲食部,雜物,食靑栢葉,宋趙自然繁昌人幼疾甚父抱詣靑華觀許爲道士後夢老人自云姓陰引之登高山謂曰汝有道氣吾將教汝辟穀之法乃出靑栢葉令食之及覺遂辟榖太宗召問賜道士服,21821
卷之十七,飲食部,雜物,食玫瑰,攻瑰紫艶而馨香花之異品也夢食之者以字義占占之除却側玉乃成文鬼文鬼魁星也士人主大曰發應試必聯捷孕婦生貴子臨盆必有慶惟病人夢之必難痊安,21825
卷之十七,飲食部,雜物,食芭蕉葉貞吉否凶,貞吉否凶占芭蕉葉兮綠色蔭在窓兮蔽日夢中餐兮爲吉凡曰事占之喜滿室○又云巴巴碌碌憔悴焦躁之兆,21829
卷之十七,飲食部,雜物,食馬蘭,貞吉否凶馬蘭草之可食者夢此爲阻隔之兆蘭有攔攩之占義馬被欄足不得前矣行師者安營爲吉出征不曰利守城者堅壁爲上合戰為次夢拔盡此草者國守不全而敵兵得勝矣爾朱兆典兵夢其亡父登一高堆堆旁之地悉皆耕熟唯有馬蘭草株猶在父問何故不拔左右云堅不可拔父顧兆令下拔之隨手所至無不盡去兆後敗亡,21834
卷之十七,飲食部,雜物,食野草,郊野所生之草也可食者能救荒夢此主歲歉之占兆五榖不登食草以充腹也若醫家夢之術業必曰精病人夢之服藥有効,21841
卷之十七,飲食部,雜物,食竹吉,素居清潔不染世味灑然無累者方兆此士人有占堅剛之勁節婦女有貞烈之芳名若病痰嗽之症曰夢後必愈,21845
卷之十七,飲食部,雜物,食木凶,木乃咀嚼而無味之物夢食之者凡事無味徒勞占唇舌病人恐有就木之危禱醫莫用○又主衰敗曰之兆賣屋宇鬻舟車自求口實,21849
卷之十七,飲食部,雜物,食㯽榔吉,占㯽榔辟障氣粤人所食東坡詩云紅潮登頰醉曰㯽榔病人夢之藥餌有効女子夢之容色倍常,21853
卷之十七,飲食部,雜物,食菖蒲吉,菖蒲有九節者食之可通仙靈兆此求名得名求占利得利產生貴子壽享遐齡遠人歸失物見病即曰痊訟得解,21857
卷之十七,飲食部,雜物,食黃連貞吉,味苦而性凉夢食之者主困苦荒凉之象凡事求占爲不得謀望徒然若學者夢之宜攻苦燈窓臥薪曰嘗胆,21861
卷之十七,飲食部,雜物,食石蓮吉,是夢也爲七寳莊嚴之象又爲三台聯轉之兆居占官者調元贊化出家者悟道參玄老年夢之壽永曰病人夢之患痊,21865
卷之十七,飲食部,雜物,食甘草吉,占甘草和調諸藥能解諸毒夢食此者災禍曰散仇讎解爭訟息疾病除凡事逢凶化吉,21869
卷之十七,飲食部,雜物,食墨吉,墨者文房所寳夢食之者書生學問進益士人文占藝精通縉紳官居翰苑職掌絲綸若常人夢此心曰中反不明白也,21873
卷之十七,飲食部,雜物,吞書吉,占書者載事物之義理牗人心之知覺夢吞之曰者益智慧長識見學問日進而才能日多也唐僖宗自晉王即位幼而多能素不曉碁夜夢人以碁經三卷焚而吞之明日詔觀碁凡所指畫出人意表,21879
卷之十七,飲食部,雜物,吞炭凶,炭曰烏薪非可食之物也夢吞之者主有寒心事占而欲爲復讎之舉此戰國時豫讓所爲耳不然亦曰主失音,21887
卷之十七,飲食部,雜物,吞針,是夢也有剌人腸肚之兆身在異鄉歸期未知何占日家去千里音信無能即通天各一方事處兩難曰者矣若釋□夢之受戒遠色,21891
卷之十七,飲食部,雜物,吞氊,氊可禦寒非可療飢子卿使匈奴拘畱絶食乃爵占雪吞璮耳得此夢者主有出塞之兆凡事迍邅未曰能通達也,21897
卷之十七,飲食部,雜物,吞珠吉,珍珠爲世所寳夢吞之者乃貴重之瑞徵文人著占作字字新奇詩客吟哦篇篇圓活生子者兆此不曰問男女俱秀而美,21901
卷之十七,飲食部,雜物,吞玉大吉,玉藏石中待椎鑿而後出玉爲器用必雕琢而始成夢吞玉者主榮顯之佳兆貴人享方國之玉食占文士得師友之玉成享玉食者當作威作福得玉曰成者必尊一取善也若胎孕夢此無分璋瓦皆爲當世所貴,21905
卷之十七,飲食部,雜物,━━━━━━━━━━━━━━━━━━━━━━━━━━━━━━━━━━━━━━━━━━━━━━━━━━━━━━━━━━━━━━━━━━,卷之十八,21915
卷之十七,飲食部,雜物,━━━━━━━━━━━━━━━━━━━━━━━━━━━━━━━━━━━━━━━━━━━━━━━━━━━━━━━━━━━━━━━━━━,,21917
卷之十八,蕃彚部,樹木,樹木茂盛大吉,家業興隆名成利就根基不薄得時得氣生機勃占勃之兆也夢此者文士當主盛名進取必登巍科曰生意利十倍家計必𤼵達子姓蕃衍慶賀螽斯如夢在家中爲幽隱之兆恐亦非宜,21934
卷之十八,蕃彚部,樹木,𣗳木凋零枯死凶,𣗳木𤼵達則可今乃萎薾凋零此剝落之象至若占枯死整頓何從所謂徒勞而無益也主親戚星散曰家業陵替長幼不安求名下第居宅蕭條宜急棄之,21940
卷之十八,蕃彚部,樹木,樹木成林大吉,鬰然成林方興未艾母伐母折葱蔚可待得此象占爲舒睂吐氣之符能再培毓家吉人康利遂名成曰何疑如夢林中坐臥病未起林中漁獵事無成翠林茂盛吉利夢入菓林主獲財帛,21944
卷之十八,蕃彚部,樹木,樹木火燒大吉,火者昌明之象且木能生火分所固有夢此者主占能培植陰德以致昌隆士人光顯門庭平人身家曰興旺也大吉無疑,21948
卷之十八,蕃彚部,樹木,風吹樹木落葉㧞根凶,占風吹𣗳木𢳸撼傾危之象也夢此者主有不測曰之禍震動先靈子孫零落非小災患之兆也,21952
卷之十八,蕃彚部,樹木,手植樹木,主自掙自立縱有先業不能享受更攺一番方得占成就此勞碌奔波睡臥不寧之象若圖晏享縱有曰其業決無是事若夢接樹生計當在異姓非入贅則當承繼他門方得名成利遂,21956
卷之十八,蕃彚部,樹木,身在𣗳木上凶,人居地上今夢在𣗳處非其地矣求名利者恐有占旁落之危宅舍不寧病難痊可夢身在𣗳而忽折曰主有死傷,21962
卷之十八,蕃彚部,樹木,大𣗳蔭體吉,綠陰高照樹色侵人此主貴人䕶庇可以榮身之占兆語有云綠樹陰濃蓋四隣靑苔日厚自無塵科曰頭箕踞長松下白眼㸔他世上人則此象之吉利可知矣,21966
卷之十八,蕃彚部,樹木,大𣗳落屋上,木落屋上此催人遷徙之兆若不遷徙定有燕雀占處堂之患出仕者主當高擢不然恐上人見咎求曰財者喜從天降利源不小生產不實名則驚人當有棟樑之任也,21970
卷之十八,蕃彚部,樹木,登大樹大吉,夢登高者患險防有傾危又患暗鮮有光彩若大占樹則地位高根本固自固通達之象也求名得名曰求利得利大吉之兆陳文龍夢積木數百踐其上自謂必作狀元居衆材之上巳而果然,21975
卷之十八,蕃彚部,樹木,兩𣗳合一一𣗳兩分,二而一意合情投；一而二離德離心乃始成終敗占之象凢事俱有始無終婚姻難諧連理謀望恐防曰終變宅舍不寧坐草必𩀱,21981
卷之十八,蕃彚部,樹木,大樹忽折凶,占木之大者關係非小夢此主家曰主死亡得力之人忽阻折也,21985
卷之十八,蕃彚部,樹木,樹枝連理吉,樹枝别而交接雖非同根並蒂然機逢緣凑求財占獲婚姻吉鵬程鶚薦官非疾病纒身產生男女子曰主招佳偶,21989
卷之十八,蕃彚部,樹木,面仰樹上去凶,占面仰樹上神巳散出木在身下形當就木夢曰此者陰氣多陽氣少作事多險阻戒之爲上,21993
卷之十八,蕃彚部,樹木,𣗳横生,𣗳本無橫因培植不正𤛍殘兼併故至於此夢之占者行事須有根本𣗳德務滋作善降祥自然漸漸曰豐殖何慮何憂吴王夫差夢前園橫生梧桐公孫聖曰前園橫生梧桐者梧桐心空不爲用器但爲盲僮與死人俱塟也,21997
卷之十八,蕃彚部,樹木,樹種堂庭大吉,占此主父母老年强固身體𤼵榮得日此夢者可以長承膝下之歡矣,22003
卷之十八,蕃彚部,樹木,身入樹下,身居𣗳下可蔽風雨照顧者稀催殘者蠱若非貴占人提携未免終身首俯夢此者宜兢兢業業自守曰本分而巳,22007
卷之十八,蕃彚部,樹木,與𣗳爭鬥相搏,與𣗳相爭人在木旁此休字也休乃休美之意作占事稱心不無用力之苦夢此者遊宦巳當勇退病曰體難速愈利難到手求名有濟,22011
卷之十八,蕃彚部,樹木,家庭𣗳生菓大吉,菓結家中大有𭣣成無子者添子失業者得業事占有頭緒謀望成就老人安享官訟理平功名到手曰婚姻必諧昔徐顯四十無子中秋夕與妻禱於中庭夢門内纍纍菓結厥後子姓綿延歷世不絶楊瑞卿無子日夜禮白衣大士一夕忽夢家𣗳生菓繁實可愛後誕五子一以文名冠當世而四子俱各位極人臣孫息隆盛富貴榮華炫燿一時人無不嘖嘖欣羡云,22015
卷之十八,蕃彚部,樹木,砍伐大𣗳吉,大樹爲有用之材材者財也如砍伐之得財之象占也若伐家中𣗳則恐財物有失當小心爲吉士人曰夢之主得良友臨海𪠘舍有大樹尉王淮欲伐之紹興郡守蕭振夢神告以伐樹故且云尉他日當作相及淮至郡謁振振勸勿伐𣗳淮愕然詢何從知振日第勿伐足矣不必深究淮從之後果爲相,22023
卷之十八,蕃彚部,樹木,緑陰憇息吉,占長途奔走得於𣗳底息足此危急中曰少安之象也若患熱疾者夢之即愈,22029
卷之十八,蕃彚部,樹木,大木直豎,貞吉否凶直豎之木其象爲卓立苐恐有搖動之虞無倚無占依形單影𨾏事難就緖若夢二木豎立事有扶助曰夢三木者森然之象也作事鬯達八木直豎餽米者至,22033
卷之十八,蕃彚部,樹木,積木無數吉,積木者創造之象但費力耳作事勞力勞心治家占克勤克儉任人恐損自任實艱終爲成立之兆若曰在室中名利必在庸衆之上○如夢横者主有非分之財爲我所得,22038
卷之十八,蕃彚部,樹木,自擔大木吉,大木必有大用人而具此必爲工師簡㧞夢擔之占者才能超衆經緯裕如可以樹功立業之人也若曰當家國多故之時夢之主撑持有力,22042
卷之十八,蕃彚部,樹木,人擔木來家中吉,人送木來爲饒裕之象主人償宿債或情關瓜葛占誼屬葭莩者餽我以金帛不然友朋賑給周乏亦曰未可知,22046
卷之十八,蕃彚部,樹木,㧞木砍木拽木截木凶,夢㧞木者雖費力然事得妥病必痊若拔而不起占徒費心思無益于事夢砍木則六親被損利難到曰手家業墜生息枯夢拽木主借力于人非一巳能辦夢截木者忽焉中斷事無終始,22050
卷之十八,蕃彚部,樹木,乘木渡水貞吉否凶,貞吉否凶占患難之中如落水拯濟無人嘆望洋曰夢乘一木安然渡必得扶持慶吉祥,22054
卷之十八,蕃彚部,樹木,大木生屋上吉,占好友不來形神交接因晝有雲𣗳之想曰故夜遂有雲生木蔽之感惠問即至,22059
卷之十八,蕃彚部,樹木,自稱木神,貞吉否凶木之神火也火有炎炎之氣非有火症或有火災占不然或口内見紅火又爲文明之象利東南不利曰西北春令得時夏令旺相秋冬則衰,22063
卷之十八,蕃彚部,樹木,枯木再花吉,枯木重花廢而重整之象也家業復振不言可知占但人夢此婦當再嫁孕必重女居無旺氣訟當復曰𤼵子孫氣象維新晚來榮茂,22068
卷之十八,蕃彚部,樹木,木生堂上,占堂上乃雙親娯樂之地不宜有阻木生曰于堂殆有阻矣夢之者恐于父母不吉,22072
卷之十八,蕃彚部,樹木,木杇木蠧木折凶,此皆毁敗不吉之兆也杇者靡爛不堪折者勢必占忽傾若有小人從暗中敗壞則蠧之爲象也作事曰即連還虞不美,22076
卷之十八,蕃彚部,樹木,身立大木吉,大木乃棟梁之器夢立于上者必登三台八座立占業建勛或有大財之獲或受知于宰輔上卿大吉曰兆也,22080
卷之十八,蕃彚部,樹木,身入木中凶,占人死入木夢此曰者身危之象也,22084
卷之十八,蕃彚部,樹木,木現五色大吉,木呈五彩祥瑞異常光華𤼵達姓字顯揚得此兆文士名高天下商賈利𭣣四海有孕必定生男靑色則應在甲乙年月或在春從東方至；白色應在占庚辛年月或在秋從西方至然美中稍有不足赤曰色應在丙丁年月或在夏從南方來生𤼵倍常黑色應在壬癸年月或在冬從北方來黃色應在戊巳年月不論春夏秋冬俱吉因土旺四時故也然亦有或現二色或現三四色者宜仔細推審,22088
卷之十八,蕃彚部,植木,椿吉,椿乃是易生之物不論地之肥磽土之厚薄雨暘之時若隨處隨時在在俱足人夢之者椿庭有慶占夢椿𤼵芽鶴算無窮椿茂盛父業隆椿覆庭下身曰得廕庇椿枝折父黨有厄椿葉凋零宜加愛護椿被風吹父有病侵；椿被雨淋親有涕泣之憂椿忽偃父病難痊椿根重𤼵新𠏉主生幼弟,22096
卷之十八,蕃彚部,植木,松大吉,蒼蒼鱗甲傲虬龍濳踞深山雲石封聲撼半天風占雨至飛騰爲作棟𬃩供挺㧞崢嶸之兆大人夢之曰位必高遷士人夢之靑雲路達；婦人夢之必生貴子求利必得上前有力丁固初爲尚書郞夢松出其腹謂人曰松字義爲十八公十八年後吾其位公矣果爲司徒鍾輻植松夢朱更曰松高數尺子當及第後果然太姒夢商庭産棘太子𤼵移周庭之梓樹於闕梓化爲松覺以告文王召太子𤼵点之吉是受商之大命,22100
卷之十八,蕃彚部,植木,栢吉,凌霜節操有誰知秀挺隆冬愧衆衰交得大夫相占砥礪後凋只繫素王思夢之者老健精神冰霜節曰操挺秀歲寒但性不合時小人不足然亦無碍王九年十三時病甚父抱詣靑華觀許爲道士後夢一老人出靑栢枝令噉及覺遂不食惟食生菓清泉而巳太宗召起闕腸名自然光化中劉道濟上天台山夢一女子引入牕下有側栢無何前至奉化縣古寺見一牕下有側栢宛如夢中所見問之寺僧云有一客官女甚美至此中心疾而死蓋道濟所夢乃此女之魂也則知側栢非復凢栢之驗,22108
卷之十八,蕃彚部,植木,檜栢,占檜入夢兮君須慮盆中之景無大利曰森森松栢其凌霄知君必是靑雲器,22125
卷之十八,蕃彚部,植木,梓橦大吉,梓爲𣗳之王衆木拱向群下折服之象女人夢之占能佐夫成家治衆君子夢之當居㮄首夢生于家曰庭財利亨達病脫愈訟得伸產宅興隆吉祥兆也漢武帝幸平陽公主家幸衛子夫遂納于宮中歲餘不得見子夫請出上曰吾昨夜夢子夫中庭生梓𣗳數枝豈天意乎是日幸之有娠生女凢三幸生二女一男男即戾太子也,22129
卷之十八,蕃彚部,植木,杉𣗳大吉,大以成大小以成小直者可曲曲者可直質固不占一終不糜棄程之規矩引之繩墨任人器使止費曰斲削之工耳母自暴棄斯爲大吉,22135
卷之十八,蕃彚部,植木,檀吉,摘得旃檀禮梵王篆烟裊裊遶西方翻殘則葉囬占清夢稽首慈尊乞渡航品貴重德望隆士人名彰曰住居穩足病產俱吉萬事禎祥,22139
卷之十八,蕃彚部,植木,楩楠吉,占棟樑之材擎天之木出深山產邃谷庸衆景行大曰匠矚目有此碩負精儲養蓄待時而動萬事集福,22143
卷之十八,蕃彚部,植木,霜楓,貞吉否凶丹楓瑟瑟起悲愀一種思維一種憂從教鐡漢難占伸手莫待臨期思轉頭若夢在丹陛見之主當觀曰光上國利見大人,22147
卷之十八,蕃彚部,植木,梧桐吉,貭性介直襟懷疎朗葉飄金井天下知秋夢此者占品高行潔望重士庻得機之先所慮者惟早凋耳曰或遇知音亦其兆也,22152
卷之十八,蕃彚部,植木,楊柳,惆悵陽關柳色靑送君不忍履郵亭柔枝試結同占心贈猶恐輕狂逐水萍兆之主與友人别或有章曰臺之戀士人夢之有仕女同心之結女子兆之夫婿輕狂薄倖之兆也,22158
卷之十八,蕃彚部,植木,榆吉,綠陰藹藹映天涯遠近交加秀可誇瀟洒襟懐足占箕踞自然幽雅勝濃葩此必衣祿豐隆無求自足曰之象,22162
卷之十八,蕃彚部,植木,椐棫吉,條達鬯茂理細貭瑩加以斧斤之力繼以磨琢之占工此人間之美貭非凢材之或同攸往必吉所作曰皆通,22166
卷之十八,蕃彚部,植木,柞凶,占夢之者凢事咸宜小心謀望托人可慮病有反曰覆訟多驚恐人心難測是非蜂起愼之斯吉,22170
卷之十八,蕃彚部,植木,鴉桕冬靑椶櫚,占桕容刋刻冬石女眞曰㯶葉扶蘇綠映紅淪,22174
卷之十八,蕃彚部,植木,漆凶,漆非美譽何也漆戚音同戚則心事煩𤨏英雄落占魂之兆如人夢之涕淚沾襟且此𣗳產窮谷採者曰不走馬竟過其氣衝人有不勝之患欲求其吉無從來也,22178
卷之十八,蕃彚部,植木,烏羢貞吉否,貞吉否占烏絨烏絨鬰鬱葱葱色不艷氣多濛曰人若兆之皆不吉總然有望也成空,22185
卷之十八,蕃彚部,植木,樗櫟,占樗櫟並非美材譬之唐愚之人曰不作騾前馬後辛勤勞苦終身,22192
卷之十八,蕃彚部,植木,荆棘,梗生多刺夢之作事有阻病體啾唧急宜禳祟居占宅蕭條謀利費手乃奸人妬忌患難多而安樂少曰惟士子夢之則吉主棘闈吐氣故也北齊馬敬德中第後其妻夢猛獸將來向之敬德走超叢棘妻伏地不敢動敬德点之日吾當得大官超棘過九卿也爾伏地夫人也巳而世祖爲後主擇師趙彥深進之入爲侍講武乎初以師傅恩超拜國子祭酒加儀同三司金紫光祿大夫領瀛州大中正後封廣漢王,22197
卷之十八,蕃彚部,植木,桑吉,占桑爲蠶資推其功之所及實能衣被天下夢之者点主有經緯有操持名顯利實居不定失可得但桑曰與䘮同音病人兆之爲可虞,22203
卷之十八,蕃彚部,植木,柘,有詩云桑柘影斜春社散家家扶得醉人歸洵歡占冾兆也然而影斜歸散皆非吉語夢之主離散口曰舌非一端也于一陽歸復之後見之百凢小心方保無是無非,22207
卷之十八,蕃彚部,植木,楮吉,楮即穀𣗳也榖成𣗳乃五榖豐盈之兆若夢生于占家則有得祿之喜；若夢生于野則食司牧守倅之曰祿無不利也,22211
卷之十八,蕃彚部,植木,槐吉,夢手植之主位居台輔生賢貴子奕世綿綿書香占不替女人夢之有鬼求食送之東方自無咎也○曰木𠊓有鬼病者隠禳王旦其先人夢手植三槐于庭後果爲三公,22215
卷之十八,蕃彚部,植木,槤貞吉否凶,貞吉否凶占此夢象屬騰蛇百事皆連科甲高㨗婚姻早曰諧病未即痊訟必淹滯子姓𩀱貴交易得成,22221
卷之十八,蕃彚部,植木,剔牙松吉,占松不懼歲寒剔牙則枝葉一荆棘物也兆此者曰君子日近小人日遠才能超群名堪奕世迪吉,22226
卷之十八,蕃彚部,植木,松響,貞吉否凶松被風吹響𢳸動之象根牢堅固然亦無碍兆之占大不利于小人之口事惟謹宻爲吉繫辭云幾事曰不宻則害成,22230
卷之十八,蕃彚部,植木,門前柳,貞吉否凶衡門之下可以棲遲；柳陰之下可以乘凉兆此主占宜静不宜動宜藏不宜露言當遜避事當忍耐斯曰吉也,22235
卷之十八,蕃彚部,植木,倒垂楊凶,占柔枝軟葉倒垂楊東西南北任顚狂只恐浪子紅曰顏宻費盡家資無所償男子主敗家婦人主無壽,22241
卷之十八,蕃彚部,植木,水中柳吉,占春取榆桺之火柳者火也水中柳則水火旣濟之曰象主家庭無恙作事無碍財有進名有就利吉,22246
卷之十八,蕃彚部,植木,挿𬂪吉,占柳本易生之物挿之得生矣財始曰旺家漸興惟事當謹始愼終吉,22250
卷之十八,蕃彚部,植木,飛絮凶,占飄流無定之象商賈兆之不宜登舟曰尤不宜逺行失物無覔他鄉不歸,22254
卷之十八,蕃彚部,植木,落葉凶,占𣗳葉貴生長則有茂盛之兆若落則漸凋零主危曰機也夢此家事日減士名口損妻尅子喪俱不利,22258
卷之十八,蕃彚部,植木,黃楊𣗳吉,占樹名黃楊味黃楊二字有揚于王庭之象主聲曰名顯赫士人欽選財利必旺子貴親榮大利,22262
卷之十八,蕃彚部,菓樹,梅吉,梅占百花之首疎影横斜暗香浮動韻致孤高非凡世所及無論文人韻士山叟逸民兆之者必超占出羣倫爲世仙品佳人夢之則冰肌玉骨傾國傾曰城不讓壽陽獨擅美名也如夢啖梅必主調羮之任耳隆慶攺元長至後三日旣望之夕馮氏獻翼者一更後有弄瓦之喜夢梅花萬𣗳落英蔽空似雪非雪心惡之書于書尾所生女秀而慧不幸天亾後五年子生蓋梅花落女不延將結子也,22270
卷之十八,蕃彚部,菓樹,杏吉,占一色杏花紅十里狀元歸去馬如飛兆之者曰主登高第賜宴杏園常人兆之必生貴子,22276
卷之十八,蕃彚部,菓樹,桃吉,花灼灼葉蓁蓁實之大在西域沿堤𠊓柳爛熳開占頓令他卉無顔色武陵境天台域不有仙綠誰詣曰得一開一熟六千年供得瑶臺王母食方朔三偷我欲希任人呼我仙家賊,22280
卷之十八,蕃彚部,菓樹,李吉,占李爲菓之珍芳姿自絶倫曰仁人乃得兆蘭桂立丹宸,22284
卷之十八,蕃彚部,菓樹,石榴吉,石榴本異種吐花盛夏不畏炎熱與日並麗乃文占明之兆也卿相有囬天之力士人有向日之誠功曰名早遂子嗣多賢訟須受責疾病無恙,22288
卷之十八,蕃彚部,菓樹,棗吉,棗應心而色多變乃變化之象而棗早同音兆之占者名成于早利得于早婚姻早諧子嗣早招喜至曰必重重也惟病訟兩端不宜兆之○朿下又朿凢事不宜放縱也有人夢棗生屋上以問補闕于堇堇言棗字重來重來呼魄之義此非吉祥之兆後果然,22292
卷之十八,蕃彚部,菓樹,梨吉,占夢之者當有盛筵相召或有適意之事曰惟病人不宜以梨者離也神離不吉昔三國時曹瞞欲伐梨𣗳夢梨𣗳之神砍破頭腦其病遂至不起云,22298
卷之十八,蕃彚部,菓樹,枇杷吉,占兆之者骨肉和平同枝共茂張曰氏九世鄭家一牢何多讓也,22304
卷之十八,蕃彚部,菓樹,栗,栗體實而不浮夢之者須以眞率爲主包凾爲上占乃令人謹飭之兆也夢噉之者作事費力夢栗蓬曰運未通栗在衣袖事巳成就揀取大栗掄魁無匹栗倏自動行將召用身負多栗艱辛不釋,22308
卷之十八,蕃彚部,菓樹,核桃,占此夢主有遠方人或間濶多年者來曰謁或欲借居然志趣不同終難契合,22314
卷之十八,蕃彚部,菓樹,銀杏吉,占本根堅固枝𠏉盛大花微子茂藏可久遠夢之者曰名利超人居舍安寧得子必多病者宜祀樹頭神,22318
卷之十八,蕃彚部,菓樹,柿吉,占色欺萍實味同之不向江浮若箇知曰從此兆君岐嶷胤丹心報國帝王咨,22322
卷之十八,蕃彚部,菓樹,香圓大吉,圓象天圓而香是天香也故夢香圓者爲吉兆姻占親子息病訟債居無一不吉乃求名者爲更佳蓋曰圓元同音兆非大魁天下必㧞秋闈之幟也首冠羣英翹然獨出大吉,22326
卷之十八,蕃彚部,菓樹,柑子金柑佛手吉,香馥馥兆中有此人招福人招福齋頭清供色馨占濃郁多情相愛頻留月纎手拈來私自祝私自祝曰香廿美味休教獨有美人在室者詳之,22330
卷之十八,蕃彚部,菓樹,橘大吉,橘有决定之意夢此决主有進歩有子能安享能獲利事决妥姻决美病起訟理壽滿百諸般稱意占夢橘生北方者其名曰枳賦性雖同功用則異作曰事無望夢橘巍然獨出其名曰柚有成就之意夢此當登鼎甲或得大財聲聞過人或有異味快口大吉,22334
卷之十八,蕃彚部,菓樹,橙凶,占色好味香然表裏相異有好有不好兆見之主遇曰小人外貌美而中藏叵測凢事宜遠之則吉也,22338
卷之十八,蕃彚部,菓樹,圓眼大吉,圓猶元也元者善之長而眼固目也求名必在一占二之間出仕主爲朝廷耳目姻事有成謀望必遂曰或主貴人助我特留靑盻女人主生子爲狀元榜眼大吉,22343
卷之十八,蕃彚部,菓樹,橄㰖吉,占夢此者先難後易從苦得甘之兆初終兩路稍曰歉中年精神飽滿意興淋漓大遂心志上吉,22347
卷之十八,蕃彚部,菓樹,楊梅,占不祥之兆敗散之徵常人夢之主生惡曰瘡惟士君子見兆或得揚眉吐氣也,22351
卷之十八,蕃彚部,菓樹,荔枝凶,荔猶離也枝若離必本先䘮矣凢夢之者家宜𨒪占徙病難脫體生子主繼他門或作羽流緇侶求財曰無多亦不脫空,22354
卷之十八,蕃彚部,菓樹,林檎大吉占,林檎味甘如夢之者主吉事重至或得曰美產或娶嬌姿益財添嗣應驗如神,22358
卷之十八,蕃彚部,菓樹,葡萄吉,占夢見此菓主得美醖病人兆之則死徵至矣,22363
卷之十八,蕃彚部,菓樹,嶺上梅,貞吉否凶梅生嶺上隱居高地之象夢此主致仕者當掛冠占經營者貴謹守事勿宜輕舉𡚶動惟子孫繁盛病曰當静室幽居清養爲吉,22367
卷之十八,蕃彚部,菓樹,墻外桃否凶,占墻外桃花人欲折曰佳人在家防失脫,22372
卷之十八,蕃彚部,菓樹,蟠桃大吉,瑶臺仙種三千年開花三千年結子兆之者士人占登㮄首孕婦生貴子老年有壽家門永慶利有大,22376
卷之十八,蕃彚部,菓樹,曰,獲在外逢貴人擇配得佳壻病易痊訟得勝諸事吉祥無往不利也,22380
卷之十八,蕃彚部,荆薇,紫荆貞吉否凶,貞吉否凶占此兆一見兄弟恊力生機鬯𤼵欣欣向曰榮倘有離異便無顔色可慶亦可戒也,22387
卷之十八,蕃彚部,荆薇,玉蘭吉,占有志向上制行清白不事阿諛自標奇格曰嬌嬌仙姿楚玉趙璧高潔莫比兆仙之謫,22392
卷之十八,蕃彚部,荆薇,海棠吉,占兆西府兮中秘客兆垂絲兮家蕭索曰鐡梗黃門或柱史秋海棠兮佳人擇,22396
卷之十八,蕃彚部,荆薇,薔薇,占薔與祥比薇與曰微同謀望非吉,22400
卷之十八,蕃彚部,荆薇,紫薇大吉,紫薇花映紫薇星兆見須知名字馨香染御爐鳴占佩杳玉堂金馬佐明𭚔夢之者百事有吉無凶利曰名獨擅功業滿四海聞望遍寰宇產必男病速愈失不脫居亦利,22405
卷之十八,蕃彚部,荆薇,桂大吉,此夢應登黃榜之象夢折在手秋元可必折桂觀魚大魁天下夢桂結子必產麟兒夢人贈桂或攀占桂𣗳或丹桂盛開必主連登聞桂香者主有同氣曰之人得第桂子落者及第之兆桂𣗳枯死一生功業無緣登桂𣗳上必居英烈之右,22409
卷之十八,蕃彚部,荆薇,木蘭吉,占性潔而芳肌有餘香綽約丰姿狀曰如女郞兆之者必與女人相會,22413
卷之十八,蕃彚部,荆薇,山茶吉,碧綠間紅葩𦦨𦦨冰雪中堂前調丹砂染此鶴頂占紅名利如雲蒸霞變催燦一時膾炙人口而不畏曰强禦者此夢之符也,22417
卷之十八,蕃彚部,草花,牡丹吉,占牡丹果是花之王姚黃魏紫世傅芳曰兆之富貴豈云謬晉王石兮唐杜房弘治庚戍汪學士諧爲主考王文恪爲同考一夕汪夢人餽黃牡丹三本以問王王未有以對故㮄則錢福第一巳乃問楊學士廷和楊日此必福之兆也不聞洛陽相君忠孝家可憐亦進姚黃花爲錢惟演故事乎斯人也高科兆矣而非端士是科會試殿試福皆第一而不克終,22425
卷之十八,蕃彚部,草花,芍藥,輕移蓮步下瑶臺綽約芳姿次第栽拭眼問花花占不語爲誰零落爲誰開此兆居宜遷名斐亹富不曰久病難起訟易完生必女,22431
卷之十八,蕃彚部,草花,蜀葵吉,兆之者主有捧日之誠忠心戴國矢志弼君如夢占千葉或錦葵者則錫莽賜玉之應也佳人夢之則曰古詩有云花于木槿花相似葉是芙蓉葉一般五尺闌杆遮不盡尚留一半與人㸔主爲人眷愛也,22437
卷之十八,蕃彚部,草花,瑞香否凶,占枝榦婆娑藥厚深綠雖無大咎亦無曰大福生女爲人側室生男爲人之僕,22441
卷之十八,蕃彚部,草花,木香吉,占前程高遠貿易價崇農家薄種廣𭣣問嗣森森枝茂餘無不吉此兆爲然,22445
卷之十八,蕃彚部,草花,臘梅吉,占一陽復生於始方開臘梅兆之主無子曰親長庚病者可壯本還元諸事俱亨,22449
卷之十八,蕃彚部,草花,向日葵吉,占葵屬陰向曰乃向陽明也兆之曰者主凢事遇貴人提携吉徵也,22453
卷之十八,蕃彚部,草花,迎春吉,占迎待也春時也迎春待𤼵生之時也夢此曰者主生意盛蘭玉芳如夢在深秋亦宜静守,22457
卷之十八,蕃彚部,草花,籬邊菊吉,菊者寒物也籬者離也離爲火火乃文明之象籬占邊菊是寒火相兼之象夢此家庭和藹兄弟怡怡曰清順平安之慶,22461
卷之十八,蕃彚部,草花,蝶戀花凶,占只恐蝶去花猶在曰婦人兆此䘮夫哀,22465
卷之十八,蕃彚部,草花,荼,貞吉否凶其味甚苦兆之與人共事當信人言毋可率意語占有云苦口良藥利于病忠言逆耳利于聽者此類曰是也,22469
卷之十八,蕃彚部,草花,秋葵凶,兆之主榮華不久朝舒夕捲幼年兆之必夭折晩占年兆之天曉月佳人如兆花容憔悴翠鈿委地實曰堪憐也,22474
卷之十八,蕃彚部,草花,玫瑰吉,占此子姓興隆之兆也身享榮華老年主子孫貴曰顯夢戴花頭上主掇巍秤折花自撚當生貴子,22479
卷之十八,蕃彚部,草花,瓊花大吉,位冠群寮官居一品之兆夢見者雲程有路富逾占陶朱姻結仙姿產生玉𣗳然君子夢之則吉小人曰夢之反有咎也,22483
卷之十八,蕃彚部,草花,夜合吉,向陽斯開遇陰乃閉開則生香閉則藏衛此陽剛占中正不伍群小之象凢事遇貴小人退避病體無曰妨宅興旺產生男利名當訟理姻聯吉利無比,22487
卷之十八,蕃彚部,草花,槿貞吉否凶,貞吉否凶占槿有防微杜漸之意如夢之恐有人暗算百凢曰小心爲上若編獲未謹人生覬覦愼之斯吉,22491
卷之十八,蕃彚部,草花,山𥖎吉,占枝肥葉宻至冬不凋其香濃郁夢曰之者志節堅而名聞遠之兆也,22495
卷之十八,蕃彚部,草花,櫻桃吉,占兆之主少年榮華壯年顯赫誕子九人如欲曰納寵者見之擬得美姿如樊素也諸事俱吉,22499
卷之十八,蕃彚部,草花,酴醿吉占,夢之者必有讌享之歡花前月下應有雅集謀望曰當在于酉月可成然必經二酉之期方有如願,22504
卷之十八,蕃彚部,草花,繡毬貞吉否凶,貞吉否凶占本居繪先華更樸素子息望空利亦不固曰人莫之喜亦莫之妬名難過人病歸冥路,22509
卷之十八,蕃彚部,草花,棣棠,占主有佳人見思或兄弟懐想但棠堂音類曰夢之恐于慈幃有碍病須告十方保無虞,22513
卷之十八,蕃彚部,草花,十姊妹凶,羣陰之象夢之家居未吉病主女祟；君子夢之孤占立無輔退位則吉；商賈夢之羣陰作耗失悅宜防曰債難獲產生女戒愼爲吉,22517
卷之十八,蕃彚部,草花,寶相佛見笑纒枝牡丹,占夢諸種花主榮曰茂而不結實,22522
卷之十八,蕃彚部,草花,凌霄花貞吉否凶,貞吉否凶占花名凌霄喜附喬松兆之者必氣宇昻昻曰軒冕一世置身雲漢俯視塵寰之象也,22526
卷之十八,蕃彚部,草花,萱花吉,萱號忘憂亦曰宜男夢之主慈幃有慶奉養倍加占女子懷娠所生必男名可無憂利亦同之萱被風曰吹母有駁雜萱枝忽枯哀子怨慕,22531
卷之十八,蕃彚部,草花,水仙吉,花以仙名品居上乘冠之以水凌波之勝夢之者占當大貴但賦貭纎弱貴而恐夭□□□□儀容緯曰約利半獲病散訟理物不失移居吉謀有成走易獲,22535
卷之十八,蕃彚部,草花,長春大吉,占此夢主生意亨通壽延鶴算罪得赦病還元曰產生男家宅吉婚姻有佳偶失脫在東方昔徐子秀夢庭中遍植長春其香異常後文母兄弟子侄凢三代俱各壽考年及耄耋而始衰因累世好善人以爲是積德之報云,22539
卷之十八,蕃彚部,草花,蘭大吉,生于幽谷無人自芳之兆夢蘭香入室有好友至簪蘭得佳人長蘭芽將育馨兒折蘭在手名生二占西嗅盆蘭貪圖他利蘭生于砌家駒有譽蘭在齋曰頭吉來左右饋蘭于友英雄契投將蘭贈女生男可許漢王子仁妻李氏夢蘭香滿室遂孕而生子名紹光年十四一目數行學貫丘索捉筆成文有七歩之才名震京師十六登第後官至蘭臺令,22545
卷之十八,蕃彚部,草花,蕙吉,占蕙者慧也夢之者生子俊曰𨓜生女聰敏諸事迪吉,22553
卷之十八,蕃彚部,草花,茉莉,占顯揚于異方之兆經商有利士宜遊學；移曰家則吉產非弄璋日輕夜重病在膏肓,22557
卷之十八,蕃彚部,草花,菊大吉,欺霜傲露韵骨孤標有幽人逸士之操無妖嬈艷占冶之色此正人君子持正不阿之象夢之名至晩曰年大就利在秋冬有𭣣,22561
卷之十八,蕃彚部,草花,芙蓉,占秀而不實榮而不久光耀一時過眼即褪之兆也曰惟女人兆之則招貴夫以芙蓉二字乃夫榮也,22565
卷之十八,蕃彚部,草花,玉簪凶,占依稀彷佛有名無實之兆盛開者佳人曰有贈；萎折者闥閫遭迍總之一虚花耳,22569
卷之十八,蕃彚部,草花,紫蕚吉,占夢此者乃少年得意之朕曰如紹士夢之有掛紫之榮,22573
卷之十八,蕃彚部,草花,黃蕚吉,占兆之者主獲財利百倍于人主登樓宴飲品格曰超凢者主遇仙授術女子夢之患勞瘵之症,22576
卷之十八,蕃彚部,草花,茶花貞吉否凶,貞吉否凶占利宜合伴名𤼵先春家居最吉曰婚姻早定花前子後病乃火症,22580
卷之十八,蕃彚部,草花,梔子花,占兆之者主曰生寧馨兒,22585
卷之十八,蕃彚部,草花,月季,占文人夢之小試得意；市人夢之小利有獲病曰主怯訟非宜乃往來不絕之象小吉之兆也,22589
卷之十八,蕃彚部,草花,滴滴金吉,土生金金屬商商旁有水是金生水也夢滴滴金占者乃生生不巳之兆名當連捷聲譽播聞利主不曰竭展轉倍益産嬌娃居迪吉,22593
卷之十八,蕃彚部,草花,錦荔枝凶,占負美名而無實美資而曰無用者是兆之徵也,22597
卷之十八,蕃彚部,草花,掛金燈貞吉否凶,貞吉否凶占夢掛金燈金榜題名之兆問利有名無曰實若小人夢之諸事不能遂意未吉,22601
卷之十八,蕃彚部,草花,十様錦吉,占夢之主得異錦十端日又主與十英爲侶,22606
卷之十八,蕃彚部,草花,牽牛郞貞吉否凶,貞吉否凶占連蔓于野或附在壁美而不貴艷而不久夢之曰利多子繁所居適宜病訟俱綿延婚姻是仙匹,22610
卷之十八,蕃彚部,草花,金錢吉,占兆之生得遺金或分外之財文士曰則奪標之兆也几種須外得也,22615
卷之十八,蕃彚部,草花,芭蕉吉凶,吉凶占主大人廕庇士子脫白掛綠謀利無曰望病者有女祟相侵宜禳解之則吉,22619
卷之十八,蕃彚部,草花,鷄冠大吉,占夢鷄冠者乃昌明之兆百事皆吉亦且曰過人如兆紅白交成者主兩姓同居,22624
卷之十八,蕃彚部,草花,老少年吉,占兆之者暮年壯徤精彩潤曰澤晩運亨通大有所獲,22628
卷之十八,蕃彚部,草花,金銀花吉,占壯年𤼵解弱冠成婚錢財過手徒勞爾紛曰金水相匹小人退色災散毒消家貲利益,22632
卷之十八,蕃彚部,草花,杜鵑花貞吉否凶,貞吉否凶占子規何事啼殘月止爲花開欲動人曰血淚拭時頻又落可憐好景不多辰,22636
卷之十八,蕃彚部,草花,芝吉,占娠生子貴人至奇獲異曰寶必登魁首方兆此王文安公禕字子充浙江義烏人大父石峽書院山長一夕夢五色芝産門楣翼日公生識者以爲文章之兆公幼秀爽敏惠稍長師事黃文獻公溍隱靑岩山中著書立言,22641
卷之十八,蕃彚部,草花,茯苓大吉,松樹根脂入土生千年結得茯苓成占之主長壽占○又曰茯伏也苓靈芝也茯苓則得祥瑞巳伏之曰兆矣兆此功名不用扶乏嗣决生兒,22647
卷之十八,蕃彚部,草花,薏苡仁吉,薏意也仁心也俱主内言人具仁意諸事俱善兆占此要行善作方便事义主家宅安孟子有曰仁人曰之安宅也,22651
卷之十八,蕃彚部,草花,枸𣏌吉,占根名仙人杖兆者壽年康曰葉子莖無棄兒孫福祿長,22658
卷之十八,蕃彚部,草花,貝多吉,占出西域以其葉寫經者兆此當重三寶敬沙門曰在家居士者宜持齋誦經眞僧夢之终得悟玄,22662
卷之十八,蕃彚部,草花,鳳仙吉,占夢見鳳仙芝秀翩翩兆在文士紫薇備員桑問濮曰上女子兆然爲凢烏爲山人爲鳥入樊爲人入山,22667
卷之十八,蕃彚部,草花,雪裏紅吉,占多子雖弱貭而能歷冰霜處末世而能自顯曰耀更于凋落之時獨現一班以騁英雄之兆,22671
卷之十八,蕃彚部,草花,千年藴大吉,占主終身榮貴之象兆之主壽元滿百夫曰婦白頭雲程悠久家事日興利貞吉,22675
卷之十八,蕃彚部,草花,藍貞吉否凶,貞吉否凶占藍染皂物兆者當逺小人親君曰子易曰比之匪人不亦傷乎,22679
卷之十八,蕃彚部,草花,紫蘇吉,占紫猶子也蘇猶息也兆之主得子息也有曰病者夢之不藥而自愈易曰勿藥有喜,22684
卷之十八,蕃彚部,草花,諸葛菜吉,菜之色係靑蓮色也靑蓮則蓮花法像矣沙門兆占之當𠫭禪坐悟多得智慧且名曰諸葛將佐兆之曰百戰百勝也,22688
卷之十八,蕃彚部,草花,菜花吉占,其色似金其茂無北兆之者必富饒隆盛且其曰子之功又能佐太陽之不足文人兆之尤吉,22692
卷之十八,蕃彚部,草花,花草蕃盛吉,占溶溶錦色燦奇觀滿目雲霞卧裏㸔曰潤漑患深知雨露芳名留待播金鑾,22697
卷之十八,蕃彚部,草花,花草凋枯凶,占色衰氣敗枝萎葉頺夢之者問名虛問利歉曰居無生氣病難急痊失物無覔佳人分鏡,22703
卷之十八,蕃彚部,草花,花開爛熳,貞吉否凶花開至于爛熳𤼵泄殆盡矣故爲盛極將衰之兆占眼前榮麗而榮麗者有幾夢似祥而否者此類是曰也顯宦猶不宜兆之,22709
卷之十八,蕃彚部,草花,花飛花謝花殘枯,飛則散亂漂泊無定踪謝則去時殘則凋傷枯乃占衰杇兆俱不祥名利病訟生産家宅無一吉也陰曰人分上大有折損須祀土神解之,22716
卷之十八,蕃彚部,草花,採花折花送花偷花吹花,花宜植不宜𢦤植則生意足𢦤則毀敗形謀事最當謹愼陰人有碍如夢採花採者采也當有納采占之慶吉夢折花折者拆也定有離異之悲夢人送曰花則可我送人花不祥偷花主邪念吹花主散離不吉,22723
卷之十八,蕃彚部,草花,花香,徒聞馥郁不見花容暗馨撩人主有佳人思憶而占會面無從外此雖芳譽芬人齒頰謀望終屬無㨿曰所謂見色聞聲都是僞作事有名而無實,22727
卷之十八,蕃彚部,草花,接花吉,移花接木雖有折錯然不如此則結實無望夢之占者定主倚人立業或在異姓異鄕每事若能遷就曰大有𭣣成榮華茂盛指日可期也,22731
卷之十八,蕃彚部,草花,花開頭面上吉,花開美事也夢開頭上作事不可循舊能脱去窠占臼另出手眼方得成就夢開面上則眼前光景瞬曰息繁華耳細人不可托求名大吉病者不痊,22737
卷之十八,蕃彚部,草花,墻上花凶,花生墻上根基必薄得生氣甚少本非堅牢之榦占夢之主每事不久生子多病生女必夭凢頺垣傾曰壁固當逺避病難醫神勿禱,22741
卷之十八,蕃彚部,草花,賞紅色花凶,占賞此紅顔色少年壽不曰長男婦夢之俱夭壽,22745
卷之十八,蕃彚部,草花,種花吉,占花被栽種生生之象財始口旺嗣得昌先生女晚生男,22749
卷之十八,蕃彚部,草花,花落片凶,占花落片兮最無情夢者疑此損陰人曰欲識個中眞消息病者須防保自身,22753
卷之十八,蕃彚部,草花,含蕋吉,占凝精聚氣原始反終有包含之象曰壯年者精神愈固孕得弄璋之慶,22757
卷之十八,蕃彚部,草花,豐苗吉,占苗榖也豐苗主豐年之兆点此財曰有旺田有𭣣家業盛事事吉也,22761
卷之十八,蕃彚部,草花,香葉吉,此香葉魯經鸞鳳宿者兆此葉主族内讀書者必占登高第族中貞節者必得旌奬若孕婦兆之主生曰貴子,22765
卷之十八,蕃彚部,草花,葉肥吉,占葉肥濃潤有大壯之象兆之曰利獲十倍名交四海利吉,22769
卷之十八,蕃彚部,草花,莠凶,占莠草名似苗而非苗實害苗之草要防小人曰陷誣訟事莫與尤必小心穿窬愼之愼之,22773
卷之十八,蕃彚部,草花,翠雲草貞吉否凶,貞吉否凶占靑苔沿砌主生意永久味翠雲曰二字平人兆之吉病人兆之凶,22778
卷之十八,蕃彚部,草花,甦頭草吉,占主革舊鼎新之象士更元服曠官者復職老年者曰得子丈夫逺歸病人得愈雖得其貞亦宜自守,22783
卷之十八,蕃彚部,草花,金𮈔草吉,占味金絲主財利永久之意作事悠遠爲妙曰惟病難脫訟難解情人兆之偏多留連,22787
卷之十八,蕃彚部,草花,龍虎草大吉,占雲龍風虎之象主名登龍虎㮄仕人必拜相曰常人夢之生子貴家業興出入無碍有利,22791
卷之十八,蕃彚部,草花,龍鬚草大吉,占主長鬍鬚者兆此求名得曰名求利得利大吉之兆也,22795
卷之十八,蕃彚部,草花,荒草凶,占荒草主物物不生之象点此曰病無救田無𭣣或訟必破家,22799
卷之十八,蕃彚部,草花,吉祥草大吉,占兆此者逢凶化吉遇患曰呈祥兆主大富大貴,22803
卷之十八,蕃彚部,草花,蹊徑生草凶,草生蹊徑焉得久長主倏生倏滅之象也兆之者占作事無恒名難成利難就眼前雖有好處後日難曰保無虞,22807
卷之十八,蕃彚部,草花,草長數尺吉,苕苕高聳得天機絕勝荒蕪陌上稀生意不除周占子砌爲承委佩故霏霏此乃傑之兆挺然不羣曰少負大志易于顯達第恐天折耳,22813
卷之十八,蕃彚部,草花,草滿身凶,草爲羣小之象今滿身是身爲羣小之叢藪也舉占動受其牽制不能清白病者有家鬼作崇宜送之曰夢草生腹定有凶信至生于膝妻黨議親事必允聯生足上家中小口或下人有瘡疥之悔,22817
卷之十八,蕃彚部,草花,㧞草斫草吉,草形象屯屯者物始生而未通之象也如夢㧞草占處困之中當有特抜之知如夢斫草衆庻歸伏得曰民之象處小事則守正可獲吉,22821
卷之十八,蕃彚部,草花,吞草衣草吉,夢吞草錫土封矦必主早夢衣草紓靑拖紫直到占老求名脫白掛荷衣求利豐盈獲珍寶病人如兆曰不須憂兩干年壽爲君保,22825
卷之十八,蕃彚部,草花,鬥草吉,此紛華靡麗誇艷矜奇之兆君子夢之以奇異勝占人得意之兆小人夢之有爭鬥之事訟未必吉家曰亦微,22829
卷之十八,蕃彚部,草花,慶結草凶,草性柔其象屬陰主有陰魂纒戀急不肯捨之兆占居無旺氣孕必生女名不顯揚利難就緒病者宜曰送女傷二位至西北方吉,22833
卷之十八,蕃彚部,草花,草偃凶,芳草芊芊尚無大望何况其偃乎夢之者根基淺占薄時運不齊須藉貴人提挈諸事未吉病人不喜曰偃乃仆之故也,22837
卷之十八,蕃彚部,竹荻,竹大吉,竹有冲霄之幹有君子之名有介直之節夢之者咸吉慈孝竹主爲人孝悌瀟湘竹神馳千里方竹占正直不阿山上竹出人頭地；水邊竹清芬襲人鳳曰尾竹爲人瀟洒多風麋鹿竹人品瑰異夢坐竹林身閒心逸竹被風敲主生煩惱；竹被雨淋憂鬱堪憎斑竹入兆兩地泪零河陰尉王君炳二子入試學院王夜夢老嫗持竹一枝贈之王令種之土阜旣寤向人說之有坐客云二郞君俱中選矣竹字兩个也未幾報云皆入泮,22845
卷之十八,蕃彚部,竹荻,義竹吉,明皇名後𫟍竹曰義竹竹徑最清兆此得清名主占遇義友孟夫子曰義人之正路也作事貴正大光曰明也,22851
卷之十八,蕃彚部,竹荻,孝竹吉,占新笋圍舊竹生者主兒孫繞膝曰之象堂上椿萱茂庭前蘭蕙芳,22855
卷之十八,蕃彚部,竹荻,種竹吉,占語有云無竹令人俗種竹則得清雅之曰兆夢此主得良友凢業居清雅者有利,22859
卷之十八,蕃彚部,竹荻,牕前竹吉,占綠色臨窻主喜曰事臨門之兆,22863
卷之十八,蕃彚部,竹荻,籜凶,占兆之者未能𤼵曰達究無大就,22867
卷之十八,蕃彚部,竹荻,笋大吉,占珍惜愛護必成奇𠏉武臣夢之曰裂地封矦；孕婦夢之必主生男,22871
卷之十八,蕃彚部,竹荻,荻凶,占森森叢出縱横交加形類干戈且荻敵音同曰兆之必有草㓂𥨸𤼵受兵燹之𬤄或主夫盗,22875
卷之十八,蕃彚部,竹荻,蘆葦凶,占蘆葦出水蕭蕭衡陽雁斷迢迢曰日落紅汀凝望征㠶遠掛雲霄,22879
卷之十八,蕃彚部,竹荻,籐吉,占籐有凌空之勢君子夢之名位升騰老人夢之曰當爲壽徵居必喬遷病有虚驚官祿顯利高攖雁門人解叔謙母有風疾夜于庭中稽顙祈夢聞空中告云得丁公藤治即產訪醫及本草無之至宜都山中見一老翁伐木云是丁公籐可治風乃拜泣求得之并得漬酒法語畢失翁所在毋病遂愈焉,22883
卷之十八,蕃彚部,水產,蓮荷大吉,占中通外直不蔓不枝出泥不染花之君子兆者曰孕生男姻事吉名登㮄神無敵居通暢病離席寧波一婦以兵亂與夫及子相失寄食老尼一夕夢人使磨麥又見蓮花盡落覺而心惡之以語尼尼曰吉祥也問其故尼曰磨麥者將見夫面也蓮花落蓮子得見也無何果得聚首云,22895
卷之十八,蕃彚部,水產,採荷凶,占花貭雖艷採之則無根点此事多曰傾覆少年夭折病即危訟可觧,22904
卷之十八,蕃彚部,水產,卷荷吉,占卷者藏也藏而未舒臨候即開矣曰兆之者事當待時貧始富賤始貴,22909
卷之十八,蕃彚部,水產,敗荷貞吉否凶,貞吉否凶占花敗則子露孕必生男恐損生產曰点者宜小心謹愼尤必祈神祐之,22913
卷之十八,蕃彚部,水產,採蓮吉,占採獲也蓮清貴之物兆採曰点之當生貴子主事有終始,22919
卷之十八,蕃彚部,水產,藕吉,占藕本玲瓏精潔之物占此曰点生男多智慧生女多秀巧,22924
卷之十八,蕃彚部,水產,芡實吉,占兆之者作事曰有益而無損,22928
卷之十八,蕃彚部,水產,蘋蘩吉,占主得一賢媳或賢妻曰閨女兆之主于歸,22932
卷之十八,蕃彚部,水產,蓼凶,占兆此事宜預料冗曰雜不易理之象也,22937
卷之十八,蕃彚部,水產,菱花凶,占水大則根浮水涸則實少作事泛泛不常故有曰是兆名淡如水利薄如冰兆見損折必至沉淪,22941
卷之十八,蕃彚部,水產,茭吉,占栽植由來在水濵素𠂻清白不沾塵曰愧殺世之貪污者那能修行與之倫,22945
卷之十八,蕃彚部,水產,菖蒲吉,菖蒲有各種咸于夏春鮮茂夢之乃昌陽之兆也占無不遂意無不稱心惟老婦夢之則爲老𬷂之兆曰不堪也,22949
卷之十八,蕃彚部,水產,浮萍凶,占葉小而蕃浮生于水隨波逐流曰延綿池沼群小用事之兆也,22953
卷之十八,蕃彚部,水產,藻荇吉,占此乃魚之所藏隠而不見潜而不躍者乃夢見之曰君子宜如玉之韞山珠之藏澤而輝媚自呈也,22957
卷之十八,蕃彚部,水產,水紅花,占不芬不艷無處無之亦莫之愛亦莫曰之棄伴食平章三旨宰相其兆無疑,22961
卷之十八,蕃彚部,水產,蒹葭吉,占兆之主逢賢隱之士或諧秦晉之歡曰從兹彼此相依無分爾我之符也,22965
卷之十八,蕃彚部,水產,芹吉,占有野人獻芹之意兆之主曰遇貴人于野宜物色之,22969
卷之十八,蕃彚部,水產,蘅吉,占蘅乃香草聲名貴高曰忠節夢之靑史題標,22973
卷之十八,蕃彚部,水產,茅草凶,占一團茅草亂蓬蓬主事無始又無終曰家中火燭當須謹總然不染也成凶,22977
卷之十八,蕃彚部,柴薪,柴滿門内大吉,此爲名利兩實之兆求名者名顯達求利者利豐占裕上下咸吉無老無幼無日無時莫非妙境也大曰吉之占,22985
卷之十八,蕃彚部,柴薪,擔柴歸家吉,柴之音同財人惟不克擔財故家業蕭索此夢主占財星照臨興旺家門之美兆也若爲商夢此主大曰獲利而歸,22989
卷之十八,蕃彚部,柴薪,分柴奪柴吉,柴者財也財上分明乃大丈夫也何妨與人分乎占然分則主經營合伴或利獲其半奪則雖費唇舌曰甚得利而有不義之名若士人夢之不能如意脱白之兆,22993
卷之十八,蕃彚部,柴薪,柴被火燒或水漂凶,柴之遇火是其常水若來漂勢莫當誰道吉凶有占所别水火無情兆散塲散而無統絶而不續之兆曰夢之諸事不吉,22997
卷之十八,蕃彚部,柴薪,失柴貞吉否凶,貞吉否凶占此夢主有失脫出入當小心文曰人夢之爲特達之才名著夭壤,23001
卷之十八,蕃彚部,柴薪,諸種木柴吉,此兆若見在家則居家有財喜；若在戸外出外經占啇隨心所欲無往不利妻財可望士人夢之則有曰騰雲之慶,23006
卷之十八,蕃彚部,柴薪,薪積火上,火有冲霄氣𦦨薪積于上是助其𦦨也如人夢之文塲大利武士奪幟𤼵揚蹈勵光被四表之兆也占○若夢積于水上謹防星散所失不小名無影響曰居不爲吉○如積山上本出乎山今復在山宜靜不宜動守舊爲吉,23012
卷之十八,蕃彚部,柴薪,薪積如山吉,占薪者日用所不可缺積之如山曰用有餘也夢之者富饒之象終,23016
卷之十八,蕃彚部,柴薪,━━━━━━━━━━━━━━━━━━━━━━━━━━━━━━━━━━━━━━━━━━━━━━━━━━━━━━━━━━━━━━━━━━,卷之十九,23025
卷之十八,蕃彚部,柴薪,━━━━━━━━━━━━━━━━━━━━━━━━━━━━━━━━━━━━━━━━━━━━━━━━━━━━━━━━━━━━━━━━━━,,23027
卷之十九,飛走部,四靈,麒麟降自天吉,周南咏麟趾美文王之仁德春秋書獲麟見魯史占之成經麟之爲瑞明矣夢天降者必將有聖明出曰焉或居天位或相天朝當世大順極治之休徵也,23044
卷之十九,飛走部,四靈,麟吐書,孔子夢芻兒捶麟傷前左足兒曰吾爲赤松子見一禽如麕羊頭一角角末有肉孔子束薪覆之麟向孔子蒙其耳吐書三卷孔子精而讀之,23048
卷之十九,飛走部,四靈,麟入室中,陳麟之母夢麟入室中自取門間蟲以餵之及生乃以麟名之字曰兆夢後爲閩縣尹民皆仰之稱爲循吏,23052
卷之十九,飛走部,四靈,鳳鳴高岡大吉,鳳爲羽族之王聖世之瑞虞庭樂奏則來儀周家占徳盛則鳴岐夢鳴高岡者主聖帝中具或賢臣發曰跡時和年豐國泰民安之兆,23056
卷之十九,飛走部,四靈,鳳凰飛下齋前,南齊世祖未受禪夢鳳凰從天飛下清溪宅齋前兩翅十餘丈翼下有紫雲氣果禪宋叚少連開封人其母夢鳳止于家庭而生少連有聲官至學士,23060
卷之十九,飛走部,四靈,丹鳳高翔吉,占夢此爲主聖臣賢民安物阜之兆也將必曰有恩詔班行天下租稅得蠲刑獄得赦,23066
卷之十九,飛走部,四靈,口吐白鳳,漢楊雄作甘泉賦成夢口吐白鳳雄又着太玄經,23071
卷之十九,飛走部,四靈,五色雲化鳳集左肩,徐陵字孝穆母臧氏夢五色雲化而爲鳳集於左肩巳而誕陵數歲寳誌公以手摩其頂曰天上石麒麟也,23075
卷之十九,飛走部,四靈,鳳集其身,王曇選爲揚州剌史妻丁氏駕部郎中丁超女也丁氏嘗晝寢夢鳳鳥集於其身以告曇選曇選以問寳誌公曰生子當爲方士丁娠姙又聞腹中啼聲寶誌曰之子神仙宗伯也是生遠知遠知師事陶弘景聰敏博綜傳其道法歷陳隋唐壽百二十六歲謚升貞先生,23080
卷之十九,飛走部,四靈,鳳鳥集手上凶,大業中有孫姓者夢鳳鳥集手上以爲善徵問蕭吉吉曰不祥孫以爲妄後十餘日遭母喪乃遣所親復問之吉云鳳鳥非梧桐不棲非竹實不食所以止手上者手中有桐竹之象也禮云苴杖竹也削杖桐也是必有重憂耳,23084
卷之十九,飛走部,四靈,身化爲鳳大吉,鳳之爲鳥也世不恒有人未嘗覩所以爲靈瑞也占夢身化鳳者則亦豈常人哉其爲人中之鳳可知曰巳南陽鳳雛河東三鳳此其類也若懷孕夢之生女爲天下母生男爲朝中相,23093
卷之十九,飛走部,四靈,⿔,貞吉否凶龜爲介蟲之長能知吉凶禍福文肖八卦九宮伏占羲則之以作易箕子因之以東疇聖人卜之以决曰疑其爲世寳尚矣夢此者窮通得失富貴貧賤死生壽殀各以類占萬畢在江南得名龜置之家而富夢龜言送我水中又聞龜鳴怪而殺之畢輒死家不利,23100
卷之十九,飛走部,四靈,神龜,莊子曰宋元君夜半夢人被髮窺宮門曰予自宰路之淵爲清江使河伯之所漁者余且得予元君覺使人占曰此神龜也君曰漁者有余且乎左右曰有君令余且會朝得白龜焉箕圓五尺君再欲殺之再欲活之卜曰殺龜以卜吉乃刳龜七十二鑚而無遺筴仲尼曰神龜能見夢於元君而不能避余且之綱知能七十二鑚無遺筴而不能避刳腸之患秦主苻堅初年高陵人穿井得龜大三尺背有八卦文堅命太卜池養之食以粟及太元末年龜死藏其殻於太廟其夜廟丞高虜夢龜謂之曰我本出將歸江南遭時不遇殞命秦庭旁有人謂虜曰龜三千六百歲而終終必妖興亡國之徵也未幾符秦敗,23110
卷之十九,飛走部,四靈,黄龜吉,梅堯臣字聖俞和永叔洗兒詩曰夜夢有人衣帔占𭘠水邊授我黃龜兒明朝我婦忽在蓐乃生男子曰實秀眉凡夢此者主生子之兆五代時劉贊文思遲乃禱乾象乞文才一夕夢吞小金龜自是大有文思後夢吐之不久而卒,23116
卷之十九,飛走部,四靈,龍,貞吉否凶龍陽物也君象也於卦位屬震於地支屬辰興雲占致雨變化莫測夢此者必爲非常之人其吉凶禍曰福各以類應,23122
卷之十九,飛走部,四靈,乗龍上升,堯夢乗清龍上太山御龍以登雲天而有天下曰陶唐氏光武召馮異曰我夜夢乗赤龍上天覺而心中動悸異因下席再拜賀曰此天命發於精神心中動悸大王重愼之性也異遂與諸將定議上尊號乃即位洛陽宋明帝泰始七年遣淮南太守孫奉伯往淮陰監軍會奉伯與蕭道成同寢夢道成乘龍上天於下捉龍脚不得覺語曰兖州當大庇生民而我不得見也時蕭爲兖州牧及登帝位則奉伯先卒矣南齊太祖年十七夢乗靑龍西行逐日日將薄山乃止覺而懼家人問占者云至貴之象蘇侃云靑木色日暮者宋運衰也後果禪祖珽謂長廣王言殿下有非常骨法孝徵夢殿下乗龍上天王曰若然當使兄大富貴及即位是爲武成皇帝遂拜珽爲中書肖郎孝徵珽字也唐太和間光王夢乗龍升天寤曰此不宜言者及武宗宴駕以立皇太叔嗣位是爲宣宗,23127
卷之十九,飛走部,四靈,蒼龍大吉,孔子之母顏氏夢蒼龍而生孔子生之夜有二蒼龍亘天,23139
卷之十九,飛走部,四靈,蒼龍據腹,漢薄太后初入宮與管趙相約曰先貴無相忘高帝幸河南宮管𡗺初約帝問其故具以實對召薄薄曰夜夢蒼龍㨿腹帝曰此貴徵也吾爲汝成之遂孕生代王後即帝位是爲文帝,23143
卷之十九,飛走部,四靈,龍頭,吴孫權潘夫人父爲吏坐法死夫人輸織室權見而異之召充後宮得幸有娠夢有以龍頭授巳以蔽膝受之遂生孫亮,23151
卷之十九,飛走部,四靈,龍無尾,孫休夢乗龍上天回顧不見尾覺而異之後太子不得立休遂爲帝至孫皓繼之吳以亡陶弘景母夢靑龍出懷無尾是生弘景聰識博達有傳仙乗雲馭龍之志不娶無子,23156
卷之十九,飛走部,四靈,日化爲龍,魏宣武高后夢日化龍繞身數匝生孝文帝,23164
卷之十九,飛走部,四靈,兩龍入懷中,晉孝武帝之母李太后數夢兩龍入懷生帝又夢兩龍枕膝生會稽文孝王鄱陽長公主,23168
卷之十九,飛走部,四靈,龍飛西南自天而落,石季龍夢龍飛西南自天而落旦而問佛圖澄澄曰禍將至矣宜父子慈和愼之愼之季龍引澄入東閣與其后杜氏訊之澄曰脇下有賊不出十日自浮圖以西此殿以東當有血流愼勿東也杜后曰和尚耄耶何處有賊澄即易語云六情所受皆悉是賊老自應𦒼但使少者不昏即好耳遂便寓言不復彰明後二日宣果遣人害韜於佛寺中欲因季龍臨喪殺之季龍以澄先誡故獲免,23172
卷之十九,飛走部,四靈,龍無首凶,宋晉安王子勛設壇潯陽即帝位語左右曰夜夢乗龍上天俛視不見頭衆咸失色莫有對者著作郎孫毅曰易稱見羣龍無首吉衆乃大悅未幾沈攸之大軍至焚其宮獲勛誅之,23176
卷之十九,飛走部,四靈,乗六龍吉,泰始七年荀伯玉夢太祖乗船在廣陵北渚見上兩腋下有趐不舒伯玉問何當舒上曰却後三年伯玉夢中自謂是呪師向上唾呪之凡六呪有六龍出兩腋下趐皆舒還而復歛至元徽五年太祖謂伯玉曰卿時乗之夢效矣,23180
卷之十九,飛走部,四靈,龍在屋上,蕭賾字宣遠以宋元嘉二十七年六月巳未產於建康清溪宅其夜陳后劉昭后二母並夢龍據屋故小字爲龍兒年四十八禪帝位爲齊世祖郭禹夢乗靑龍生天至屋而止寤曰龍至屋吾其死也果終,23184
卷之十九,飛走部,四靈,龍罩體,梁阮修容有娠夢龍□□□後生元帝,23190
卷之十九,飛走部,四靈,龍有異狀,北齊婁太后孕文襄夢一斷龍孕文宣夢大龍首尾屬天地張口動目勢狀驚人孕孝昭夢蠕龍於地孕武成夢龍浴於海,23194
卷之十九,飛走部,四靈,龍墮地尾斷,隋煬帝生時獨孤后夢龍出身中飛高十餘里墮地尾斷以告文帝文帝默然,23198
卷之十九,飛走部,四靈,龍吐棊經,唐翰林學士王積薪夢靑龍吐棊經九部授之藝乃精,23202
卷之十九,飛走部,四靈,入水取一龍,南唐義祖夢臨大水黃龍無數義祖袒身而入水取一龍而出驚寤未幾掠得烈祖養以爲子,23206
卷之十九,飛走部,四靈,黃龍吉,南唐烈祖晝寢夢一黃龍繞殿檻鱗甲炳然旣寤使視前殿則齊王凭檻而立向背皆符所夢烈祖曰天意非偶旬日遂正儲位齊王即元宗居藩所封之爵,23210
卷之十九,飛走部,四靈,蛇化龍,宋太祖微時客遊漢東依漢隨州剌史董宗本宗本子遵誨夢黑蛇長百尺餘化龍東北去雷電隨之以語太祖及太祖即位召見遵誨曰卿尚記化龍之夢乎,23214
卷之十九,飛走部,四靈,黑龍蟠樹上,謝深甫過父友對飲留宿夜半酒渴無從得水牕前梨熟深甫遂登樹啖之爲犬所吠不得下主人夢黑龍蟠樹上啓戸視之則深甫也遂以女妻之深甫果至宰相,23218
卷之十九,飛走部,四靈,龍出領下,張文表武陵人作亂襲潭州殺衡州行軍司馬廖簡將攻長沙猶豫未定有小校夢文表龍出領下文表喜曰天命及敗梟首朗陵,23222
卷之十九,飛走部,四靈,身化龍,吳程始勤學文穆王時西府院官滕雋甞夢程化爲赤龍望南方而去雋因語其夢於人曰吴氏子非我所測也及爲福州始驗,23228
卷之十九,飛走部,百獸,騶虞大吉,仁獸名白虎黑文不食生物者也夢此者主聖明占在上澤被蒼生德及庶類臣寮大法而小廉將士曰威武而不殺孕育夢此必生非常偉人當世無比吴郡陸師道作騶虞歌曰君不見煌煌丹穴五色雛渥洼之產汗血駒鳳毛龍子自有種隨地便與凡禽殊劉宗積德天下無尚書聲光照寰區公侯子孫必復始感應吉夢來騶虞白質黑章照山水鬱鬱紫氣佳城隅笑喚吾家雪色貍心知非熊亦非軀詰朝冡孫舍懸弧始信古夢言非誣錦褓見公顏玉立耽耽雄視回清矑吾聞庭堅作理祀英六始生白虎開貞符騶虞之祥亦此類行繩祖武陳臯謨何須更試啼聲爽但請徵之白澤圖,23236
卷之十九,飛走部,百獸,黑虎吉,玄壇之神勇猛之物軍士夢此戰勝攻取無往不占利常人夢此膽壯氣豪凡事大亨胎孕夢此生子曰剛毅才堪爲將詩云矯矯虎臣是也,23244
卷之十九,飛走部,百獸,白虎貞吉否凶,貞吉否凶占白虎爲西方之神爲武將之象爲肅殺之氣爲刑曰獄之主爲凶喪之兆凡夢之者因時因事而占之堯爲天子季秋下旬夢白虎遺我馬啄子其母曰扶始升高丘睹白虎上有雲感巳生臯陶索扶始問之始尭言明於刑法罪次終始故立臯陶爲大理秦胡亥爲二世皇帝三年夢白虎齧其左驂殺之心不樂占者曰涇水爲祟帝齋于望夷宮趙高遣閻樂率兵入宮二世自殺趙高迎立子嬰子嬰誅趙高沔陽盜倪文俊生於黃陂母夢白虎入室及僭號驕恣母夢白虎死文俊遂爲下所殺,23248
卷之十九,飛走部,百獸,猛虎出深林吉,養威蓄銳勇往直前之兆也士人夢此出茅廬登占虎榜仕宦夢此得兵權握虎符胎孕夢此生驍勇曰必大貴若商旅出行夢此須防道途之險戒愼毋忽,23257
卷之十九,飛走部,百獸,虎銜雷公凶,曹爽夢二虎銜雷公雷公若二升椀放著庭中爽惡之以問占者靈臺另馬訓訓曰憂兵訓退告其妻曰爽將以兵亡不出旬日巳而果爲司馬訓所害,23261
卷之十九,飛走部,百獸,乳虎相逼凶,得此夢者必有夙𡨚前孽將欲報復故形之於寤占寐間也輕則或可解禳重則不能幸免天道好還曰可不懼哉周象好畋獵後爲汾陽令夢一乳虎相逼驚寤因有病後有異僧過門謂鄰叟曰此居有妖氣鄰叟告象召僧禳之設壇持劍誦呪忽聞象卧榻下有虎聲僧以水噀之象病漸愈唐晉陽人有無罪而殺妾者後數年夜半驚起呼其母母問其故曰適連爲虎所嚙傷甚遂死覺而心驚悸甚故特啓之母曰人言夢死者反生夢想顚倒故也汝何憂然汝夜來未飯牛亟飯之乃往飯牛闇中見物似牛之脫者乃前執之不知其虎也遂爲所噬其人號叫竟死時人以虎爲所殺之妾也,23265
卷之十九,飛走部,百獸,月中有虎,宋滕元發母夢虎行月中墮其室遂生元發舉進士授大理評事召試爲集賢校理以直道策名於英神哲三朝,23273
卷之十九,飛走部,百獸,人化爲虎,洪起畏爲浙西提刑夜夢錄囚十八人内一人化爲虎寤而異之明日見所解賊徒數與夢合而張瑄在其中洪奇其狀特貸其死未幾宋亡而瑄以漕運貴顯乃給洪終身以報全護之恩鄴中楊眞者癖好畵虎畵則每坐卧必觀之旣老卧疾召兒孫謂之曰我平生不合癖好畵虎每夢中多與羣虎游至晩年尤甚我方恐懼今又夢身化爲虎覺旣久而方復人身我死之後恐必化爲虎兒孫輩遇虎愼勿殺之是夕卒及謀殯葬事忽見大虎跳躍而出其一子遂出觀之虎回食其子而去數日家人夜夢眞歸謂曰我已爲虎甚是安健但離家時便得一人食之至今猶不飢,23280
卷之十九,飛走部,百獸,虎變作人大吉,易曰大人虎變其文炳也得此夢者士人聲名洋占溢文臣位居郡伯武將職任總戎胎孕夢之必生曰文武全才爲當世豪傑,23286
卷之十九,飛走部,百獸,兩虎爭𩰚貞吉否凶是夢也,貞吉否凶是夢也在國家主衆將不和邀功競賞在州里主占羣兇相噬挾詐行私在家庭主兄弟小忿有閱牆曰之變,23293
卷之十九,飛走部,百獸,人騎虎入城凶,此兵戈擾動之兆也夢此主有宼盜攻城人民驚占恐當思患而豫防之若自身騎虎必有危迫之事曰非任将帥之職者難免於禍,23301
卷之十九,飛走部,百獸,拔劍剌虎吉,耀武揚威之象也軍士夢此能擒賊斬其驍帥主占將夢此能克敵殲厥渠魁若常人夢此當有寅生曰者被禍害,23306
卷之十九,飛走部,百獸,虎變成龍大吉,是夢也求科名者其在寅辰之際乎有爵位者其占被華衮之榮乎立功動百其受上公之命侯伯之曰封乎常人夢之應在子孫,23310
卷之十九,飛走部,百獸,彪大吉,夢此者文章彪炳威名赫濯之兆也文士應試主第三名或第三甲武臣登壇謀高三略勇冠三軍若姙娠夢之生男必才兼文武出將入相,23314
卷之十九,飛走部,百獸,豹入宅中吉,得此夢者武人有建功加爵之慶文士有中式捷占報之喜孕婦生文成武就之男𡬶常夢此有官事曰防宼盜,23318
卷之十九,飛走部,百獸,獅吼虎伏,此懼内之象也夢之者必有女中丈夫治家產理占家計掌握夫權而良人雖威震四方遠近畏脤反曰若受其節制必從其言者,23322
卷之十九,飛走部,百獸,獅滚毬而戲吉,獅乃獸中之王滚毬而戲從容閑暇之象也夢此占爲安樂喜慶之兆兄弟合夫婦和父母順家道豐曰亨口舌解散爭訟□襗諸事皆吉,23328
卷之十九,飛走部,百獸,騎獅而行吉占,獅不受制於人豈可騎之物哉夢騎之者必有威占武享爵祿爲當代貴人○浮屠夢此爲文殊化身曰必成正果王敬則嘗夢騎五色獅子及齊明帝即位以敬則爲太尉直閣將軍,23335
卷之十九,飛走部,百獸,狡猊雲中來吉狻猊獅屬,狻猊獅屬夢雲中來者爼豆之事得與駿奔之列占軍旅之事得成奏凱之功應試定主高標誕生必曰然英俊,23342
卷之十九,飛走部,百獸,𫡒端前立貞吉,神獸也能人言好生而惡殺夢之者將帥不宜遠占征恣行殺戮人主當詔班師收藏甲兵如此四夷曰來王萬邦歸順而海晏河清矣,23349
卷之十九,飛走部,百獸,白澤在旁吉,是夢也衆宅平安無官符病符之咎風水吉利有占財源喜氣之祥諸邪不能侵害衆惡悉皆退避獲曰福遠禍之兆也,23353
卷之十九,飛走部,百獸,犀牛渉大水吉,犀之爲物上能通天下能分水科舉夢此子丑聯占捷征伐夢此水戰大勝出行夢此遇險得濟疾病曰夢此服藥必痊商賈夢此涉江泛海必獲珍寳之奇貨,23358
卷之十九,飛走部,百獸,射中𧴀貅大吉,夢此者行師大捷之瑞徵攻必取戰必勝除强暴占禦夷狄安社稷立功勛世襲侯封之吉兆也文士曰夢之亦爲中式之象,23364
卷之十九,飛走部,百獸,𧴀貅伏於前貞吉否凶,貞吉否凶占此夢乃軍門受降之象也揆其理勢必曰不降者防有伏兵宜堅壁嚴陣以備之,23368
卷之十九,飛走部,百獸,狴犴在庭吉,此夢主刑獄之事君子有无妄之災雖凶无咎小占人有滅身之禍作惡受殃○仕宦夢此爲司寇大曰理之官懐孕夢此生風憲執法之子,23373
卷之十九,飛走部,百獸,豺狼圍擾,夢此者羣兇撓亂之兆居官恐有黨錮之禍居家占防有寇盜之虞商賈出行中途有刼掠者須戒備曰毋忽,23377
卷之十九,飛走部,百獸,狼啖人足貞吉否凶狼善顧而啖人足足,貞吉否凶得此夢者主出行有阻之兆狼善顧而啖人足足占不能前進矣居家者宜杜門不出在途者宜返斾曰即回凡事安守宜靜不宜動敦煌郡功曹張邈嘗奉使詣州夜夢狼啖一脚問索紞紞曰脚肉被啖爲却字却者不前也時東虜反遂不果行,23384
卷之十九,飛走部,百獸,狼與狽同行吉,是夢也凶中無失絶處逢生之兆困窮而得周濟占艱難而遇扶持雖顚沛流離猶未至於喪亡也○曰富貴者夢之有人乞哀貧賤者夢之有人憐恤若詞訟爭鬥之事夢之須防後患當見幾知止,23397
卷之十九,飛走部,百獸,獐入庭中吉,獐與璋字同音夢入庭中者主有弄璋之喜孕當占生男又主有富人來謁我無求於彼而彼自有惠曰及我也,23404
卷之十九,飛走部,百獸,發矢獲豝吉,是夢也武人出征擒斬偏將文士小試得占魁名占商旅在途財利倍獲疾病在床禍祟消除尋常夢曰此爲得財物有酒食之佳兆,23408
卷之十九,飛走部,百獸,兎眠草間吉,新秋白兎大於拳紅耳霜毛趂草眠天子不教人占射殺玉鞭遮到馬蹄前夢此主貴人接引君恩寵曰賜之兆求名者得名求利者得利懷孕者生女必貴凡事應在卯年月日,23412
卷之十九,飛走部,百獸,兎入懷中吉,太陰之精也卯官之肖也書生夢之獨歩蟾宮武占將中之直擣虞寨病者夢之勿藥而痊娠姙夢之曰弄瓦而貴,23416
卷之十九,飛走部,百獸,鹿,貞吉否凶鹿者祿也人無妖壽祿盡則亡故夢得鹿者主富占貴夢失鹿者主困窮鹿生則存鹿死則死吉凶禍曰福夢兆昭昭不爽要皆理勢之自然莫之爲而爲莫之致而致者唐叛將史思明愛優諢寢食常在側而怒孽朝義朝義與其將駱悅圖謀是夜思明夢鹿驚寐據床叱咤諢問胡寤曰夢鹿渡水至鹿死水乾云何未及對優伶相謂曰胡命盡乎駱悅入衆優指所在思明踰垣入廐單騎出奔周子俊射中其臂落馬悅擒赴柳泉驛殺之,23423
卷之十九,飛走部,百獸,蕉鹿,鄭人有薪於野者遇駭鹿而斃之恐人見也遂藏諸隍覆以蕉不勝其喜俄而遺忘所藏處遂以爲夢焉順途而詠其事傍人有聞者用其言而取之旣歸告室人曰向薪者夢得鹿而不知處吾于今得之彼直眞夢者矣室人曰若夢薪者得鹿耶詎有薪者耶今其得鹿是若之夢眞耶夫曰吾據得鹿何用知彼夢我夢耶薪者歸不厭失鹿夜夢藏之之處又夢得之之主爽旦案所夢而尋得之遂訟而爭之士師二分之以聞鄭君鄭君曰嘻士師將復夢分人夢乎國相曰夢不夢臣不能辯欲辯夢覺惟黃帝孔丘,23440
卷之十九,飛走部,百獸,狐涉氷吉,狐者邪媚之獸善於聽聞氷堅未解無濡首濡尾之危方履蹈而濟得此夢者將帥遠征長驅席捲占商賈出行輕車熟路江湖之險如履平地千里之曰遙如在目前夢狐半濟而回者主艱阻難行之象無論水陸皆預防之女子夢此宜遠小人持身不可不嚴也,23447
卷之十九,飛走部,百獸,狐狸在窓外貞吉否凶,貞吉否凶占此鬼祟陰邪之象不可不戒懼也男子夢之曰勿近婦女女子夢之宜敬事正神以辟邪祟,23452
卷之十九,飛走部,百獸,貉入林中貞吉,貉狐貍也林者草木茂宻之處夢此主奸邪遠遁占賊寇濳藏之兆事勢至此愼勿窮追恐生異變易曰曰君子幾不如舍往吝,23457
卷之十九,飛走部,百獸,象入戸大吉,獸莫大於象次於毛蟲之長膽在四足足有人足之象故曰象象善守而畏辱羣獸皆懼虎虎懼狻占猊狻猊服獅子惟象與獅吼抗西旅有人善御之曰爲象奴象服其言言必信凡夢之者必有官宦事吉胎孕夢之生男必大賢病人夢之心神復正得去病根,23461
卷之十九,飛走部,百獸,白象吉,占此夢主金天之陽爲大貴之徵又爲釋曰家之神又爲卑謙以自收其躬之驗第十祖脇尊者生時父夢白象入門○會稽張茂嘗夢得大象以問萬推推曰君當爲大郡而不能善終夫象者大獸獸者守也象以齒焚身必爲人所害至永昌中爲吳興太守值王敦問鼎茂執正不移敦遣沈充殺之,23465
卷之十九,飛走部,百獸,象越城凶,占此亡國之徵也夢之必有大敗是城中無曰守敵得入城也城似巳巳亡城似彼彼滅呂光攻龜兹城夜夢金象飛越城外光曰此謂佛神去之胡必亡矣已而果平龜兹,23474
卷之十九,飛走部,百獸,象洗浴貞吉否凶,貞吉否凶占夢此主樂處逢凶之兆惟士子求名者夢之曰爲赴京應選之景安居多欲夢之浴魄之象,23480
卷之十九,飛走部,百獸,跨象走通衢大吉,占兆夢主功名之大慶安康而顯榮趍吉以曰遂志者也若疾病夢之爲大難不死之兆,23485
卷之十九,飛走部,百獸,象羣,貞吉否凶象好潔而知恥故其媾也人不得而觀之凡夢此占者主情欲之事當以聲色動靜之景占其吉凶爲曰媒妁者夢之大吉身在異鄉夢之有難病人夢之陰陽和𩹌獨夢之無占,23489
卷之十九,飛走部,百獸,象鼓腹而舞貞吉,文學夢之爲入京應試之兆武將夢之爲有事詔占南之兆商賈夢之爲成交得意之兆顚沛夢之爲曰仇人自驕之兆平居夢之爲設燕作樂之兆若有禍亂之幾者夢此當問卜,23494
卷之十九,飛走部,百獸,象被人拔去牙吉,占此夢之吉占在拔牙之人剛而能柔柔而得曰剛所利大矣然有困窮受傷而不能安者焉,23498
卷之十九,飛走部,百獸,二象被錦在闕下貞吉否凶,貞吉否凶占此得貴爵之吉夢而安居無學日夕快曰樂之人反爲凶夢其凶有不可言者,23502
卷之十九,飛走部,百獸,象輦,夢隨象輦而徒歩者大貴之象必爲天子股肱心膂之臣夢遙望象輦者有吉無凶富貴之兆夢象占輦自外來入其門者吉則大吉凶則大凶吉者聖曰駕來臨也凶者敵國來侵也有疾病者夢此天神降臨也崇德感天吉祥自至又何患乎,23507
卷之十九,飛走部,百獸,萬象從天降吉,天降萬象智者知之以其象人而名象象者獸之占猛而慈者也在天成象在地成形夢象之象猶天象也是夢也主民安物阜文士得之胸羅二酉武人得之勇冠三軍,23511
卷之十九,飛走部,百獸,象耕於田大吉,昔者舜也鳥耘而象耕彼何人斯夢遊歷山哉女子夢之夫寵愛田者胃也農夫夢之必有代耕者占代耕者他日必大貴爲天子之輔病人夢之胃氣和平佛力普度也災難夢之兄弟位仇得睦■使曰之然也執政夢之當求人于田野田野之間必有隱士焉,23515
卷之十九,飛走部,百獸,駱駝大象負囊而行,此富貴者有事涉歷西旅之夢兆非貧賤者所得占與又非東方之景也夢于日中行必有好事至但曰非安閑之兆耳夢于月下行則爲亂世若於暗中行不祥是殺身成仁之徵也,23521
卷之十九,飛走部,百獸,身跨駱駝馳騁,此强壯樂利之夢夢之者作事有不及則无咎或占過旺則有殃夢走通衢將觀光於上國夢遊山野曰將渉歷於危途夢入叢棘乃困窮於失所夢渉大水是柔應於得剛所占各異,23525
卷之十九,飛走部,百獸,駱駝喯唾污其身凶,占此作爲失道被侮受悔之夢也思患而攺過曰猶恐有不及者惟牝牛在家者有牧犢之祥,23529
卷之十九,飛走部,百獸,駱駝隨龍後貞吉,龍夢主大貴駱夢主大富夢此有富翁隨貴人而占興起之兆若以勢利自居者夢之又爲天屬他奔曰投于貴豪之兆若小家有陰濕處者夢之則是蛒𧉮虫近竈之象也丁咸序未第時夢乗龍而起回顧有駱駝在後二十年方捷殿榜出丁亞乃龍起次駱起,23533
卷之十九,飛走部,百獸,貂䑕升堦吉,占此遇貴之夢兆夢此有大貴者至巳因曰之而貴者未有無所貴而夢此者也,23539
卷之十九,飛走部,百獸,手搏貂𣆎,占此夢爲陰柔居陰之象而貴人夢之則大吉曰焉其在邊疆之位乎小人夢之又當另占,23543
卷之十九,飛走部,百獸,獮候在岩崖之上,占此夢主陟險以伸命令之徵君子夢之爲觀曰視小人之象小人夢之爲能敬鬼神之祥,23547
卷之十九,飛走部,百獸,猩猩鬥湖猻,猩猩能言不離禽獸禽獸之惡莫若猩猩而猴豈占能抗之凡夢此者主口舌之災弱不敵强之象有曰凶兆焉因人之利而利之因其斲而并獲之有危道焉知機者昌妄動者亡,23551
卷之十九,飛走部,百獸,猩猩啜酒貞吉否凶,貞吉否凶占此夢主悲喜萃聚之象但觀其所聚而吉凶曰可見矣當以所夢景象占之有笑者不祥,23555
卷之十九,飛走部,百獸,手擒獾吉,是夢也居官者萬民懽悅居家者衆口懽欣人子占奉養得承歡膝下賔朋酬酢得歡會堂中內外歡曰喜遠近歡笑飲食宴樂之吉兆也,23560
卷之十九,飛走部,百獸,獾被虎噬,貞吉否凶此除害去惡之兆蜡祭之禮曰迎虎爲其食田豕占也田豕獾屬也得此夢者必有䑕竊狗偷之輩爲曰官法懲治而地方安靖矣,23564
卷之十九,飛走部,百獸,獺來岸上,獺水狗也以魚爲食來岸上旣飽而肆志也夢此占必有强暴之徒逞其私智陷害善良意得志滿而曰驕奢放恣者也宜審時以待之量力以處之則吉,23569
卷之十九,飛走部,百獸,猱在高山大樹間,猱獼猴也性善升木在山樹間適其適也夢此必占有狡獪之童廢時失業流蕩之人好樂忘返宜以曰理喻之禁其未發以威治之警其將來,23573
卷之十九,飛走部,百獸,猿獻菓吉,夢此主有喜慶宴會之事居官者陞遷居家者開占創利名兩得福壽兼全之瑞徵也以夢中所獻之曰菓詳之桃主延年李主嘉慶棗生貴子松作公卿餘可類推,23577
卷之十九,飛走部,百獸,猿從高跳下,李志寧勘疑獄夕禱于天夢猿墮前驚悟明月袁大至訊之袁遽曰願就死適盜庫金會典庫雍乙歸遂殺之乃執袁大而免楊氏楊氏羅江張士妻寡居一日親黨有婚會偕女張氏往雍乙從行乙先歸死於庫提點劾治逮張氏張氏笞毒自盡李得夢而雪焉,23581
卷之十九,飛走部,百獸,熊羆大吉,陽物在山强力壯毅夢之者生男必貴小雅斯于占之詩云吉夢維何維熊維羆太人占之維熊維罷曰男子之祥此之謂也苻健母羌氏夢大羆而孕遂生健及長勇果便弓馬好施善事人後襲父洪位遂稱帝元雷機字子樞父德潤母游氏初德潤無子嘿禱于神夢黑熊行天遂有娠而生機,23585
卷之十九,飛走部,百獸,黃熊入寢門,鄭子產聘於晉晉侯有疾韓宣子逆客私焉曰寡君寢疾於今三月矣並走羣望有加而無瘳今夢黃熊入於寢門其何厲鬼也對曰以君之明子爲大政其何厲之有昔堯殛鯀於羽山其神化爲黃熊以入於羽淵實爲夏郊三代祀之晉爲盟主其或者未之祀也乎韓子祀夏郊晉侯有間賜子產莒之二方鼎,23593
卷之十九,飛走部,百獸,獬豸大吉,神羊也善能觸邪故憲司執法之官以爲服飾仕占宦夢此王爲侍御或廉使求子夢之主生貴男或曰貴女訟者夢之事在御史或廷尉,23599
卷之十九,飛走部,百獸,䝠,翼望山中之獸,23603
卷之十九,飛走部,百獸,吉,占貂類似狸而五尾其聲奪衆音食之可以治瘴夢曰是獸者應試得捷報行人有喜信疾病遇良醫,23605
卷之十九,飛走部,百獸,貆,狟同音喧,23609
卷之十九,飛走部,百獸,貞吉,占貉類皮可爲裘肉可充庖夢是獸者有自食其力曰之象居官不素餐居家不素飽庸常者亦不游食,23611
卷之十九,飛走部,百獸,飛虎在日宮飛出,占此大貴之夢夢之爲欽命掌樞宻之兆虎而曰翼之何所往而不服出自日中其君命乎,23615
卷之十九,飛走部,百獸,飛虎入室大吉,占貴人夢之主揚威加爵士民夢之主有官祿曰至胎孕夢之主生男大貴病人禱祝必全愈,23619
卷之十九,飛走部,百獸,海馬入門户吉,占此夢有武事得大吉之兆應試夢之捷報曰至應選夢之有兵權娠姙夢之生貴子,23623
卷之十九,飛走部,百獸,乗海馬大吉,占此武人之夢也主戰勝攻取之事凡曰夢之者皆主无咎病人夢之必瘥,23627
卷之十九,飛走部,百獸,海馬戲潮吉,占此夢主當朝執政之兆庻人夢之主遠曰行大吉作事順利書生夢之文思頓長,23631
卷之十九,飛走部,百獸,彿彿踰垣而入凶,狒狒似猩猩而不能言乃人形之惡獸也善治其占家男正位乎外女正位乎內者必無此夢倘有夢曰此者其難乎若能平易安靜虚巳謙讓以從正義之貴人或有解禍之機在,23635
卷之十九,飛走部,百獸,狒狒見而大笑吉,狒狒噬人必先笑而夢占笑主哭泣惟夢此反爲占吉兆求名得名求利得利所志必遂狒狒非人其曰笑非笑此小人畏敬之兆也凡夢此者無不利,23643
卷之十九,飛走部,百獸,狒狒從雲中來吉,占夢此須防𡨥盜爲人中正無憂曰或因暮夜虚驚此後災肖病瘳,23652
卷之十九,飛走部,百獸,如人,似狒佛而小似童子而不能言者其掌似熊掌占佛氏所謂人非人者此類也夢此者非人品曰而能若人之象也故夢之者必有亨貞之吉,23658
卷之十九,飛走部,百獸,虎斑猫,占此夢爲陽襲于陰之象夢自來入室中者曰吉自内出𥨥者不祥去而後來者得人心,23666
卷之十九,飛走部,百獸,獅猫大吉,占夢此主豐亨久安之兆當有好人在門下曰勇而尚義者或有果得一猫以應夢者,23670
卷之十九,飛走部,百獸,猫伏堂限吉,唐薛季昶爲荆州長史夢猫伏卧於堂限上頭向外以問占者張猷猷曰猫者爪牙伏門限者閫外之事君必知軍馬未旬日除貴州都督嶺南招討使,23674
卷之十九,飛走部,百獸,猫鼠同眠,占此君不君臣不臣父不父子不子之夢也下必曰有犯上者若當此時生小猫小猫爲無用之物,23678
卷之十九,飛走部,百獸,羣猫相鬥貞吉否凶,貞吉否凶占此夢主暮夜有戎之兆而于巳無患者也若曰夢其所畜之猫被他家猫咬傷主下人有災,23682
卷之十九,飛走部,百獸,猫捕䑕,占夢此主得財須防子媳災若有姓禇者其兆曰苦哀哉有事南蠻九溪十八洞一去不回來,23688
卷之十九,飛走部,百獸,猫吞活魚貞吉,占夢此成家立業徵手下人人有志誠曰若還買賣山東去千金利息貴前程,23692
卷之十九,飛走部,百獸,猫吞蝴蝶凶,占蝴蝶是箇夢中魂如何夢裏被猫吞曰猫兒不是閻家鬼只恐陰私害正人,23696
卷之十九,飛走部,六畜,雞貞吉,雞者羽蟲之屬於五行屬木於八卦屬巽於十占二辰屬酉其初鳴也天將曉也故曰司晨牝雞無晨曰雌雞啼者必災殃凡夢雞者淹蹇之中有亨祥亨祥不可忘戒懼謝安還都聞當輿入西州同自以本志不伸深自慨歎因悵然謂所親曰昔桓溫在時吾嘗懼不全忽夢乗溫輿行十六里見一白雞而止乗溫輿者代其位也十六里止者今十六年矣白雞主酉今太歲在酉吾病殆不起乎乃上疏遜位尋薨時年六十六,23704
卷之十九,飛走部,六畜,雄雞引雛,此夢以陽居陰剛而能溫之象是爲家道亨昌人占口和同之景若夢此而不見母雞者則爲幼兒無曰母不祥之兆又女子作事如男子是妻不妻母不母之凶兆也,23712
卷之十九,飛走部,六畜,雄雞生子,此夢主丁火長生於酉蓋子者卵也卵者卯之象占卯屬木木生火火在卯爲丁火求名者夢之主貴曰兆但雞卵爲母雞所生則此又爲雄不雄雌不雌男作女之象須防口舌是非,23716
卷之十九,飛走部,六畜,雌雞啼貞吉,占夢此有女中丈夫之象而夢之者宜正不宜曰私宜靜不宜動作事者夢之須防女子多言,23720
卷之十九,飛走部,六畜,鬥雞凶,夢雞相鬥必有窮極處雞本好鬥齊魏之人多以占此爲戲玩或以此作賭錢者有因此而成仇怨以曰致敗亡者凡夢此者須防酒後是非必當備禦强暴若果有鬥雞戲者另占,23725
卷之十九,飛走部,六畜,雞鳴高樹上吉,占此夢主口舌中得財物之兆必有音信之曰事若以信立身無一言苟且必有大得,23732
卷之十九,飛走部,六畜,雞鳴水中貞吉否凶,貞吉否凶占夢此有醉後成口舌之禍若其作事以順曰動而朋類之來亦得无咎則反有得利者,23737
卷之十九,飛走部,六畜,雞鴨同羣吉,占夢此者畜養衆多之象也富貴夢之爲日新曰之兆貧賤夢之爲多利之徵又有和悅之狀,23743
卷之十九,飛走部,六畜,鴨伏抱卵吉,占此扶陽抑陰之象也疾病者夢之即痊又爲曰壽永之徵或求名利者有繭𮈔之事故夢之,23747
卷之十九,飛走部,六畜,鵝鴨同游水上,占夢此者二女居於一室而情意和洽之吉祥曰所居得所之佳兆所居不得其所安者反是,23751
卷之十九,飛走部,六畜,人饋鵝吉,夢此者當以其身之所處占之藝術之士是有人占來索隱也富貴之家是有人來干凟也病患之人曰是祈禳禱祝之也貧賤之際遭逢一痴漢也安居無事有慶賀之兆也有事之秋包容承順之景也,23755
卷之十九,飛走部,六畜,雞鵝鴨齊飛上天,此夢也是久于其道而忽然變化異於平時也易曰翰音登于天貞凶貞凶雖正亦凶也故其象曰何可長也翰音者雞也而鵝鴨亦猶是也此三者占有翼而不能飛者也不能飛而飛上天是信非所曰信而化非所化也故夢之者或因大凶之事而得大吉或因凶喪之事而有喜慶或於快樂之際而蒙奇禍者雖正不能辟邪雖智不能知幾雖知幾而守正不能攺禍爲福有下愚得上達者此兆也,23759
卷之十九,飛走部,六畜,雞飛入井,此夢主生死之幾有損上益下之隱幾安居夢之有凶主兒童小口災殃身在異鄉者夢之有吉主占得歸故里佳祥夢雞落井中而人救之出或雞是曰自飛出者反是又爲大醉兆是酒毒入膀胱也宜食生韭以解之勿用乾葛之藥貴人夢之爲關殺有西方人入關者,23765
卷之十九,飛走部,六畜,黄狼偷雞,占夢此者必有可醜之事女人曰夢之有情欲爲巳所不欲者,23769
卷之十九,飛走部,六畜,雞被犬咥,占此酉戌相刑之夢也爲人下者見上人无曰咎反爲吉兆安居在家夢之須備不虞,23773
卷之十九,飛走部,六畜,犬嘷,此夢有禍亂之事不拘何等件事頓然更攺則吉欲求名者隠吉欲求利者廉吉欲安居者勞吉欲占出行者止吉欲作事者無則吉欲征戰者守則吉曰欲自守者大撓吉惟義有吉昔者夫差將舉兵入齊夢黑犬嘷以南嘷以北公孫聖曰此宗廟無主也越入吳而吴亡,23780
卷之十九,飛走部,六畜,挽弓射狗吉,占狗者苟也茍得其養無物不長凡夢得夢來曰皆爲吉兆夢挽弓射之射中大吉不中無咎河東裴元質初舉會士明當唱䇿夜夢一狗從竇出挽弓射之其箭遂擎以爲不祥問曹良史良史曰吾往唱䇿之夜亦爲此夢亦爲此夢夢神爲吾解之曰狗者第字頭也弓第字身也箭者第豎也有撆爲第也尋而唱第果如夢解,23784
卷之十九,飛走部,六畜,白犬,貞吉否凶狗於八卦屬艮於十二辰屬戌於五行屬火於毛占蟲屬猛獸爲陽物夢此主口舌又爲庚戌之期又曰爲西方之神又爲肺中之火,23790
卷之十九,飛走部,六畜,黃犬貞吉,占黃色屬土于十千爲戊巳土夢此爲順巽曰之物又爲先靈祖考之使又爲土地之宜,23796
卷之十九,飛走部,六畜,黑犬貞吉,占黑者陰也壬也癸水也火中之陰也夢此曰者竈神之役也亡人之使也水中之火也宋徐元杰嘗夢神人繫二黑犬過堂下授之是歲登科之文有默思默通云者主司見之以爲神語乃悟默字有黑犬重袚用之二黑大也犬之徵也靈應至此豈術相所窺,23801
卷之十九,飛走部,六畜,犬有綠色鬚,占此熊羆之象也夢之主生男之兆但以其景曰影推之則知所生之男之壽夭貴賤貧富矣,23812
卷之十九,飛走部,六畜,花色犬吉,占此犬之猛而能勝者夢此爲高阜之象爲華曰美之畜爲陰陽相錯之色爲自新其德之幾,23816
卷之十九,飛走部,六畜,赤犬貞吉,占狗無赤色者而所夢不以常物論嘗有夢之曰者爲火形爲文彩爲丙戌爲血光爲正陽林環往九仙觀卜兆路遇道士云爲代占夢赤犬化爲龍明年應作狀元也及赴京適符紿語,23821
卷之十九,飛走部,六畜,靑色犬,狗之色不同有淡黑者亦有白色而若靑光者亦占有靑色之名而未嘗有靑色者嘗有夢靑翠色者曰此木道也於兆爲陽春爲火陰爲夏木爲木形爲剛爲巽爲清爲生生无咎,23829
卷之十九,飛走部,六畜,綠色犬,占綠色者靑色之屬夢此者爲陰火爲陰中之曰陽爲山林之景爲武人之象爲下人華衣者張天錫在凉州夢一綠色犬甚長從南來欲昨天錫天錫在牀上避之乃墮地後苻堅遣苟萇著綠地錦袍從南來攻入門大破之,23835
卷之十九,飛走部,六畜,天降一犬,人家畜犬以禦外以防盜偷而又能辟邪鬼其類不一有龐犬有食犬有獵犬有猧㣗犬有旅獒有狴犴有野狗皆犬之屬而其用不同夢犬自天而占下無論其狀但以所夢之人作何事行占之惟守曰正以謙行道以順者此爲有勇夫來助之兆自惑于邪壯志于進者夢之皆大凶而疾病夢之尤凶是天降災殃之夢也雖正亦不可行而况非其正者乎王敦舉兵犯順病作夢白犬自天而下嚙之覺後病轉劇俄而敦死,23844
卷之十九,飛走部,六畜,犬噬人凶,占夢身被犬噬其凶無占矣夢他人者當占曰其人爲何等人以所噬之人推之自明矣,23855
卷之十九,飛走部,六畜,犬相咬凶,占此窮途之夢也必有兩人相爭者作事夢之曰大忌無事夢之禍至更防刑獄之事宜戒愼,23859
卷之十九,飛走部,六畜,犬作人言凶,占此夢主獄訟之事當以犬之所言者詳之必曰有人作非言言而無信者更有必不可信者,23863
卷之十九,飛走部,六畜,犬死貞吉否凶,貞吉否凶占此陽剛中正水旺火息之夢夢之當以夢者曰之德行占之有德則吉無德凶又爲食物兆,23867
卷之十九,飛走部,六畜,稻米飯爲犬所食吉,占此福至災消病痊志遂之夢夢此者得人曰助力𡨚仇解散財帛豐足家道日興大吉,23872
卷之十九,飛走部,六畜,緄縛一對犬豕凶,占此夢者因作事苟且而被人所害以結仇怨曰有三年之凶驗在秋冬之交乃凄凉之景,23876
卷之十九,飛走部,六畜,豕在雲中降下入屋内,豕曰猪曰彘曰豚曰亥宮之肖曰坎卦之屬曰水占土之畜曰肥甘之味凡夢豕者皆天命所係所係曰大而爲生爲死小而爲病爲訟若豕從天降則生男之瑞成家之福也漢景帝夢一赤彘從雲中直下崇芳閣覺見赤氣如雲霞來蔽戸牗因攺崇芳爲猗蘭殿後王夫人生武帝於此殿,23880
卷之十九,飛走部,六畜,豬嚙足凶,漢壽亭侯關羽出軍圍樊夢豬嚙其足語子平曰今年衰矣然不得還果爲吳人所襲,23886
卷之十九,飛走部,六畜,豕化爲人形,占此陰化爲陽之夢也成家成業生子生男曰病𭼞得痊𡨚仇和解但有起訟事在官者燕有大豕者百二十歲謂之仙豕邦人以獻昭王羣臣言於王曰是豕無用令宰夫膳之見夢於燕相曰造化營我以豕形食我以人穢仗君之靈而化吾生也今始得爲魯津之伯後燕相遊於魯津有赤龜者銜夜光之朱而獻焉,23890
卷之十九,飛走部,六畜,身變作豬形凶,占夢此者是其本來面目也此必不得其死者曰人之相貌有豬相者不善終况夢見其眞乎安祿山夜夢化一黑豬而龍首或告玄宗玄宗曰豬龍也無能爲者,23896
卷之十九,飛走部,六畜,豕入泥中吉,占夢豕安伏卧於污泥之中諸事皆吉又爲生曰男之兆夢豕在泥出入無時屢失屢復之兆,23902
卷之十九,飛走部,六畜,豕渡河吉,占夢此歲旱之徵也有處困而亨者夢豕渡河曰去爲災悔消除夢豕渡河來爲酒肴宴會,23906
卷之十九,飛走部,六畜,殺豬凶,占此夢不祥兒孫受殃分離骨血連害爹娘夢曰豬無故而死亦然但有仇無仇稍不相同,23910
卷之十九,飛走部,六畜,豬被殺復生,占此夢主刑獄之事有無事被囚者有㝛𡨚不曰解者有死罪遇赦者有死一子再育一子者,23915
卷之十九,飛走部,六畜,人饋活豬活羊大吉,占此夢主喜事至爲聘允酬謝之儀生生之意曰也爲錫命齎濟之物諸陽之象也眞吉夢也,23919
卷之十九,飛走部,六畜,射豕吉,占此有征無戰之景所志必遂之夢也豕者死曰也射者立功之象也夢射不中有末及也齊趙隱字彥深爲大行臺都官郎中從齊文襄征潁川時引水灌城城雉將没魏將王思政猶欲死戰文襄令隱單身入城告喻即日降之便手牽思政出城文襄謂隱曰某昨夜夢獵遇一羣豕吾射盡𮒗之獨一大豕不可得卿言當爲吾取須大獲豕而進今夢驗矣,23924
卷之十九,飛走部,六畜,母豬吉,占夢此者生育聚畜之謂也諸物得曰以生諸畜得以聚未有不祥者饒陽李瞿曇勳官畨滿選夜夢一母豬極大語李仙藥仙藥占曰母豬㹠主也君必得屯主數日果如其言,23939
卷之十九,飛走部,六畜,母豬生小豬,占此致富之夢也而吉處不復吉凶處反加凶曰何也亥運之象也戌運銷物亥運銷人也,23945
卷之十九,飛走部,六畜,母豬生羔羊,夢此爲脩井之兆豕屬坎羊屬兌兌者澤也其象占爲悅羔者膏也其象爲羹因汲作羹爲人所恱之曰夢兆故曰脩井之兆也是陰生陽之象也又爲生女之瑞徵,23949
卷之十九,飛走部,六畜,萬羊大吉,牧羊山野趙民比王侯之富牧羊坻上蘇卿佐帝占相之忠羊爲畜類之屬於卦爲兌於辰爲未凡夢曰之爲生男爲生貴女爲牧民之象人君夢萬年必得賢佐士庶夢萬羊者大貴黃帝夢人執千鈞之弩驅羊萬羣曰千鈞之弩力也驅羊萬羣能牧民爲善者也得力牧唐李德裕嘗夢行晉山有牧羊者數十輩迎拜曰此君所食萬羊後果爲相,23953
卷之十九,飛走部,六畜,一羊在花下吉,占此夢主美歡之兆但以花何名何色曰占之凡夢此必生孝子生女必大貴宋吴近夢至一亭扁曰侍康旁植芍藥獨放一花花下一白羊後丁未歲生女爲高宗后,23961
卷之十九,飛走部,六畜,羝羊觸藩貞吉否凶,貞吉否凶占此作事羈遲被傷而不能安之夢也勿曰曰羝羊觸藩不能退不能遂無攸利艱則吉,23967
卷之十九,飛走部,六畜,人饋羊吉,占夢此主生男之兆爲陽剛之象而當强曰盛之時壯于進取有事出行反爲凶兆宋高宗夢崔府君之神以白羊饋之占曰得孝子之兆是歲六月六日宋太祖六世孫秀王偁夫人張氏夢人擁一羊遺之生伯琮于秀州及元懿太子薨高宗未有後昭慈聖獻皇后語以異夢高宗曰太祖以神武定天下子孫不得享朕不法仁宗爲天下計何以慰在天之靈於是以選育宮中後立爲皇太子更名眘即帝位是爲孝宗,23972
卷之十九,飛走部,六畜,牽羊大吉,占夢此爲一陽來復之瑞徵平康富貴夢之生曰貴子流離顛沛夢之家道興病痊訟息怨解,23978
卷之十九,飛走部,六畜,騎羊貞吉,占此夢主自在從容之樂出行不宜夢此夢此曰有假無眞若夢他人騎羊而來者生男必貴,23982
卷之十九,飛走部,六畜,羊車,羊非牽車之物夢此者往澤國而由陸逵也惟訪占友得遇知巳者若遠行夢之一去不復歸或半途曰而止娠姙夢之須防小産疾病夢之爲呼吸運氣之象捍禦夢之有揚兵之計,23986
卷之十九,飛走部,六畜,刲羊貞吉,占夢此主有慶賀之事夢羊血污其身主得財曰夢刲羊無血危厲薰心所求不得所願不遂,23990
卷之十九,飛走部,六畜,盜羊吉,占夢此者陰中生陽之象非爲無事之兆也曰必有柔道牽聯而反得貴爵遭逢恩主者許超夢盜羊入獄元稹解之當得城陽令後封陽城侯,23994
卷之十九,飛走部,六畜,羊負魚凶,占夢此爲鮮麗夢此爲鮮有夢此爲魯人之曰徵夢此爲避難之吉夢此爲無交之兆趙主石季龍嘗晝寢夢見羣羊負魚從東北來寤以訪佛圖澄澄曰不祥也鮮卑其有中原乎蓋以羊與魚爲鮮字也後果爲慕容儁所殺,24000
卷之十九,飛走部,六畜,身忽變爲羊凶,占夢此主弄眞成假居正從邪因安致危得吉曰受禍若能愼其所之而借意佯狂則善終矣唐高宗時徐慶爲征遼判官在軍忽夢巳化爲羊爲一典所殺覺後悸懼流汗至曉此典詣慶慶問夜來有所夢否典云夢公爲羊手加屠割意甚不願爲官所使制不自由慶自此不食羊肉至則天時慶累加至司農少卿雍州司馬時典巳任大理獄丞後慶被誣與内史令裴炎通謀應英公徐敬業被執送大理忽見此典押獄慶便流涕謂之曰征遼之夢今當應之及被殺戮之日竟是此典引出,24010
卷之十九,飛走部,六畜,活羊無首凶,占此有禍莫能解之夢兆夢之必有人來干凟曰憂煎煩惱鄰侶不寧又爲婚媾有非禮之事,24016
卷之十九,飛走部,六畜,羊角羊尾皆拔落,沛公始爲亭長夢逐六羊拔角尾皆落占曰羊無角尾王字也果爲漢王而王天下,24021
卷之十九,飛走部,六畜,牛無角無尾鬼面似牛頭陰中之陰也,牛曰太牢一元大武爲坤卦象爲離火之畜於干爲丁巳於支爲丑天開於子地辟於丑於纒度爲星紀斗柄建子之月月日會於丑宮一陽來復是以山脉似牛尾陰中之陽也鬼面似牛頭陰中之陰也郊特栗角之犢陽中之陽也凡夢牛者皆主官鬼陽兆爲官爵爲官祿爲官貴爲官事爲官糧占爲官訟陰兆爲鬼魃爲鬼祟爲亡人爲地祗之屬曰爲丑令之年月日時夢牛無角者午也丑午相刑謂蜡月之事至端陽而後寧服也無尾者止也未申而先止此非其正也宜順天命致孝享以俟同寅也無首者千也有包含之争焉有富而無子者無角無尾者皮肉足也皮肉既足而然妄內剛而占此丑午相刑之夢也必有計慮所不及者但曰以所夢之言推之則吉夢不言取牛去者凶隴州吴山縣人一夕皆夢有人乗白馬語曰我將移居暫假爾牛言訖即過及明數百家牛皆被體汗流如水是日縣南山曲出一湫方圓百餘歩里人以此湫因牛而遷謂特牛湫,24027
卷之十九,飛走部,六畜,雲中馳騁貞吉,馬屬午屬金火屬乾其嘶鳴也屬乾之震其脊薄蹄屬乾之坎其用之屬離之鶉火夢之爲陰中之陽爲心中之事爲家中之火爲長幼朋友之唇舌爲幽𡨋廵遊之神祗爲官宦之事爲爵祿之兆爲遠行奔走之象夢馬在雲中是出往愆期歸期未占定之兆也夢身乗馬馳騁上雲中是艱難險阻之曰際而得乗雲之路也夢神人駕馬在雲中是有貴官未曾得位之際天神見于人夢以顯其靈也又所以敦厚其未遇之心德使安其心于危厲之際也夢乗馬升天半雲而墜下者是其見險而動動而免乎大險也夢直上天宮者大貴也崔慧景之逼長沙宣武王入援至越城夢乗馬飛半天而墜而梁武所馭化爲赤龍騰虚獨上,24051
卷之十九,飛走部,六畜,官吏乗馬來閱,占道途夢此須防大風暴雨平安夢此須防疾曰疫爭訟凡夢此者必當以所夢神言細推之何致雍者賈人之子也幼而爽俊好學嘗從其叔父泊舟皖口其叔夜夢一人若官吏乗馬從數僕來往岸側遍閱舟船人物之數復一人自後呼曰何僕射在此勿驚之對曰諾旣寤遍訪鄰舟皆無姓何者乃移舟入深浦中翌日大風濤所泊舟皆没唯何氏存叔父乃謂致雍曰我家世貧賤吾復老矣何僕射必汝也善自愛致雍後於湖南爲節度判官會楚王泚殷自稱號以致雍爲戶部侍郎翰林學士後楚王希範嗣立復去帝號以致雍爲節度判官檢校僕射,24057
卷之十九,飛走部,六畜,乗馬渡水,占此夢主險難中得吉處夢飛渡登康衢爲曰貴兆夢半渡而止有變更當細推以占占夢險中免難之夢也來處可來去處曰可去諸禍得解矣又爲天赦之徵,24073
卷之十九,飛走部,六畜,牛耕茂林中,占此夢主往來危厲無中生有禍中生福之徵曰雖小有可以成大雖險中可以得安者勤也,24081
卷之十九,飛走部,六畜,牛背一羝羊,夢之者必有可恥之處能飭治前人之敝端整脩占旣往之差誤振起將來之臨復則吉矣或曰此盛曰饌之夢兆必有佳餚美味之宴,24085
卷之十九,飛走部,六畜,騎牛吉,占夢裏騎牛何處去隱居無事向王朝曰馬背不如牛背便功名那比孝名高,24089
卷之十九,飛走部,六畜,牛作人言,占此幽𡨋假借夢中以决狐疑也凡夢之者曰必當以所言推占莫以他事而忽之也山東泰寧陳知縣夢三牛當道作人立而言曰莫殺我明日果有病牛狀至陳叱曰汝有三牛何云一牛其人驚憚即遣吏隨驗果繫三牛,24093
卷之十九,飛走部,六畜,牛生二尾凶,占立春在丑月之尾雞鳴在丑時之尾一尾變曰作二尾是分開身後之體損去人馬之物也周繕商于江湖夢一牛有二尾奔投水中未幾舟遇風溺僅以身免始悟牛二尾爲失字洛州杜玄有牛一頭玄甚憐之夜夢見其牛有兩尾以問占者李仙藥仙藥曰牛字有兩尾失字也經數日果失之,24099
卷之十九,飛走部,六畜,牛折一足,占此有求未得之兆危處安身之夢也但能恐曰懼脩省則緩中得吉而嫁娶之艱不可免也,24107
卷之十九,飛走部,六畜,乗馬借牛,外柔事物其正也吉,24111
卷之十九,飛走部,六畜,牛頭流血大吉,占是夢也陽决陰也頭屬陽血屬陰流者决而出曰也又盍衅以釁鐘先成祭器之象大貴兆也蔣琬見推之後夜夢有一牛頭在門前流血滂沱意其惡之呼問占夢趙直直曰夫見血者事分明也牛角及鼻公字之象君位必當至三公大吉之徵也後果驗云,24115
卷之十九,飛走部,六畜,牛撒尿吉,夢此者事物値剛柔之際周旋于艱阻之餘者也占有田土户婚之事焉有樽酒納約之物焉有幸而曰無咎之祥焉金庫在丑尿者金之餘氣也嘗有夢之而遇豬撒尿者所事果吉,24121
卷之十九,飛走部,六畜,牛伏戸外凶,此有損無益之夢也其驗必似吉而實凶其人懲占忿窒慾則雖凶無咎矣有一童子嘗夢此者其家曰,24125
卷之十九,飛走部,六畜,有,聘未娶每有往來必先夢此旣娶歸寧又夢此後以訟離别嫁則夢牛去矣,24130
卷之十九,飛走部,六畜,牛止于穴下凶,占夢之必有牢獄之事作事有凶無吉其人智曰且正必能知敝知敝而攺舍利從義乃亨,24135
卷之十九,飛走部,六畜,牛入寢室,占惟武士夢此者得亨其他貴賤貧富有驗曰於同居者有驗於日用者皆有可醜者,24142
卷之十九,飛走部,六畜,羣牛下山吉,占此晚景榮華之夢夢之者陟遠無危陟險曰得濟又爲卑以自牧之象無往不利者也,24147
卷之十九,飛走部,六畜,牛在高山頂上,占曰夢此爲凶處有吉危處有安又有音信之事曰其凶在草木其吉在文辭能謙以自警无咎,24153
卷之十九,飛走部,六畜,牛涉大水吉,苻融爲司𨽾校尉時有京兆人董豐游學三年而返過宿妻家是夜妻爲賊所殺妻兄疑豐殺之送豐有司豐不堪楚掠誣引殺妻融察而異之問曰汝行往還類有怪異及卜筮否豐曰初將發夜夢乗馬南渡水反而北渡復自北而南馬停水中鞭䇿不去俯而視之見兩日在水下馬左白而濕右黑而燥寤而心悸竊以爲不祥還之夜復夢如初問之筮者筮者云憂獄訟遠三枕避三沐旣至妻爲具沐夜授豐枕豐記筮者之言皆不從妻乃自沐枕枕而寢融曰吾知之矣周易坎爲水馬爲離夢乗馬南渡旋北而南者從坎之離三爻同變變而成離離爲中女坎爲中男兩日二夫之象坎爲執法吏吏詰其夫婦人被流血而死坎二陰一陽離二陽一陰相乗易位離下坎上旣濟文王遇之囚羑里有禮而生無禮而死馬左而濕濕水也左水右馬馮字也兩日昌字也其馮昌殺之乎於是推檢獲昌而詰之昌其首服曰本與其妻謀殺董豐期以新沐枕枕爲驗是以誤中婦人也,24157
卷之十九,飛走部,六畜,乗馬入山凶,占曰跨馬至深山崎嶇行路難奔馳入曰幽谷一去幾時還此夢非佳兆也郡主薄張宅夢走馬上山還繞舍三周但見松栢不知門處索紞占曰馬屬火火禍也人上山爲凶字但見松栢墓門象也不知門處無門也三周三朞也後三年必有大禍宅果以謀反伏誅建州梨山廟土人云故相李回之廟回貶爲建州剌史後卒于臨川卒之夕建安人咸夢回乗白馬入梨山及凶問至因立祠焉,24161
卷之十九,飛走部,六畜,小兒乗馬,占夢此自外來生男必貴顯夢此自內出曰出主多事夢此一去不回者不祥元劉述夢神人以馬送一兒乗至其家曰善養之果生子名曰因字夢吉膺騁爲名儒云,24179
卷之十九,飛走部,六畜,馬舞舍丁凶,占夢此必災禍至馬舞即止其禍小爲口曰舌爭鬥之事馬舞弗已必有大禍難解黃平夢舍中馬舞數十人向馬𢫦手問索紞納曰馬者火也舞爲火起向馬拍手救火人也平未歸而火作,24189
卷之十九,飛走部,六畜,馬嘶貞吉,居官者夢之主有人求薦舉居家者夢之主有客占來相訪當以其嘶鳴在何處占之金勒馬斯芳草曰地此春遊樂事也,24196
卷之十九,飛走部,六畜,三馬共一處,曹操聞司馬懿有狼顧相又嘗夢三馬同食一槽甚惡焉因謂丕曰司馬懿非人臣也必預汝家事後與師昭相次當國竟遷魏鼎,24200
卷之十九,飛走部,六畜,四馬六馬同駕吉,占此大貴之夢兆而貧賤者夢之雖在曰難之中亦無患乃駕車安行之象也,24204
卷之十九,飛走部,六畜,萬馬貞吉否凶,貞吉否凶占夢此者主心事不寧家門駁雜須靜曰以鎭之安以待之勿輕舉妄動則吉,24208
卷之十九,飛走部,六畜,洗馬,占求利者夢之吉處見災殃災殃亦無𰋶求名曰者夢之難處見吉祥吉祥不可量曰是官名威遠軍小將梅伯成善占夢有優人李伯憐遊涇州乞錢得米百斛及歸令弟取之過期不至夜夢洗白馬訪伯成古之伯成抒思曰凡鄆人好反語洗白馬濕白米也君所憂或有風水之虞乎數日弟至果曾於渭河中覆舟,24213
卷之十九,飛走部,六畜,飲馬吉,占夢此者諸事得濟更得其所憑依上下相曰相和前後相益出言信而人心服者,24219
卷之十九,飛走部,六畜,馬無蹄凶,馬非四足不能行夢寐憂疑見此形夢無前足前占難守夢無後足後難停只爲立身無四正柔邪躁曰妄少安寧縱然富貴不常享他日遭殃喪此生朱少卿少貧賤客于成都夢有一人自外牽馬一疋直入云少卿領取朱視之其馬無前足歩歩側蹶匍匐而來其状苦楚朱大驚而覺常自惡之後蜀王開國有親知引薦累至司農少卿無何膝上患瘡雙足自膝下俱落痛苦經旬以五月五日卒,24223
卷之十九,飛走部,六畜,駒吉,占夢此爲少陽之象爲富貴之徵有作事成曰家之會有出行康泰之畿生男必俊,24235
卷之十九,飛走部,六畜,驢騾,占夢此者與夢馬相似但夢驢主官事曰夢騾主貨利之事爲多勞而無逸也,24239
卷之十九,飛走部,六畜,乗騾貞吉否凶,貞吉否凶占此夢有多累之象而歷渉艱辛自有佳祥在後曰日安居無事不無危厲於目前軍中不宜夢此,24243
卷之十九,飛走部,六畜,乗驢,衛中行爲中書人有故舊子弟赴選投衛論囑忽夢乗驢渡水蹶墜水中登岸而靴不濕及牓出選事不諧此蹶墜之驗也張鷟字文成夢着緋乗驢夢中自怪我當乘馬何爲衣緋𨚫乗驢其年應舉及第授鴻臚丞未經考滿而授職五品此其瑞兆也,24249
卷之十九,飛走部,六畜,━━━━━━━━━━━━━━━━━━━━━━━━━━━━━━━━━━━━━━━━━━━━━━━━━━━━━━━━━━━━━━━━━━,卷之二十,24259
卷之十九,飛走部,六畜,━━━━━━━━━━━━━━━━━━━━━━━━━━━━━━━━━━━━━━━━━━━━━━━━━━━━━━━━━━━━━━━━━━,,24261
卷之二十,飛走部,羽族,靑鸞來自雲中吉,靑鸞鳳屬西王母所乗者夢此爲壽徵少壯者踰占古稀而臻耄耋高年者過期頤而比籛鏗兒孫戲曰綵子女稱觴共祝長生之慶也,24278
卷之二十,飛走部,羽族,鵬飛過海大吉,莊子曰鵬之背不知其幾千里扶搖而上不知生幾萬里其爲鳥也至大矣夢飛過海者應試蒙占欽賜不拘常式仕宦受特恩破格陞遷□曰兵立功於絶域商賈鬻販獲利於逺□□此主生出類拔萃之人建經天緯地之業,24282
卷之二十,飛走部,羽族,跨鵬飛上天,沈晦赴省至天長道中夢身跨大鵬摶風而上因作大鵬賦以紀其事宣和間果魁天下,24290
卷之二十,飛走部,羽族,金翅鳥吉,金翅鳥鵬屬夢此者爲貴顯之徵文人名揚宇宙占武士威震華夷應舉夢之當大魁天下生子夢之曰必高出人間,24294
卷之二十,飛走部,羽族,鳥食龍蛇凶,南齊世祖夢金翅鳥下殿庭搏食小龍無數乃飛上天時第二十三子南郡王子夏初生最幼後明帝七年子夏誅年甫七歲耳,24298
卷之二十,飛走部,羽族,紫翎文鳥降于庭吉,唐張鷟爲兒童時夢紫色大鳥五彩成文降于家庭其祖聞之曰五色彩文者鳳鳥也紫色者鸑鷟也鸑鷟爲鳳凰之佐吾兒當以文章顯于明庭名之曰鷟字曰文成長登進士第人稱頌之曰張子之文如靑錢萬選目爲靑錢學士天后時中使馬仙童陷諸默啜默啜問仙童曰張文成在否國有此人而不能用無能爲也暹羅日本諸東蕃尤重之必厚金貝以購其文才名遠播如此新喻蕭克翁隱居不仕夜夢大鳥止其所居翼覆軒舉家驚異視之冲天而去明日孛术魯翀至翀鄧之順陽人居謙之子也居謙辟掾江西以家自隨生翀贛江舟中釡鳴者三人以爲異居謙沒家益落翀自順陽復往江西從學于克翁克翁樂育之翀初名思溫字伯和克翁易其名曰翀字曰子翬竟以文學名世爲翰林侍講參知政事謚文靖公,24302
卷之二十,飛走部,羽族,鳥飛入口中吉,晉羅含幼孤爲叔母朱氏所養嘗晝臥夢一鳥文彩異常飛入口中因驚起說之朱氏曰鳥有文彩汝後必有文章自此後藻思日新仕爲江夏從事太守謝尚曰可謂湘中之琳瑯後補桓溫參軍或謂含荆楚之才溫曰此自江左之秀豈惟荆楚而巳,24310
卷之二十,飛走部,羽族,鵰在雲端,鵰鷙鳥也翮可爲箭在雲端者爲高飛遠舉之象占書生夢此前程遠大仕宦夢此功業崇高行師用曰兵夢此威武奮揚無亡矢遺鏃之費,24321
卷之二十,飛走部,羽族,射鵰大吉,非寳弓不能射非絕技不能中夢射鵰者文人有占倚馬之才鰲頭獨占武士有擒虎之勇爵土分封曰凡事夢此利名兼得,24325
卷之二十,飛走部,羽族,鶚集于屋吉,鶚大鳥也有凌霄摶空之勢集于屋者自天而降占也仕宦夢此居官則敢言而被斥居鄉則獨立而曰不羣尋常夢此有交游主貴人入宅若分娩主貴子臨盆,24329
卷之二十,飛走部,羽族,白鶴大吉,高潔之物爲一品文臣之服色居官者夢此位至占三公居家者夢此壽踰百歲條真者夢此必有天曰仙降臨可得羽化懷孕者夢此主有貴子誕生可望顯榮,24335
卷之二十,飛走部,羽族,玄鶴黃鶴吉,鶴五百歲而黃千歲而玄夢此者爲長年之瑞徵占鶴髪𩀱親壽比南山而有慶玄端大老福如東海曰以無疆修煉者夢之主眞仙來度白日飛昇,24341
卷之二十,飛走部,羽族,駕鶴冲天,李抱眞以司空平章事居重鎭晚節好方士謂不死藥可致有孫季長者爲錬金丹且曰服此當成仙去抱眞表署幕府見親信夜夢駕鶴冲天乃刻木鶴衣羽衣以習乗之凡服丹二萬丸腹堅不食將死道士牛洞玄以猪肪榖漆下之少間季長曰垂上得仙何自棄也益服三千丸而化,24345
卷之二十,飛走部,羽族,鶴飛去凶,宋歐陽脩字永叔在夷陵遊姜詩廟濳禱嗣續其家人夢一鶴飛來自云雌鶴果育一女甚端麗至八歲忽夢一鶴飛去未及旬此女暴疾卒,24351
卷之二十,飛走部,羽族,鸛營巢大吉,鸛水鳥似鶴者也營巢爲成家之象得此夢者主占富貴之瑞徵千倉萬箱家藏金穴三台八座位極曰人臣孕育夢此生子爲命世賢才億兆瞻仰易曰大觀在上中正以觀天下,24355
卷之二十,飛走部,羽族,鶖在河梁,貞吉否凶鶖秃鶖也以魚爲食在梁則旣飽而游樂矣夢此占者主有小人得寵富貴而驕奢君子遭讒貶斥而曰疏遠惟鎭靜以持身淡泊以明志則吉,24359
卷之二十,飛走部,羽族,錦雞集園林吉,錦雞即雉也有文彩似錦集園林者爲安居得所占之象仕宦夢此官至二品應其服色郷試夢此中曰在酉科肖其本宮○書生夢此斐然成章添丁夢此卓哉奇物,24364
卷之二十,飛走部,羽族,金雞大吉,占西方之昴宿也夢見其形者位列朝班夢曰聞其聲者名滿天下夢吞之者生子極貴遼史曰聖宗皇后蕭氏夢拂承天太后榻獲金雞吞之是生興宗,24368
卷之二十,飛走部,羽族,翠雞化鶚,西子之生也其母夢有翠雞五色自空而下久之化爲鶚而飛去西施之美麗又教以歌舞翠雞之五色也興越亡吳范蠡扁舟載之以遊化鶚而高飛也孰謂夢之無徵哉,24374
卷之二十,飛走部,羽族,射雉吉,雉文明之物雄者善鬥夢射雉者爲所舉得人之占兆知貢舉者夢此必得錦心綉口之佳士司武選曰者夢此必得智謀忠勇之英雄功勳鑄於鼎鐘聲名垂於竹帛易曰射雉一矢亡終以譽命,24378
卷之二十,飛走部,羽族,孔雀舞于庭吉,孔雀文禽也爲三品官職之服色夢舞于庭者仕占宦位至卿佐婚姻壻必顯貴胎孕主生文華之士曰爲世名臣若下賤輩夢此充皂隸之屬而巳南齊世祖未遇時夢着孔雀羽衣庾溫曰雀爵位也羽爲衣文彩者也得衮服之象,24385
卷之二十,飛走部,羽族,孔雀銜花吉,花美麗之物也孔雀非凡鳥也夢孔雀銜花美麗占而榮貴也懷孕生女必美而貴但以所銜之花是曰何種類占其品格賈雲華爲賈平章女其母邢國夫人莫氏夢孔雀銜牡丹蕊寘於懷中而生生而聰慧姿色絶人後嫁爲魏鵬妻云,24391
卷之二十,飛走部,羽族,赤雀銜丹書大吉,占此聖王之瑞受命之符也夢此者德造其極天降曰之福化家爲國子孫千億宜君宜王萬壽無疆西伯事殷自程徙酆夢赤雀銜丹書入酆止於其居此文王之至德興周之吉兆,24400
卷之二十,飛走部,羽族,雁入雲中,貞吉否凶是夢也士人得之姓名標雁塔常人得之兄弟登占雲路若望行人音書未至寄遠信阻隔難通秋冬曰夢此有吉無凶春夏夢此多凶少吉,24406
卷之二十,飛走部,羽族,鴻雁來庭院吉,得此夢者主音書遠至賔客相訪之兆深閨寂寞占夢此聊遣愁懐寒舍凄清夢此將生談笑未嫁娶曰者夢之爲奠雁之徵佳期有在,24413
卷之二十,飛走部,羽族,射中飛鴻大吉,飛鴻者禽也弓矢者器也射之而中者人也此夢占爲藏器於身待時而動獲之無不利之兆文士高曰中魁元鴻名揚海宇武臣斬獲敵首鴻業滿邊陲居官者夢此三品有備居家夢此五味得宜,24419
卷之二十,飛走部,羽族,鶴雁來迎,宋邵康節有疾晝寢覺而謂衆曰吾夢旌旗鶴雁自天而下引導吾神往矣無以藥相逼也,24423
卷之二十,飛走部,羽族,黃鵠高飛吉,得此夢者爲奮揚冲舉之兆文人飛騰上達平地占升天武士勤勞遠征櫛風沐雨婦女懐孕夢之生曰男必有大志,24427
卷之二十,飛走部,羽族,白鷴吉,五品文臣之服色也選舉夢此職居州牧陞遷夢占此位列大夫老者夢之爲佳享白髣安閑之福少曰者夢之不美有白日閑過之憂,24431
卷之二十,飛走部,羽族,白鷺于雲吉,占夢此者爲靑雲得路之兆書生學問日進才智過曰人舉子文章高妙功名唾手凡事通達吉無不利,24438
卷之二十,飛走部,羽族,鸂𪅙𩀱飛吉,翡翠之屬爲七品文官之服色夢此者巳貴降階占文林郎初任授職縣邑長胎孕夢之主雙生不問曰男女俱秀而美商販夢之獲珍奇無論多少賈高而貴,24442
卷之二十,飛走部,羽族,鵪鶉,貞吉否凶詩云鶉之奔奔居有常匹飛則相隨之鳥也八品占文臣以爲服飾夢是鳥者動作有禮進退有度周曰旋出入不踰規矩無忝於佐貳之職任常人夢之主有官司之事,24448
卷之二十,飛走部,羽族,練雀,貞吉否凶小鳥而長尾者爲九品官寮之服飾應選夢此職占授州縣佐貳詞訟夢此事在署衙有司若尋常夢曰之主有孝服不過朞功緦痲,24453
卷之二十,飛走部,羽族,倉庚鳴樹上吉占,倉庚黃鸝也當春始鳴其聲清和婉轉夢鳴樹上占者主遷移之吉兆詩云出自幽谷遷于喬木是也曰女子夢此必勤於機杼交交時作弄機聲其斯之謂與,24458
卷之二十,飛走部,羽族,燕舞梁間大吉,得此夢者爲燕會喜樂之兆久旱逢甘雨他鄉遇占故知洞房花燭夜金榜掛名時其此之謂乎行人曰夢此得歸病人夢此得起孕者夢此生男困者夢此得利,24462
卷之二十,飛走部,羽族,燕巢林木凶,燕子依人營壘子簷下或堂前夢巢林木者甚非占吉兆恐有兵火之災室廬荒廢敗亡之禍棟宇傾曰頽春社後夢此大凶秋社後夢此猶可,24466
卷之二十,飛走部,羽族,白燕入懷中大吉,占燕玄鳥也白者爲奇夢入懷中主有非常之喜凡曰事皆吉孕婦夢此無論弄璋弄瓦俱主大富大貴唐張說母夢玉燕自西南飛來投入懐中而生說開元中爲中書令封燕國公,24472
卷之二十,飛走部,羽族,赤烏三足吉,太陽之精君象也夢此者爲貴徵仕宦日覲天顏占孕育誕生大貴久雨雲開見日久約否極泰來久曰病災消福至○若夢赤烏無足或一足兩足飛入室者須防火災,24480
卷之二十,飛走部,羽族,赤烏若龍戲巳,豐公姓劉氏家于沛之豐邑中陽里其妻夢赤烏若龍戲巳而生執嘉是爲太公太公生沛公諱邦後爲漢王即帝位尊太公爲太上皇,24488
卷之二十,飛走部,羽族,白烏,貞吉否凶烏無純白者夢中所見之幻形耳有喪服者爲佳占兆有疾病者爲凶兆貧乏夢此得財屈辱夢此得曰白懷孕夢此生子賢孝,24493
卷之二十,飛走部,羽族,羣烏聚集,貞吉否凶此羣小烏合之兆宜細推占夢烏集屋上主宼盜占生發夢烏集庭中主官司爭訟夢鳥集林木仇讐曰欲報怨夢烏集曠野出行防剽掠凡事謹愼爲上,24498
卷之二十,飛走部,羽族,身化爲烏貞吉否凶,貞吉否凶占詩云瞻烏爰止于誰之屋夢身爲烏者當詳曰其所止處耳得所止則吉不得所止則凶春秋時末景公無子取公孫周之子得與啓蓄於公宮未立景公卒太尹立啓矣得夢啓北首而立於盧門之外巳爲烏而集於其上味加於南門尾加於桐門得曰余夢美必立六卿謀立得是爲宋昭公太尹奉啟以奔楚,24503
卷之二十,飛走部,羽族,烏鴉銜物於庭前,此夢凶多吉少烏鴉不祥之鳥銜物於庭前必其占家禍福以此預報也當以所銜何物占之善物主曰吉惡物主凶徐子木少時嘗夢烏從天下銜長柄傘樹其庭前後上天銜三傘下凡樹三傘竟烏大鳴作惡聲而去徐後果以惡終,24512
卷之二十,飛走部,羽族,慈烏反哺大吉,慈烏孝鳥也母老病則反哺之夢此者主有仁孝之子竭力奉養賢淑之女盡禮歸寧老者安全少者和順篤恩敦義之休徵也,24521
卷之二十,飛走部,羽族,鵲成巢大吉,鵲善爲巢其巢最爲完固詩云維鵲有巢維鳩居占之得此夢者主創造屋宇有肯堂肯構之佳胤締曰結姻親有九儀十儀之良緣家室豐盈琴瑟和調之吉兆也,24526
卷之二十,飛走部,羽族,簷前鵲噪大吉,是夢也爲喜慶之兆士子應試必得捷報行人遠占山必得佳音婚姻得諧秦晉胎孕必產寧馨𡬶常曰夢此主有嘉客相訪或親朋見招或禮儀來貺凡事皆吉,24530
卷之二十,飛走部,羽族,雎鳩和鳴吉,雎鳩水鳥也生有定偶而不相亂偶常並遊而不相狎夢其和鳴者主有婚姻嫁娶之事淑女得配占君子才子必得佳人交相敬愛如兄如弟偕老百曰年者也詩云關關雎鳩在河之洲窈窕淑女君子好逑此夢之謂歟,24534
卷之二十,飛走部,羽族,鴛鴦戲水吉,鴛鴦匹鳥也戲水爲喜樂之兆得此夢者主婚姻占和合室家歡慶若夢其棲止者福壽駢臻之瑞徵曰詩云鴛鴦在梁戢其左翼君子萬年宜其遐福此之謂也,24538
卷之二十,飛走部,羽族,鳬鷖在水中,鳬與鷖皆水鳥也在水中爲得所然鳬鷖者巫醫占也得此夢者學業未成當作巫醫疾病未愈宜事曰巫醫作巫醫者須有恒事巫醫者必誠信也,24542
卷之二十,飛走部,羽族,鳬飛入宅凶,鳬水鳥如鴨者夢飛入宅大非吉兆主有官符病占符之患官符爲飛來之禍事渉誣陷病符得外感曰之疾祈祝鬼神,24546
卷之二十,飛走部,羽族,水鷗來往,是夢也居官者宜解綬致仕告老歸田居家者宜占孝養友于敦睦和順詩云紗帽閑眠對水鷗又云曰相親相近水中鷗其此之謂乎,24552
卷之二十,飛走部,羽族,鳲鳩吉,布榖也一名戴勝夢此主連姻大族百輌盈門產占育多男其儀正國久旱夢此必雨久雨夢此得晴曰農人及時播種行旅趂早冋還若出軍爭訟者夢之有戴姓者大勝,24560
卷之二十,飛走部,羽族,鵙鳴,鵙伯勞也五月始鳴一陰方長之候也夢此者恐占有小人陵君子妾婦乗其夫夷狄侵中國若婦女曰秋間夢之宜勤於機杼以爲禦寒之計,24566
卷之二十,飛走部,羽族,鸚鵡傳言,記曰鸚鵡能言不離飛鳥得此夢者必有巧言令占色之徒亂我聰明或長舌之婦簧鼓耳目凡非禮曰非義之事一切勿視勿聽則心正而身修家齊而國治矣,24570
卷之二十,飛走部,羽族,鸚鵡折翼,唐則天后夢一鸚鵡羽毛甚偉兩翅俱折以問宰相內史狄仁傑曰鵡者陛下姓也兩翅折者陛下二子廬陵相王也陛下起此二子兩翅全矣武承嗣武二思面項皆赤後契丹圍幽州檄朝廷曰還我廬陵柏王來則天乃憶狄公之言曰卿曾爲我占夢今乃應矣朕欲立太子何者爲得傑曰陛下内有賢子外有賢姪取舍詳擇斷在聖衷則天曰我自有聖子承嗣三思是何疥癬承嗣等懼掩耳而走即降敕追廬陵立爲太子充元帥初募兵無有應者聞太子行北邙山頭皆兵滿無容人處賊自退散,24574
卷之二十,飛走部,羽族,白鸚𪃿飛舞吉,觀音蓮座前有此珍禽夢其飛舞者必樂善好施占長齋恃戒敬事三寳信受奉行者也夢之則見性曰明心子悟色空境界叅禪得道証入妙覺法門,24578
卷之二十,飛走部,羽族,鷹大吉,摯鳥也孟秋乃祭烏以報天仲春則化爲鳩任宦占夢此將帥行師張威武奮揚之勢官僚職任掌郊曰社祭祀之儀家居夢此帑藏有餘將鳩上而聚衆室廬不稱欲革故而鼎新,24582
卷之二十,飛走部,羽族,鷹搏雀吉,是夢也國家得驍將戰勝攻取軍門得勇士斬占寇捕亡𡬶常得童僕趨走承順胎孕生英傑冲舉曰飛騰求名求利出行詞訟凡事皆吉,24586
卷之二十,飛走部,羽族,鷂展翅,貞吉否凶鷂鷙烏也展翅爲奮擊之象得此夢者文臣將除占害去惡武帥主北伐西征求名者得吐其才能求曰利者必滿其願欲若小人非爲者夢北難免緝捕拷掠之禍,24591
卷之二十,飛走部,羽族,鳶吉鴟類能高飛遠舉,鴟類能高飛遠舉夢此禽者文人養其羽翼上薄占雲漢武土露其爪牙奮揚邊疆山林隱逸之賢天曰機活潑怡然自適帷房誕生之子狀貌奇偉卓爾不凡,24598
卷之二十,飛走部,羽族,鶡鵙凶,夜鳴求旦之鳥也夢此者主憂勤之兆事在忙迫占欲反夜而作晝心懐愁苦嫌漏永而更長或官府曰催督或寇賊侵凌或疾病死䘮危急有坐以待旦寢不安席之象,24606
卷之二十,飛走部,羽族,鶢鶋入室,鶢鶋海鳥也入室者怪異之兆夢此者主有禱祠占祭祀之事風水不利人口不寧修德以感之祈神曰以禳之庶幾轉禍爲福,24610
卷之二十,飛走部,羽族,鷦鷯棲樹吉,鷦鷯小鳥也所棲不過一枝得此夢者文士有貴占人提拔加官進祿常人有富翁接引樂業安居流曰離患難者夢此亦有親族依傍終得寧家,24614
卷之二十,飛走部,羽族,鴝鵒,俗名八𪃿弄舌之鳥也夢此者憂喜不一之兆或先憂後樂占或樂極生悲易曰先號咷而後笑又曰或泣或歌曰是夢之謂也春夏夢之多吉秋冬夢之多凶,24620
卷之二十,飛走部,羽族,鶺鴒在原野,鶺鴒飛則鳴行則搖有倉皇不安之意有憂戚未占舒之貌夢此主兄弟急難情義迫切分痛以念同曰胞分憂以恤手足則友于之誼篤敬共之道得矣,24625
卷之二十,飛走部,羽族,子規月下啼,子規杜鵑也夢啼月下者旅人有故鄉之思亟整占行李蠶婦有葉稀之想載取桑條惟富貴之家宴曰樂歌舞通宵而未歸也,24629
卷之二十,飛走部,羽族,黃雀吉,雀爵同夢是鳥者有爵位之瑞徵也始仕者得授占階巳仕者必晉秩無論正途異途登仕籍者俱加曰爵蒙恩榮寵貴顯但致仕告老者不宜夢此恐有辭世歸山之兆如雀之入水爲蛤云,24633
卷之二十,飛走部,羽族,瓦雀,俗稱痲雀以其巢于瓦間故名此小人成羣之象凡夢之者持身以正接物以嚴占持雖遇羣小不至於見怒也若有田疇倉廩者夢此曰須防盜竊之人然所損不多亦無大害,24640
卷之二十,飛走部,羽族,鴇鳥凶詩云肅肅搗羽集于苞栩王事靡盬不遑萟稷黍,詩云肅肅搗羽集于苞栩王事靡盬不遑萟稷黍占夢此主征役遠行田疇荒廢不得仰事俯育之兆曰若婦女夢之必有私情可醜之態婚姻夢之不可成其女必不貞良,24646
卷之二十,飛走部,羽族,鴟鴞凶,鵂鶹惡鳥也居官夢此必遭讒謗居家夢此必見占侵陵父子分離兄弟乖戾夫妻反目骨肉參商凡曰事夢之大不祥之兆也急宜解禳,24653
卷之二十,飛走部,羽族,鵩,俗名猫鷹,24660
卷之二十,飛走部,羽族,凶,怪鳥也晝伏不見鳴於將旦將夜之時夢聞其聲占者主死喪之事夢見其形者主殀折之禍但夢此曰之後旣見凶喪則无咎矣,24662
卷之二十,飛走部,羽族,鷸蚌相持吉,夢此主利名兼得之兆隣近有交爭者兩不相下占當觀變而動見可而進必併取而盡有之語云漁曰人得利此之謂也,24668
卷之二十,飛走部,水族,騰蛟大吉,雉與蛇合而生蛟蛟得雷雨則非池中之物此夢占主變化飛騰身顯名揚之象文學登高第將軍建曰大功老年生貴子卑賤遇王公,24679
卷之二十,飛走部,水族,蛟龍入懷吉,得此夢者學貫天人名播宇宙傳千載之道脉爲占一代之儒宗非尋常淺陋士也漢董仲舒夢此而曰作春秋繁露,24683
卷之二十,飛走部,水族,蛇化蛟大吉,是夢也主平地升天駭世驚人之兆士人夢此脫占白掛綠女子夢此因賤致貴尋常夢此必有意外曰之遭逢不期之際會大喜過望,24687
卷之二十,飛走部,水族,蜿蜒降于池吉,吳澄字幼清崇仁人澄生前一夕鄰媪夢有物蜿蜒降其舍旁池中,24691
卷之二十,飛走部,水族,蜃貞吉蛟屬雉入大水爲蜃者即此凡夢之者豪傑未遇,蛟屬雉入大水爲蜃者即此凡夢之者豪傑未遇占當韜光養晦士大下第宜歛跡藏修一朝際會風曰雲指日飛騰霄漢若欲速則不達也,24695
卷之二十,飛走部,水族,黿曝日大吉,黿介蟲之大者也曝日爲面君之象得此夢者省占試主中榜首延試必爲狀頭仕宦特沐寵恩告老曰得蒙存問若懐孕夢此主生文墨之子大魁天下,24702
卷之二十,飛走部,水族,黿囓足,此渉險遇傷之兆也壯士夢此不宜蹈水馮河商占旅夢此不宜渡江泛海凡出行遠遊者陸路爲吉曰水路可虞若家居夢之主得異味飲食或有貴人需索,24706
卷之二十,飛走部,水族,鼉吉,鼉似蜥蜴長丈餘以其皮建鼓聲聞百里夢此者占文人姓揚朝野武士威震華夷胎孕夢之主生丈曰夫子聲名洋溢,24710
卷之二十,飛走部,水族,大龜,似黿非黿似龜非龜者嘉定中譚思通剏菴名崇壽鑿井得木佛金粉雖褪模刻宛然因大拓規模名靜信寺像設未備忽一夕夢大龜云願以身嚴佛像翌日見一大龜引六龜乗潮至浮于崛浦之上思通嘆曰吾安忍害物命以營繕乎遂縱于海未幾崇明州施光遠者亦感是夢遂取殺之得玳瑁鬻錢詣譚氏以成佛像光遠者思通之姻也二人會次言之若合符節今寺勒石以記,24715
卷之二十,飛走部,水族,鰲魚貞吉否凶海中極犬之鼈也,貞吉否凶海中極犬之鼈也士人夢此主登科武將夢此主占出塞孕婦夢此生貴子𡬶常夢之凡百煎熬諸事曰不寧,24725
卷之二十,飛走部,水族,鱷魚貞吉,兇暴之物爲民害者也出行夢此陸路無險阻商占旅夢此河海有災迍仕宦夢此主有潮州之任必曰如韓昌黎之守正不阿始得,24733
卷之二十,飛走部,水族,鯤魚吉,北溟有魚其名爲鯤鯤之大諸魚莫能及也文人占夢此聲名洋溢於海表武士夢此威令震懾於邊曰方生男兆此其出處不凡横絶一世,24739
卷之二十,飛走部,水族,鯨魚,貞吉否凶海中長鯨也其音如洪鐘凡夢此者問行人主有占遠信求功名必得好音若不顧禮義而懐異志妄曰有所作爲者不能善終,24745
卷之二十,飛走部,水族,鯉魚大吉,此化龍魚也無論大小從首至尾直數凡三十六占鱗謂之六六魚夢是魚者爲能變化之兆書生龍曰門高跳仕宦鳳閣先登胎孕夢此必生異常之人卓然名世凡事物之數應在四九,24752
卷之二十,飛走部,水族,鱒魴大吉,鱒似鯶而鱗細魴似𫙷而身廣夢此魚者主得見占尊貴之象元宰勳臣巡行於此地公孤碩輔鎭守曰於是邦喜其來而悲其晩願其留而憂其去也詩云九罭之魚鱒魴我覯之子衮衣繡裳,24756
卷之二十,飛走部,水族,鱣鮪吉,鱣魚似龍鮪似鱣而小夢此爲嫁娶之佳兆富貴占之家得正嫡姬姜之美有衆媵姪娣之多所謂百曰兩迎之爛其盈門者是也,24760
卷之二十,飛走部,水族,魴鱮,貞吉否凶魴身廣而薄其鱗細鱮或謂之鰱夢此爲帷箔不占修之兆婦人無母儀出入不謹女子少閨訓舉止曰無恒操紀綱者以禮防閑之庶幾有節矣,24764
卷之二十,飛走部,水族,嘉魚吉,鯉質鱒鯽肌出於沔南之丙穴夢此主宴樂之兆占旨酒佳餚親朋共爲酬酢華筵盛饌賔主相與周曰旋詩云南有嘉魚烝然罩罩君子有酒嘉賔式燕以樂,24772
卷之二十,飛走部,水族,魚求去釣鈎吉,漢原人釣魚於昆明池綸絕而去武帝夢魚求去其鈎越二日而帝出狩戲遊池上見大魚銜索帝曰豈朕昨所夢耶乃命吏取魚去其鈎而放之帝後復遊池浜得明珠一𩀱曰是昔魚之報耳,24776
卷之二十,飛走部,水族,釣得大魚吉,魚陰物也夢釣得其大者爲連姻巨室之兆娶妻占必得貴家之女納寵必逢舊族之人求財定能稱曰心謀望自然如意,24780
卷之二十,飛走部,水族,魚在藻吉,是夢也書生得之爲文藻思勃發謁貴魚水相投占仕宦得之忠直魚頭骨鯁顯榮華藻服章若至尊曰夢此爲宴樂之象詩曰魚在在藻有頒其首王在在鎬豈樂飲酒其此之謂乎,24784
卷之二十,飛走部,水族,魚飛在天大吉,魚大有力能飛在天爲化龍之象得此夢者文人占飛黃騰踏将士耀武揚威凡庸之人亦有非常奇曰遇孕者生子必然超出等倫佳兆也,24788
卷之二十,飛走部,水族,魚變爲人,左賢王劉豹妻呼延氏祈子於龍門俄而見一大魚頂有二角軒鬐躍鱗而至祭所久之乃去其夜夢此魚變而爲人左手把一物大如半雞子光影非常授呼延氏曰此是日精服之生貴子寤而告豹豹曰吉祥也自是十三月而生子左手有文曰淵遂以名焉至晉永興初稱帝都平陽,24792
卷之二十,飛走部,水族,人惠魚吉,占魚美味也夢入惠者爲雅貺主喜慶之兆活曰魚得財帛腥魚得飲食乾魚得羨餘之利,24796
卷之二十,飛走部,水族,舉網得魚大吉,夢此爲綱舉目張網羅英賢之象朝廷政事精占明官吏法度嚴整設科取士得經濟之才分職任曰人獲治理之效尋常夢之不過酒食,24800
卷之二十,飛走部,水族,魚食蒲,秦主苻生夢大魚食蒲又長安謠曰東海大魚化爲龍問在何所洛城東蒲苻氏故姓也東海苻堅所封也堅時爲龍驤將軍其地在洛陽之東此堅將王秦之徵也苻生不知是堅以謠夢之故殺其侍中魚遵,24804
卷之二十,飛走部,水族,思食稻禾凶,占是夢也主大水爲災之兆歲時荒歉民人飢曰困若豐年夢之恐有寇盜生發妨害農事,24808
卷之二十,飛走部,水族,魚囓人凶,唐河東柳沂僑居洛陽因乗春釣伊水得巨魚挈歸置盆水中沂有嬰兒始齠齡是夕沂夢魚以喙囓嬰兒之臆沂驚寤兒亦夢大魚囓臆痛不可忍而啼沂視兒臆果有瘡血沂懼及旦以魚投伊水兒瘡乃愈沂遂誓不復釣,24814
卷之二十,飛走部,水族,大魚躍水盆中,胡寅字明仲安國弟之子寅將生其母以多男欲不舉安國妻夢大魚躍水盆中急往取而子之爲宋名儒,24826
卷之二十,飛走部,水族,鼈,俗名團魚鼈爲介蟲之類於易卦屬離鯉魚見霧而飛升遇占鼈則止夢此爲逡巡畏縮之象作事退怯而不前曰戰陣□弱而無勇惟家居夢之則吉主骨肉團圓男女有别之兆,24832
卷之二十,飛走部,水族,能,三足鼈,24841
卷之二十,飛走部,水族,吉,水府之使也龍行取水能則爲之前驅武士夢此占出征爲先鋒□生夢此小試當前列商旅出行夢曰此渉歷江河無險阻之危,24843
卷之二十,飛走部,水族,黄甲蟹貞吉,黃色似金甲有科甲甲兵二義士人夢之名登金占榜武將夢之威著虜庭若疾病詞訟夢之必主解曰散交易婚姻夢之必主難成,24850
卷之二十,飛走部,水族,蟹去足吉,一士人赴省應試夢得蟹而去其足以問占者曰蟹去足乃觧字也當爲觧元及榜出果然第一,24854
卷之二十,飛走部,水族,蟹滿田原貞吉,蟹爲甲胄横行之象滿田原者乃衆多之兆夢此占主兵戈擾攘宼盜縱橫有國家者當修城郭繕器曰械嚴武備以預防之,24858
卷之二十,飛走部,水族,蟛𧑅,一名蟛基,24864
卷之二十,飛走部,水族,凶,似蟹而小生江濵凡夢之者甚非吉兆疾病夢此占主彭脹嘔吐詞訟夢此主越誑欺凌若有兵權而曰作威福者夢此當思菹醢之戒,24866
卷之二十,飛走部,水族,蚌吉,中虚而外堅得離之象夢之者凡事和合婚姻爲占天然佳配必生賢嗣若殻厚小而孔多者爲石决曰明夢此主眼目光明瞳神清爽,24873
卷之二十,飛走部,水族,蛤蜊,蛤者合也蜊者利也商賈夢此合本多利兄弟夢占此分產無成出行夢此有伴爲良婚姻夢此得就曰爲美凡夢之者宜合不宜分也,24881
卷之二十,飛走部,水族,蜆蟶蚶,三物俱介蟲之微者蜆右行險之義䗎有瞋怒之占義蚶有痴憨之義即釋氏之所謂貪瞋痴也凡夢曰此者戒貨財以除貪戒怒氣以除瞋戒酒色以除痴則出迷入悟矣,24893
卷之二十,飛走部,水族,鰻吉,無鱗魚也夢此爲柔膩滑澤之象買婢妾主肌豐占體膩得童僕主質媚性柔凡事凡物流利而不澁曰滯光澤而不枯槁勞瘵者夢之其病必愈,24897
卷之二十,飛走部,水族,鰍躍水中吉,得此夢者書主文士有秋試之捷詩客騷人有秋占氣之悲耕夫農叟有秋成之望出行夢此至秋而曰何疾病夢此交秋而瘥凡事遇合必待秋而始定也,24901
卷之二十,飛走部,水族,鱔魚貞吉,語云一善能除百惡凡夢鱔者主有善心生放生占戒殺宗如來之教必有善人遇遷善改過誦孔子曰之書若小人無忌憚者夢之恣口腹之欲爲善柔之損不能遏惡而揚善也,24905
卷之二十,飛走部,水族,蝦凶,蝦爲虚假之象又爲遐遠之義夢此者主五榖不占實凡事𣺌茫○夢蝦靑者主多鬚之人鞠躬盡禮曰赤者主好酒之徒大醉失儀白者主孝服之女于求處事,24909
卷之二十,飛走部,水族,蝦蟇吉,蟾蜍之類俗稱頼黑麻夢此主有醜貌之人來見占因其可用而用之亦能成事若三足者爲月宮之曰蟾書生夢之登第羽士夢之成仙,24913
卷之二十,飛走部,水族,蛙閙貞吉,蛙產於田野之間水澤漲滿則此物蕃息其聲聒占耳得此夢者爲鼓樂喧塡之兆主有喜慶之事居曰官臨民者夢之疑獄得决𡨚罪辨明,24917
卷之二十,飛走部,昆蟲,虺蛇吉,占詩云維虺維蛇女子之祥虺蛇陰物穴處曰柔弱隱伏凡夢之者生女必賢且得貴壻,24926
卷之二十,飛走部,昆蟲,黃蛇亘天,秦文公東獵于汧渭之間卜居兆吉問史敦曰夢黃蛇亘天而下屬地其口止於鄜衍敦曰此上帝之徵君其祠之于是作鄜畤用三牲祭白帝焉後沛公斬大蛇有嫗哭白帝子,24930
卷之二十,飛走部,昆蟲,天誅大蛇,晉文公出畋前驅還曰前有大蛇其高若堤橫道而處如拱文公退而修政使吏守蛇居三日夢天誅蛇曰爾何敢當聖君之路文公覺令人視之守蛇吏曰夢天殺蛇曰何敢當晉君道覺而視蛇蛇巳死其令人視之蛇巳魚爛矣此晉文脩德動天而成霸業也,24934
卷之二十,飛走部,昆蟲,脚踏蛇吉,隨侯往齊道逢一蛇頭有血以藥傅之而去夜夢脚踏此蛇驚覺乃得𩀱明珠,24942
卷之二十,飛走部,昆蟲,蛇生足凶,東平劉楨字公幹夢蛇生四足穴居門中使周宣占占之宣曰此爲國夢非君家之事也當殺女子而曰作賊者頃之女賊鄭姜遂俱夷討以蛇女子之祥足非蛇之所宜有故也後楨以不敬伏誅,24947
卷之二十,飛走部,昆蟲,蛇繞于身吉,李雄母羅氏夢汲水忽如寐有大蛇繞身懷孕十四月而生雄雄得蜀士僣稱帝號唐琮夢蛇繞身遂效其形作草蛇之書五代范延光爲天雄軍節度使夢大蛇自臍入其腹半入而掣去之以問門下術士張生對曰蛇龍類也龍入腹中王者之兆范頗蓄異志及降晉以見疑不能容而爲楊光遠所讎推墮水以溺死,24956
卷之二十,飛走部,昆蟲,羣蛇緣城四出凶,南史曰齊始安王遥光舉事四日而敗城內人皆夢羣蛇緣城四出,24970
卷之二十,飛走部,昆蟲,蝟攻穴破城,占此夢主宼盜作亂之象其禍不小而出行在曰道途夢之反爲得財病人夢之虫傷胃也北齊河清末武成帝高湛夢大蝟攻破鄴城故索境內蝟膏以絶之不知後主名緯聲音與蝟相協乃亡齊之徵也,24974
卷之二十,飛走部,昆蟲,螭,似龍形,24982
卷之二十,飛走部,昆蟲,大吉,占螭來蛇螫皆除盡夢之果係辟羣姦曰此身受壽朝天子馳驟螭頭在眼前,24984
卷之二十,飛走部,昆蟲,田䑕食粟,占夢此主他人之福非巳有也但巳見之耳其曰驗在流離顚沛之人凡夢田鼠皆吉无咎,24990
卷之二十,飛走部,昆蟲,黃鼠,即鼠狼又曰黃䑕狼又名黃狼占似鼠非䑕似狼非狼諸鳥及雞鴨無不畏之曰而其畏猫畏犬如畏虎凡夢之者凶中得吉寳曆士人黃登同數人在吉州神岡山廟祈夢登不寐餘皆熟睡少頃皆魘皆呼曰打打問之云夢黃鼠狼過江也登乃子生姓又合私自喜是年得第,24994
卷之二十,飛走部,昆蟲,白䑕吉,占此主積財致富之夢鼠自外來主得外曰財自內出主交易伏而不動有得無失,25001
卷之二十,飛走部,昆蟲,鼠伏蓋下,占夢此主逃𥨥之兆富貴安居則有小人隱藏曰不可不察也難中人夢之遠向西南遯去吉,25005
卷之二十,飛走部,昆蟲,鼠忽死凶,占鼠屬子爲百物之始羣生莫小焉爲人父而曰夢此嗚呼其子亡乎無子者夢之則其符也,25009
卷之二十,飛走部,昆蟲,鼠入衣下,齊婁太后孕襄城博陵二王夢䑕入衣下,25013
卷之二十,飛走部,昆蟲,鼫鼠大如犬凶,占此夢爲易卦晉之剝易曰晉如鼫鼠貞厲位曰不當也蓋夢此者自大自剛雖正亦危道也,25017
卷之二十,飛走部,昆蟲,田鼠入室,占夢此者福將至而未章者也夏月田鼠化爲鴽曰鴽者蝠也蝠者福之象但目前尚有可惻者,25021
卷之二十,飛走部,昆蟲,田鼠在井中,占夢此則有井渫不食之象焉田鼠形小而污曰非井中所居居在穴故夢此尤可惻之甚,25025
卷之二十,飛走部,昆蟲,䑕化猫,占此小人假威權之夢也猫者柔而害物䑕者晝曰伏夜動鼠化爲猫則僕役得以張牙露爪矣,25029
卷之二十,飛走部,昆蟲,鼠化成人形吉,此夢乃生男之兆鼠爲艮象艮者少男耆老夢之占主生幼子出家者夢之驗在他人無生育之機而曰夢之須防口舌之事或有子姓褚姓人爲之勸解攺禍爲福未有不祥者,25033
卷之二十,飛走部,昆蟲,鼠竄,占此災消禍解之夢也姦邪遠避盜退仇息諸曰事皆无咎惟官吏夢鼠𥨥城墻穴中有姦盜,25037
卷之二十,飛走部,昆蟲,飛蟲遍體入膚復出,夢此者億兆生靈聚集于其躬也非平居在家之占象也太陽興而羣陰伏虫爲陰類故入其膚太陽曰旺而羣陰散肌膚氣𦔽故入而復出此大貴人之夢也貧賤夢之主癆瘵之疾明德馬皇后選入太子宮時年十三禮則修備上下安之遂見寵異顯宗即位以后爲貴人時賈氏亦以選入生肅宗帝令后母之后於是盡心撫育勞悴過於所生后常以皇嗣未廣每懷憂歎薦達左右若恐不及忽夢有小飛虫無數赴着身又入皮膚中而後出居數日有司奏立長秋宮帝未有所言皇太后曰馬貴人賢德冠後宮即其人也遂立爲后,25041
卷之二十,飛走部,昆蟲,一飛蟲入目內凶,占夢此必有一匪人與比眤者將有大凶來臨曰若夢入而復出尚有可生之機因入腹者死,25049
卷之二十,飛走部,昆蟲,飛蟲自耳中出,占此災消禍散之夢也而病人夢之不祥蓋飛曰虫是其魂也魂有三尸若夢三虫三尸去也,25053
卷之二十,飛走部,昆蟲,身化爲飛蟲飛入雲中,占此羽化而登仙之夢也學者夢之登高第術曰士夢之道大行惟有病人最忌而有頓痊者,25057
卷之二十,飛走部,昆蟲,身化爲蝴蝶,昔者荘周夢爲蝴蝶栩栩然蝴蝶也自喻適志歟不知周也俄然覺則蘧蘧周也不知周之夢爲蝴蝶歟蝴蝶之夢爲周歟周與蝴蝶則必有分矣此之謂物化泉州劉昌言下第作詩云唯有夜來蝴蝶夢翩翩飛入刺桐花,25062
卷之二十,飛走部,昆蟲,蝴蝶飛來撲殺之吉,占夢此主得外財又爲生意叠叠之兆有曰禍必解有憂必散有事必成有求必得,25068
卷之二十,飛走部,昆蟲,蝴蝶飛窓前,占此作事難成之夢也而必有邂逅相逢者曰無事夢之必有事事成夢之必有變更,25072
卷之二十,飛走部,昆蟲,蝴蝶飛于帳中,占夢中蝴蝶帳中飛帳裏無花何所棲曰此身有事他方去床上無人被蝶欺,25076
卷之二十,飛走部,昆蟲,靑蚨自外飛來集几上,占此夢得錢財無心忽有來萃聚戌家富僥倖曰且開懷只恐飛來又飛去却教飛去又飛來,25080
卷之二十,飛走部,昆蟲,靑蚨自内飛出向戸升去,占靑蚨母子全一去九飛旋夢裏來何處飛揚曰天外天明日銅錢皆散失不如無有在身間,25085
卷之二十,飛走部,昆蟲,螽斯大吉,占曰螽斯百子衍慶一家夢兆大吉生男榮華無論飛來飛去縱是亨佳子孫繁盛福壽增加,25090
卷之二十,飛走部,昆蟲,蟋蟀,俗名䟎績此即斯螽隨時變化而異其名也是則在野寒則依人當秋鳴於四壁聞者起禦寒之思故又名促占織雄者健鬥賭博塲中養之以决勝負是小物之曰可娛玩者也凡夢之者宜及時行樂詩云蟋蟀在堂歲聿云暮是也夢聞其聲有憂勤之意夢見其形有爭闘之事,25094
卷之二十,飛走部,昆蟲,蜻蜓飛滿空中,占此夢爲萬民歡悅而不能隱之象也有金珠曰之兆焉有雲雨之兆焉虚巳以應人者得吉,25103
卷之二十,飛走部,昆蟲,蜻蜓點水飛,此才弱不足以濟人事之象也凡夢此者不可遠占行須防水災而遯避逃竄夢之最吉因遠遯而得曰亨昌者也平安夢之有小事至,25107
卷之二十,飛走部,昆蟲,蜻蜓對對飛來庭院,占此夢主嬌娥麗姿之象平居無所事忽曰有美人來而有求萃聚而不可得者,25111
卷之二十,飛走部,昆蟲,蜻蜓自食其尾,占此主吉事之夢而有得珍器寳玩之兆焉曰又爲自食巳資弗以干人弗以與人之,25115
卷之二十,飛走部,昆蟲,螮蟷子捉蜻蜓,此小加大之夢兆也蠓蠵微小而柔弱者也爲蜻占蜓所欺者而所夢若此其有同居之女相欺相侮曰爲嫉妬之故歟,25119
卷之二十,飛走部,昆蟲,蠓飛滿帳凶,占此難中之夢也夢之者其柔順以當大難乎曰能正其志避亦可不避亦可或曰癆瘵之症,25123
卷之二十,飛走部,昆蟲,蠓蠵飛滅燈光,占此夢主停爨之兆其不能正其身者夢之不曰祥不以飲食之心爲心自有天命又何妨乎,25127
卷之二十,飛走部,昆蟲,撲燈蛾撲滅燈火,占夢中灯火是心經灯蛾撲滅此心寧曰剛柔二氣相感應只因取女有虚驚,25131
卷之二十,飛走部,昆蟲,飛蛾入口中凶,此夢爲口舌之難旣解猶豫之心未定也不欲久占煩擾豈可無定慮行得中道乃無怪夢至不得中曰道而過慮恐有異夢以應此夢者而夜卧不寧之機兆矣,25135
卷之二十,飛走部,昆蟲,麥蛾滿野貞吉,占此諸事未得濟者之所夢也有事出行者夢之曰宜登舟則安康不宜從陸路陸路有不便處,25141
卷之二十,飛走部,昆蟲,麥蛾滿碗上,占此夢主災眚出門防疾病疾病忌出行曰無事反不寧不寧在飲食心剛持正吉,25145
卷之二十,飛走部,昆蟲,一麥蛾眼前飛來飛去,占自家兄弟文書事夢裏看看象麥蛾曰雖然不是剛强性成事虚張得泰和,25149
卷之二十,飛走部,昆蟲,蠶蛾出繭中吉,占此夢主尚簡而成文之象有婚姻喜事至曰求子夢之生貴子若在養蠶者夢之不占,25153
卷之二十,飛走部,昆蟲,蠶蛾集樹上吉,占夢此爲柔道牽聯之象欲簡而煩欲隱而揚曰剛柔相遇遇在他鄉頃刻變化諸事吉祥,25157
卷之二十,飛走部,昆蟲,蠶蛾生子大吉,占夢此者因謙而得譽因勞而有功貴人夢主曰民心服庻人夢之衆心同生子生男必顯榮,25162
卷之二十,飛走部,昆蟲,蠶蛾飛不出戸,占此積産成家之夢也夢此有女奴久侍而曰不嫁者或其下人有目心受苦而無怨者,25167
卷之二十,飛走部,昆蟲,繭中照見蠶蛾,占此夢主聰明有實之事或以無曰爲有以有爲無而羣疑自忘者,25172
卷之二十,飛走部,昆蟲,養蠶大吉,占蠶者絲綸之所自生也夢養曰之者其將世掌絲綸之美乎給事中陳安平子年滿赴選與鄉人李仙藥臥夜夢十一月養蠶李仙藥占曰十一月養蠶冬絲也君必得冬司數口果授工部,25176
卷之二十,飛走部,昆蟲,蠶忽化爲蛾吉,占夢此速急成功之兆也險處得康難中得解曰作亊無私爲公不爲巳治身不治家之夢,25185
卷之二十,飛走部,昆蟲,蠶蛾飛入繭中凶,占此夢必有陰柔人貴而反賤者一心只爲曰私私事巳破而其身伏藏以就死地者也,25189
卷之二十,飛走部,昆蟲,蜜蜂採花貞吉,此勤勞王事有大人主張之夢兆也爲公家甘心占服事見事無私有險在前見險而止同寅協力蜜曰切不二繁華在前守正無遷,25193
卷之二十,飛走部,昆蟲,蜜蜂成羣擁蜂王飛上天,此夢主衆心悅服之象而有困極必亨之兆處則占得其徒出則得其所也因時而行必爲高貴之吉曰徵又爲王子分封之景但其家養蜂蜜不宜有此夢夢此當因時致宜,25197
卷之二十,飛走部,昆蟲,蜜蜂剌巳身凶,占此夢者剌客之機也其有小人仇怨者乎曰其有作事被謗者乎其或有果被蜂剌者,25206
卷之二十,飛走部,昆蟲,露蜂或曰蝴蜂,或曰蝴蜂占夢此爲起家之吉兆而求子夢之不祥詩曰曰蚵踝蚵蜾似我似我夢此有螟蛉入嗣者,25212
卷之二十,飛走部,昆蟲,露蜂集頭頂凶,占夢此主疑獄之事貴官夢之有獄訟被𡨚曰者庻人夢之宜因時變以定保身之計,25219
卷之二十,飛走部,昆蟲,滿樹露蜂房,占此小人蜂聚之象也官宦夢之宜以安民之曰理申命行事士民夢之爲時事病夢宜禱祝,25224
卷之二十,飛走部,昆蟲,露蜂死滿地,占夢此太陽興而羣陰伏政治嚴而羣盜散豐曰年之兆而富貴居家須防火災病者夢之痊,25231
卷之二十,飛走部,昆蟲,蟬鳴吉,占蟬有五德飲而不食應候而鳴夢聞其鳴者曰主有遠信至又主高人逸士聲應氣求之兆,25235
卷之二十,飛走部,昆蟲,蟬飛集冠上大吉,占此夢者大貴者之兆也文士爲朝中清曰要職武士爲護駕左右臣蟬冠之象也,25239
卷之二十,飛走部,昆蟲,蟬入室中吉,占夢此必有貴人來至者其或有嘉音喜信曰乎其或有賢士相親近清名振遐邇乎,25243
卷之二十,飛走部,昆蟲,螳螂捕蟬凶,占此弱遇强難保其身之勢也夢之者必有小曰人侵害焉或有口舌爭訟之事愼之愼之,25247
卷之二十,飛走部,昆蟲,螳螂攘臂貞吉,占此其自以爲勇者夢此須防小人自恃而不曰遜又有遷依之兆焉居所不可依不可安也,25251
卷之二十,飛走部,昆蟲,螳螂闚戸貞吉否凶,貞吉否凶占夢此必有小人觀瞰者其爲人也正而無邪曰公而無私又何患乎若機宻之事有難防者,25257
卷之二十,飛走部,昆蟲,絡緯鳴月下,占絡緯摧婦懶秋聲振夜闌夢時升得應曰順利有相關喜吉來摧促徵祥且耐煩,25264
卷之二十,飛走部,昆蟲,絡緯在几無聲,占摧促多頭緒相思不用言艱難皆易處曰解散在秋間見險宜安靜休教自在眠,25270
卷之二十,飛走部,昆蟲,絡緯避蝗貞吉,占此夢者以寡避衆以女避男之曰象艱險可避禍患有解之兆,25276
卷之二十,飛走部,昆蟲,蝗飛如陳雲去,占蝗虫所至歲荒民飢高飛遠舉他方去矣凡曰夢此者蒙大難而得解遇險阻而有救也,25280
卷之二十,飛走部,昆蟲,蝗飛水面大吉,夢此主得大財致大富貴人夢之爲天祿增加富占人夢之爲年豐之兆貧窮夢之爲凶中得吉絶處曰逢生蓋蝗飛在田入水則田中無患矣故夢之者爲大吉之徵,25285
卷之二十,飛走部,昆蟲,虼蜢欺蝗而蝗死,占此夢爲解難之象而小人必有受災殃者曰是一强暴之人見彼可欺而欺之者也,25289
卷之二十,飛走部,昆蟲,虼蜢滿庭,占夢中虼蜢是生靈因何集聚滿家庭曰生生不巳來何處大貴之人莫用刑,25294
卷之二十,飛走部,昆蟲,虼蜢螻蛄相聚,螻蛄又曰蝈蛄又蟈螻螻蛄在土中虼蜢在草上未有集聚一處者而夢占此者進而上升之兆也爲南夷北虜相聚一方之曰象又爲和洽無爭之瑞又爲新交與故人會集之景乃佳夢也,25298
卷之二十,飛走部,昆蟲,螻蛄在窓下,占貴人夢之主獄囚感恩富人夢之主乞丐求食庻曰人夢之主口舌小事難中夢之八月凶之兆也,25306
卷之二十,飛走部,昆蟲,鴽從天上飛來鴽又名蝙蝠,鴽又名蝙蝠占此夢主天神降福之兆必有大喜事功曰成志遂利益名揚災消病除子賢壽永,25311
卷之二十,飛走部,昆蟲,鴽食蚊蚋吉,占夢以駕爲福星之主夢之者有可惻之故曰而遇主福之人以救解之象可喜可賀,25316
卷之二十,飛走部,昆蟲,蚊蚋遍體貞吉,占此危處安身禍中得福之夢兆凡夢此能曰順從上主廣施福田其福無量其壽無疆,25320
卷之二十,飛走部,昆蟲,撲殺一蚊滿手血凶,占夢此者因强遇暴吉處逢凶惟武人夢之爲曰殺賊之兆庻人夢之有被傷之象宜愼防之,25325
卷之二十,飛走部,昆蟲,蚊蠅如市,貞吉否凶此秋夏窮途之夢也夢蚊主殘刻夢蠅主姦讒市占者靑曉黃昏之象惟衣冠可以禦强暴帷帳不齊曰無以禦蚊蝇衣冠不正無以禦强暴夢此者當以此理推之必正其心而後可,25331
卷之二十,飛走部,昆蟲,蠅矢積堦凶,漢昭帝崩大將軍霍光以太后命迎昌邑王賀嗣帝位賀即位夢靑蠅矢積階東西五六尺召郎中令龔遂而問焉遂對曰詩言營營靑蠅止於樊愷悌君子無信讒言今陛下臨御讒人衆多如靑蠅惡矣宜放逐之信用讒諛不皆放逐必有凶咎蠅矢積階陛下用讒臣之言也未幾光復以太后命廢之,25340
卷之二十,飛走部,昆蟲,蠅頭聚鼻上驅之不去,占鼻者輔弼之謂也凡夢之者必以交搆曰讒言受大禍三國何晏嘗夢此𡬶伏誅,25350
卷之二十,飛走部,昆蟲,蠅䗂集背上貞吉否凶,貞吉否凶占君子夢之大吉將有暗傷其讒諛輩者曰讒諛夢之大凶蠅䗂捕蠅蠅類被害矣,25356
卷之二十,飛走部,昆蟲,蠅䗂多無數,夢此主讒諛小人爲頑劣小人所害蠅有翅能高占飛蠅䗂無翅不能遠舉而有時以絲懸之得捕蠅曰於空中以此夢推之是頑劣之輩成羣以辟讒諛之爲人用者被讒害者夢吉,25362
卷之二十,飛走部,昆蟲,羣蟻聚扛蠅䗂,占此讒諛被害而害讒人者又爲羣頑所𢦤害曰之兆也夢此者必謹言自守而後可以保身,25366
卷之二十,飛走部,昆蟲,羣蟻扛螢凶,占此文明遭大難之夢也夢此有書生曰被人侮者病人夢之有虫在經絡,25370
卷之二十,飛走部,昆蟲,螢飛螢集滿庭前,占此夢主清光照野萬物化生之象有天下和曰平之景往來平易之地無驚憂暗昧之情,25374
卷之二十,飛走部,昆蟲,螢入帳被貞吉,占夢此主有外客至凡過於弱者以虚爲壯過曰于勇者視有如無於是推之所至者可知矣,25378
卷之二十,飛走部,昆蟲,螢無首無翅凶,占此鬼崇求食之夢也夢此該設醮脩齋有病曰患難愈者宜普放水陸燈如中元所作法事,25382
卷之二十,飛走部,昆蟲,螢入腹中吉,占此夢爲明心之兆有赦過宥罪之祥遇險曰得陟遇難得解凡事宜作速用火宜小心,25386
卷之二十,飛走部,昆蟲,螢集如珠燈吉,占此夢爲文明之象而有照臨之兆明日得一曰明鏡則驗矣若病患夢之須防秋後之景,25390
卷之二十,飛走部,昆蟲,螢自日中出貞吉,夢此主皇命至書生夢之大吉貴人夢之者必占其有威而可畏則諸事皆昌庻民無所事于朝曰者須防火災武人夢之爲顯榮之徵病人夢之即全愈娠姙夢之生男必貴,25394
卷之二十,飛走部,昆蟲,螂虱秋蛩其形大如黍,秋蛩其形大如黍占秋蛩鳴四壁卿虱聲喞喞春夜夢秋聲曰無端生嘆息誰知金道昌生財生大吉,25398
卷之二十,飛走部,昆蟲,蟑螂飛舟中曰蟑螂厨中曰竈雞,舟中曰蟑螂厨中曰竈雞占蟑螂有翅不能飛夢裏飛來果是奇曰道路貧窮眞困苦始信人家有竈雞,25405
卷之二十,飛走部,昆蟲,蟑螂入被中貞吉,占此好潔而不潔無疑而有疑之夢夢者須曰防小口有悔或有閑雜是非至無妨也,25410
卷之二十,飛走部,昆蟲,蛒𧉮與蟑螂羣聚,占夢此主困窮之輩有小事相聚也貴人夢之曰當以寛恕理刑獄貧人夢之當以潔淨保身,25414
卷之二十,飛走部,昆蟲,蟁或蠈生于田中,此飢荒之歲所以傷禾人所最惡而無法以治之占者夢之有吉兆焉勤勞皇家日新其德萬民以昌曰生生不巳兆民安享含哺鼓腹何吉如之凡庶人出行有事夢之忌行陸路,25418
卷之二十,飛走部,昆蟲,𧏙螂堆積如毛凶,占此主失財之夢夢之者千金費盡無疑惑一曰錢不廢有憂驚不是賊來偷即是人刻剝,25423
卷之二十,飛走部,昆蟲,獸銜𧏙螂來,占曰夢此主惡人之象有惡人以異事驚恐者但曰能以禮待之以義遠之以智服之則無咎矣,25427
卷之二十,飛走部,昆蟲,𧏙螂在床下凶,占此貧窮危厲之夢也貧賤夢之無妨貴人夢曰之騐在遠行富家夢之不祥又有病患事,25431
卷之二十,飛走部,昆蟲,牛蝱集于膚吉,占夢之主得財有勤勞費力之事貴人夢此將曰有事于田野富人夢此當高尚以自安矣,25435
卷之二十,飛走部,昆蟲,狗蠅飛來吉,占夢此者得小人之財無勞而有功志廉而曰不可却困窮夢之無悔疾病夢之必痊,25439
卷之二十,飛走部,昆蟲,龍虱從天降吉,占龍虱者海錯之異味也夢之必曰必有美酒佳餚以自意外者,25443
卷之二十,飛走部,昆蟲,龍虱在衣内吉,占此大貴人所夢也天子賜燕之兆庶人在田曰野亦有皇恩者無因受恩澤反有病患焉,25447
卷之二十,飛走部,昆蟲,鶴虱吉,占夢鶴虱者亦是酒食但其所從來者不同耳曰因口舌之事而得之或謂惡人之物而吉者,25451
卷之二十,飛走部,昆蟲,鵝虱吉,占夢此主得財似難而實易似少而實多積曰小以成大因時以順行頃刻立就者也,25455
卷之二十,飛走部,昆蟲,螫虱臭虫,臭虫占夢此主財物之兆其財非一人之事有曰彼此之分非志之所及有不足之象,25459
卷之二十,飛走部,昆蟲,蚤虱自土中出,占此作事艱難之夢也夢此者有求不易得曰有事不能成有物不得聚有聚不可久,25465
卷之二十,飛走部,昆蟲,蚤虱滿床席,占夢此者居之不能安而所畜必有損困苦寒曰窮之故也舍巳從人勞而無怨則解其厄矣,25470
卷之二十,飛走部,昆蟲,自吞蚤虱,占此不得志者之所夢也此其時可小事而曰不可大事者也似體徤而有病患者也,25475
卷之二十,飛走部,昆蟲,蚤虱跳入水中吉,占夢此者意之所至事必至焉可以解憂可曰以無患可以遂其所欲可以逺其所惡者,25480
卷之二十,飛走部,昆蟲,捉虱吉,占此自求多富之夢也求巳不求人財自巳生曰病自巳却愁自巳解壽自巳廷維天所祐,25484
卷之二十,飛走部,昆蟲,虱生滿衣捉去置地爲雞犬所食,占百計千般財得積一朝虛盡口難言曰𨚫還乾潔無齎促勝如煩惱有憂煎,25488
卷之二十,飛走部,昆蟲,他人身上虱飛來吉,占他人身士虱飛來飛來叮痛夢生哀曰夢中只道多愁苦覺後無心得外財,25492
卷之二十,飛走部,昆蟲,虱自肌膚内生出大吉,此夢主生意無窮之兆有道之士能率其眞之夢也無家之人將得下小以成家之夢也大貴者則生靈自此得生之夢也小人者則事物有生發之占夢也疾病者災悔巳出之夢也女子婦人者容色曰漸舒之夢也老年衰倦者血氣復生之夢也有大難者今後得生之夢也多煩惱者肝氣舒轉之夢也有求於人者自巳生色之夢也夢此未有不吉者,25496
卷之二十,飛走部,昆蟲,羣蛆食體大吉,占此君子體仁爲羣生所曰趨附之象夢之者大吉唐高祖將舉義師夜夢身死墜床下爲羣蛆所食智滿禪師曰公得天下矣死是斃也墜床是下也陛下是至尊之稱也羣蛆所食億兆趍附也,25502
卷之二十,飛走部,昆蟲,一蛆從糞中出吉,占糞屬金中之土故於夢兆爲財物夢此者曰有人以財物之故而來也其得財之兆乎,25508
卷之二十,飛走部,昆蟲,蠐螬食李貞吉,占此夢主救苦之兆而有非爲者必遇大禍若曰富貴者夢之他家之事有外人作内主者,25512
卷之二十,飛走部,昆蟲,蠐螬在所坐處,占夢此爲所交相感所求相應之兆感應之理曰微幸遇其曹因而以齊相與相恱其吉可知,25516
卷之二十,飛走部,昆蟲,蚯蚓行草中蚯蚓一名蛐蟮一名上龍,蚯蚓一名蛐蟮一名上龍占夢此者幹事宜𦂳不宜慢宜勵不宜寛若病曰人夢之或無病而屢屢夢之則爲蠱症之象峴山有徐富九居積甚饒一夕夢驅車往州見道上一蚯蚓大而且長其色如血後見一婦人俯拾一物因問之婦出一金釵曰此纔拾得者富九寤曰爲我見而歸于一婦人我時去矣禍速矣以田産盡散族人室宇一火越三日朝廷使籍其家至則蕩然一空遂獲免亦可謂知幾之哲矣,25520
卷之二十,飛走部,昆蟲,蚯蚓大如蛇吉,占此夢爲陰難將解之兆訟事夢之遇赦出行曰夢之宜速廻病患夢之爲胃虫又爲雨兆,25527
卷之二十,飛走部,昆蟲,蚯蚓入室,占夢此者將有逃避是非之人來求曰隱居者當以夢中聲色占其吉兆,25531
卷之二十,飛走部,昆蟲,蝸牛滿野,占蝸牛之虫水道之陰遇陽而生其性刻曰火凡夢此者利女人之貞爲貧窮之景,25535
卷之二十,飛走部,昆蟲,蝸牛在壁上,占此淹蹇苦楚之景象也凡夢之者爲有陰在曰前之兆恐是不知其所止而止之者知止吉,25539
卷之二十,飛走部,昆蟲,蜒蝣在几席,占夢此者居不當其位行不得其正聰不得其曰明有難信之言與心意相反而必宜從之者,25543
卷之二十,飛走部,昆蟲,蜒蝣回繞蜈蚣,蜈蚣百足之虫此以水滅火之理也夢此者其處困而無法以解占之者乎若有仇讎姓吳者則宜因其吴民之不祥曰而定立身之計毋好利而忘義亦受蜒蝣之禍也,25547
卷之二十,飛走部,昆蟲,蜈蚣剌蜒蝣,貞吉否凶夢此而有夫妻反目之事者其禍有不可知必其占惕厲自戒而後可以生免禍之幾若其夫妻未嘗曰反目者夢之則爲鄰人欺貧致富之象而柔弱者得便宜剛强者有大禍,25555
卷之二十,飛走部,昆蟲,蜈蚣百數集于左右,占凡夢此者相與有惡人而少善人也當斯時曰也必能正其身而家道正家道正而无咎矣,25560
卷之二十,飛走部,昆蟲,蜈蚣盬蛇腦,占此夢者小惡人謀殺大惡人之象也必有曰身榮家富行止不正者被强暴小人所害,25564
卷之二十,飛走部,昆蟲,虼𧎇在床下,此夢主覊旅艱辛之象而有小事亨昌者苦安居無事夢之須防陰濕之患,25568
卷之二十,飛走部,昆蟲,執一虼𧎇在手中,占夢此爲銅錢之象當以景象推焉握之者有曰所得也棄之者有所失也死者不過如斯也,25572
卷之二十,飛走部,昆蟲,蝎滿四壁吉,占此夢爲遷依之吉夢蝎者歇也是曰是可以歇其身家之所在也,25576
卷之二十,飛走部,昆蟲,守宮吞蝎守宮一名螭䗂一名壁䗂,守宮一名螭䗂一名壁䗂占夢此主畜養婢僕之瑞徵必得賢且美者螭曰者有智巧而無邪心善守而能捍患者也,25580
卷之二十,飛走部,昆蟲,蟢蛛蝙蟢又名壁蟢,蝙蟢又名壁蟢占夢此有喜事之兆而所事甚小所曰喜甚微亦未當爲大事亦無他患,25585
卷之二十,飛走部,昆蟲,蜘蛛吉,占蜘蛛虚巧勝于蠶張羅布網向空簷曰夢中滿腹絲綸綍剛火聪明養聖賢,25590
卷之二十,飛走部,昆蟲,蟻哫蜘蛛貞吉,占此以小犯上之夢而於小口有災悔之徵曰所居尚德所養得調驗在他人於巳無咎,25594
卷之二十,飛走部,昆蟲,蟻化爲人形,占蟻爲昆蟲之微而有君臣之義有巢穴之巧曰有遷依之智夢中見之似人其蟻王之神乎當陽董昭之嘗渡錢塘江見江中一蟻着一短蘆走一頭復迴向一頭甚遑遽昭之曰此畏死也乃取着船船中人曰此毒螫物當蹋殺之昭之憐而止焉以濟之夜夢一烏衣人從者數百來謝云僕是蟻蟲王君有急難之日當見告後昭之遇事繫疑獄忽有一蟻王領羣蟻穴獄而昭之遂因得免,25598
卷之二十,飛走部,昆蟲,━━━━━━━━━━━━━━━━━━━━━━━━━━━━━━━━━━━━━━━━━━━━━━━━━━━━━━━━━━━━━━━━━━,卷之二十一,25607
卷之二十,飛走部,昆蟲,━━━━━━━━━━━━━━━━━━━━━━━━━━━━━━━━━━━━━━━━━━━━━━━━━━━━━━━━━━━━━━━━━━,,25609
卷之二十一,珍玩部,金銀,金光燦爛大吉,金曰從革五行之一地四生金天九成之其色有高下紫赤爲貴黃者次之靑者又次之其光焰煥發射人奪目夢此者文士姓名顯揚武人爵位高遷功名赫奕威光爛𤎞之兆也但疾病反覆獄訟刑傷此外有志必成無往不利○夢鎔金者事有占更端不出範圍夢堆金者官上加官富而益富兒曰孫子女俱爲佳器夢敲金者文韻鏗鏘聲價高貴夢得蒜條金者毎事條達年壽益算夢麩皮金者百凡有益尚須磨煉夢煉金者事不厭精求謀遂意夢送金來刑尅事至夢失金者主財利散去訟者罪釋病者得愈夢金箔者性體輕揚凡事須防有飄泊之危,25626
卷之二十一,珍玩部,金銀,紫磨金,占紫磨金謂之楊邁金范邁母夢人鋪楊邁金席與曰巳生兒兒生席色昭晰後生子名曰邁爲林邑王,25632
卷之二十一,珍玩部,金銀,馬蹄金,京師兵士闞喜以賣果爲業宣和二年六月喜賣瓜于東水門外汴堤叢柳間所坐處去人居百步午暑方盛柳陰尤茂因少憇焉夢中若聞木杪呼小兒繼有應者呼者曰物在否應者曰在如是再三覺來仰視一無所覩惧不自安欲歸而妻饋食適至具以語之妻曰老人腹虚耳鳴妄聞耳明曰復如前妻曰伺其時應荅聲畢遽曰旣在何不出示喜如妻言果于樹間擲金百十顆四顧無人亟拾置瓜籃中見形製甚異不識何物妻適饋食復至曰此馬蹄金也以所坐敗𮆕覆蓋瓜籃共舁而歸僅行百步重不能勝暫寄張家茶肆出募擔脚挈取張訝其倉皇發籃見物悉以瓦礫易之喜夫婦不復閱視及家始覺妻曰姑勿言明當復用前策尚可得也泊坐樹下一無所聞乃效其呼小兒復應曰諾喜曰再以昨曰之物來曰亡矣問何故曰巳煩汝送與張氏矣喜將訟于官妻曰鬼神不與雖訴何益盍謀諸張氏張曰物巳歸我汝老而無子多貲亦何爲館于吾門畢此一世可也喜乃止,25636
卷之二十一,珍玩部,金銀,金鈴,梁任昉母裴氏夢旗角懸金鈴一鈴落人懷中遂有娠生昉八歲能屬文仕爲御出中丞,25642
卷之二十一,珍玩部,金銀,金盔吉,盔有魁首之義頂戴之物夢此者謀望不疾不徐占自然恰中啇賈作班頭文章爲魁首姻親雖佳但曰恐非匹欲求失脫其物竟成烏有矣,25646
卷之二十一,珍玩部,金銀,金爵吉,此兆文人夢之爵位高遷名書桂籍武士夢之勛占猷蓋世影畫龍樓人若餽至越人班次若以遺人曰須防落職見之于家吉事到家見之于外謀望可待,25650
卷之二十一,珍玩部,金銀,金匱貞吉否凶,貞吉否凶占匱者乏也夢之者財氣耗竭如匱中有金則爲士曰人之資藏器而動應在庚辛申酉年月求謀得濟,25654
卷之二十一,珍玩部,金銀,金牌懸掛凶,占夢此當有緊急之事必主大人號召志曰士遇之而扼腕勇士値之而喪氣者,25659
卷之二十一,珍玩部,金銀,金帶吉,金帶命服之飾四品以上得束焉夢此者其占不同仕宦夢之位登顯要文天夢之腰金有日武士夢之邊疆重鎭有刀兵圍里商賈夢之價倍腰纒占病者夢束定主腰損之災婦女夢束當是血崩之曰症婚姻夢之得良緣孕婦夢之生貴子爭訟者夢之被人拘繫失物者夢之其物未散猶可追尋夢繫于身者官事至夢與人繫者喜事去夢手内持帶年壽永遠子絲榮貴夢銀帶者無不利,25663
卷之二十一,珍玩部,金銀,金鼎吉,此夢爲革故鼎新三分鼎足之兆夢之者百事宜占思建立不可因人成事懷孕者夢之必生男當是曰廟堂佳器日後自然焕發,25669
卷之二十一,珍玩部,金銀,大金鐘吉,聲聞天壤食享天祿之兆凡事不鳴則巳鳴則人占鬼皆驚但金聲爲始條理靡不有初鮮克有終夢曰此必愼終如始方爲大吉惟病人不宜無聲主凶鐘鳴亦非吉兆,25673
卷之二十一,珍玩部,金銀,金剛鑽吉,金至堅剛至銳鑚者於無隙處𡬶隙無所不入人占能堅心銳志而又濟以研窮之力天下何事不精曰透所謂有志者事竟成也夢之豈不爲吉,25677
卷之二十一,珍玩部,金銀,金丹吉,夢此者凡事工力巳到火候巳足濟人利物功成占名遂之象夢吞者愚蒙頓生知覺聰慧反若迷塗曰產育臨盆有慶疾病勿藥有喜,25681
卷之二十一,珍玩部,金銀,金彈丸吉,此不惜費用度奢侈之象也富者夢之樂施與貧占者夢之得周濟久别夢之必主旦暮會合懐孕發曰之當生奇異兒郎,25685
卷之二十一,珍玩部,金銀,金仙貞吉,此兆見凡事當急爲猛省不失機會祇恐光陰陽占過時日不再金者西方之形色仙者仙遊之景象曰吉人爲善惟日不足可也,25689
卷之二十一,珍玩部,金銀,丈六金身吉,此兆者其人必慈祥愷悌仁心仁聞胸中不事虚華不設城府度量包含遍覆功德彌天亘地立志占精修虚心問道乃是無上正等正覺非復見相色曰莊貌恭之比機縁甚深福報甚大因無我相舉止無不稱心惟其能仁動靜皆能得體大吉,25693
卷之二十一,珍玩部,金銀,金冠吉又以朿髪而不,金乃天地之精華乾坤之靈秀人間至貴經刼不磨冠爲首服圓覆象天其義更大又以朿髪而不占使亂再以裝飾而儼威儀士子夢之功名唾手仕曰宦兆此入則絲綸黃閣出則掌握元戎商賈經營得貲萬倍若欲遨遊四海或隱𨓜山林則不能遂其志蓋以受被制朿也清宵熟寐夢金冠此兆休將碌碌看鳳闕承恩春又色蚤雞聲待漏曙光寒庶人動靜皆成吉眷屬諧占和總屬懽偏喜世途名利客豈宜幽隱遁林巒,25699
卷之二十一,珍玩部,金銀,金魚吉,金魚乃古昔高爵大貴之所佩服也又中今時雁占幣中之禮物其品也貴而不賤其禮也偶而不奇曰凡人夢之主享榮華諧伉儷惟病者不宜夢之如涸轍之鮒生幾絶也又高官尊爵腰掛金魚奠幣聨盟禮重于初占孕懷夢此子生璠璵旣利行動復利居諸,25713
卷之二十一,珍玩部,金銀,金猊煙銷寶,華屋春深金猊香噴此景象之富貴者也煙銷寶占篆銀漢參橫此又景象之闌珊富麗中之寂寞者曰也夢中之况想其濃淡以定吉凶可耳又沉檀初𤑔噴金猊兆得泥金喜報奇占寶鼎煙銷蘭麝冷豈堪名利兩相宜,25719
卷之二十一,珍玩部,金銀,金貂貞吉,金貂乃閹者所戴之飾也若夢之主陰長陽消小占人衆君子獨必脩身謹行母溺于女色受逆耳忠曰告之諫百凡可以挽禍爲福也又倦來假寐夢金貂陰道將盈陽道消占惟在吾人脩德業斡旋大造荷釣陶,25728
卷之二十一,珍玩部,金銀,金釵吉,金釵女子之飾也女子好也釵必偕偶成雙之兆占也又婚禮之所必需一定不移之徴也占之爲夫曰婦諧老吉慶相逢僧尼夢之恐有還俗歸宗之事又昨宵清睡夢金釵目下應知好事諧占若在僧尼爲不稱肯將春思閉空齋,25736
卷之二十一,珍玩部,金銀,金鐶凶,金鐶耳璫也脚有屈曲之形物爲懸綴之飾夢之占者主事多勾連逢中心不正之人謀爲不實言出曰虚矯之詐又金鐶耳飾夢中逢隔面猶如千里同占作事還憂難輳合𨚫因咫尺各西東,25742
卷之二十一,珍玩部,金銀,金鈿不利,金鈿者百花攅簇又如初月之形夢此恐頭緖繁占多心思不一志念未能滿足平生不得舒懐且宋曰巳待時自然獲福又金鈿弓形巧樣粧𨚫於夢裏鬥春光占秪緣世事多繁冗魂魄還依幻處狂,25748
卷之二十一,珍玩部,金銀,金杯吉,金杯乃綺筵酧勸滿泛瑤漿士子夢之主賜宴瓊占林老人夢之主稱觴捧壽未娶者佳姻天與合𢀿曰風流未嗣者誕育祥麟孔釋抱送更喜執持把柄尤宜謀望經營又夢中喜得捧金杯占此須防樂變哀占持滿處盈天所忌善爲消息預培栽,25755
卷之二十一,珍玩部,金銀,金磬不利,其形中空其聲清遠禪林道院每擊之以按梵樂仙音竹几松牕静聽之以澄心淨慮凡夢此者非塵囂俗輩乃世外風流但商賈求財經營剏業不宜夢此恐室如懸磬貧乏之應也又一聲金磬韻悠揚月澗風松籟共長占自是一般清趣味𨚫來夢裏豈尋常,25761
卷之二十一,珍玩部,金銀,金盤大吉,金盤承露昔漢武宮中事也金貴美鎭重之物盤圍圓相合之器夢得此兆者文火主登甲第沾渥占承恩庶人家道豐隆人丁和順商費資財積聚僧曰道悟法丹成未娶者主有佳人配偶懷孕者定生俊秀兒郎惟獄訟沾身者未能脫白又夢中恍忽見金盤閃爍光芒膽氣寒占固是貴徵佳美兆斯人他口侍金鑾,25770
卷之二十一,珍玩部,金銀,金瓶貞利,金瓶乃瑶華之器也或以盛酒漿或以供花卉空而常滿滿而不泄貯之繡户華堂列之綺筵翠几占但有口無足有耳無目此兆恐富貴中之不足親曰宻中起怨疎凡事在人攺圖不可恃其全美自然獲吉又夜得金瓶夢寤來豈是眞占美中防不足怨内有恩人,25778
卷之二十一,珍玩部,金銀,金毬吉金爲重墜毬乃圓轉,金爲重墜毬乃圓轉凡夢得此兆者他的可握大占任而得活變之機目下只要守正持身待時發動曰士子文思如流商賈生涯轉轂婚姻得智慧之女病人遇明了之醫又昨宵一夢是金毬天付機緣豈用求占目下運通如轉轂從前湮鬱不須憂,25787
卷之二十一,珍玩部,金銀,金針吉拈來補綴,金針有按穴施砭之功撥雲明目之用拈來補綴秋閨少婦有餘思密線牢縫慈母倚閭頻眄望得占此夢者平生未遇將有奇逢病久不痊將逢醫聖曰商賈利于遊遠行人尚見遲遲功名考試主司如針芥相投又夜來夢得見金針針芥相投契合深占久困未遭興永歎於今將以遇知音,25797
卷之二十一,珍玩部,金銀,金钩利萬里夢,朱簾高捲翠幙低張不藉金鈎安能明覩萬里夢占之者主文人開心頴慧學業懞昧者忽爾開悟臨曰官燭幽洞隠民情蔽匿者破其姧宄常人時運方亨利源通達行人有阻又金鈎高捲芙蓉帳文章事業雲霄上占一夢醒囘萬事亨卷舒在手憑𭣣放,25806
卷之二十一,珍玩部,金銀,金甲吉曰能退伏又,光芒炫燿性質堅剛冒矢石以無前衝鋒刃而敢占後凡夢此兆當爲守志不屈之人則雖遇强梁自曰能退伏又金甲光芒夢裏披秋霜豈待曉風吹占堅持一點葵心赤滅虜降胡事果奇,25816
卷之二十一,珍玩部,金銀,金鐸貞利,金口木舌施政教時得此夢者居官政令大施風行草偃聲教四達國治民安儒者名譽曰聞遠近占仰服九流術業大行惟齋本商賈之人不宜夢此曰以取聲不取質名多而實少也木命人有病若得此夢爲不起之疾以金口木舌乃是金木相尅之義木鐸又名金鐸天將夫子施爲文章事業果稱奇又價重連城無比○惟利九流等輩難教商賈藏貲占恐防木命有傷悲相尅豈宜見此,25826
卷之二十一,珍玩部,金銀,金絡索吉夢此兆,寳珠瓔珞結串成行色相莊嚴一塵不染夢此兆占者士子主於詞林翰苑即末能仕宦亦不失於文曰墨清高商賈錢財萬貫未娶者有女端潔求婚又黃金絡索成行列宮宮裝飾垂胷結占此夢應知兆不凡人和更得中心悅,25837
卷之二十一,珍玩部,金銀,金勒貞吉勒馬銜也,勒馬銜也金馬勒即白馬嚼囓黃金勒乃淫佚驕占奢樂極悲生之象凡夢得此兆須愈加省約不可曰恣肆妄爲則仍有控馭之力可以服火可以壓衆不然便有奇禍至矣又金銜玉轡馬聲嘶好向春風踏翠堤占淫佚夢囘能戒儆何愁林外鷓鴣啼,25847
卷之二十一,珍玩部,金銀,金牛吉,秦惠王欲伐蜀置五金牛用金于後蜀人以牛便占金故謂之金牛蜀主使五丁力士鑿山取牛秦遂曰伐蜀凡夢此兆有國者可以并吞土地士庶可以增益家業然必守身持正可也又夢中忽忽見金牛牛士生金兆正優占創業恢基弘壯志春花秋月任遨游,25857
卷之二十一,珍玩部,金銀,金闕金殿,同占,25861
卷之二十一,珍玩部,金銀,大吉,一爲天上玉帝之庭一爲人間至尊之宇凡夢此占兆者士人主承恩渥入侍天顏常人主財利興隆曰家門發達一切皆吉惟病者不利又若人夢裏朝金闕光明燦爛如秋月占士人平歩上靑霄經營利比春潮發,25863
卷之二十一,珍玩部,金銀,還金貞利,張仲淳有商投宿因病而卒行裝有金十兩乃遣人召其妻護屍持金而歸又甄彬嘗以苧質人及占贖中有金五兩送還人問故乃曰五月披蓑負芻曰豈有餘金今若夢此兆雖云失利能行善事修陰德仍可返凶還吉也,25869
卷之二十一,珍玩部,金銀,償金吉,前漢直不疑爲郞有誤持同舍郞金去意不疑遂占買金償之後歸者返金郎大慚稱爲長者夢償金曰者當失而復得凡事先曲後順也,25873
卷之二十一,珍玩部,金銀,得金貞利,孟頤養親不憚辛苦後掘地得金家致巨富又郭占巨至孝生子三歲母嘗減食與之乃掘坑埋兒忽曰見黃金一釡得此夢者爲大不利然力行孝道曲爲脩省則能變凶成吉,25877
卷之二十一,珍玩部,金銀,𨚫金吉,李郡君有賢德嘗有貨珠子老媼至第旣去遺珠占在地郡君得而還之老媼感贈黃金六兩郡君𨚫曰而不受此兆主有失中復得先難後易之徵也,25881
卷之二十一,珍玩部,金銀,賜金吉,唐太宗太子好嬉戲于志寶數諫之太宗嘉其直占賜黃金十兩夢得賜金者當有殊遇士子承恩經曰營獲利然秋冬夢之大吉若春夏爲不佳,25885
卷之二十一,珍玩部,金銀,散金吉,疏廣爲太子太傅乞歸上賜黃金千兩日與其宗占族鄉里流連宴樂散廢金帛不欲遺子孫之憂若曰夢揮散金帛家道安寧若國君乃散財得民之兆也,25889
卷之二十一,珍玩部,金銀,埋金,金爲燦爛光華之物若夢埋藏士子未能發揚待時而動直至甲乙寅卯或太歲納音屬木之年始能疏通暢茂方得濟事商賈主路途遲滯幸無盜占賊之虞婚姻成合而美娠孕生子而佳病亦無妨曰以金爲西方之白虎白虎張牙喪亡立見今得土之埋藏以遏其兒猛猙獰之勢故不至于囓人害命也金是人間至寶豈宜土内埋藏士人未得顯文光又難遂心雄志壯○守靜安常處順還期氣運亨昌占病人雖重也無妨木旺春榮敷暢,25893
卷之二十一,珍玩部,金銀,鎔金吉,凡夢此兆主學業曰進頑鈍日開查滓漸消精純占漸見出家之輩悟道圓成常人若有讎怨向來結曰搆今得解釋,25899
卷之二十一,珍玩部,金銀,分金吉,昔管鮑分金此夢主得相契之友有益於巳士人占遇直諒多聞有過則諫道義相勉常人逢豪俠仗曰義患難相扶不惜貲費不拘男女夢之當有好姻至也,25903
卷之二十一,珍玩部,金銀,堆金如山,此兆主詞贍學富之徵文人當爲大儒經營定爲占巨室若有光焰上冲者聲振宇内若光熖銷沉者曰反有疾病喪亡之憂,25907
卷之二十一,珍玩部,金銀,金沙布地凶,黃金鋪地爲西方勝境之象雖曰莊嚴富貴以吾占東土論之實渉玄虛若得此兆者恐作事未能遂曰意圖謀未得稱心病有西歸之慮又夜來夢見金鋪地恍似蓮花世界中占若悟無爲眞實相方知幻影盡歸空,25911
卷之二十一,珍玩部,金銀,甃金作堦大吉,階級也以金甃之如士子之文章曰富而得售於占帝王以漸而進階級也上吉之夢即常人亦得家曰計曰隆以漸而擴其基業也事事如意更能修德以應其占無不爲美又夜夢甃金階文光映上台占鳳鳴昇旭曰魚躍動春雷,25917
卷之二十一,珍玩部,金銀,冶金成器吉,此兆主士農工商三教九流隨其才力無不爲佳占但必各盡其心竭力鑽研則名得成利得就立身曰於世爲有用之材庶幾不負斯夢也又夜夢黃金在爐冶鑄成彝鼎古而雅占盡力精心具妙材庶無辜負佳徵也,25927
卷之二十一,珍玩部,金銀,點鐵成金吉,使頑鐵變爲精金此得神仙點化之術也士人夢占此當遇明師如坐春風化雨之中必成大器九流曰商賈夢之亦皆轉鈍爲利變惡爲美又點鐵成金夢亦奇春風化雨荷明師占魚龍烏鳳飛騰會凡草靈芝變化時,25934
卷之二十一,珍玩部,金銀,磨金作屑利,占此兆乃垢滓淨而光明見士子宜自淬礪當有進曰身之日凡事在人切磋自勉則名得成利得就,25942
卷之二十一,珍玩部,金銀,金甌大吉,皇圖鞏固海宇咸寧之兆也夢斟酒堂前者子孫占衆多之象夢把玩掌中喜樂安康之景若見傷缺曰乃爲不祥,25946
卷之二十一,珍玩部,金銀,金印纍纍吉,占此大臣相天子肘後所懸者也夢此必大貴位兼曰將相合掌軍民常人夢之亦有執持凡事有把握,25950
卷之二十一,珍玩部,金銀,金鳳大吉,漢宣帝賜霍光皂蓋車車中金鳳亡去黃君仲于占北山羅得一金鳳詣闕獻之俄又飛入光家今夢曰兆此亦富貴榮盛之徵,25954
卷之二十一,珍玩部,金銀,金龜,五代時劉贊文思遲乃禱乾象乞文才一夕夢吞小金龜自後大有文思後夢吐金龜投水中不久而卒,25960
卷之二十一,珍玩部,金銀,金鳥吉,占昏暮時來畫閣中百年心事一宵同曰寒雞鼓翼紗窓外睡覺東軒曰巳紅永康王曠井上有一洗石時見赤氣後有二胡人寄宿忽求買之未及度錢子婦孫氏夢二黃鳥鬥于石上明晨起視果見黃鳥相集急往掩取變成黃金胡人不知索市益急旣得撞破石內空叚有二鳥處,25964
卷之二十一,珍玩部,金銀,蛇化金,孔子夢豐沛市有赤飈起見赤蛇化爲黃金上有文曰卯金刀後漢高起豐沛,25970
卷之二十一,珍玩部,金銀,金化土,秦王夢與蜀王會獵于褒谷蜀王以金一笥遺秦王盡化爲土秦王覺甚爲不樂臣下拜賀曰土地也今秦當得蜀矣後果然,25975
卷之二十一,珍玩部,金銀,淘金,占淘而得之謀望雖有不免費力夢此者曰求名淹滯問利細微子必衆中有貴,25981
卷之二十一,珍玩部,金銀,持金,劉漢宏爲董昌所囚臨刑叱曰我節度使非庸人可殺我嘗夢持金若殺我者其錢鏐乎昌乃命鏐斬之,25986
卷之二十一,珍玩部,金銀,得假金,凡夢此者如鎏金裹金等物有虚飾而無實相凡占事宜因仍難以攺革之兆也不論是多是寡或大曰或小摠之不得貪圖妄想,25991
卷之二十一,珍玩部,金銀,償金凶,占金爲財貨又主刑傷夢人索金而巳償之曰者平常失利獄訟得脫主他人受刑之兆,25997
卷之二十一,珍玩部,金銀,銀,貞吉否凶銀從艮艮有艮止不動之意分毫假借不得之兆也夢中見之反非吉占一毫一忽不得妄貪如非所爲而爲之不但傷𨚫天理背乎人情將自巳現前之福盡淨消折異日方且酬償他債百千萬刼占何時得清求而得之尚且不可何况求之而不得曰也宜審哉○夢銀有把握在手諸事遲滯夢見低銀行事虚僞夢散碎銀兩求謀隨手遇欺頭頭被盜夢見元寳文章膽氣夢見錠銀出軍與賭賽必主我嬴夢見半截銀老病爭訟者俱爲不祥又有夢銀得銀者此性夢也難以例占天台有人姓王嘗祭厠神一夕夢黃衣女子云某厠神也君聞螻蟻言否于懷中取小盒子以指點少膏塗其人右耳下戒之曰或見蟻子側耳聆之必有所得明旦見柱礎下羣蟻紛紛聽之果聞相語云移穴去煖處傍有問之何故乃云其下有寳甚寒住不安其人伺蟻出訖尋之獲白金十錠,26004
卷之二十一,珍玩部,金銀,黃銀吉,占銀有黃色者似金而非金也爲器能辟曰除邪惡凡見於夢主光輝祥瑞之兆,26020
卷之二十一,珍玩部,金銀,銀餅凶,占并凑而成雖經煅煉未入範圍士人夢曰此爲有質而無文可觀之象考試不利林水源裏有室室前磐石上列羅十瓮中悉是銀餠採伐者遇之不得取取必昏悶晉太元初民家僕宻竊三餅歸發視有大蛇螫之而死民夜夢神語曰君奴不謹盜銀三餅即曰顯戮及旦視之奴死而銀在識此則非分之才不可妄貪矣,26024
卷之二十一,珍玩部,金銀,銀燈吉,占光明之象凡夢之者行事不暗昧得人照顧曰士人夢此學業有進女子夢此閨房久寂,26030
卷之二十一,珍玩部,金銀,銀鈎凶,張子原少有異才多異夢嘗作夢錄記夢中詩曰占楚峽巫嬌宋玉愁月明溪淨印銀鈎襄王定是思曰前夢又抱霞衾上玉樓○夢此恐有勾引之意私情有緣有勾攝之兆不吉,26034
卷之二十一,珍玩部,金銀,銀硯大吉,出自金山用於記室文房之重寳也士子夢之文占字成珠璣功名易如反掌仕宦夢之官品至銀臺曰爵祿久得榮身,26038
卷之二十一,珍玩部,金銀,銀甲吉,此夢甲爲木木有疏通之意甲屬陽陽有暢遂之占機况甲乃十于之首求名當在第一占孕所生必曰男訟宜忍辱病亦無妨○夢披于身者戰必勝夢受于人者得護衛○銀甲主吉金甲主凶,26042
卷之二十一,珍玩部,金銀,銀盒吉,夢此人事和同英賢契合之兆所作所爲因緣輻占輳我不同人人來歸附心孚意契志同道合之象曰也凡事皆吉,26048
卷之二十一,珍玩部,金銀,人授銀筯吉,夢此者毒不能侵害可以解筯有輔助之意作事占定有人贊相得道者多助也求名問利姻親産業曰便有到手到口之妙或得耳孫之力或作副席之客或有空舍爲我居,26052
卷之二十一,珍玩部,金銀,銀盃𩀱飛至凶,盃字從不不即非字之義盃者悲也夢之者一悲占未巳一悲復來傳于左則左哀傷傳于右則右啼曰泣口内啣者其凶更甚不止一口舌之災而巳,26056
卷之二十一,珍玩部,金銀,銀碗吉,夢此者作事婉轉有舒泰之意無𤨏碎之景名利占兩全之象也婚姻得婉孌之淑女子嗣得和婉之曰佳兒,26061
卷之二十一,珍玩部,金銀,銀壺吉,占岩前流水無人渡洞口碧桃花正開曰東望蓬萊三萬里等閒歸去等閒來,26065
卷之二十一,珍玩部,金銀,得銀錢吉,占夢此者有長命富貴之兆將帥出征三曰箭可以立功商賈經營一文可以致富,26069
卷之二十一,珍玩部,金銀,銀剪貞吉否凶,貞吉否凶占二字之義山前用金刀也居家夢曰此防有宼盜出征夢此得滅賊徒,26073
卷之二十一,珍玩部,金銀,銀瓶凶,占夢此者財散失利之兆瓶與貧字同音人曰可使之貧乎人而貧財用不足矣不吉,26078
卷之二十一,珍玩部,金銀,銀瓜吉,占此兆明明示人以剖割分析處也夢之者宜將財曰物剖分調適人情無私曲無偏向則能轉禍爲福,26085
卷之二十一,珍玩部,金銀,銀項箝吉,夢此者少年心性箝束不可不嚴若稍放𨓜縱恣占失錯便在眼前雖悔何及直待年富力强方爲得意方可釋念大器晚成黃花晚發之象也末路榮華故吉,26089
卷之二十一,珍玩部,金銀,銀挑牙凶,占此夢一見凡事當箝口不可妄曰言骨肉之間恐有傷殘之兆,26093
卷之二十一,珍玩部,金銀,銀包,貞吉否凶病人夢之决能立起訟者夢之勝無他慮遷居夢占之急難移動文人夢此不得遂志銀屬艮艮止不曰動况又包之哉商賈夢之雖不大發保無失脫産者夢之得男,26097
卷之二十一,珍玩部,金銀,銀窖,占此夢示人以藏不許人露藏則蓄聚機曰深災輕禍淺露則顯暴昭著禍大害深,26104
卷之二十一,珍玩部,金銀,銀礦吉,占此兆爲生生不巳化化無窮之象財源滔滔滚曰滚家業興隆發達惟老者病者夢此爲不祥,26108
卷之二十一,珍玩部,珠玉,珠子,夢珠者爲秀媚爲潤澤爲光華爲潔白爲圓轉聲價貴重姿質非凡富貴有緣貧窮不遇巨室夢之兒孫出類士人夢之文字超羣求利名者夢之旺占相當在未年或未運病人萝之難愈囚者夢之受曰刑貧窮者夢之事事支離婚姻夢之必得佳麗生産夢之必得賢能之子夢珠圓者事必亨通大而白者求謀欣遂大而黃者遭刑細而聯者泣涙,26116
卷之二十一,珍玩部,珠玉,五色珠大吉,樂史宜黃人母夢異人授五色珠而生史力學有占文爲南唐進士第一入宋復登甲科累官兩浙巡曰撫使,26122
卷之二十一,珍玩部,珠玉,走盤珠吉,占夢得此者具通權達變之才而一生奔走不停所曰喜者圓轉流動莫爲阻抑名實兩全之象也大吉,26126
卷之二十一,珍玩部,珠玉,照乗珠大吉,占光輝發越顯達榮施之兆夢此者事業光前耀後曰文章泣鬼驚神貨利曰新月盛聲名昌熾光亨,26130
卷之二十一,珍玩部,珠玉,定風珠,占是夢也行人信未至乗舟風有阻文士得之名譽曰不振武臣得之威令不行惟孕婦夢之坐草無虞,26134
卷之二十一,珍玩部,珠玉,夜明珠,許遜字敬之號眞君南昌人吴赤烏二年母夢金占鳳銜夜明珠墜于掌上翫而吞之因是有孕而生眞君少小疎通與物無忤嘗從獵射一塵鹿中之而斃鹿母皇顧舐之因感悟折棄弓矢尅意爲學博通經史尤嗜神仙修煉之術聞西安吳猛得丁義神方乃往師之悉受其秘日以修煉爲事晉太康元年舉孝廉辟爲旌陽縣令歲飢民無以輸眞君乃以靈丹點礫成金潜瘞于縣圃一日籍民之未輸者使服力于圃鋤地得金用以輸納民情遂得安堵西子母居若邪溪機織夢得明珠其光射體感而有孕遂生西子後遇范蠡亦以明珠贈聘,26138
卷之二十一,珍玩部,珠玉,徑寸珠吉,此夢求名當發達求嗣生大貴文臣夢之元輔可占望武將夢之强敵可殱尋常夢之知遇有日得人曰𣣇待夢吞于腹者文章蓋世若還人者隱姓埋名,26144
卷之二十一,珍玩部,珠玉,牟尼珠,兆此者作事有影無形視之不見聽之不聞不在占内不在外非語言可求非捉摸可得非具十分智曰慧不能合下承當茫無畔援執着不得夢之而生子當令披剃受記,26148
卷之二十一,珍玩部,珠玉,九曲珠大吉,占夢得此珠文心濬哲有超凡入聖之機才曰智通神有經天緯地之業非常之瑞徵也,26152
卷之二十一,珍玩部,珠玉,火珠,占夢此者疾病當有火症家宅當有火曰災惟文士夢之乃爲夾輔陽光之兆,26156
卷之二十一,珍玩部,珠玉,蚌珠凶,占有名無實之象夢之者生子秀而不貴爲商勞而曰少利居官卑而未顯出家苦而無成凡事不吉,26160
卷之二十一,珍玩部,珠玉,明珠羅漢,羅漢本名難生後値伏䭾尊者執待左右嘗睡眠謂脇不至席遂號脇尊者焉將誕時父夢一白象背有寳座座上安一眀珠從門而入光照四衆旣覺遂生後受法行化至華氏國二十四祖母夢吞明暗二珠而孕一羅漢曰當生二子一即祖一即芻尼昔如來在雪山脩道芻尼巢於頂上佛成道芻尼受報爲那提國王,26164
卷之二十一,珍玩部,珠玉,珠冠吉,命婦之首飾也士人夢之妻必貴女子夢之夫必占榮平常夢之亦無不利若疾病夢此則爲孝服哭曰泣之兆,26168
卷之二十一,珍玩部,珠玉,珠珥珠履珠衣,江南司農少卿崔萬安分務廣陵常病苦脾泄困甚其家人禱于后土祠是夕萬安夢一婦人珠珥珠履衣五重皆編貝珠爲之謂萬安曰此疾可治今以一方相與可取靑木香肉荳蔲分棗肉爲九米飲下二十丸又云此藥太熱疾平即止如其言服之遂愈,26172
卷之二十一,珍玩部,珠玉,珠串,夢此者光明連絡之象也文士試必聯捷商賈利占當數倍但須廻環成串方爲吉祥如夢直串𩀱串曰者爲纍墜爲涙零爲支離不吉,26178
卷之二十一,珍玩部,珠玉,珠簾,占是夢也爲善者世系榮顯爲惡者曰闔門誅戮若夢捲者爲吉凶都散,26182
卷之二十一,珍玩部,珠玉,還珠吉,咎積至蔡州息旅邸覺床上有物揭蓆視之乃一囊美珠次早問主人曰何人止此荅曰潯陽周仲津公伺而還之夜夢一童子謂之曰上帝見汝取與不苟當爲佳士今以明珠一函贈君異日者當受福報後五子俱登第位極人臣公壽至八十九而終李郡若有賢德嘗有貨珠子老媼至李氏遺珠在地郡君𭣣之後媼踰時始至形容枯瘦郡君詰之曰向所貨珠子歸而失之告其主償金十兩主不許因而成疾郡君曰珠子在此媼驚喜泣下願致金六兩以請郡君𨚫而不受取而還之忽微疾夢至一大宮府見二偉人坐堂上問記得還李媼珠子事否郡君諾之其一偉人曰當增二十年壽遂驚悟而起後二十年乃卒,26186
卷之二十一,珍玩部,珠玉,吞珠,進士謝諤家于南康舍前有谿諤爲兒時嘗夢浴谿中有人以珠一器遺之曰即吞此則明矣諤度其大者不可吞即吞細者六十餘顆及長善爲詩有詩選六十餘篇行于也宋宼瑊字次公臨汝人母夢神人授珠吞之而娠遂生瑊擢進遇賢俗姓林氏長洲人母初孕夢吞大珠生時祥光滿室少溺水泝流復還遂出家東禪寺性嗜酒人呼爲林酒仙醉則作詩時有警句尤能前知人禍福言無不驗人疾病者書符與之立愈曰行路中嘗持一鐵椎見瓦甓輒碎之人問其故荅曰惡世路不平耳,26194
卷之二十一,珍玩部,珠玉,玉大吉,山川秀氣天地精華結聚而成孕毓甚久儲養旣深方能具是美質夢此家道福積兒孫純粹室婦溫和凡事大吉○夢見未剖者機會未逢須藏器待時夢鋸開而玉美者運氣通泰利增百倍有瑕疵者謀望遲延作爲舛謬夢得碧玉者主入山得占道爲高上之人夢見玉潤如脂聲價高貴若夢玉曰碎者妻子不利夢瑞玉定得分茅胙土夢吞玉有人來訴决因田土相爭夢懷玉孕必生男夢見執玉臨事還當兢凜夢買玉將置阿嬌或嗣佳種夢棄玉妻子不能兩全玉光熌爍名利兼得夢玉缺一點爲王身卧下玉上病宜禳土,26205
卷之二十一,珍玩部,珠玉,玉燕,開元宰相張說母夢一玉燕飛入懐中因而有孕生說後爲宰相故人有飛燕投懷之句,26215
卷之二十一,珍玩部,珠玉,玉盤玉枕玉帶吉,開運甲辰歲暮晉帝遣中使至内署宣問諸學士云朕夜夢一玉盤中有玉枕及一玉帶皆有碾文光瑩可愛是何徵也承旨李𫺤儀奏云玉者帝王之寳帶者誓功之兆盤盂者守器之象此爲吉兆後帝享位多年,26219
卷之二十一,珍玩部,珠玉,玉筯吉,邵康節母李氏其姑張氏遇之甚嚴一夕欲自盡夢神人令以玉筯食羮一杯告曰食自盡當生佳兒後李夫人山行見雲霞間大黑猿有感而孕臨蓐慈烏滿庭人以爲瑞是生康節,26223
卷之二十一,珍玩部,珠玉,玉盆吉,齊後主高緯母胡氏夢于海上坐玉盆日入裙下遂有娠五月五日生緯于并州邸,26229
卷之二十一,珍玩部,珠玉,泣玉貞吉否凶,貞吉否凶占和氏之泣夢中見之此兆爲有志莫伸有懷莫喻曰遭際不在目前但恐禍生足下是大器晩成之象,26233
卷之二十一,珍玩部,珠玉,玉玦,玦者决也有决斷之義獄訟夢此輕者得脫白重占者主處决玦者缺也有殘缺之象患難夢此骨肉曰不得完聚家業不能保全凡事多凶少吉,26238
卷之二十一,珍玩部,珠玉,種玉吉,陽父字雍伯致義漿給行人三年一夕夢人問曰何不作菜湯荅曰無種人曰明曰往架上取子種之生好玉併得好婦晨起果得菜子一升公種之數歲北平徐氏有女公求之徐云得白璧一雙當成婚公至種玉所得白璧遂娶之名其地曰玉田,26246
卷之二十一,珍玩部,珠玉,玉勝吉,陳高昭劉皇后母桓氏夢吞玉勝生后以告父壽之壽之曰恨非是男桓笑曰雖女亦足興家矣,26256
卷之二十一,珍玩部,珠玉,玉石吉,高琳之母嘗袚禊泗濵遇見一玉石光彩朗潤遂持以歸夜夢人衣冠有若仙者謂曰夫人向所將來玉石是浮磬之精若能寳持必生令子母驚寤舉身流汗俄而有娠及生因以琳名字之曰季珉後爲國名將爵建爲郡公進位柱國,26262
卷之二十一,珍玩部,珠玉,吞玉吉,隋崔府君父讓世爲巨農純良德義鄉里推重年將知命未立嗣讓與妻䖍誠禱于北岳是夜夫妻夢一仙童手擎一盒詣門曰帝賜盒中之物令吞之言訖舉盒蓋觀之見美玉二枚夫婦各吞其一忽然而覺大業三年六月六日生一子神彩秀美異于常人幼而從學日誦千言不窺羣子之戲因名子玉凡事過人鄉人咸以爲天賜也,26270
卷之二十一,珍玩部,珠玉,玉擲于門,李盛作安南守夢人以玉擲于門盛曰此閏字也吾官當再任果然,26283
卷之二十一,珍玩部,珠玉,玉佩,夢此行動趨止各有常度坐作進退各有節文肅占肅其容不忘恭敬之心抑抑其儀當有鏗鏘之韻曰文士夢此巍科高擢若夢身上解去者主有凶事夢見小人佩外者主奴僕背主之兆,26287
卷之二十一,珍玩部,珠玉,銜璧凶,壁所以禮神所以通信國家之重寳也當十襲珍占藏或奉持服膺夢銜之者主有屈辱喪亡之凶銜曰而入曰入腹者才高子秀,26291
卷之二十一,珍玩部,珠玉,玉環吉,玉有溫潤之姿環有循環之象夢此者凡事無往占不復否極泰來之兆人授巳者主或生貴女或得曰雙子,26295
卷之二十一,珍玩部,珠玉,玉瓶吉,叚思平夢玉瓶耳缺以爲不祥董軍師曰玉瓶去耳爲王主公爲王者兆也果然,26299
卷之二十一,珍玩部,珠玉,賣玉吉,占玉售而得善價商賈定主興旺文士曰必得科名但有美子女者夢此不祥,26303
卷之二十一,珍玩部,珠玉,玉璽玉圖書吉,占夢此者主有真人授記天子降恩若在平曰常其人必眞誠有信行能堅忍無變更也,26307
卷之二十一,珍玩部,珠玉,玉鈎貞吉否凶,貞吉否凶占文人夢此有鈎深致遠之思官訟夢之有一筆鈎曰消之兆疾病夢之急宜解禳祀賽亦可消釋災悔,26311
卷之二十一,珍玩部,珠玉,玉帶吉,玉帶爲尊貴顯榮之兆見之于夢當有王公大人占降臨在顧或來徵聘正得志行道之會惟君子夢曰之乃爲大吉若在常人夢非其物不得爲美,26316
卷之二十一,珍玩部,珠玉,玉碗貞吉否凶,貞吉否凶占夢此爲貴人接引之兆若夢傾碎者死喪曰不祥謀望須防傾跌凡事敬守方保無虞宋李世俊母夢人以玉碗授之而生七歲能屬文詞華獨擅爲海内人望後俊母復夢碗中有路嘆曰此子其殆不榖乎世俊尋以儕輩所妬羅織成獄杖之幾斃廷下遂不能起云,26322
卷之二十一,珍玩部,珠玉,瓊瑰,公孫嬰齊字聲伯夢渉洹或與巳瓊瑰食之泣而爲瓊瑰盈其懷從而歌之曰濟洹之水贈我以瓊瑰歸乎歸乎瓊瑰盈吾懷乎懼不敢占也還自鄭壬申至於貍脈而占之曰余恐死故不敢占也今衆繁而從余三年矣言之之莫遂卒于貍脤,26329
卷之二十一,珍玩部,珠玉,玉磬大吉,其形曲折其韻悠揚爲八音之紀綱爲始終之條理凡夢此兆者將見事雖繁冗必有綂馭之權攘占奪雖多我得綱維之任士人領魁元仕宦登黃閣曰常人謀望亦有把柄家庭事體有頭緒而不紊亂婚姻當見朱陳之好孕育定得麟鳳之祥,26333
卷之二十一,珍玩部,珠玉,玉軫吉,撫金徽調玉軫琴瑟之事也此兆主家門雍睦伉占儷和諧士子文思清新篇章俊𨓜將有知音之遇曰商賈求利爲的軫者準也遠音目下將至盟約有信不虚,26339
卷之二十一,珍玩部,珠玉,玉壺吉此清介廉潔之徵也,此清介廉潔之徵也宜于孤高絶俗之客不宜子占母財利之徒士人當入詞林居官定超給諫女人曰不宜夢此恐有藁砧之憂又夜來一夢玉壺氷榮潔無瑕徹底清占名蜚詞林聲諫諍閨闈嬴得守操貞,26343
卷之二十一,珍玩部,珠玉,琢玉成器皿利,此兆是使人切磋磨礪攺過修德以玉成大器也占士子功名可就經營財利可得但先難後易必其曰始受得一勤勞未路乃能安𨓜也,26353
卷之二十一,珍玩部,珠玉,赤虹化玉大吉,孔子作春秋孝經成祭告于天有赤虹自上而下化爲黃玉三尺上有列文凡得此夢者朝廷之占上當生聖子神孫將來必爲有道仁明之主天下曰咸寧萬邦惟順所夢之人在文士亦當爲賢良輔弼之臣建緯地經天之業若常人夢之王家事豐豫俊秀之子挺生傑出赤虹化玉皇天眷沃有夢若斯兆豈庸碌上應又朝廷下逮民俗聖德王仁遍覆幽谷所夢之人占家給人足,26357
卷之二十一,珍玩部,珠玉,飲玉漿吉,此兆宜于日用起居樽節愛養修身謹行則士子得文思日益常人得家道日隆老年者壽至百歲有疾者夢之宿病皆痊後魏李預夢神授以餐玉之法乃采訪藍田掘得𪻷環璧雜器形者大小百占餘枚槌作屑日食之經年云有效驗而好酒損志曰及疾篤謂妻子曰服玉當屏居山林排棄嗜欲而吾酒色不絕自致於死非藥之過也尸體必當有異於人勿使速殯令後人知餐服之功時七月中旬長安毒熱停尸四曰而體色不變口無穢氣,26363
卷之二十一,珍玩部,珠玉,玉在石中貞吉,玉在石中璞玉也尚俟良工方能發揚其美士子占未遇明師賢友更不得薦拔之人一應九流工商曰等輩夢之交庚辛申酉之年始爲佳兆,26373
卷之二十一,珍玩部,珠玉,兩手捧玉大吉,夢此兆者宜持身敬謹當成大器士得名異日當占爲輔弼之臣玉乃王也兩手即股肱之意其應在日此其餘皆爲吉兆,26379
卷之二十一,珍玩部,珠玉,香玉大吉,唐肅宗賜李輔國香玉香聞數百里得此夢者大吉之兆玉質之溫潤者也香徳之芳馨者也若能占修德以應其占士人當唾手功名垂芳百世常人曰事業恢弘子孫世守生子俊秀聰明生女端莊貴品半載中有喜慶從天而至也,26387
卷之二十一,珍玩部,珠玉,觀日上吉,此玉乃希世之寶洞見口中宮闕人有夢之者當占承恩天府日侍龍顏若在俳優等輩及無德之人曰兆之反有刑戮及也又觀日玉希世寶曰中宮闕如蓬島此占夢原來兆不凡承恩得侍龍顏早,26391
卷之二十一,珍玩部,錢鐵,錢,貞吉否凶體圓孔方輕重以銖周流四方利濟天下可以舒人之困可以甦民之命其如泉之流若聚而不散占當獲天譴夢之者有通達萬變之兆○夢見散錢曰主有瘡瘍之症夢錢無文者求謀背暗夢錢貫串者事必連絡夢錢堆積者當被臭名柳績字德封勤苦爲學夜燃木葉以代燈火夢中聞有呼者績出見之有五六丈夫各負一囊傾于屋下如榆莢語曰與君爲讀書粮明旦起而視之得漢古錢一堆計百七十千乃終其業宋明帝時官至東宮舍人,26401
卷之二十一,珍玩部,錢鐵,贈錢,閻陟幼時父任宻州長史陟隨父在任夢女子年十五六容色妍麗來與巳會寢輒夢之後夢女來别曰妾是前長史女死殯城東南角明曰來迎妾喪矣今有百千錢相贈言訖送錢于寢下陟覺視牀下惟有百千紙錢,26416
卷之二十一,珍玩部,錢鐵,大錢,弘治庚戌汪諧爲副主考王鏊爲同考一夕送卷至堂汪謂王云昨夢人餽一大錢何也王謂文如靑錢萬選萬中其有異乎巳而乃錢福爲會元,26426
卷之二十一,珍玩部,錢鐵,上清五銖,岑文本避暑山亭因少憇焉夢中忽報有上清童子元寳來見曰上清五銖及出門東行數步于墻院下瞥然而沒明旦文本命工力掘之得古錢一抆文本方悟上清童子是靑銅名元寳錢之文也,26430
卷之二十一,珍玩部,錢鐵,天雨錢,唐熊衮性孝爲御史大夫是時例無俸給家無餘資父喪不能葬晝夜號泣夢天雨錢明旦庭下果有錢一堆得以襄事人稱忠孝雨錢公,26434
卷之二十一,珍玩部,錢鐵,錢飛入云,是夢也士人文章曰富商賈財利倍增惟軍中夢占之爲金戈疊見須防敵兵衆至病中夢之爲蟲血曰變動但恐腫毒蛆生,26438
卷之二十一,珍玩部,錢鐵,掘地求錢,占是要也掘之而不得反吉見錢少者主口曰舌錢多者主有湧泉穴之病須求對治,26442
卷之二十一,珍玩部,錢鐵,料錢,宋王狀元十朋未第時醉墮沛河爲水神扶出是夕夢神曰公有三百千料錢今曰若死何處註銷明年遂登第,26446
卷之二十一,珍玩部,錢鐵,身入錢孔凶,錢體外圓反之則方内方反之則圓質屬金金主占刑傷夢之者必有獄訟身受拁鎻之象舟中爲溺曰水之徵又主遺臭,26450
卷之二十一,珍玩部,錢鐵,人以錢求買物凶,此交易之兆應在錢姓者或金姓者或戈姓二人占持金至者如買巳不祥之物大利買巳所愛之物曰不吉晉王導長子悅卒先是導夢人以百萬錢買恱導濳爲祈禱㝷掘地得錢百萬餘意甚惡之悅卧疾尋卒,26456
卷之二十一,珍玩部,錢鐵,得錢貞吉,夢得古錢者主利微夢錢落身者主瘡甚錢靑而占大者主文章錢白而多者主泉水夢見黃錢者入曰黃泉之兆劉巢林者篤行人也夜夢至一所有石榴二樹下得錢千緡自念平生無妄想安得此夢未幾里中戴氏延爲館師其館中庭前有石榴二株一如所夢及得束脩備千緡遂得第,26462
卷之二十一,珍玩部,錢鐵,古塚錢,剡縣陳務妻少寡與二子同居好飲茶家有古塚每飲輒先祀之夜夢人致謝云吾雖濳伏朽瓖豈忘翳桑之報及曉于庭中獲錢十萬似久埋者惟貫新耳,26470
卷之二十一,珍玩部,錢鐵,磨錢文,三國魏曹丕夢磨錢欲使文滅而更愈明以問周宣宣曰此陛下家事雖意欲爾而太后不聽,26474
卷之二十一,珍玩部,錢鐵,鐵,質屬金而不貴其性剛而音劣故凡夢銅錫等類兆無不祥惟鐵有凶有吉不可無占耳○夢失鐵占爲傾跌之象得鐵爲貼服之徵夢人持鐡器入家曰主病祟夢鐵光焰焰主兵戈動夢呑鐵主病脾泄夢冶鐡成器者失物必獲得物反失夢身入鐵中主傷損,26478
卷之二十一,珍玩部,錢鐵,鐵槌,承德郎孫俊民家于震澤歲除夢一長大人其高出屋行通衢一手持牛角一手持鐵釘鎚脾睨其家以牛角擬門上欲釘之夢中與之辨解長人乃去以其角釘對門姚氏舉家病疫死者數人,26482
卷之二十一,珍玩部,錢鐵,鐡馬吉,鐡爲金馬爲火火能尅金而金成于火動而不定占相擊成聲夢之者主出行主名譽顯聞也若夢鐵曰馬馳入庫藏者必有失火之災宜解禳之,26486
卷之二十一,珍玩部,錢鐵,鐵拐吉,八仙中所有者也夢此爲能持能行之象出行有占扶助病患得立起年老者便於出入周旋力弱者曰不至傾跌顚躓脩鍊之士夢此必遇眞仙引掖,26490
卷之二十一,珍玩部,錢鐵,鐡桶大吉,夢此主江山一統海宇咸寧之兆有國者城郭完占固不煩扞衛有家者墙垣堅厚無事修葺創始者曰必至盡美守城者必能永久,26494
卷之二十一,珍玩部,錢鐵,𨮘鐵如意吉,剖屹鐵石而得𨮘鐡煉𨮘鐵而成如意夢持之者占主遇金姓石姓人配合姻緣凡事如意其謀其居曰其名其利病者訟者俱稱心滿懷大吉也,26498
卷之二十一,珍玩部,錢鐵,鐵硯,占夢此者立志鑚研持久成功之兆求財曰利當枉尺直尋問功名宜棄文就武,26502
卷之二十一,珍玩部,錢鐵,鐵劵吉,功成名遂志得意滿之兆夢之者文士名書彤管占武弁拜將封侯産業有成訟獄無害子嗣興降奕曰世綿遠,26506
卷之二十一,珍玩部,錢鐵,吹鐡笛吉,占兆此者韻别名高吹之爲曰金穴有聲主大富馳名也,26510
卷之二十一,珍玩部,珍寳,丹砂大吉,臨水縣有廖氏世老壽後移居子孫輒殘折他人占居其故宅復累壽不知何故夜夢井水泛溢因掘曰井左右得古人埋丹砂數十斛丹汁入井是以飲水而得壽夢吞丹砂者當主有壽得道,26518
卷之二十一,珍玩部,珍寳,紫珍,隋王度得古鏡能制百邪時蒲陜間疾癘尤甚乃使小吏張龍駒持鏡遍巡百姓其夜鏡于匣中冷然自鳴明早龍駒謂度曰昨夢一人偉異謂駒曰我鏡精也名曰紫珍爲我謝王公百姓有罪天予之疾奈何使我反天救物且病至後月漸愈無爲我苦,26522
卷之二十一,珍玩部,珍寳,琥珀貞吉,占夢此者主當有風木之憂曰不吉惟𤜄孕主生貴子,26526
卷之二十一,珍玩部,珍寳,貓睛石,占瑩潔明透夢之者主有奸雄窺瞰之曰兆女子夢得此主有以芳蘭相贈者,26530
卷之二十一,珍玩部,珍寳,埋寳吉,占寳者西戎所產乃天地之英山川之瑞凡見于夢曰者內應五臟精華無有不吉惟夢失之者爲不祥有夢一丈夫佩劍自言漢光武時與馬將軍同征交趾得南人之寳後馬以薏苡被謗吾恐禍及將寳埋此地及窹與鄰近𡬶其處掘得寳劍并金⿔古鏡,26534
卷之二十一,珍玩部,珍寳,寳母吉,占其色半靑半赤夢之者商販出行或東或曰南而利不求自至此大富豐亨之兆也,26538
卷之二十一,珍玩部,珍寳,阻馬路凶,占夢此者貴人主失祿平人主失業閨中夢曰之爲懷思分别出征夢之爲歩伍失利,26542
卷之二十一,珍玩部,珍寳,殊角,即象牙,26547
卷之二十一,珍玩部,珍寳,吉,象輅以封異姓貴者夢此受恩錫象筯必有玉杯占富者夢此設華筵牙籖萬軸文士夢之書富五車曰象有齒以焚其身凡事謹愼乃得善終,26549
卷之二十一,珍玩部,珍寳,珊瑚凶,占寳樹也高者五六尺次者三四尺夢此者掌有曰繁雜當刪削之其色紫者主疾病赤者主火災,26557
卷之二十一,珍玩部,珍寳,瑪瑙,占似玉而有斑士人夢此文章光彩曰老人夢此則病熱症生煩惱不祥,26563
卷之二十一,珍玩部,珍寳,得寳璫,占常人夢之主釡空如洗之曰兆富貴夢之張典得利也,26568
卷之二十一,珍玩部,珍寳,玳瑁,占此海中介蟲也以之爲服飾在霧中不曰迷夢見此者主大水至尋常得酒食,26572
卷之二十一,珍玩部,珍寳,玻瓈琉璃,占主奔波流離之兆凡夢此者俱曰爲不祥若在難中反得解散,26576
卷之二十一,珍玩部,珍寳,貝,有紫貝有霞貝有綬貝有朱貝夢得紫貝者疾病占愈得霞貝者蛆蟲消得綬貝者氣障去得朱貝者曰眼目明,26580
卷之二十一,珍玩部,珍寳,水晶,占夢此者主三日後有大水曰至又主天雨三日之兆,26584
卷之二十一,珍玩部,珍寳,犀角大吉,犀者犀利之物夢之者無有不利有水犀有文犀占有通天犀夢水犀者商賈渉江渡海無險阻夢文曰犀者士人文章詞賦有重名夢通天犀者凡人疾病災患得良藥若孕婦夢之生女必貴,26588
卷之二十一,珍玩部,珍寳,琅玕大吉,昔人夢遊蓬萊見琅玕樹如珊瑚老人揖而取之擊之有金石聲旣寤覺身體輕徤後至百歳行及占奔馬凡夢此兆者交得良友病遇良醫出仕者有曰循良善政遭逢聖君爲一時之良相爲百世之干城大吉之夢也黑甜一枕夢琅玗蓬島球琳取次看聲若敲金仍又戞玉色如染黛更塗丹佳徵美兆傳符劵友誼交占情重臭蘭酣寢乍醒春睡足一庭花事未闌珊,26592
卷之二十一,珍玩部,珍寳,雲母吉益田畝之兆又雲母出雲縹緲氤氲,雲者登雲之兆又爲虚浮不實之象今得其母是騰霄有路而捉摸無憑也宜于士人不宜賈容宜于空拳名譽不宜齎本求實雲母凡有五色若夢靑色者家庭有喜事至孕生男赤色者防火災遠占音到又有口舌之兆有人送書籍及衣服來白色曰者有財帛白而有光茫者有刀兵之兆無光黯淡者父母喪服及親戚死亡之憂黑色者主疾病盜賊及大水蕪沒田廬黃色者士人夢之大貴至村莊人夢之增益田畝之兆又雲母出雲縹緲氤氲占不利俗子利于斯文,26601
卷之二十一,珍玩部,珍寳,玫瑰吉,玫瑰亦香玉也芳香之氣今之玫瑰花香與色俱占似之此乃文章魁首之兆也士人登魁元一應九曰流俱有名聲生子俊秀生女貞潔又春睡夢玫瑰文章得占魁占𥦗前勤苦學馬上錦衣回,26610
卷之二十一,珍玩部,珍寳,琨㻍吉又㓾利說琨㻍霜芒世所無,琨㻍乃西海之石可以爲劒切玉如泥得此兆者占每事㓾利功名早得家道易成處繁瑣膠結之事曰則當迎刃而解又㓾利說琨㻍霜芒世所無占佳徵形夢寐勇往嚮前途,26616
卷之二十一,珍玩部,珍寳,臙脂凶曰道盛而陽道衰君子退而小人進戒之戒之,臙脂乃女子之所需也女子好也然必每占事守正不得荒淫過欲則惡事變成好事如其不然恐陰曰道盛而陽道衰君子退而小人進戒之戒之又昨宵夢裏見臙脂麗質嬌容恣爾施占陰道將盈陽道抑吉凶安用卜龜蓍,26626
卷之二十一,珍玩部,珍寳,翡翠凶,翡翠爲林鳥之羽作婦人之飾翡字從非翠字從占卒如夢得此兆急宜保身守正戒謹恐懼猶可挽曰禍爲福不則便有非義非法之事以卒其身者也又翡翠原來鳥羽毛字從非卒不堪逃占修身戒謹囘妖異詁訓諄諄勸爾曹,26638
卷之二十一,珍玩部,珍寳,車渠不利,占此夢主有河渠之決不曰利于我須預備之可也,26648
卷之二十一,珍玩部,珍寳,瓊英吉,占美石也夢之曰主世出英豪,26653
卷之二十一,珍玩部,珍寳,天球吉,占重寶也夢之曰主爲良輔,26657
卷之二十一,珍玩部,珍寳,璠璵吉,占魯之寶玉也夢曰之主生秀兒,26661
卷之二十一,珍玩部,珍寳,磥砢凶,占此兆主坎坷曰多累之象,26665
卷之二十一,珍玩部,珍寳,琬琰凶,占此夢宛然有炎上曰之象火燭之光,26669
卷之二十一,珍玩部,珍寳,━━━━━━━━━━━━━━━━━━━━━━━━━━━━━━━━━━━━━━━━━━━━━━━━━━━━━━━━━━━━━━━━━━,卷之二十二,26677
卷之二十一,珍玩部,珍寳,━━━━━━━━━━━━━━━━━━━━━━━━━━━━━━━━━━━━━━━━━━━━━━━━━━━━━━━━━━━━━━━━━━,,26679
卷之二十二,文翰部,書籍,書從天降大吉,占夢此者必有殊遇顯者蒙恩錫士人蒙曰簡拔常人當有意外喜事無不吉昌也,26696
卷之二十二,文翰部,書籍,月照書史吉,占月陰象也應得兵書或握兵符曰士人女子夢之當有婚姻之喜晉韓𢗄夢月下觀後漢書旁一道士指謂之曰此汝婚姓也踰歲娶得蔡氏乃悟後漢書爲文姬所續其姓乃蔡氏也,26701
卷之二十二,文翰部,書籍,風翻書籍凶,參𦍑不齊顚倒錯亂凡事多疑了無成算夢此者占主心事不寧徬徨無䇿有所謀爲要皆不能成就曰然當察其書而推之可也,26712
卷之二十二,文翰部,書籍,書晒炎日中大吉,日麗中天書晒其下文明之象也貴人必登台鼎占士子必擢高科常人夢之家業興隆且生貴子旅曰客夢之有信在中途即至也,26716
卷之二十二,文翰部,書籍,雨淋書史缺壞凶,占凡事有穿𨯳須防人暗毀大不利于功名及文書曰事若士人夢之必其志不堅學不精也奮勉爲上,26720
卷之二十二,文翰部,書籍,雲中書貞吉,靑雲名顯達紅雲恩詔來黄雲飛敕至紫雲生貴占胎烏雲家信通白雲乃喪事五色最難逢不啻一曰身貴還看世世榮按色推之吉凶可知矣,26724
卷之二十二,文翰部,書籍,據地觀書史,濳而未躍伏而不動藏器待時困而後亨之兆也占得此夢者無妄求無躁進久必通達譬猶龍之須曰蟄而起也利名一轍宜共守焉,26732
卷之二十二,文翰部,書籍,拾地上遺書吉,得此夢者學日以進智日以增主有貴人扶翼引占導大吉之兆也惟不利于女人夢此者主有公姑曰夫壻之憂,26736
卷之二十二,文翰部,書籍,讀書山林間大吉,神清氣爽心恬意適乃有此夢主爲高貴之品出占仕者玉堂金馬未仕者澤媚山輝蜚聲鴻譽指日曰灌耳也,26740
卷之二十二,文翰部,書籍,握書登山頂最高處大吉,仰接穹蒼俯眺寰海夢此者必列三台否亦當居占諌垣以輔明主未第者夢之當大魁天下市人曰夢之必富冠一時,26744
卷之二十二,文翰部,書籍,水面浮書,夢此者主有遠音至多凶少吉然須審其何方浮占來或順流或逆流乃可辨其凶吉東南則吉西北曰凶順則吉而逆凶○倘綠水紅書主生子白水綠書主生女此又不應以前例推也,26749
卷之二十二,文翰部,書籍,路上觀書吉,名利亨通無往不吉之夢也不日有奇遇宜遠行占且貴速名必大顯利必大獲動遂所願但不可遲曰滯耳,26753
卷之二十二,文翰部,書籍,翻史貞吉,占靑雲之客中秘之兆去惡從善宜鑑往曰事夢此者主進德修業爲正人君子,26757
卷之二十二,文翰部,書籍,擕書遠行吉,占夢此者以所行向何處占之是爲順德居曰尊敦厚以明道必有所成就而無悔者也,26763
卷之二十二,文翰部,書籍,人取書去,占主慶賀之事無事夢之必有奇事有事夢曰之當審所言次日作事遇雨吉遇風大忌武德四年東都平後觀文殿寳厨新書猶八千許卷將載還京師上官魏夢見煬帝云何因輒将我書向京師于時太府卿宋遵貴以大船載書往京師河中値風覆沒魏復夢煬帝甚喜云我巳得書帝平日愛書寳厨新書大業所秘之書也,26767
卷之二十二,文翰部,書籍,秉燭覓書吉,占主得良師或賢友資其教誨磋磨之力否則曰有遠行往無不利也常人夢之主失脫官事,26773
卷之二十二,文翰部,書籍,手評書史吉,裁定是非商確可否黜陟惟我去取惟我匪異人占任也得是夢者其登史館乎即在未遇亦可因此曰覘品于異日矣白衣夢之亦有益而無損倘所評者是小說野史防口舌,26777
卷之二十二,文翰部,書籍,理殘書吉,殘書舊物也而理之是不棄舊也不棄舊者必不占憐新中和之德于夢徵之是人名顯遂家聿新于曰兹丨其始矣,26781
卷之二十二,文翰部,書籍,得所未見書大吉,天欲啓其聰明故于夢中示以奇異之書凡得此占夢者必主學問長進才智過人當有非常之遇建曰功立業冠絕一世也,26785
卷之二十二,文翰部,書籍,神授文書,占因所示而審之因其曰時而推之無占也眞宗嘗夢神人言賜天書于太山即宻諭王欽若欽若因得之授中使馳捧以進遂成封禪禮蕭燧未第時夢神人示以文書記其一聯云如火烈烈玉石俱焚在冬靑靑松栢不改後以進士高第不爲秦檜子熺所污仕孝宗朝累遷左司諫上以議論鯁切不求名譽紏正奸邪不恤仇怨嘉奬之後以資正殿學士與郡卒謚正肅爲南宋名公,26789
卷之二十二,文翰部,書籍,人與巳書吉,占與我以書發我蒙也士人夢之益智慧庶曰人夢之長機謀若係雜書當有人來議事,26799
卷之二十二,文翰部,書籍,人誦書吉,占凡夢此者皆有所貴因時而推雖所曰誦者是大凶之書亦必無咎悔也,26803
卷之二十二,文翰部,書籍,抄書,占幼稚夢之爲佳兆衰老夢之爲危兆貧曰窮夢之吉貴顯夢之凶更以所抄占之,26808
卷之二十二,文翰部,書籍,焚書,占書而焚之是棄之也棄書不祥夢之凡事曰皆不利也如無用書而焚之則反大吉,26812
卷之二十二,文翰部,書籍,架上書崩,此夢主學問充足將售去也舉子夢之必聯捷惟占老年尊宿及在高位者夢之則大非吉利之兆常曰人夢之無嗣女人夢之主必有丈夫與子之憂當細推之,26818
卷之二十二,文翰部,書籍,積書盈箱滿架同,滿架同占富貴之夢積德之象博學所致也而或有曰積敝者亦夢之以名色推之審其詳矣,26824
卷之二十二,文翰部,書籍,篋書縱橫吉,占此高談雄辨之象能挾策以干王公必有所遇第曰踪跡無定不能大慊巳意凡事須見譏往无咎也,26830
卷之二十二,文翰部,書籍,書作枕大吉,得此夢者一生作事安穩如意且多得貴人之力占即經營者夢之亦必得大貴人之賑濟永無落下曰之日也,26835
卷之二十二,文翰部,書籍,藏書袖中,占看所藏何書五經文史爲上吉雜書稗說次曰之淫詞艶曲爲至凶藏右袖則吉左袖則凶,26839
卷之二十二,文翰部,書籍,以衣拂去書塵吉,拂去書塵易新說也以衣拂之功在我也夢之者占必積學之士能剏特解以剖聖賢精微之藴而超曰出時髦之上者也否則必有寧馨出而繼書香,26843
卷之二十二,文翰部,書籍,帶束書,占主事有成當有秦晉之盟後必生貴子秀士不曰宜夢此夢則所學不進也經營者夢之亦不利,26847
卷之二十二,文翰部,書籍,錦衣裹書吉,占功名顯達之象在春夢之全吉秋次之夏冬曰又次之紫錦爲上藍次之紅綠玄又次之,26851
卷之二十二,文翰部,書籍,屋角有書籍,占履險而坦居危而安素位以行曰則无咎不可妄有所作爲也,26855
卷之二十二,文翰部,書籍,書滿車大吉,夢此者百事須勉力爲之則無不就飽學夢此定占乗風破浪著名于時經營者夢之大獲貨利乃運曰通之劵也,26859
卷之二十二,文翰部,書籍,舟載書史吉,占夢中無風波之險順流而行則有得意快心曰之事如巳傍岸主發科甲暗中得神祐之力,26863
卷之二十二,文翰部,書籍,負書騎馬走吉,主有人附信或泥金報捷如出仕者當銜命遠占行市人夢此主獲四方之財隨所往之方而詳之曰自知否泰矣,26867
卷之二十二,文翰部,書籍,鳥銜書大吉,占翶翔雲漢展翅天衢士子名成志遂之符也曰常人夢之有佳音至女子夢之則生貴子,26873
卷之二十二,文翰部,書籍,捕魚觀書吉,占夢此者主享安寧之福得後昆之力曰無疾永年後生夢此主得無本之利,26877
卷之二十二,文翰部,書籍,覆茗書上大吉,此夢主婚事且在詩禮之家臨塲夢之必掇巍科占女子夢之當有俊雅之士問名焉幼𥪡夢之當有曰賢明之師開導焉,26881
卷之二十二,文翰部,書籍,置書史于花側,結子花則生聰雋之兒不結子花則生秀慧之女占舉業者夢此則無成尋常者夢此則得助就得夢曰之人與時推之自驗矣,26885
卷之二十二,文翰部,書籍,展書竹林中吉,占修身以俟虚心以求清節之吉人所不曰可及也人若夢此其有物色者至矣,26890
卷之二十二,文翰部,書籍,投書荷池,夢此者聯捷兆也荷衣綠衣也投書荷池將脫白占掛緑也生理者不宜夢此蓋書本也以本投水其曰何利焉,26895
卷之二十二,文翰部,書籍,蕉葉覆書,占主有大人覆庇且沐其休澤如葉枯曰而無色者主大不祥有喪服之憂,26900
卷之二十二,文翰部,書籍,書在樹頂貞吉,此夢主有人來獻䇿與之謀議必能成就大事可占建𥪡勳業其人必介直而不阿有始克終書青色曰東方人赤色南方白色西方黑色北方人倘出行者夢此則危而不安未可遽行也防有宵小之阨,26905
卷之二十二,文翰部,書籍,執編攀枝,占名未能遂志未能伸若是枯枝終身無成也若經曰營握算獲利無疑若無子者夢之主必生子也,26913
卷之二十二,文翰部,書籍,玉易書,書易玉同,26919
卷之二十二,文翰部,書籍,大吉,此大貴之兆也夢之者主有古鼎簡拔位登八座占子孫綿綿簮纓不絶商賈夢此主獲大財誕生貴曰子女子夢此夫壻乗龍,26921
卷之二十二,文翰部,書籍,書上多珍寳,士子夢此必以文章名天下但不能登高位每爲占羣小所妬市人夢此主失脫官事舟中夢此防風曰波之患,26928
卷之二十二,文翰部,書籍,鐡如意點書貞吉,夢此者主有疑難之事求剖其中必有窽竅臨時占必能推出但須立意斷之則可以服衆士人夢之曰則名難成餘則無益又無損也,26934
卷之二十二,文翰部,書籍,裁經史作佩玉吉,占溫其如玉君子之德裁以爲佩服無斁,26938
卷之二十二,文翰部,書籍,曰,也若經與史則在推者之自悟云爾,26941
卷之二十二,文翰部,書籍,書史忽成琉璃,夢此者主明見萬里權傾一世若無威柄者主離占散不常去來無定在外主父母有疾經商主分利曰不明出行猶忌,26944
卷之二十二,文翰部,書籍,金銀中得書籍,占觀人品之清濁清者顯達而無終濁者得爵曰而無祿至若商賈之士利薄而微不足算也,26948
卷之二十二,文翰部,書籍,持錢買書吉,占有志未遂謀事未成終必有慶夢此者凡曰所作爲皆當從緩發軔之初創始之象也,26952
卷之二十二,文翰部,書籍,書忽作聲,雷鳴隱隱蟄龍將起之象夢此者譽騰海内望重一時庶人夢之必主發財興家立業無不如意惟占老人夢之主啾喞主疾病女人夢之主外孝服幼曰稚夢之益智慧春月得此夢一歲之中大有成就終身之業于兹始茂矣,26956
卷之二十二,文翰部,書籍,朱書大吉,天帝之符受祿之徵夢此者主大貴蒙主眷寵占常人夢之得仙術老者夢之益壽延年女人夢之曰夫榮子顯上吉兆也,26960
卷之二十二,文翰部,書籍,書字變成五色字大吉投時皆,夢此者主文章大進不求問學自能明悟投時皆占合賢愚共慕在幼年夢之更妙老年夢之主封爵曰至主得晩年秀子常人夢此主得錦繡財帛猶利出行所往皆吉也,26964
卷之二十二,文翰部,書籍,黃紙書大吉,占至中至和乃吉乃亨夢此者主食中土之祿爲郡曰守之職商賈夢之往秦晉之地必大有獲而返也,26971
卷之二十二,文翰部,書籍,煉丹書,占夢此主被小人竊取財物是非曰爭辨不巳有百日之憂無大損,26975
卷之二十二,文翰部,書籍,捧書心胸間,主有得意事不俟我求人來就我士人夢之主謁占貴人有大益經商夢之有微利更當視其書爲何曰書以見吉凶,26979
卷之二十二,文翰部,書籍,口銜書,承大人之命有四方之行東北則吉西南則小有占驚若爲說客而夢此必大得志能成大功女子夢曰之主有口舌,26983
卷之二十二,文翰部,書籍,血漬書吉,占夢此者主骨肉相會即不會亦必有曰音問來通士人夢之必得異地賢友,26990
卷之二十二,文翰部,書籍,書欠一本,缺而不全夢此者士子不能發甲商賈虧本十之占一老人女子夢之主喪一子惟兒童夢之則大有曰進益也,26994
卷之二十二,文翰部,書籍,半部書吉,占正中而不偏有謀不可過望名曰成就利均平女子夢之主招婿,26999
卷之二十二,文翰部,書籍,書高數尺大吉,此夢豐隆之象學富之符得是夢者當高大其門占閭後必有貴人出若經營者夢此其利百倍必爲曰大富人也,27003
卷之二十二,文翰部,書籍,書古而多吉,占主獲奇異之物得意外之財其物其財不在人亦曰不在室非道上則地中學者夢此當有人求製作,27009
卷之二十二,文翰部,書籍,失書凶,審所失者何書春夏夢此不利往東南秋冬夢之占不利往西北學無成利無獲幼稚夢之則隕身之曰兆也,27013
卷之二十二,文翰部,書籍,書皆小部吉,占簡而文多而不費以小成大之象也小試主得高曰名小本主得大利主多生子而秀雅極佳之夢也,27020
卷之二十二,文翰部,書籍,二角書凶,索綏夢東有二角書詣綏大角朽敗小角有題韋囊角佩一在前一在後以問索紞紞曰大角朽敗腐棺木小角有題題所詣一在前前胸也一在後後背也當有胸背之問時綏父在東居三日而凶問至,27024
卷之二十二,文翰部,書籍,書在厨中貞吉,貞吉占厨中書夢主藏機龍蟄深淵要待時曰未得早諧名與利尚當謹守勿胡爲,27035
卷之二十二,文翰部,書籍,借書,與人借書夢大吉發懵開心妙非一士子臨塲文占思飛文成五彩花生筆俗子庸流夢借書利源不曰竭資財溢若夢人來借我書前程萬里昏如漆,27042
卷之二十二,文翰部,書籍,床頭貯書大利,床卧床也書乃千金不易即黄金也床頭書猶床占頭黃金之象兆此者市人獲利士子得名孕生男曰訟必勝,27049
卷之二十二,文翰部,書籍,釘書,裝釘諸書整束齊夢之宜守不宜移安常處順終占逢吉女嫁男婚大得宜宅舍安寧無攺革田園增曰擴舊根基病人夢此難痊好釘掩屍棺有哭悲,27058
卷之二十二,文翰部,書籍,書裹囊中吉,無底曰囊夢之須每事小心商賈得之出路宜防占否人財利須防失脫士人夢之奮志寒牕終有出曰人頭地頭角崢嶸之象,27062
卷之二十二,文翰部,書籍,截書不利,占截絕也兆之功名没事業敗曰父母主刑尅夫婦有災殃,27066
卷之二十二,文翰部,書籍,批汰書不利,批汰緣非得意漫從筆底增刪功名事業等雲𬮈占還向螢牕雪案○室内難积伉儷膝前子嗣姦頂曰圖謀似隔萬重山財利空花變幻,27070
卷之二十二,文翰部,書籍,人授赦書赦解也解難之散也,赦解也解難之散也占之或有否事者轉凶爲吉占之象或有美事圖謀者反成不就之機蓋凶不成曰凶吉不成吉總歸散解也,27076
卷之二十二,文翰部,書籍,圈點書吉,藻翰工詞句甚佳好將丹墨綴流霞文人夢此花占生管仕宦逢之秩更加喜事每從天上降錢財應曰得手中挐提携若有孩見幼痘疹須防密似麻,27084
卷之二十二,文翰部,書籍,閱秘書貞吉,貞吉占秘乃不泄之機占之者曰主事當謹密言當退遜,27092
卷之二十二,文翰部,書籍,向人求書不利,占求俯仰不遂之狀也夢之主圖謀難遂經紀曰難成士子宜藏商人未穩百凡靜守爲是,27098
卷之二十二,文翰部,書籍,收買書吉,占收書納盡世間春家慶重重喜事新曰商賈逢之當大獲文人遇此拜楓宸,27102
卷之二十二,文翰部,書籍,人授兵書貞吉否凶,貞吉否凶文人夢之主有佳篇奇句進取前茅仕宦兆此主三台八座職掌兵權武士見之主建功異域威震占邊疆然必守身修德推巳及人無往不利若恃才曰妄作反有奇禍戒之戒之其他經商媒妁婚媾俱爲不利,27109
卷之二十二,文翰部,書籍,送書與人不利,此兆無益於巳之象占之恐喜事去機會失愚蒙占終難知覺聰慧者反若糊塗財利得而復失求婚曰親而反疏諸事皆爲不利之徵也,27120
卷之二十二,文翰部,書籍,背書吉,背非違背也實佩服之謂也如佩之終身不敢忘占耳夢之者主故人提挈或僮僕報恩更兆他鄕即,27127
卷之二十二,文翰部,書籍,曰,日歸失物還須見利吉,27130
卷之二十二,文翰部,書籍,置書在頂吉,占頭元首也書置頭頂主巍巍尊崇之象夢之文武曰遷高位應試得魁元經營財萬倍快樂笑聲喧,27133
卷之二十二,文翰部,書籍,迎接詔書,貞吉一封丹詔自天來浩蕩恩波遍九垓榮寵太過還占退遜功成身隱實奇哉○凡夢此莫疑猜愈宜修曰德善培栽消凶弭禍臻餘慶壽比岡陵位鼎台,27140
卷之二十二,文翰部,書籍,開拆書緘不利,開分也拆離拆也主散而不聚之象夢之者防失脫謹貿易病人危惟訟可解○又封緘書扎如混占沌未分若開拆之如天地巳判便生出林林總總曰無數吉凶善惡事來今占之恐無中生有但凶變吉吉變凶惟在人修德以致之,27145
卷之二十二,文翰部,書籍,修補書籍吉,斷簡殘編夢裏添退休泉石復高遷燈牕士子須占攻苦衣錦他年馬士旋○商得利順流船百凡謀曰事愼于先病人若也纒綿久醫禱相扶定得痊,27150
卷之二十二,文翰部,書籍,書置案頭吉,占書在几案間清寧百事閒曰無災即是福人物靜如山,27154
卷之二十二,文翰部,書籍,書砌壁中凶,書砌壁面墻立謀爲舉動俱無益學問荒疎運未占亨功名一似塵飄陌商賈經營且待時婚姻子媳曰只宜遲病人醫禱俱投石孤月秋風送落暉,27158
卷之二十二,文翰部,書籍,書藏櫃中不利,占此兆也鬱而未伸之象士子多蹭蹬紅曰顏多抑挫老年者疾病啾喞鮮有如意,27164
卷之二十二,文翰部,書籍,書擲井中凶,此兆分明人入穽功名未遂須安命經商流落向占他州作事還須持戒敬官非只恐入囹圄謀慮還曰憂無杷柄謹愼行藏進退間皇天錫福增餘慶,27168
卷之二十二,文翰部,書籍,吞食書史大吉,夢書兮天佐才文人智慧自然開功名唾手還占容易懷孕應生貴子來○人有病暫時災經營萬曰倍廣貲財家庭喜氣怱忽至福壽康寧映上台,27172
卷之二十二,文翰部,書籍,書埋土中凶此兆主晦暗不明之象文士未能發達九流不遇,此兆主晦暗不明之象文士未能發達九流不遇占其時一應經營謀望尚宜守正不可躁進病者有曰不起之憂惟農圃夢之大利,27177
卷之二十二,文翰部,書籍,讀書樓閣上大吉,讀書高閣達天衢學士文人夢最宜手摘星辰揮占北斗身居層聳瞰南畿玉堂仙客從天授金馬風曰流渉翠薇若是庸常商販子太嫌寥廓未稱奇,27183
卷之二十二,文翰部,書籍,讀書城樓上凶,夢中誦讀在城樓此兆須防樂處憂職守慮將兵占㓂起家庭當備賊人偷生涯還是風中火商販猶曰如浪裏舟一切在人加謹愼天公錫爾福悠悠,27188
卷之二十二,文翰部,書籍,書放光焰大吉,詩書墳典騰光燄士子文章寶氣生進祿加官宜占仕宦豐財厚利稱經營身懷六甲當生貴公訟堪曰誇審問明一切謀圖皆得意老人問壽壽千春佳兆,27192
卷之二十二,文翰部,書籍,書破碎凶,占此兆狼籍破敗夢之諸曰事不宜病人死訟大虧,27201
卷之二十二,文翰部,經卷,周易,貞吉否凶觀變於陰陽而立卦發揮於剛柔而生爻是經也占有吉凶消長之理進退存亡之道學易可以寡過曰故孔子韋編三絶夢讀之者積善有慶積惡有殃君子遇難得免小人行險必亡王勃嘗讀易夜夢若有告者曰易有太極子勉思之寤而作易發揮數篇至晉卦會病卒,27210
卷之二十二,文翰部,經卷,吞易三爻,虞翻初立易注奏上曰臣聞六經之始莫大陰陽是以伏羲仰天懸象而建八卦觀變動六爻爲六十四以通神明以類萬物臣高祖父故零陵太守光少治孟氏易曾祖父故平輿令成纉述其業至臣祖父鳳爲之最宻臣先考故日南太守歆受本於鳳最有舊書世傳其業至臣五世前人通講多玩章句雖有秘說於經疏闊臣生遇世亂長於軍旅習經於枹鼓之間講論於戎馬之上蒙先師之說依經立注又臣郡吏陳桃夢臣與道士相遇放髪披鹿裘布易六爻燒其三以飲臣臣乞盡吞之道士言易道在天三爻足矣豈臣受命應當知經所覽諸家解不離流俗義有不當實輒悉改定以就其正孔子曰乾元用九而天下治聖人南面蓋取諸離斯誠天子所宜協陰陽致麟鳳之道矣謹正書副上惟不罪戾,27221
卷之二十二,文翰部,經卷,坤乾吉,孔子之宋得坤乾焉坤乾者商湯所著之蓍也而占今失其傳矣夢兆與周易同有地天交泰之象凡曰事皆吉而求名大利,27239
卷之二十二,文翰部,經卷,毛詩貞吉否凶,貞吉否凶占詩本人情該物理夢之者事理通達心氣和平曰事親爲孝子事君爲忠臣吉凶禍福各以類應杜牧夢書竹帋曰皎皎白騎在彼空谷寤而歎曰此過隙也吾生於角徵還於角爲第八宮吾之甚厄也予自湖守遷舍人木還角足矣其年以疾終年五十,27246
卷之二十二,文翰部,經卷,周南召南吉,周南始關雎召南始鵲巢夢之者主有婚姻嫁娶占之事配偶賢能室家和樂子孫衆多乃禎祥佳瑞曰之兆也,27259
卷之二十二,文翰部,經卷,二雅大吉,占小雅始鹿鳴大雅始文王夢此主明良曰會合斯道大行文成武就顯親揚名,27264
卷之二十二,文翰部,經卷,商頌周頌魯頌,三頌所以祭宗廟稱功德致孝享格神明夢之者占得助祭或遣祭或主祭或分獻歲時舉事樂奏禮曰成之象,27269
卷之二十二,文翰部,經卷,尚書吉,占二帝三王之書今有壁經之名夢此得遇機曰會凡事光亨仕宦應作是官士人應業是經,27274
卷之二十二,文翰部,經卷,禹貢吉,此地平天成之績國泰民安之效夢此書者將相占建功立業士民置産成家在野者太平樂利在朝曰者富貴榮華,27278
卷之二十二,文翰部,經卷,洪範九疇,占此箕子歸周作此以陳武王也九疇與八卦相,27285
卷之二十二,文翰部,經卷,曰,爲表裏夢此者上知天道中知人情下知物理,27288
卷之二十二,文翰部,經卷,春秋吉,占孔子因魯史以脩春秋嚴一字之褒貶夢曰此經者必能主持世教公天下之是非,27291
卷之二十二,文翰部,經卷,禮記大吉,經禮三百曲禮三千爲立身之大本夢此者品節占詳明而能辨上下尊卑之等德性堅定而不受阻曰撓搖奪之紛居鄉爲大賔在朝爲宗伯,27295
卷之二十二,文翰部,經卷,樂記大吉,樂所以事神人和上下夢樂記者主有宴享朝會占祭祀慶賀婚姻等事居家主和樂之美居官主調曰爕之任,27299
卷之二十二,文翰部,經卷,周禮吉,周公制禮所以辨上下定民志夢此者三綱必正九法必明因而盡心以求上達則無所不周矣,27303
卷之二十二,文翰部,經卷,孝經大吉,孝經有十八章統論天下之孝夢此者生男必大占賢爲臣移孝作忠爲子因親錫類著美當時流芳曰百世者也,27307
卷之二十二,文翰部,經卷,大戴禮吉,漢儒紀載之書也禮者天理之節文人事之儀則占天人感應夢此主得貴子晝生似父夜生似母壽曰可比老彭,27311
卷之二十二,文翰部,經卷,小戴禮,宋庠字公序開封雍丘人父𣏌嘗爲九江掾與其妻鍾氏禱於廬阜錘夢道士授以書曰以遺爾子視之小戴禮也巳而庠生他日見許眞君像即夢中見者庠天聖二年舉開封禮部皆第一歷官叅知政事,27315
卷之二十二,文翰部,經卷,先聖授六經,占學者夢此天以佐其才也博學深造者夢此曰大以祐其德也無學而夢之天將啓其蒙也齊季鉉字寳鼎渤海人爲六經疏例多發巳意鉉嬰疾夜夢孔子忿其廣爲疏例擊而捶之旣寤其疏例被焚尋而病愈黃澤嘗夢見夫子以爲適然而屢夢見之最後乃夢夫子手授所挍六經字畫如新因是感發揭六經疑義以示學者,27319
卷之二十二,文翰部,史傳,三墳五典之書吉,占智士夢此必得秘傳之妙常人夢此必有曰起家之術婦人夢此可作女中之學士,27337
卷之二十二,文翰部,史傳,國史貞吉否凶,貞吉否凶占編年記事之書也高才貴宦夢之爲當朝修史之曰兆爲善者夢之百世流芳爲惡者夢之萬年遺臭,27341
卷之二十二,文翰部,史傳,列傅吉,占凡夢之者必有所得或得文才或得名利曰或得良友或得賢嗣或得成家立身之道吳奎將舉賢良夢帝問羣臣優劣以韓延壽對是夕門不抄書吏楊開夢奎讀楊阜傅翌日告奎奎覽二傅及試六論有一題乃韓延壽楊阜孰優時奎果中首選宋祁父玘夢一偉人遺文選一部而生祁故小名選郞,27348
卷之二十二,文翰部,佛老,佛法吉,占佛法自漢入中國前人术有佛之者兼金四十曰二章經勸善戒惡一法也夢此者得佛力普度,27360
卷之二十二,文翰部,佛老,佛菩提阿羅漢誦經說偈,凡夢此者釋迦牟尼托此夢以普度衆生也信受奉持則災消祸解自是受福無量○南無兩字有誰知口說南無心自痴夢中得遇引提佛奉勸存心信受持,27364
卷之二十二,文翰部,佛老,金剛經吉,隋杜之亮爲漢王諒府叅軍後諒於并州舉兵反敗諒與僚屬皆繫獄諒惶懼日夜涕泣忽夢一僧曰汝但念金剛經即此厄可度至曉取經專誠習念及主者並引就戮諒身在其中唱名無諒旣行刑主者坐罸俄而會赦得免後爲黃州剌史,27370
卷之二十二,文翰部,佛老,觀音經吉,王玄謨圍滑臺軍敗將見殺夢人告之曰念觀音經千遍則免旣覺誦之得于遍明日將刑誦之不輟忽官將傳呼停刑僧處𤦆病目夢觀音授偈令每旦呪水七遍或四十九遍用以洗眼處𤦆跪授而寤悉能記憶如法誦之不踰時平愈其偈曰救苦觀世音施我大安樂賜我大方便滅我愚痴暗賢刼諸障礙無明諸罪惡出我眼室中使我視物光我今說是偈洗懴眼識罪普放淨光明願覩微妙相,27374
卷之二十二,文翰部,佛老,彌陁經,西方大聖號彌陁留下經文渡愛河四色花中呈占寶相七珍池裏湧金波學人夢此文生彩商旅占曰來貝積珂惟有病人爲不吉夕陽西下奈將何,27384
卷之二十二,文翰部,佛老,梁皇懴,梁皇懺法解𡨚𠎝郄后乗玆勝妙船脫𨚫蟒蛇三占惡趣得生忉利九重天病人夢此災殃散官訟逢曰之刑罰蠲士子未遭商失利秪宜靜守莫爭先,27388
卷之二十二,文翰部,佛老,血盆經,大目犍連禮血盆報酬罔極母恩深正人夢此添占餘慶妄士占來是禍淫商賈因之當大獲家庭豕曰畜足千金若人未有承祧胤一載之中產寕馨,27392
卷之二十二,文翰部,佛老,番經吉,占竺乾梵貝寫番經法說眞空法更眞曰此兆錢財虚内實百凡圖望屈中伸,27396
卷之二十二,文翰部,佛老,聖經吉,占此兆主嗌智慧逢財曰遇喜無不吉利也,27400
卷之二十二,文翰部,佛老,金字經吉,金黃金也經是佛說主金口不易之象夢之者相占期無失約往來遇信人或有阻於姻事者必得再曰合債負久覊者必得償還,27404
卷之二十二,文翰部,佛老,朱字經,占朱正色也夢之當有喜慶臨門士子脫白曰掛綠之象春夏不宜夢此恐有火燭之虞,27408
卷之二十二,文翰部,佛老,準提呪吉,準提菩薩大慈悲提挈衆生信不移夢裏若能持占此呪相逢定得貴人提家庭百事憂成喜人眷團曰圞合不離更在謹身修巳德方能全美印仙機,27412
卷之二十二,文翰部,佛老,大悲呪,陀羅尼是大悲心一念專持密法音此兆定知逢占貴客田禾久旱得甘霖官非獄訟應消散貿易生曰涯積萬金只有病人防不起大悲兩字豈宜侵,27416
卷之二十二,文翰部,佛老,楞嚴經呪吉,摩登伽女攝阿難佛頂光中寶相完密語宣揚神占鬼伏擎山持杵夜叉寒若人夢裏能持誦邪祟消曰磨不復干宵小潛藏皆遠遯家門雍睦笑聲歡,27422
卷之二十二,文翰部,佛老,心經,菩薩洪名觀自在觀空五藴說心經六塵無處容占他染恐怖何能念裏生此夢財源爲未得求名應曰舉亦難成九流僧道逢斯夢術業通時法事亨又心經云遠離顚倒夢想究竟涅槃占若人求道心切得此夢必能悟人,27428
卷之二十二,文翰部,佛老,藥師經吉,夢裏持經禮藥師消災延壽獲天禧讎家巳散無占凶慮提掇相交有故知病遇良醫隨手愈藥逢靈曰草果稱奇占來若遇軒岐業國手神聲海内馳,27438
卷之二十二,文翰部,佛老,孔雀經吉,經宣孔雀大明王夢得佳徵福壽長進喜蒙恩生占貴子傳家事業更隆昌田園增擴盈千頃金帛𭣣曰藏足萬箱尤在斯人恒積德佇看家出紫薇郞,27445
卷之二十二,文翰部,佛老,地藏經,幽冥教主地中王金口宣揚意味長夢裏忽來眞占可異須防人眷有災傷倘能修德存仁義好事原曰來未可量三載之中須報應不期掘地有埋藏,27452
卷之二十二,文翰部,佛老,道經,貞吉否凶道教皆從老子來而得道者寡矣凡夢此者天神占以此省之也因而自省其身則諸禍自解其迷而曰不悟者似吉而實凶江南校書周延翰性好道頗修服餌之事嘗夢神人以一卷書授之若道經然其文皆七字爲句唯記其末句云紫髯之畔有丹砂翰寤而自喜以爲必得丹砂之效然翰有一婢名丹砂未遣後竟無所得以疾卒夢意似有敬云,27461
卷之二十二,文翰部,佛老,仙經吉,辟榖導引𨚫病延年之書也夢此主消除俗念排占遣世情心恬意適氣爽神清有夢此而得老壽者曰有夢此而成仙道者有夢此而白日飛昇者僖宗自晉王即位幼而多能素不曉碁一夕夢八以碁經三卷焚而使吞之及覺命待詔觀碁凡所指畫皆出人意表,27468
卷之二十二,文翰部,佛老,玉皇經貞吉,金闕宣揚清虚境界所說之經也夢之者宜于清占脩高隱不宜逐利市人宜于空拳九流僧道等輩曰不宜齎資將本之家病宜静養訟惟聽天,27475
卷之二十二,文翰部,佛老,朝天懺貞吉,朝天即見君之徵也文人主有入侍天顔庶人尚占宜謹身脩德悔過遷善以俟天之錫賚病人夢此曰不利蓋有歸天之兆,27481
卷之二十二,文翰部,佛老,清淨經吉,天主清兮地主寧夢之應兆定玄𡨋虚無最利求占名士博厚還宜覓利人事業金湯無攺革壽源綿曰遠永餘齡少年才子逢斯兆筆頴生光思入雲,27485
卷之二十二,文翰部,佛老,三元經貞吉,寶誥三元三品文人兆此佳徵江湖商賈獲千金占遊學仕途俱稱○病者宜禳善願祈男定得祥麟曰在人積德與脩身蟄蟄螽斯衍慶,27493
卷之二十二,文翰部,佛老,文昌經貞吉,九天司祿號文昌金口宣傳秘寶章若使世人能占入夢文人定主姓名揚○官爵顯美流芳經商財曰利足千箱災消福集臻餘慶訟得清官病得康,27500
卷之二十二,文翰部,佛老,南北二斗經,貞吉否凶南斗注生北注死夢中兆此謾推詳老人益壽臻占餘祿少者逢之主喪亡春夏生涯東去好秋冬却曰利在西方文人得此爲佳兆愼宻行藏大吉昌,27506
卷之二十二,文翰部,佛老,竈王經貞吉否凶,貞吉否凶占司命之神所宣眞誥不過警戒世人人若夢此,27511
卷之二十二,文翰部,佛老,曰,當脩身謹行自當獲福不然便有奇禍至也,27515
卷之二十二,文翰部,詩詞,命題屬文吉,占夢神人命題者天意所在也因而屬文者學曰力所及也凡夢此者譽顯當時名揚後世司馬相如將獻賦而未知所爲夢一黃衣翁謂之曰可爲大人賦言神仙之事賦成以獻帝大嘉賞賜錦四疋,27522
卷之二十二,文翰部,詩詞,白玉樓記,唐李賀夢人持版告曰天帝白玉樓成請君爲記寤以語其母不久有烟氣起而賀卒後其母夢賀曰上帝近遷都舟圃建白瑤宮召爲新宮記又作凝虚殿使纂進樂章,27528
卷之二十二,文翰部,詩詞,靈槎賦,馬希先懷遠人舉鄉貢進士前一夕夢靈槎賦及入試果然,27532
卷之二十二,文翰部,詩詞,祭春牛文,元豐六年十一月二十七日蘇文忠軾夢數吏持一幅紙上題云請祭春牛文乃書云三陽旣至庶草將萌爰出土牛以戒農事衣被丹靑之好本出塗泥成毁須臾之間誰爲慍喜,27536
卷之二十二,文翰部,詩詞,曉寒歌,蕭貫少時夢至一宮殿羣女如神仙一人授紙云此衍波箋煩賦曉寒歌授筆立成云十二嶤關隱宮綠獸倪呀酒椒壓馥渴鳥涓涓不相續轆轤欲轉霏紅玉百刻香殘殞蓮燭五龍吐水漫寒漿紅綃佩魚無左璫兩兩懸足瞻扶桑紅萍半規出波面回首觚稜九霞絢鳴鞘遠從天上來大劍高冠滿前殿仙曰子詩甚有奇語異口必貴祥符中登蔡齊榜進士,27541
卷之二十二,文翰部,詩詞,召書碑石,陳留蔡少霞爲兖州泗水丞一日沿溪獨行忽得美蔭因憇焉不覺成寐夢中爲褐衣鹿幘人召去經歷門堂見玉人命以領事即引至石碑之側令書其碑云蒼龍溪新宮銘紫陽眞人山玄卿撰書畢因覽讀之忽焉遂寤猶能記憶其略云昔乗魚車今履雲端觸空仰塗綺輅輪囷末題曰五雲閣吏蔡少霞書,27545
卷之二十二,文翰部,詩詞,輓歌,沈亞之夢爲秦公幼女弄玉婿公主死作輓歌應教曰泣葬一枝紅生同死不同金釵墜芳草香綉滿春風舊日聞簫處高樓明月中梨花寒食夜深閉翠微宮姚令謂沈亞之云吾友王生元和初夢遊吴侍吴王聞軍中出輦鳴笳吹簫擊鼓言葬西施王悲悼召門客作輓歌詞生應教爲詞曰西望吳王闕雲書鳳字牌連江起珠帳擇地葬金釵滿路紅心草三層碧玉帏今風無處所悽恨不勝懷王甚嘉之寤能記其事,27553
卷之二十二,文翰部,詩詞,作墓志,太和初沈亞之往邠出長安城客泉邸舍夢秦穆公曰寡人有愛女與大夫備洒掃後二年公主忽卒公追傷不巳使亞之作墓志獨憶其銘曰白楊風哭兮石甃髯莎雜英滿地兮春色烟加朱愁粉痩兮不生綺羅思之埋土兮其恨如何,27561
卷之二十二,文翰部,詩詞,賦詩爲贈,盧元明字幼章與頴川王䌛友善忽夢䌛擕酒言别賦詩爲贈及明憶其詩有十字云自兹一去後朝市不復遊元明嘆曰䌛性不狎俗旅寄人間乃今有夢又復如此必有他故經三日果聞䌛爲亂兵所害尋其亡日則是夢詩之夜,27566
卷之二十二,文翰部,詩詞,作新詩,蘇軾在黃州夢參寥誦所作新詩云寒食清明都過了石泉槐火一時新曰火固新矣泉何故新荅曰俗以清明日淘井非新泉乎,27570
卷之二十二,文翰部,詩詞,人授樂曲,蜀節度使王俸義有女許適荆南高從誨之子性聰敏善彈琵琶嘗夢人授樂曲所授之人其狀或道或俗其衣或紫或黃有一夕而傳數曲有一聽而便記者其聲清越與常調異似仙家紫芝之類旣適高氏數年而亡咸以爲謫墜之人云,27577
卷之二十二,文翰部,詩詞,教爲詩,胡生以釘鉸爲業居近白蘋洲旁有古墳每茶飲必奠之忽夢一人謂曰吾姓柳平生善爲詩而嗜茗感子奠茗之惠無以爲報欲教子爲詩生辭以不能柳强之曰但率意言之當有致矣生後遂工詩焉時人謂之胡釘鉸詩柳當是柳惲,27581
卷之二十二,文翰部,詩詞,誦詩,宋狄遵度好爲古文尤嗜杜甫詩嘗讃其集一夕夢見甫誦世所未見詩及覺纔記十餘字遵度卒成之是爲佳城篇紹興乙卯新城吴中赴鄉試其兄在家夢中歸自云經義中用神聖有作句大愜意其兄志之壁間及中式歸兄問以經義中曾作神聖有作語否中云有之然未嘗示人兄何以知兄語以夢引觀壁間字相與歎異,27585
卷之二十二,文翰部,詩詞,人授詩,許叔微少嘗以登科爲禱一夕夢神告曰汝欲登科須憑陰德叔微自念家貧無力惟醫乃可於是精意方書久乃通人無高下悉急赴之旣而所活愈多聲名益著復夢人授以詩曰藥有陰功陳樓間處堂上呼盧喝六作五是年登第六名進士第上一名陳祖言下一名樓材及注關用升甲恩如第五名授職官以歸與詩中之言無一字差,27591
卷之二十二,文翰部,詩詞,鼓琴歌詩,趙武靈王夢處女鼓琴而歌詩曰美人熒熒兮顏若苕之榮命乎命乎曾無我嬴異日王飲酒樂數言所夢想見其狀吴廣聞之因夫人而內其女娃嬴孟姚也孟姚甚有寵於王是爲惠后,27597
卷之二十二,文翰部,詩詞,踏陽春曲,邢鳳之子夢一婦人歌踏陽春曲曰陽春人間二月雨和塵陽春踏盡秋風起愁盡人間白髪人,27601
卷之二十二,文翰部,詩詞,回文詩,東坡自叙曰大雪始晴夢人以雪水烹茶使美人歌以飲余夢中爲作回文詩覺而記一句云亂點茶花唾碧衫意用飛燕唾花故事也,27605
卷之二十二,文翰部,詩詞,吟咏,占夢中雖自其口出而神使之也天之所以露其曰機也故有以異於平日之所撰而爲事物之識楊備天聖中爲長溪令忽夢作詩云月俸蚨錢數甚微不知從宦幾時歸東吴一片輕波在欲問何人買釣磯意甚異之明道初爲華亭令丁内艱遂過吳中樂其土風乃效白樂天作我愛姑蘇好十章因卜居焉始悟前夢中語爲有徵,27609
卷之二十二,文翰部,詩詞,昇天詩,李賀夢中作昇天詩云老兔寒蟾泣天色雲樓半開壁斜白玉輪乾露濕團光鸞佩相逢桂香陌,27615
卷之二十二,文翰部,詩詞,湘靈鼓瑟詩,錢起夢中得句云曲終人不見江上數峰靑寤而不知所謂及廷試以湘靈鼓瑟命題詩成無佳結語忽憶夢中二句遂用之因得第一内批二語若有神助,27619
卷之二十二,文翰部,詩詞,梅花詩,少保干謙於景泰四年正月十九日夢作梅花詩云水邊籬下兩三枝冷艷寒香祗自知看盡春風齊結子調羹還有倩人時及天順復辟于被逮後追謚肅愍,27623
卷之二十二,文翰部,詩詞,花月詩,貞吉否凶花月情詞景况之不顯正也兆此主有幽暗中小占人謀害須愼其行藏戒其言語庶可挽禍爲福不曰然當有災眚來自女人也,27629
卷之二十二,文翰部,詩詞,李太白詩,太白乃天上謫仙其詩詞豪宕之氣自非人工雕琢今夢之者凡事不可强爲自有一叚清高富貴占之處士子文章曰進藻思如流經商財利日增運曰通八表若將欲涉川泛海不宜夢此恐有失足墮水之害,27634
卷之二十二,文翰部,詩詞,杜子美詩吉,子美乃峨𡼴逸品工部仙才其清聲雅韻逈出風占塵夢其詩篇豈爲庸下之子舉萟當爲魁首仕宦曰超擢詞林雖商賈之流亦無往不利,27642
卷之二十二,文翰部,詩詞,律詩貞吉,律法律也詩之作體製度嚴整不得絲毫紊亂如國之以律法治人不使少有踰越也若有此兆當占愈加謹愼非禮之事莫行非法之言莫出非義之曰財莫求非正之門莫入如是則士得名商得利一應皆吉也,27646
卷之二十二,文翰部,詩詞,絶句詩貞吉,絶截也作詩之法一氣呵成截然而無牽掣之意占則詩之風韻自見人若夢此當勇于爲善謹身脩曰行則福自然致矣,27650
卷之二十二,文翰部,詩詞,七歩詩,七歩詩乃子建之詩也七歩成詩快捷之兆主財占利易得功名蚤成圖謀速就行人便歸音信在邇曰孕生男惟病不吉,27654
卷之二十二,文翰部,詩詞,五噫歌貞吉,五噫歌乃梁鴻不遇慨歎之詞也夢得此兆百事占憂煎然在人之守正則名可成利可就如未娶者曰當有賢妻,27659
卷之二十二,文翰部,詩詞,除夕詩貞吉,除者除舊布新也托詩比意者寫其景怳也夢此占者主氣象更新門閭攺觀亦必在人去其舊染惡曰習方叶此兆而得嘉慶也,27663
卷之二十二,文翰部,詩詞,元旦詩吉,元旦詩乃叙其一元正始斗柄東旋萬物從新韶占光乍展凡夢得此兆者大爲佳瑞士得名農大𮒗曰工商等輩無不爲美,27667
卷之二十二,文翰部,詩詞,壽詩,占壽詩爲源深流長之兆然必味曰其詩中語意定之吉凶可也,27673
卷之二十二,文翰部,詩詞,新婚詩,占此兆主士子登科名利兩得亦曰必詳其詩中美惡通變之可耳,27677
卷之二十二,文翰部,詩詞,早朝詩大吉,絳幘雞人報曉尚衣方進雲裘早朝僊句勝瀛洲占夢裏相通豈偶○土子功名蚤就英才譽蜚皇州曰庶人百事巧機投運似三春花栁,27681
卷之二十二,文翰部,詩詞,歌謠,占此兆大抵吉凶相半曰看其夢中語意定之,27685
卷之二十二,文翰部,詩詞,哀詞吉,占凡夢此者當有喜曰事至歡聲動也,27689
卷之二十二,文翰部,字畫,古體篆書吉,上古結繩而治後世聖人易之以書乃有鳥跡占篆文夢得此書主心竅開通才思勃發榮華稱其曰身福祿遂其志大吉之兆唐韓愈夢人以丹篆一卷與吞之旁有一人撫掌而笑後見孟郊乃撫掌笑者王九夢老人教以篆書符籙嘗爲玄道歌言脩煉之要太宗召赴闕賜道服賜名趙自然遣還眞宗召賜紫衣,27698
卷之二十二,文翰部,字畫,隸書吉,古者詩用蝌蚪秦以篆易之至漢而攺作隸書與占今所書相似夢𨽾書者其體簡易其義明白接人曰待物之間不疾不徐一了百當,27707
卷之二十二,文翰部,字畫,草書行書,自唐以後書札往來字畫多從簡易筆法放縱不占謹得成草書行書之名凡夢此者似吉而反凶似曰凶而反吉當以時事推之而後弗惑蜀宗正少卿孟德崇燕王貽鄴之子也自恃貴族脫略傲誕嘗太廟行香擕妓而往一夕夢一老人責之且取案上筆叱令開手大書九十字而覺翌日與賔客話及此事自言老人責我是惜我也書九十字賜我壽至九十也客有封璉戲之曰九十字得非行書卒字乎不旬日果卒,27711
卷之二十二,文翰部,字畫,楷書真字,占凡夢此者其象因人而施其兆即物而見其曰文深其義隱或占其音或占其體後皆有驗,27717
卷之二十二,文翰部,字畫,一木破天,王敦夢一木破天占曰此是未字未可動耳,27721
卷之二十二,文翰部,字畫,西土瓦中人,晉鄒湛夢人拜自稱甄仲舒求葬覺思之曰字合西土瓦中人也乃取葬之復夢其人來謝,27725
卷之二十二,文翰部,字畫,昆脚皆頭,杜牧於宰執求代不遂夢人,27729
卷之二十二,文翰部,字畫,曰,辭春不及秋昆脚與皆頭果得比部員外尚書郞,27732
卷之二十二,文翰部,字畫,田頭田尾,曾崇範之妻先許聘數人每至親迎之夕其夫輒死一夕夢人謂曰田頭有鹿角田尾有日灸乃汝夫也及嫁曽方悟此夢,27735
卷之二十二,文翰部,字畫,角斗非眞,北齊禇士達夢人倚戸授其詩曰九升八合粟角斗定非眞𦖧𨚫津中水将留何處人寤以告祖珽珽曰角斗斛字津却水何留人合成律字非眞者謂斛律待我不實也時祖珽嘗得罪于斛律光因是謀害光,27739
卷之二十二,文翰部,字畫,不成不平,一儒生至九仙廟祈夢夢中一人語曰成不成成平不成平清水橋邊乃見分明此生久不遇每憶此夢然卒不知所謂也一日過一橋上題曰清水橋生訝焉頃之有一老父至生乃述所夢以問之父曰生今年得矣成不成成戊字也平不成平午字也今年戊午將無徵乎巳而果然,27744
卷之二十二,文翰部,字畫,片犬,梁顥進選前十日夢人賜犬肉一片顥不悅以問術者曰片犬狀字也果爲狀元,27752
卷之二十二,文翰部,字畫,火山軍,有堂吏夢火山軍姓劉人作狀元明年狀元劉煇,27756
卷之二十二,文翰部,字畫,車中猴,謝小娥初嫁大賈任華其父升與華往長沙娥忽夢父泣謂曰我與汝夫湖中遇盜殺我者車中猴東門草又夢夫曰殺我者禾中走一日夫驚寤問遍諸姻莫能曉隴西李公佐占曰殺汝父者申蘭殺汝夫者申春也猴申生也車去兩頭爲申字門東草爲蘭字禾中走者穿田也亦申字一日加夫爲春字娥訪之乃名盜亡命者即詭易男服泛江湖間於江州獨樹浦申村中見申蘭兄弟因求傭餘年無知其非丈夫者伺二盜飲醉娥奔告剌史張錫擒獲蘭春就法娥乃從釋教法名曰妙寂,27761
卷之二十二,文翰部,字畫,弓輿不得,弓輿潭州人乾道四年冬偕鄉里六七人赴省試過宜春謁仰山祠祈夢輿夢至官府見柱揭紙一片書弓輿不得四字但不字稍聯接上下而中乃空旣覺殊不樂自謂必下第及入試輿中選同祈夢者盡黜始以語人謂夢不騐好事者曰不字斷乃一个也神言弓輿一个得耳,27774
卷之二十二,文翰部,字畫,高何二姓,都太僕穆初習舉子業尤攻古文托閩人黃體忠代祈九仙夢夢神謂曰高嵯峨在何處後以古學受知於新昌何廵撫鑑乃爲推轂於莆田林督學塘遂應南都試中弘治乙卯舉人而本房則高學諭士達始悟高與何二姓爲應所夢云,27784
卷之二十二,文翰部,字畫,兩人夾木,一婦居室夫久客未還一夕婦夢巨木兩人夾之卜者曰兩人夾木非來字乎汝壻目下當歸巳而果然,27788
卷之二十二,文翰部,字畫,木傍人立,昔一仕宦連夕夢站在木邊術士占之曰人傍木休字也不久果罷職人傍木邊休字只宜退守林泉功名利祿聽乎天占且勿孜孜眷戀○病者恐防就木官非且喜消蠲曰行藏進退漫周旋造化循環自轉,27792
卷之二十二,文翰部,字畫,笠飄水畔,一人夢蒻笠風吹溪邊占者曰笠飄水畔泣字無疑果有父母喪亡之變占笠飄水畔若浮鷗出岫𬮈雲不繫舟曰此兆分明逃世容秪宜高隱在林丘,27799
卷之二十二,文翰部,字畫,火入林中,一人夢火入林中不久爲鄰舍延及祝融之焰始悟前夢一焚字也此兆若在春月夢之爲應時之夢主家道豐隆人占物繁夥只要自巳小心謹愼爲大吉之占也若在曰秋冬夢之爲失時之夢恐有火燭之驚百凡謀望不遂,27807
卷之二十二,文翰部,字畫,靴匠倚石,一人夢靴匠倚石不知何意占者曰靴匠乃皮工也皮傍石破字也不久家計蕭條人口零落耗散,27814
卷之二十二,文翰部,字畫,一木兩火,一士夢一樹端兩焰竝發占者曰木兩火榮耀之光果得登第貴顯,27818
卷之二十二,文翰部,字畫,三女同居,一人夢三女同室後有私姦事敗露,27822
卷之二十二,文翰部,字畫,虎腹三枝箭,昔有因姦致死者株連頗衆而不能決主讞者夜夢一虎腹中三矢明日閱案牘中諸犯有名彪糲一訊即服,27826
卷之二十二,文翰部,字畫,一水四魚,一人幼時常夢沼中四魚占者曰一水四魚𩹌字也是人至老孤獨,27831
卷之二十二,文翰部,字畫,人騎牛背,一人夢慎牛背占曰人在牛背失字也復不騎其啓閉果遭失脫之憂,27835
卷之二十二,文翰部,字畫,人言犬吠,一人夢一人言一犬吠術士曰人言犬吠乃獄字也是人果遭獄囚之繫,27839
卷之二十二,文翰部,字畫,一斗入門,一人夢一斗入門占曰一斗入門閗也是日果有閗毆之恐,27843
卷之二十二,文翰部,字畫,兩絲纒白木,一人夢兩絲纒白木占,27847
卷之二十二,文翰部,字畫,曰,兩絲纒白木樂字端可卜樂亦在其中奚必饜粱肉,27850
卷之二十二,文翰部,字畫,一人立門內,凡門内人乃閃字也人若夢之主有不測之事將占害于巳宜及早閃避也或我欲尋人而主他人躱曰閃無可踪跡,27853
卷之二十二,文翰部,字畫,鼠戴笠子,有一吏人迫于官訟禱夢于神夢鼠頭戴笠旣寤不解因而再寐夢神示曰汝可質之某狀元會有同祈夢者本以功名事來禱竟無夢吏故不知其人之姓偶以夢中始未語之其人特異之乃剖示曰鼠頭戴笠字也亟走匿爲是某狀元即指是人也後果大魁,27860
卷之二十二,文翰部,字畫,━━━━━━━━━━━━━━━━━━━━━━━━━━━━━━━━━━━━━━━━━━━━━━━━━━━━━━━━━━━━━━━━━━,卷之二十三,27868
卷之二十二,文翰部,字畫,━━━━━━━━━━━━━━━━━━━━━━━━━━━━━━━━━━━━━━━━━━━━━━━━━━━━━━━━━━━━━━━━━━,,27870
卷之二十三,名數部,名姓,天神命名,上帝所使也有善有惡以其字義審之善者得福占祿惡者𮊔殃咎或有明示者或有隱示者反覆詳曰推自能解也大約夢此吉多凶少人當因夢自省,27887
卷之二十三,名數部,名姓,神呼姓名呵責,平日之譴夙願有所未酬也觀其呵責者何言怒占罵主疾病叱喝主災厄亦有叱之使有所避則必曰免難反有益也如神止呼其名當有喜事至周武王與叔虞母會時夢天謂武王曰余命女生子名虞余與之唐及生子文在手曰虞故遂應命之曰虞武王崩成王立唐有亂周公誅滅唐成王與叔虞戲削桐葉爲珪以與叔虞曰以此封若史佚因請擇日立叔虞成王曰吾戲之耳史佚曰天子無戲言言則史書之禮成之樂歌之於是遂封叔虞于唐是爲晉至文公伯諸侯齊董賢明爲越騎較尉妻宋氏有娠夢有人語之云爾必生男體上當有靑誌可名爲靑建及生男如言名之後靑建十四西州辟主簿建元初爲水曹參軍,27893
卷之二十三,名數部,名姓,神賜姓吉,所生之本本立則林茂夢此者家計日豐子孫日占盛昌大隆裕之兆也士人夢之主得大祿或錫土曰未嫁女子主招夫巳嫁女子主易夫,27910
卷之二十三,名數部,名姓,神命字,字可以行以之命我運必亨通謀事有就壯者益占福少者大成丈夫奮志顯功揚名之兆也亦有當曰就所命之字推之者細加審察必有徵焉簡文帝閱讖書見中有云晉祚盡昌明及李后懷孕夢神人謂之曰汝生男當以昌明爲字及產武帝時東方始明因以昌明字之簡文後憶前讖乃悟因爲之流涕晉祚自此傾焉,27917
卷之二十三,名數部,名姓,神聖令之更名吉,誠感所致吉無不利文明豹變之符行滿德充之占証也夢之者得名得利革故鼎新應有貴人眷寵曰坐享榮華無論巳仕未仕或老或少或商或賈或幼𥪡婦女凡夢此者皆有大美大喜之事至矣唐大曆中夔州推司楊旬子將入試旬夢金剛神謂之曰汝陰騭有感吾特來報汝汝子須攺名楊椿塲屋中吾當助子旬旣覺即令子攺名納卷遂中第六豆盧署本名輔貞少年旅于衢州剌史鄭式瞻厚待之謂曰子複姓不宜三名吾爲子易之乃書署著助三字授之曰吾恐子羣從中有同者子自擇焉其夕夢一老父告之曰聞使君與君易名君當四舉成名四者甚佳又曰君後二十年當牧兹郡又指一方地曰此處可建亭臺旣寤因攺名署時巳再下第又二舉後復不第又二舉乃成名蓋自攺名後四舉也後二十年果爲衢州剌史乃于所夢之地立徵夢亭焉其不爽如此曹熙夢之官府見有曹頴叔名遂更名頴叔字秀之後以進士及第歷官天章閣待制歐陽程初名和營道人也赴省試夢一童子行速和問之童子云以今科省榜報各處城隍遂問湖廣陽和中否應曰有陽程無陽和到省自陳攺名程是年果登王世則榜進士時宋太平興國入年也後仕至屯田員外郎黔南軍士姓謇者性鯁直所居鄰孔廟家每食必先祭之如是者累年咸通二年蠻宼作亂侵境廉使閱兵擇將未獲謇忽夢一人冠服若王者謂曰吾仲尼也媿君每傾心于吾吾當助君君可更名宗儒自此富貴矣旣覺喜而更名請行方擇將時人盡畏避忽聞宗儒請行即遣之一戰而大破蠻宼餘孽皆遁黔帥表上其功授朗州剌史累遷司農卿,27923
卷之二十三,名數部,名姓,指物令名,天機示于隱微或顯或藏夢此者物佳則名之吉占物惡則名之凶吉凶之間即人心之明而深體之曰自能悟出吉者趨從凶者攺避則吉者固吉而凶亦可化爲吉矣劉審義夢一人引上檀香樹謂劉曰君速登以爲名覺後因攺名檀無何授殿中侍御史或以爲紏彈之義云宋鄒應龍初名某未試前乞夢于大乾廣祐王廟夢室内兩龍盤旋巳騰上一龍之背越前而出旣覺遂更今名次年省闈莫子純首冠鄒居第二因親䇿士以子純有官不可以爲首乃依故事升鄒爲大魁,27960
卷之二十三,名數部,名姓,神人告以所遇者,心䖍則可以通神明夢寐之兆皆平昔之修爲所占致也如得是夢當詳夢中告我者何神所遇者或曰何等人或何處遇何姓何名然後辨其善惡必有驗也常州丁逢夢人告之曰汝欲得第須逢丁可逢以爲丁歲乃攺名逢期欲應之至隆興元年省榜出果有天台丁可姓名然度其官未應作試官也及乾道元年秋試丁可待闕家居漕使聘爲考官逢自慶必得矣無何可以病出院逢大懊惱然出榜則有名䆒其故乃可去時執一卷囑他試官云自得此卷便擬寘前列願勿遺之雖死亦瞑目及會卷時各有所主不暇爲計也適巳取一卷犯諱當斥遂以逢卷補之亦繇可力云,27977
卷之二十三,名數部,名姓,名當顯何年,功名顯達數繇前定不安分者每多妄想故往往有暗中指示微逗機緘醒迷入悟而在夢爲多毫占髪不爽但其間或隱或露變幻莫測誠不易推當曰隨夢中所見所聞或按姓名或按年月審其人之有無計其時之遠近果與夢合則必應如與夢違别是無成升遐之先徵也其細參之金李世弼從外家受孫明復春秋貞祐初三赴廷試不第推恩授彭城簿鬰鬱不得志遂復求試一夕夢在李彥榜下及第時計偕無此人其子昶年方十六巳能爲程文乃更其名曰彦至定興二年父子廷試彦果以春秋中第二甲第二人世弼中第三甲第三人乃知夢之不爽魏清累舉不第將入試夢人云當同陳臯是年臯第五而清下第後三載清亦第五計臯與清得第皆八舉矣始臯爲餘于尉至此任滿清亦除餘于適交代焉,27983
卷之二十三,名數部,名姓,榜中見人姓名,榜有金有銀有鐵有竹版所見者或巳名或他人名榜在何處列在何榜然後詳推之金銀榜中者占主台鼎之器鐡竹者主郎官秀士之才若其應之曰遠近更須按時叙而推之倘榜中多死人名而巳名或他人名列在其中必大凶之兆元綘叔赴試夢至一堂榜曰侍中堂堂中列人姓名有韓琦字時琦未第後果拜相趙槩初名禋嘗夢神人金書名簿有趙槩者遂更名應之後登第歷官至吏部尚書,28003
卷之二十三,名數部,名姓,死者稱名,得此夢者主鬼求食或求度或生前有所逋而索如夢者是祖先宗親主陽宅不安棺槨暴露是故舊知巳主其人妻孥凍餒求照顧是子侄幼輩主求撫卹其孤或求薦㧞覆露如夢者是我不合之人主有大病至當祈求神佛解釋禳遣則吉凉文王張駿夢一人鬚眉皓白自稱子瑜曰地上之事付汝地下之事付我王寤問之有侯子瑜先死得其曾孫亮以爲祁連令,28016
卷之二十三,名數部,名姓,通名乞葬,陰陽不和人口不寧之兆也夢此主宅基地中有瘗棺當遷瘞之如不得其處則薦度之不然其家占人多疾病多啾喞歲無寧日蓋彼不安則令此亦曰不安也亦或有暴屍沙礫來求掩覆者當以所夢詳之鄒湛嘗夢一人來拜自稱甄仲舒求葬湛覺思之曰字合西土瓦中人也乃往取果得之因厚葬焉夜復夢其人拜謝,28022
卷之二十三,名數部,名姓,易不祥名凶,有生則有名名與命關生死者也易名而不祥豈占佳兆哉按其字義輕者主財散次主疾病至惡者曰主死亦或有骨肉分離兵荒水火之厄應者大抵非吉利之兆杜牧忽夢人告之曰爾攺名畢牧以爲不祥其年乃卒,28031
卷之二十三,名數部,名姓,禮神佛稱名吉,用下敬上順道也夢此者主益福壽士人夢之爵占祿至常人夢之財利增謀事亦就出行無阻所主曰必清淨之家以臣遇君從否得泰之象有疾人夢之主疾愈然當薄爲作福,28037
卷之二十三,名數部,名姓,人與巳同名姓吉,占同心斷金之象夢此者舉子主交益友商賈主曰招良伴作事得人力輔助動無不利是夢之徵唐丞相李珏節制淮南一夕夢入洞府見石壁塡金書姓名内有李珏字方自喜有二仙童云此乃江陽部民李珏耳旣寤詢之民間果有廣陵人李珏者年近百歲䆒其生平所爲以販穀爲業每斗惟求利雨文有糶糴者即授以升俾自量之意以此得果報云,28041
卷之二十三,名數部,名姓,言姓求生,毛寳放龜宋郊渡蟻及第封侯皆得厚報物類雖微性靈無異故種種生類遇有災厄思得脫免或占托夢于好生善士或托夢于愛物仁人理固有之曰昔多明証物尚如此人何必言夢此無諭人與物因夢中之所見悉力詳察倘有所合亟爲拯援俾得餘生獲報之善諒不下于毛宋矣梁南郡太守劉之亨夢二人姓李詣之亨乞命之亨不解其意明日有人遺生鯉魚兩頭之亨曰必夢中所感乃放之其夕夢二人謝恩云當令君延壽一算,28047
卷之二十三,名數部,名姓,忽易姓名,物有主更主則爲易姓之兆夢此必有遷移變產占之事或棄去所愛珍玩器皿飾服之類老年夢此曰主仙遊幼童夢之螟蛉與人不然則呂易嬴牛易馬當預慮之,28055
卷之二十三,名數部,名姓,與人商訂名字吉,定終身之局象成人之始與人商訂參是非也籌占可否也是得謙之義惟謙受益夢此者每事宜虚曰心待人宜和藹必有大利益建業必隆樹勛必懋以柔克勝人其理了然甚明也,28059
卷之二十三,名數部,名姓,述古賢聖名姓,夢此者主發希聖賢之志爲一時彥俊主獲古本占聖賢經傅或有品評經史之任商賈夢之主生讀曰書之子幼遇明師長必顯達哲人其懷泰山是仰誰云不吉哉,28063
卷之二十三,名數部,名姓,憶巳名不起凶,名者明也明其人爲何如也故名之不可無也以無其名即無其人也今巳名而忘之是自忘也有占此夢主大不祥主巳有大殃有床簀淹蹇之災甚曰者損身小者不起如在外主家有大難人離散財分拆或有椿萱𧇊損之憂非佳夢也,28067
卷之二十三,名數部,名姓,書名字地上,天地否塞蒙昧不明之象夢此者主巳身爲入土占之兆出行不還家疾病者死或夢此而無災無咎曰者主得好陰宅柳宗元自永州司馬徵至京時意望錄用一日詣卜者告以夢曰予柳姓也昨夢柳仆地與不祥乎卜者曰無苦但憂爲遠官耳夫生則柳樹死則柳木木者牧也君其牧柳州乎後竟如其言,28071
卷之二十三,名數部,名姓,金榜題名,此爲甲第爭先之兆惟士子夢之爲佳然必記其夢中景象而決之若神清氣爽志念從容是爲吉占兆若精神恍忽情緖昏迷則夢雖美而吉應尚未曰必商賈求利之徒俱爲不利以其有名而無實也病火交秋大爲凶兆又名題金㮄夢堪誇月上西窻作影斜占三唱雞聲春睡兄床頭書濕漏烟霞,28081
卷之二十三,名數部,名姓,以字作名,名乃實也字又表名之義稍涉玄虚若夢此兆爲求名未得其顯揚求利未遂其志願一切圖謀須占防有虚詐假僞之人指東爲西朝四暮三之輩惟曰在守我誠一以挽囘夢兆則凶變吉禍成福矣官訟覊身疾病未脫者夢之反爲佳兆又移名以字夢中呼顚倒乾坤婦作夫占堪歎人生眞夢幼笑看玉兎逐金烏,28088
卷之二十三,名數部,名姓,名書天府又夢中,天府即帝庭也名列其上大吉之兆士子夢之登科及第仕宦夢之當拜相位道流釋子兆之證果占成眞法譽振起一應九流公門異途商賈求利之曰徒俱爲吉兆惟有官訟之人恐事涉憲司天條不宥病者喪亡立至告斗保佑吉又夢中名姓標天府迢迢玉漏當三五占一枕黃梁半未炊何須得失從頭數,28095
卷之二十三,名數部,名姓,半空中呼名吉,聞半空中呼名此突然薦㧞之兆也當有憂中之喜鬱抑處得伸舒文人久在淪落今乃平地登雲占商賈虧欠巳多今乃一朝大獲婚姻未就當有平曰姓之人及山谷居住及手藝匠作等輩作伐事得就也又半空忽有呼名姓聲譽傳揚未足奇占抑鬱未伸嗟久困今朝始得上天梯,28104
卷之二十三,名數部,名姓,師長命名大吉,天地君親師義同一體天以覆地以載君以治國而蒙德親以生身而受恩師以訓誨成性立命其道均焉若夢師長命名是根基立而枝柯將茂也占士子當掇科名建事業致力王家立勛宇內其他曰一切九流商賈之人亦皆興家創業昌大門閭子孫世守而不遷人眷繁生而不替子嗣有芝蘭之秀壽源有山海之堅又命名夢荷承師長天地君親道一同占顯姓揚名成大業宵來寐寤兆先通,28110
卷之二十三,名數部,名姓,御筆題名細加詳察自然應驗,此乃玉陛傳臚龍頭賜狀之兆士子夢之主文章日進天助其智慧考試臨塲之日自得朱衣點首占必奪魁元然雖如是仍審其字畫邊傍全與不全曰增添攺換恐吉處藏凶仙機豈能昭顯惟在人之細加詳察自然應驗其餘一切夢之亦是吉多凶少之兆又御筆題名寶翰香依稀夢裏侍君王占一枝暫作鷦鷯寄他日翺翔集鳳凰,28118
卷之二十三,名數部,名姓,名標靑史貞吉,此乃建大功創大業宣力王朝擴充宇宙得以流芳不朽然又爲忠臣烈士節婦義夫殺身成仁者占居多夢得此兆恐美中有惡吉裏成凶遇合非其曰人動作有乖舛直至災過福生悲極樂至惟在人之痛加脩省以挽囘凶兆可也又芳名赫赫標靑史翰墨淋漓書滿紙占義膽忠肝草木香勳猷揭地掀天擬,28128
卷之二十三,名數部,名姓,靑漢中大書自巳名字大吉士,此聲名振于四海文章事業彌亘天壤之兆也士子功名可得立朝志節驚人爲賈爲商必至巨萬占創家可學陶朱婚姻成必有貴人主張生子秀後曰日必當跨竈事事亨利件件稱心更要在人脩德以應之乃得全美不然恐太懸虚難擬有始無終也又名姓書空掛太虚日邊紅杏傍雲鋤占朝陽奮翮看鳴鳳破浪乘風羡化魚,28139
卷之二十三,名數部,名姓,名鐫碑石,是乃永久不磨之兆士子文成錦繡垂於不朽仕宦政績如龔黄聲名若韓范但見先難後易始屈終伸商賈求利之輩夢之時運未能發達受過一番跌挫經得幾次槌鑿方得通行女子夢之主有占喪夫之憂以其有守志堅貞之象也九流手藝之曰人夢得此兆皆爲不吉以其有轉動不能之象也若欲興基創業置買田園乃爲大利以其有堅久不搖之象也惟老年人及有病者不宜夢此恐歸泉巳促而誌石鐫銘也夢中名姓勒摩崖垂久芳聲百世佳馳逐利途應鬱滯士人終得歩天街,28151
卷之二十三,名數部,名姓,天帝呼名,天爲清虛聖境帝乃上界至尊夢中得其呼名乃紫微照耀大貴提携之兆也文人夢之主步金階占朝玉陛身侍龍顏之象也商賈夢之當有財帛大曰進更要看人之修德何如苟作事不合于理立心未協于天而得此兆是上帝呼名深譴將有奇禍至也又金闕天皇玉口呼九重雨露得沾濡占遊仙定有千年酒入海先求萬顆珠,28157
卷之二十三,名數部,名姓,王者呼名大吉,此夢乃得聖人陶鎔點化之兆士子文章日進智慧日生僧大夢之當有法王感應授圓悟之旨䔈占冠兆此道術靈通驅神役鬼生涯貿易之輩夢之曰財利大發一切手藝人等夢之必有貴人提㧞病人當遇醫工雖凶可救又夢中呼召荷君王口麗當空春晝長占海不揚波鯨偃息一天星斗煥文章,28163
卷之二十三,名數部,名姓,鬼呼姓名,鬼乃有聲無形變幻不測夢而得之爲虚中虚幻占中幻宜于求名不宜逐利士子夢之中魁元農賈曰夢之爲損耗多凶少吉也又夢中聞有鬼呼名士子忻看賜祿榮占一舉首登龍虎榜十年前是一書生,28169
卷之二十三,名數部,名姓,公移中有巳名字大吉,公移乃官府之文書公門之咨札堂堂正正無曲無私上以檄下下以呈上對署則關牒相通往來占互逓而不紊亂事雖機宻而無隱昧凡夢得此兆曰運將發達顯著聲名不問士農工商九流等輩皆爲吉兆又夢中名姓入公移白日靑天豈有私占國正官清民自樂東風拂拂遍嘘吹,28175
卷之二十三,名數部,名姓,名列牌坊匾額,牌坊乃頌德稱功匾額爲褒忠奬孝嘉名美譽昭占顯人間凡夢得此兆者宜加勉勵則福自厚祿可曰臻士子得功名農人與賈客未能獲大利以其名過于實也又列名匾額共牌坊稱頌褒嘉借表揚占金帛因緣還未遂文章聲價得增光,28182
卷之二十三,名數部,名姓,名在版籍中,版籍圖籍也計天下地里户口之數夢名在其中占將有掌握農田錢穀之政若老年之人及久病在曰床者不宜夢此冥司註名登鬼籙也又版籍書名夢亦奇農田户口細無遺占少年當秉司徒政老病堪憐少藥醫,28190
卷之二十三,名數部,名姓,旗幟上書巳名姓,此乃張揚顯著可舒可卷之象在文人功名大顯治則進亂則退有見幾之明無損身之禍在常庶占家業可興利則趨害則避有識時之智無取禍之曰端但商賈求利出行江湖販貨恐有踏空不實之兆未爲吉也又旌旂名列任飄颻高捲秋風漾碧霄占遠振英聲騰宇内文成佳韻奏簫韶,28196
卷之二十三,名數部,奇名,以卍字爲名吉,此梵字也夢之者必有佛力暗扶學士主入居銓占曹商販主得奇珍異寳老者夢之益福增算若少曰者夢之智慧無比惟孤寡夢之主出家修行有成僧人夢之爲上吉張說嘗夢以泰岳形爲名押以告友人友人曰泰岳爲五岳之尊得中正之位君以其形爲押夫押者識也以泰岳爲識君其後爲宰相乎踰數年果登政府爲唐名輔云,28207
卷之二十三,名數部,奇名,名止半字,形不全而有體欲成未成可行未行夢此者主意不堅謀事無斷猶豫無定是以功名無就財利難占獲當易柔爲剛轉懦爲强則委靡可振新猷可觀曰矣○半字不成字也不成字則不成名名旣不成亨達何自其兆如此夢者宜省,28213
卷之二十三,名數部,奇名,犬作名,有聲有名有守有義吉利之徵也犬于字爲一犬占人但須藉指點之力夢此者爲字内之俊杰仕官曰登高位學人掇巍科常人夢之當爲巨富之人寧靜鎭重得艮止之義而巍巍不替者也陳炳嘗夢其孫師道與一犬立圓板上覺而不省乃詢于杜庶庶曰犬立板上者乃犬傍有板也圓板一片也片加犬乃狀字也而且圓孫其作狀頭乎炳悟而喜咸淳中師道果狀元及第歷官參知政事,28220
卷之二十三,名數部,奇名,黃旗書名,陳玄敦爲寧遠掾夢空中懸黃旗大書一滯字招揺上下移時乃定觀者如堵及覺而生子遂以滯名後登弘治巳酉鄉舉累官太原府同知乃卒,28226
卷之二十三,名數部,奇名,鳥呼人名字,占夢此者主赴盛筵接賢賔主有遠客至主有所曰獲如呼女人名字主内人有私約當就夢推之,28230
卷之二十三,名數部,異姓,一人兩姓吉,天無二日士無二王一人兩姓似屬不可然夢此占者反大吉利主得兩姓之財或產業或有兩人提曰㧞主承嗣主螟蛉主入贅倘老人夢此則去陽就陰不祥之兆也,28238
卷之二十三,名數部,異姓,人問姓大吉,闇而章微而顯吾道將行之兆也主吉君子夢之占指日飛騰攸往皆利當受帝王之徵食天家曰之祿德足以符此夢者必有貴下賤之徵也,28242
卷之二十三,名數部,異姓,姓甚多吉,姓者信也指其姓使人有以信我也姓而多是信我者衆也人能信我州里蠻貊無不可行是夢也占其以信服衆之象乎信以事上信以使衆信以御曰下誠能動人其誰不欽名聞海宇業大乾坤兆姓拱仰所謀必成以此細推其詳可得而知也,28246
卷之二十三,名數部,異姓,同姓異鄉人吉,夢此者主結異姓骨肉終身依之以爲安有所作占爲必得其人之力遇合在萍水之逢幼年得賢師曰友之助于象爲身之手足鳥之比翼樹之連理同人之義足徵矣,28251
卷之二十三,名數部,異姓,向人乞覆姓凶,覆姓重姓也向人乞覆姓主重有異姓之憂乎夢占此者主外孝服主外來口舌可憂可慮之事種種曰繼至以勿與外事及多開口爲戒是非莫管庶幾可免其咎云,28255
卷之二十三,名數部,異姓,失姓字凶,主疾病主失脱大者傷身遭盜小者頭目眩痛破占損首飾上服老者病死少者喪父婦人易所天不曰祥之兆也,28259
卷之二十三,名數部,異姓,羨慕别姓吉,舍巳從人樂取于人以爲善攺過自新之兆也凡占得是夢必悟昨非能成今是竚看氣宇維新規模曰宏整將大有成就顯親揚名奮志直上之兆也劉琰字彦玉夢中忽自訝其姓之無奇也欲易姓印旁一人授之匙五枚曰此汝所掌非汝所姓也速攺汝素行姓無容易也旣覺異之蓋琰性嗜遨遊以俠烈爲事自得夢後便謝平日所交閉關讀書六年成進士官遂昌尹五轉而至少府監所司印凡五一如夢中所指云,28263
卷之二十三,名數部,異姓,書姓懸樹上,非實非空不即不離一身無主喜有依傍在松竹則氣凌霄漢在梅栢則節操氷霜在梧桐則孤潔占在梅桂等則名騰四宇在桃柳等則裘馬風流隨曰樹推之自可了然于吉凶也若桑楓等樹則大可憂可患更當以時審之王凝之讀書𡺪山苦其學之難成也聚經史古冊數十卷置几上焚香禮之祝曰三年後學無成吾送汝于江心同葬魚腹中是夕夢一偉丈夫身衣五綵引之至古廟廟中惟一悟樹謂王曰此汝兆也因與書文兩卷而去王熟視梧上有帛數尺色靑朱書其上曰州司馬王終此忽覺不悟後三年帥府辟爲靑州掾進參幕府踰年秩司馬王忽念前夢嘆曰吾其巳乎力辭免官歸林未幾而卒明曹鼎赴京會試夢書姓香橼樹上而旁有一鼎爐其年狀元及第果驗夢云,28274
卷之二十三,名數部,異姓,姓在天上大吉,夢此者主名揚身貴四海仰慕朝廷倚重子孫綿永世食天祿享天爵有位者立登台鼎無位者芥占取鼎元武將夢之鷹揚宇審樹勛絶域拜將封侯曰與國休戚病人夢之主危幼豎夢之他日飛黃騰踏如夢他姓者主應在外家官訟夢之必大勝謀財夢之定脫空,28288
卷之二十三,名數部,異姓,地上拾得遺姓吉,地有姓地主之所遺也彼失而我得之則我將主其地也以姓遺我欲我易之也得夢者益田疇增產業添進人口俱大有利在外夢之主拾遺金無占子者夢之主生女或得路旁或異姓佳兒或婢妾曰生子地坤也地上有姓乾也坤乾合而家道成子嗣興女人夢之生貴子一貴女一皆屬長如居次皆不能無殤折之憂其據理推之,28294
卷之二十三,名數部,異姓,天象顯姓,廣東永州府寧遠雷震逺初爲縣吏居𪠘中一夕縣令夢雷聲大作有一星墜公𪠘上明辰令坐㕔諸曹咸行列獨震遠未赴問其故曰夜生一子令驚急呼出語以夢且曰此異子當謹視之後子名復年二十二登第官至禮部右侍郎右副都御史震遠得贈如其子官云,28298
卷之二十三,名數部,異姓,黃蛇遶腹,廉使荆茂在孕時母翟夫人常夢黃蛇遶腹至娩妊乃止幼嘗受學龍泉鄧先生之門即進士鄧球父也先生亦夢黃龍掛館後樹間作聲旣覺自想此夢非常因推黃者金色也其金姓之兆乎次早起閉門靜坐以驗時荆後至向館外蠟樹呼反啓門先生驚曰何物小子乃爾蓋是時巳識其爲異物矣以荆金同音云公嘉靖二十二年爲浙江廉使官終吏部左侍郎,28302
卷之二十三,名數部,異姓,應他人姓,一士人至九仙廟祈夢初夢仙語之曰胡蘆未生其年下第後及期再往祈之則夢仙曰胡蘆巳生是年又下第又及期祈之則又夢仙云胡蘆未成是年又下第其士人偃蹇不復往祈亦不得第一日爲同儕所拉復往祈之夢仙云胡蘆巳成士人驚寤向同儕言之俱不能解是年遂得第觀榜其前一人姓胡後一人姓盧皆弱冠計其年則始祈夢時皆未生也聞者莫不神之且知功名遲速有定數云,28306
卷之二十三,名數部,定數,帝與年齡,帝者天之主宰命令不爽故曰死生有命又曰壽殀莫非命夢帝與年齡者修短之數一定不易此占正命也但當順受而巳若有忠臣孝子請以身代曰願減巳壽以益君親者必能感動上帝天命爲之轉移文王有疾武王不說冠帶而養旬有二日乃間文王謂武王曰女何夢矣武王對曰夢帝與我九齡文王曰女以爲何也武王曰西方有九國焉君王其終撫諸文王曰非也古者謂年齡齒亦齡也我百爾九十吾與爾三焉文王九十七乃終武王九十三而終,28316
卷之二十三,名數部,定數,神告壽數,龔明之幼逮事祖母李李自言少嘗大病夢神告曰與汝七十七及期果病且革明之齋心屏處夜禱於天乞減巳五齡以益李壽灼香於頂者七聞腦後有爆烈聲不爲動詰旦李病良愈又五年乃卒明之以諸生貢京師鄉貢年巳六十或勸少匿其數爲異日計明之笑曰吾平生未嘗妄語且不敢自欺卒書其實晩以特恩廷試授高州文學年逾八十,28322
卷之二十三,名數部,定數,享國成算,貴爲人君富有國家享年永不永傳世久不久豈占非天命乎豈無成算乎夢中神告之者其數巳定曰其兆預聞將來應驗若合符節晉成公之生也其母夢神人謂曰使有晉國三而畀驩之孫後子景公孫厲公相繼立爲三世乃至悼公悼公驩之孫也,28326
卷之二十三,名數部,定數,十二爲期,公孫述威震益都夢有人語之曰八歳子系十二爲期覺謂其妻曰雖貴而祚短若何安對曰朝聞道夕死尚可况十二乎會有龍出其正殿中夜有光耀述以爲符喘刻其掌文曰公孫子遂自立爲天子號成家色尚白建元曰龍興元年至十二年漢滅之,28332
卷之二十三,名數部,定數,上天第十九子,清河崔靈運爲上府參軍夢上天謂巳曰蕭道成是我第十九子我巳授位自三皇五帝至齊受命天子凡十九君是爲齊高祖,28336
卷之二十三,名數部,定數,陳氏世數,𨻰武帝未即位有直閣吏史浦夢神人朱衣執玉簡自天而降至太極殿曰陳氏五帝年三十二及後主降隋史浦歎曰朱衣金字一如其數噫,28340
卷之二十三,名數部,定數,十六之數,晉謝安還都語所親曰昔桓溫在時吾嘗懼不全忽夢乗溫輿行十六里見一白雞而止乗溫輿代其位也十六里止者今十六年矣白雞肖酉今歲酉吾病其殆乎卒年六十有六,28344
卷之二十三,名數部,定數,蓍數,蓍筮草也龜筴傳曰主道得而耆莖長丈其叢生滿百莖上有黃雲覆之下有神龜守之揲蓍之法占大衍之數五十止用四十有九分二扐一揲四歸曰奇四營而成變三變而成爻十有八變而成卦凡夢此者祿位名壽事物之數不過五十齊禇彥回少病篤夢人與卜蓍一具遂痊果年四十九而薨孫承祐爲錢俶中吳節度使降宋徙泰寧軍節度使少嘗夢人以蓍草一本增其一而授之旣寤以語所親曰大衍之數五十其用四十九今增其一吾壽至五十乎後果年五十而卒,28348
卷之二十三,名數部,定數,二字加點,楊大年年三十七爲翰林學士晝寢夢懷玉山人來謁出一牒字云三十七大年驚曰得非數乎懷玉以筆點三字爲二二字年四十七而卒,28356
卷之二十三,名數部,定數,孔子之年,譙周夢見孔子周曰昔孔子七十三而殁吾今年過七十恐將不免明年果卒,28360
卷之二十三,名數部,定數,七九之年,唐李德裕爲新繁縣令鑿東湖夜夢一老人曰某濳形其下幸庇之明府富貴今鼎來七九之年當相見於萬里外後於士中得一蟆徑數尺投之水中而德裕以六十三卒於朱崖果應七九之讖,28364
卷之二十三,名數部,定數,當食萬羊,李德裕爲衛國公分司東都一日召僧問休咎僧曰公災當萬里南去平生當食萬羊食九千五百矣李曰元和十三年嘗夢行晉山山中盡目皆羊有牧童十數迎拜曰此侍御平生所食萬羊吾不泄言於人也俄而米曁饋金封上書准羊四百僧歎曰至此巳爲相公所有矣及旬貶潮州司馬連貶崖州司戸竟殁於崖州荒裔,28368
卷之二十三,名數部,定數,四十當貴,裴寂過華山祠祈神自卜夜夢一老人曰君年踰四十當貴後果然,28375
卷之二十三,名數部,定數,一榜二十六人,員外郎樊系未應舉前一年嘗夢及第牓出王正卿爲牓頭一牓二十六人系官帶陽字明年方舉登利之後果是王正卿爲首人數亦同系又自校書郎調選吏部侍郎達奚珣深器之一注金城縣尉系不受珣云校書得金城縣尉不作更作何官系曰不敢嫌畿尉但此官不是系官珣云合得何官系云夢官合帶陽字珣歎曰是命也因補涇陽縣尉,28379
卷之二十三,名數部,定數,鹿皮之數,吉士瞻夢得鹿皮十一領及覺喜曰鹿者祿也吾當居十一祿乎自其仕進所蒞巳皮及除西陽武昌二郡太守心惡之遇疾不肯療而卒,28383
卷之二十三,名數部,定數,前後各三年,興化黃廓無子擕妻妾禱羅漢堂祈夢夢羅漢云前後各三年後妻生子杰妾生子燾同歲生非三年也至淳熙甲辰杰登第丁未燾繼之相去乃三年云,28390
卷之二十三,名數部,定數,神示科名,聰明正直而爲神有祈必應有感必通無私祐不占虚美也夢示以科名者其人才德兼全富貴可待曰故遭逢之會適當發達之期此榮通之定數也智者詳之宋泉州府治西鐡爐廟之神曰應魁聖王士子求科舉者多謁夢於此慶元四年秋曾從龍禱於廟夢有幅紙示之云兩爵並躍於今秋一薦獨橫於天下是科兄弟同舉明年春果擢狀元,28394
卷之二十三,名數部,定數,四十年前事,宋泉州士子曾從龍夢一人屈指數云四十年前事明年春及第蓋泉自梁克家大魁後至從龍方四十年故也,28400
卷之二十三,名數部,定數,暦十五冊,莫行人灝會試時中一百八十六名同年童僉憲軒問先此有夢否莫云夢人授黃曆十五冊不可解童云曆十五冊得一百八十月三年一閏五年再閏積十五年得六閏非一百八十六乎莫始知夢之巧如此,28405
卷之二十三,名數部,定數,喝六作五,許叔微少時以登科禱神夢神告曰汝欲登科須憑陰德叔微自念無力惟醫可通人無高下所活甚多後夢神授詩曰藥有陰功陳樓間處堂上呼盧喝六作五是歲登進士第六名上一名陳祖言下一名樓材及傳臚恩如第五名授職,28409
卷之二十三,名數部,定數,詩篇應珠數,進士謝諤家于南康舍前有溪諤爲兒時嘗夢浴溪中有人以珠一器遺之曰郎吞此即明悟矣諤度其大者不可吞即吞細者六十餘顆及長善爲詩裴說爲選其善者六十餘篇行於世,28415
卷之二十三,名數部,報應,帝所甚樂,趙簡子疾五日不知人大夫皆懼醫扁鵲視之出董安于問扁鵲曰血脉治也而何怪在昔秦穆公嘗如此七日而寤寤之日告公孫支與子輿曰我之帝所甚樂吾所以久者適有學也帝告我晉國將大亂五世不安其後將霸未老而死霸者之子且令而國男女無别公孫支書而藏之秦讖於是兆矣獻公之亂文公之霸而襄公敗秦師於殽而遂荒淫此子之所聞今主君之疾與之同不出三日疾必間間必有言也居二日半簡子寤語大夫曰我之帝所甚樂與百神游於鈞天廣樂九奏萬舞不類三代之樂其聲動人心有一熊欲來援我帝命我射之中熊熊死又有一羆來我又射之中羆羆死帝甚喜賜我二笥皆有副吾見兒在帝側帝屬吾一翟犬曰及而子之壯也以賜之帝告我晉國且世衰七世而亡嬴姓將大敗周人於范魁之西而亦不能有也今余思虞舜之勳適余將以其胄女孟姚配而七世之孫董安于受言而書藏之以扁鵲言告簡子簡子賜扁鵲田四萬畝他日簡子出有人當道辟之不去從者以聞簡子召之曰譆吾有所見子晰也當道者曰主君疾臣在帝側簡子曰然有之子之見我我向爲當道者曰帝令主君滅二卿夫熊與羆皆其祖也簡子曰帝賜我二笥皆有副何也當道者曰主君之子將克二國於翟皆子姓也簡子曰吾見兒在帝側帝屬我一翟犬曰及而子之長以賜之夫兒何謂以賜翟犬當道者曰兒主君之子也翟大者代之先也主君之子且必有代及主君之後嗣且有革政而胡服并二國於翟簡子問其姓而延之以官當道者曰臣野人致帝命耳遂不見後二年中行文子范昭子作亂簡子逐范中行而竟有邯鄲栢人之地奉邑侔於諸侯矣簡子卒襄子立遂并代地而滅智伯至武靈王胡服騎射而趙益强大,28423
卷之二十三,名數部,報應,得藥療母病,夏侯訴母病忽夢其父告曰汝母非他藥可療玉帝念汝至孝賜以仙藥在居後桑樹枝上既寤驚起視之得藥進之得𤸇也,28457
卷之二十三,名數部,報應,借錢千萬,周犨貧夜耕因卧夢天公過而哀之司錄案籍此人相貧限不過此惟有張車子錢千萬車子未生請以借之天公曰善,28463
卷之二十三,名數部,報應,索所借十七萬,初梁武帝在襄陽曹武厚饋曰卿必大貴我當不及見今以弱子相托時武帝在戎多乏亦向曹武借至十七萬及即位忘其惠天監二年夢如田塍下行两邊水深無底甚懼忽見曹武來負帝得過曰卿今爲天下主乃忘我顧托之言耶我兒飢寒昔所借十七萬可還其市宅帝覺即使主書送錢還之使市宅曹子世登世宗並蒙擢用,28470
卷之二十三,名數部,報應,欠柴七千七百束,汝州剌史柳凌夢一人呈案言欠柴七千七百束時韋正貫署軍事判官柳因訪之曰柴薪木也公將不久乎月餘柳疾卒韋查鏹簿唯官中次柴七千七百束披案方省前夢,28478
卷之二十三,名數部,報應,二十年前事,潭州旅店主人程二有子年未冠屢謀弑父所厚者恐累巳乃首之帥府真德秀逮赴左院推勘即準伏索到鼠尾刀解官問其故則卒無說鄰里云常挾利刃其謀叵測但其間並無他故獄成而眞攺送府院推勘亦如前欵眞疑展轉歲餘忽夢神告之曰此無怪其然乃二十年前事耳及旦瑍程二屏左右言今日獄巳成但爾心下别有何事程倉皇良久曰無事眞曰爾二十年前做甚麽事來此事我知悉爾其無隱程二啞然曰二十年前有瀉山行者在店安歇欲買度牒因貪其財物殺而有之所殺屍見瘞厨中眞乃委官發掘屍果在并籍其產千緡復審其子又無說眞曰爾别做生計不見父何如其子曰不願做生意若得千貫錢買本度牒瀉山出家去眞遂以所籍家産千緡與之果披剃出家於瀉山程二編管於建昌軍,28482
卷之二十三,名數部,報應,有罪震死,廬山賣油者養其母甚孝爲暴雷震死其母自以無罪日號泣于九天使者之祠願知其故一夕夢朱衣神告之曰汝子恒以魚膏雜油中以圖厚利凡齋醮用此油則腥氣熏烝神靈不降震死宜矣母遂不復號泣,28488
卷之二十三,名數部,報應,服藥去病,張汝明事親孝執喪哀毁尫羸行輒踣夢父授以服天南星法用之驗人以爲孝感宋陳宜中夢人告曰今年天災流行人死且半服大黃者生後疫癘大作服者果不死丘傑烏程人年十四遭母喪以熟菜有味不嘗於口歲餘有病忽夢母曰死止分别耳何事乃爾荼苦汝噉生菜遇蝦蟇毒靈床前有三丸藥可取服之傑驚起果得甌甌中有藥服之下科斗子數升丘氏世寳此甌,28492
卷之二十三,名數部,報應,解監軍禍,周世宗嘗疑涇帥史懿欲叛密詔晉州節度使楊廷璋使陰圖之廷璋明其無他懷詔書見之懿曰死不敢辭乞免妻子廷璋屏左右語之曰吾以百口保君君單騎入朝可也懿從之遂得免禍及宋有天下廷璋猶在晉監軍荆罕儒者疑廷璋周之戚里近親也欲殺之以爲巳功每見必裹甲懷刃廷璋知之待以誠心略無疑畏會春日當宴罕儒夙興尚蚤徘徊獨語曰事久變生今日不可失也因假寐恍惚如夢有神人謂曰廷璋忠實無異志不可妄殺驚覺汗下悔泣擲刀于地徑造廷璋再拜謝過具言所夢廷璋愕然曰有是哉吾昔者亦夢神人來告曰汝有陰德天國報汝吾爲汝解監軍之禍可保無虞也吾夜半起坐命門客書幅紙記之方欲與君語而未敢也因探諸懷以示𥤱儒其所言神人容貌衣冠劔履無差焉二人相持而泣結交終身嗚呼異哉世所謂陰報者豈誣也哉豈可忽也哉,28506
卷之二十三,名數部,報應,飛雲渡免水厄,輟耕錄云飛雲渡風浪甚惡每有覆舟之患有一少年子放縱不覊嘗夢神示曰汝之壽莫能踰三恂且不得其正死乃遍叩日者言亦多同于是少年自謂非久于人世乃不娶妻不事生產每以輕財仗義爲志嘗俟船渡傍見一丫鬟女子徘徊悲戚若將赴水少年亟止之問曰何爲輕生如此答曰我本人家小婢主人有姻事暫借親眷珠子耳環一𩀱直鈔三十餘錠今日送還竟于中途失去寧死耳焉敢歸少年曰我適拾得但不審果是汝物否方再三磨問顆數裝束實是遂同造主人主人感謝欲贈以禮辭不受旣而主人怒此婢遣嫁業梳剃者所居去渡所咫尺間期歲少年與同行二十有八人將過渡道遇一婦人拜且謝視之乃失環女也因告其故于夫强畱午飯餘人先登舟俄風濤大作皆葬魚腹蓋少年能救人一命而造物者亦救其一命以答之後少年以壽終渡在溫之遂安,28523
卷之二十三,名數部,報應,助貧捄溺,浮梁戴公珊家食時課業水次之小樓夜夢二鬼共語云明日有婦投水吾得代矣及旦伺之果有蓬首少婦向水而泣將自溺公下樓呼問之訴曰兒里中某甲妻也某甲飲博罄我嫁貲今貧逼我爲娼兒本良家子誓不肯從寧溺死無貽父母羞公止之曰汝計左矣死者不可更生因令閫人畱内茶湯頃之狂夫喘而呼其妻公正語責之曰汝何逼妻至此即貧不聊生我有銀一笏資汝夫婦泣拜而去是夕又夢二鬼歎曰三年汨沒待得替身又被尚書救𨚫奈何奈何後公爲都御史進尚書致仕,28530
卷之二十三,名數部,報應,代償嘉行,宋霅人朱承逸爲本州孔目五鼓趨郡過駱駝橋下哭聲甚哀使僕視之有男子携妻孥將并命于此蓋負勢家三百千倍息督責不能償也朱惻然諭止且護之歸正値諸悍僕詬索于門朱曰以三百于故而溺死一家之命可乎示吾原劵吾當代償母錢債家慚而聽之橋下人感泣請爲奴婢不受仍資以二百千而去後承逸一夕夢神告曰君能捐財以活四命陰功非小當賜汝二孫竝得貴顯是年即生孫服肱皆登科著名,28539
卷之二十三,名數部,𣛜驗,泗州護正,惠州太守方君之夫人奉佛甚䖍一夕夢泗州大聖來別云將送蘇子瞻過海遂詰之曰幾時當去答曰八日去果如所言參寥以詩誌之曰臨淮大士本無私應物常于險處奇親護舟航渡南海知公盛德未全衰,28548
卷之二十三,名數部,𣛜驗,第十一人,宋三山蘇大璋治易有聲戊午鄉舉夢爲第十一人數爲人言之旣試有同經人訴于郡謂其自許之確如此必將與試官有約乞䆒治之及拆號第十一名果易也師携此狀入院遍示考官謂設如所言諸公將何以自解不若以待補首卷易之衆皆以爲然既拆號則自待補爲正解者大璋也由正解而易爲待補者乃訴牒之人也次年蘇遂冠南宮齊東野語詳載其事,28552
卷之二十三,名數部,𣛜驗,佳地不與污吏,王聞脩先生傳太上感應篇棄法受賂一句引見聞紀訓云余友歸安仰思忠質直爽闓精堪輿家術閩故方伯何公先爲湖州太守其壻六合尹林克正知思忠乃延之入閩爲方伯公擇葬地而其姻某氏亦欲葬父因送過其家連日探幽涉險得一地甚佳方點穴間雨驟至遂下山約天晴再往是夜思忠夢一老者問曰今日之地佳乎曰佳曰此切勿與之此人爲考官賣三舉子當有陰禍若葬此地法當榮其子孫非天意矣明日思忠因問克正曰昨大尹公先爲何官其宦業何如曰先爲某縣教諭轉此官不久遽卒他無所短長但聞爲考官時通關節得賄甚多鄉評以是少之思忠惕然內警遂托故辭歸越二三年遇其鄉人問某大尹葬何所其人曰因與勢家爭墳地致死人命官事牽纒至今未葬家業亦且凋落矣思忠每與余道此相對歎異人之素行不可玷福地不易得而冥報之說不可不信,28556
卷之二十三,名數部,𣛜驗,受賄奪爵減算,見聞紀訓云荆州府推官魏釗廣東人嘗往夷陵州檢屍道經某鎭有郷宦徐少卿台宗者素奉梓童神極靈忽夢神告曰明晚本府魏推官過此其人前程遠大後當入銓曹可預結納之應得其力遲明偵之果然少卿乃具衣冠謁欵甚勤因留宿焉執手鄭重而別魏去夷陵不數日少卿復夢神告曰可怪魏推官此去受賄數百金故出人罪使死者含𡨚之極上帝巳盡削其應有爵秩并年壽亦不永矣惜哉少卿深用歎訝試遣人往夷陵踪跡之果不誣未幾魏丁母憂歸復補濟南尋陞户部主事纔一年遽卒于京邸家亦凋落云,28562
卷之二十三,名數部,𣛜驗,酷吏得疽報,溧陽狄某尹雲南定遠縣縣有富翁死其婦掌家擁數萬金叔垂涎而訟之私囑尹曰所追得者請中分其貲狄因拘婦拷訉至以鐵釘釘足滾水澆乳追貲四萬金而叔與尹分有之婦遂賫恨以死後狄罷歸一夕夢此婦手持一小團魚掛于臥床而去旣覺驚疑不巳未幾遍體生疽如團魚狀以手按之四足俱動痛徹骨髓晝夜號呼而死五子七孫皆患團魚疽相繼死,28568
卷之二十三,名數部,𣛜驗,天曹降爵,侯鑑爲江夏令與勝緣山長老居約有舊時時往訪之每往必巳先具一日又至延待殊闕鑑私問之居約曰公每至士地必先報此番不報是以失款待也鑑大驚密諭居約使問士地所以是夕居約夢曰侯鑑合作宰相于吾有綂攝故報今爲受胡氏銀六十兩枉斷其事天曹巳削奪宰相作監司矣吾無綂攝是以不報,28572
卷之二十三,名數部,𣛜驗,尊德推位,宋張忠定公詠守成都嘗夜夢謁紫府眞君坐定吏忽報請到西門黃承事眞君降階接之禮甚恭且揖公坐承事之下明日遣人請承事比至果如夢中所見公告之故問平日有何陰德承事云無他長惟每歳禾麥熟時以錢𭣣糴至明年新陳未接之時糶與細民價値不增升斗如故公曰此宜坐我上也承事後裔繁衍靑紫不絶,28576
卷之二十三,名數部,𣛜驗,獄枉訴冥,趙時爲無爲軍教授夢一囚曰某不幸爲祖翔枉殺時曰祖公明法律又處巳廉謹安有枉者囚曰某死雖非祖意因其一疑遂至移獄竟以論死𡨚有所自非翔而誰某巳訴于冥司翔不久矣月餘果卒,28580
卷之二十三,名數部,𣛜驗,如意時暴死,雷申錫者江西人紹興中一舉中南省高等廷試前三日客死都下捷音與訃踵至鄉里其妻日夜悲泣一日夢申錫如平生自言我往爲大吏有功德于民故累世爲士大夫然常入死囚故地下罰我凡三世如意時暴死前一世仕久連蹇後忽以要官占入都門而卒今復如此凡兩世矣要更一世乃能償宿譴耳,28584
卷之二十三,名數部,𣛜驗,妬殺受報,劉道源爲蓮溪令旣解官宿秦氏家夢一婦泣訴曰某即秦氏妻也夫有一妾不肯相下某因怒捶殺之爲妾所訴陰君處某以死且謂某毒狠謫墮爲羊見在秦氏欄中明日將充君庖某之死固合有分但腹有羔若因某而受烹業愈重矣願賜一言寛免劉待旦言之則巳宰矣秦氏舉家大哭納羔其腹瘞之別墅,28588
卷之二十三,名數部,𣛜驗,活億萬命以延餘算,富商楊序宣和間夢神告曰子逾正當死若能救活億萬物命可以獲免序曰大期巳迫物命有限未易滿數神曰佛書有云魚子不經鹽漬三年尚可再活曷不圖之序于是大書神語于通衢壁間由是人皆知戒見人殺魚即取其子投之江中月餘復夢神曰億萬之數巳滿壽可延矣旣而果得壽終,28592
卷之二十三,名數部,𣛜驗,鬼破私術,王聞脩先生傳太上感應篇以私廢公一句有云汪玉山起爲大宗伯知貢舉將赴京約故人某至富陽一寺中與同宿私語之曰某此行獲預貢舉肖試程文當于易義冒子中用三古字其人感悅而去玉山旣入闈捜易卷中果有一卷正合遂寘前列拆卷非某也數日某造焉玉山以其售之他人也切責之某言無之但臨塲病作不能進棘耳他曰中式者來謁玉山問曰公文則誠善矣然易義冒中用三古者何中者對曰玆事甚怪某來就試時假宿富陽寺中見一棺停廡下僧指曰此官員女也𣩵且十年矣無人來葬是夕夢一女子曰妾某官女今有一言相告子今就試可𠂌易義冒中用三古字必中榜歸途過此乞爲妾營葬今將葬之玉山驚歎不巳夫世之以私廢公者寧不慮幽暗中有鬼神竊聽之以破其計者乎,28596
卷之二十三,名數部,𣛜驗,助非被譴,楊開治丹陽楊詢爲客開性暴横毎事咨詢詢雖明知其非而不敢忤一切歎美而巳開于暑月怒笞其吏詢特是之并笞囚四十餘人兩人巳斃詢猶從旁稱快其夕夢神語之曰佐祭得嘗佐鬥得傷汝數數成尹之惡大限及矣未幾卒,28600
卷之二十三,名數部,𣛜驗,不忍敗稼獲福報,王間脩先生傳感應篇敗人苗稼一句云予初聞先大夫云吾邑數十年前有兩富人互相仇其一有田旣下種矣其一密召僕某與稗數斗令夜散彼田中僕念彼家力作何忍誤之然迫于主命不得巳乃私蒸其𥟑其主潛行察焉則僕巳遍布之矣巳而皆不生其事秘無人知者後僕之子登進士僕竟受封典老且病自度不免矣忽夢一人告之曰以爾某年某月日事子爾貴子今更延爾壽勿憂慮也僕方與子孫言之病亦果愈又享祿數年乃卒,28608
卷之二十三,名數部,𣛜驗,破婚不第,樂善錄云侍郎孫洪少時與一同舍生遊太學相與約無得隱家信一日同舍生得書秘不以示孫固索生出示之書云昨夢至一官府閱登科籍汝與孫洪皆列名籍中洪名下有朱字云于某年某月不合寫離書不得過省孫愕然生問果有是乎孫曰向東上在某州適見某翁媼相詬求離某輕易爲寫離書不意上帝譴責乃爾及就試生果高中而孫下第方信前夢爲不誣也生曰某西歸當爲合之以契天心因問孫向所遇人姓氏尋跡得之夫婦俱未有偶生爲具道前事置酒合之馳書報孫孫感悅其後孫以太學內舍生免省歷躋膴仕屢典大郡所至有離婚之事未嘗不爲宛轉調護,28612
卷之二十三,名數部,𣛜驗,九人之外公宜察之,郭黄中知雲安軍十里外有棲霞宮公一日詣宮燒香夢神告曰公惠此邦邦人受賜多矣然有隱匿不敢不告明日有解屠牛者至九人之外公宜察之詰旦巡檢司果縛九人解來有一兵自言捉獲欲請功賞蓋牛乃兵殺嫁禍九人而又執以希貟也公一詰遂伏,28619
卷之二十三,名數部,𣛜驗,數應無靴,七修類稿云嘉靖甲午浙江考試官馬呈瑞入簾之夕簾中驛丞張煥夢考官騎後繫婦人之首騎奔入塲張逐之人頭曰勿救彼我特來報仇耳覺以告諸同事者無何聞考官病御史以張善醫令入侍之則馬不可治矣馬時尚了了但云驛丞爲我逐此婦人張詢其僕乃知考官前任鎭江時斫死淫妾金氏昨過其地遂動心得疾及死前一日語諸官曰幼嘗于九鯉湖夢中舉後復入貢院欲易靴而或曰汝無靴矣昨入簾覓靴不可得今非死之數乎嗚呼果報之說有之耶有之乃奇怪也紀以警人,28623
卷之二十三,名數部,𣛜驗,債恨兩償,武陵陳孝廉之父嘗遣家僮𭣣債于後邨某某無以償家僮大恚遽以手碗擲其面而誶之某心恨甚久之俱物故矣而孝廉家有畜犬頗馴一日突入鄰家囓其女孩頸見血孝廉以犬廓之故爲鄰所詬遂擊殺犬夜夢人語之曰我後邨某也宿負公家榖六石業爲犬守六年償矣所囓鄰女則公之故家僮也以擲碗宿憾故囓頸相報今𡨚債俱巳盡而向所貸註籍尚未銷願賜憐詧孝廉檢文故篋得劵焚之,28632
卷之二十三,名數部,𣛜驗,巧營獲譴掩骼登科,闇然堂類纂云巫山士人以關節豫購試目自謂得雋猶掇之也比赴省試策馬過潼川之射洪山山有飛石巖峭壁抖絶下瞰江流忽飛石自空而墜正中士人首斃之從者駭散棄屍不𭣣會同庠某繼至槥而殮焉殯于寺期以異日歸葬是夜夢死者告曰某以妄營自速天譴蒙君𭣣掩遺骸願奉試目助君得雋所以報也同庠某果預解遂返其槥而巖際鑱石肖士人中石墜馬之像至今尚存焉,28638
卷之二十三,名數部,𣛜驗,知禮獨譴,羅鞏大觀間遊太學有神祠甚𩆜鞏每以前程祈禱一夕夢神告之曰子巳獲冥譴可急還鞏曰某生平無大過願聞獲罪之由其神曰子無他過惟父母久不葬鞏曰家尚有兄何以獨蒙譴乎答曰以子服習禮義爲儒者故任其咎子兄碌碌不足責也鞏悔悟束裝而歸道卒,28642
卷之二十三,名數部,𣛜驗,念萌異感,龔仲和李長蘅素心之交也一日長蘅過仲和畱宿其家仲和尚未寢徐歩庭中翫月頃之長蘅巳覺見有人在庭問之則仲和也因謂之曰適得一夢甚可笑夢與子同坐此齋忽有黃冠數人排闥而入直來毆子吾力爲解之去巳復來又如前解之仲和聞其言愕然曰異哉適亦欲眠見月色可戀聊歩于此偶思此庭小此外乃黃冠𬮈地也意欲以善價小展二肘不意遂見子夢此事若行其爲後日爭端乎因相與歎息而寢其事,28646
卷之二十三,名數部,𣛜驗,參寥兆應七年前,參寥泉在浙江杭州府西湖之北寶雲山智果寺蘇子瞻記畧云僕在黃州夢參寥子賦詩有寒食清明都過了石泉槐火一時新之句後七年守錢塘而參寥子卜居智果院有泉出石縫甘冷宜茶寒食之明日僕自孤山來謁參寥子汲泉鑚火烹茶劇談玄理竟日而别因憶所夢巳兆于七年之前故名之曰參寥泉,28650
卷之二十三,名數部,𣛜驗,天一生,生生泉在江西廣信府城察院堂西皇明餘姚翁大立記云嘉靖丙午予以刑部郎中審錄江西踰年五月至廣信即御史臺居之將復命從史皆病疫臺中有怪物狀類狗而大每夜分即來來即餐厨具去繚垣無竇扄戸皆弗啓也時信城大疫民間鳴金伐鼓驅疫鬼聲徹昏曉從史聞之皆恐恐畏死泣且告子予乃肅衣冠藏燈密室待之夜分果來命隸人遮擊擊數百乃死疫者疑稍解忽夢神人語曰君從者病惟天一生能治之明日且至明曰爲六月朔也予蚤起戒門者曰有稱天一生者至無畱門日晡無報至者予循除散步且疑且思忽堂之西偏有地津津然以物發視至尺許清泉湧出竇從乾方來若噴沫狀飲之寒且甘予喜曰天一生水神人告我哉遂命疫者人飲數瓢即愈旣而城中疫者羣飲之無不愈乃命工采石甃爲井而名之曰生生,28656
卷之二十三,名數部,𣛜驗,贈金延算,眞州一巨商每歲販鬻至杭地有神著靈商禱焉夜夢神示曰汝分中錢財頗多惜乎中秋前後三日内數不可逃旣覺心甚鬱鬱即戒程時八月之初舟次楊子江見江濱一婦仰天大號商問焉答曰妾之夫作小經紀止有本錢五十緡每買鵞鴨過江貨賣歸則計本于妾然後持嬴息易柴米餘資盡付酒家率以爲常今妾偶遺失所留本錢非惟飲食之計無所措亦必被箠死寧自沉商聞之歎曰我今厄于命設令鑄金可代我無虞矣彼乃自夭其生哀哉亟贈錢一百緡婦感謝去商至家具以夢中之言告父母且與親戚故舊叙永訣閉戸待盡父母親故宛轉寛解終弗自娛踰期無他故復之杭舟阻風偶泊向時贈錢處登岸散適此婦襁負嬰孩遇諸道迎拜且告曰自蒙恩府特㧞數日後乃產母子二人没齒感再生之賜者豈敢忘哉商至杭復禱于神又夢神人示曰汝本當死冥司以汝活二命陰德賜汝壽終商益感神之靈捐貲以新廟貌焉,28662
卷之二十三,名數部,𣛜驗,白𡨚陰府,北齊尚書左丞盧斐巧何上意致位台司時有陽翟太守張善苛虐貪饕惡聲流布御史魏輝儁奉詔治之罪狀皆實善乃行賂訐奏以輝儁恃憲枉見推拷文宣帝信之欲窮正其事下斐覆驗斐見帝怒不爲别白是非反傳成輝儁死罪而善倖免輝儁就市之夕令史夢輝儁曰我𡨚君所知也乞具楮筆隨我尸骼將白之于陰府爾一月善暴疾死又一月斐坐譏駁魏史爲魏𭣣所劾奏帝鴆殺之,28670
卷之二十三,名數部,𣛜驗,公裳下穿出一尾,宋王咨以强鷙處官紹興初爲四川都轉運司幹辦公事被檄榷井潼川躬自詣井盡令井户承認丈額合認五十斤者必令信認百斤利其沒官而官自煎也未幾井戸皆至破敗咨亦暴卒當死之夕楊使君夢咨來求救公裳下巳穿出一尾旣而逕入一鄰舍之門明日往詢乃生一牛,28677
卷之二十三,名數部,𣛜驗,以惡報恩冥中奪魄,南齊蕭季厰粗猛無行善于彌縫高帝時爲蕭諶所奬飾累爲郡守在政貪穢諶輒掩之及諶見誅季厰啓𭣣其弟誄深加排苦乃至手相摧辱誄曰君不憶相提㧞時耶幽冥有知終當相報後季厰爲廣州刺史白日就几假寐恍忽夢見誄將兵人城𭣣之少日果爲周世雄所襲奔山中爲蛭所囓肉盡而死,28681
卷之二十三,名數部,𣛜驗,暴殄天物冥司譴罰,宋紹興初郭普州印之之女名引鳳者一夕夢至一官府見無數罪人有婦人姓趙名十二絣在廊下前列數堆帛皆片碎段疋及新舊無數衣服引鳳問曰此何罪耶吏曰此人好服綺羅耗剪端疋奉命一一補綻復令成疋更備受諸楚乃得釋去趙士周夫人全氏旣死士周夢全氏謂曰我生平耗費纒帛履韈之物及洗頭濯足分外使水陰司罪我日加箠撻苦不可言幸爲我設齋醮以解之,28685
卷之二十三,名數部,𣛜驗,枉殺訴冥,陳周士造直齊侍郎振孫之長子登第爲嘉禾倅攝郡一日宴客于月波樓有周監酒者勇爵代庖于此乃趙與篆德淵之隸是日適以小舟載客薄遊初不知郡將之在樓也周士適顧見周急檥棹趨避周士令詢之知爲周也怒形于色曰某不才望輕遂爲一卒相侮如此乃窘摭其數事作書達之于趙備言贓濫過惡時趙守吳即日遣逮決脊編置仍押至嘉禾示衆時方炎暑周士乃裸而曝之烈日中瘡血臭腐數日而死時寶祐丙辰季夏也是歲十二日周士忽夢周指謂曰汝屈打殺我我巳訴之陰府矣不久汝當來與我對辨後周士果疽發背而爼,28693
卷之二十三,名數部,𣛜驗,慢先靈蒙訓誡,睂山主簿高邦佐居父喪二七設齋是夜夢父責之曰汝初怠于齋事僧衆庖人皆不嚴潔雖設無益也惟今夕延僧宗順素有定力密𢍆因果兼所誦大明神呪經及奏九天生人章皆能福我且有餘功曁諸囚耳自此邦佐終喪無敢懈禮,28699
卷之二十三,名數部,—,夢禳叙言禳禳為言陽也太陽中天而羣陰破三陽交泰而百物生是以修生之士必煉朱純陽而後能飛身能㧞宅其幻化無窮而神通自邊𨓒𨓒縱義之所書無能玄律随口口所出無非真诠可以駈風雷可以役神鬼可以入水不溺入火不焚可以移山越海可以斬妖伏魔可以𧺫死回出而轉禂為福故其靈符法咒所为流傳百千年之逺而当能鎮人间之邪祟治人生生疢疾者則惟純陽陽氣氣所攝者神而靈貞而永也凡诸宿曜可禳水火可禳疫厲可禳王公禳天下下大災士庻禳一家家小咎所具勿淪至如夢者乃陰象也夫人寤属陽幻寝属陰昧陽眀所為雖以形指而神實為之宰陰昧所見則以神交而形反無与涉焉必曰形接能窆係可憑而神交者定為茫滂吾未之信矣夫人白日青天云云為為诈少误戾見利或潛思攫𥨱見色或潛思滛姦見味㦯潛旦染指目未尝不視耳未甞不聴口未尝不言而一念隠動憧憧犇騖方寸间貪淫景状倏忽萬千何異一塲恶夢故吾不患夢而醒者之難禳獨患醒而夢者之難解何者夢醒而畏其凶此猶藥物咒敕所能辟也若醒夢朱妖即告之是義儆以罪祻猶或不悛而豈僅僅藥物咒𠡠所能為之猒除而還于休嘉吉祥之路哉先儒云禳辟不祥莫要脩徳彼夫枯祥桒退熒惑天谪可弭矧爾神䰟凶𡊥不足掃滌而吾以省躬脩德苐可為大賢上智者道非可以律中庸以六之人其于中庸以下莫善取修省之意嘿寓之符鎮咒解之中使為之者便其说之易运而不自知其巳令覺岓此夢穣之集所以不容巳也夫人即至愚每至利害淂䘮榮辱死生分際未有不忻慕恐怖者即此一念便堪本佛作祖证聖希賢便是超诸恶趣開捩子矣奚以眀其然彼初無過欲趋吉避凶其道實可攺恶而從善夫人未有爲善而不淂福者則未有攺恶而不能转裯者人有善念天必從之况區區惡夢不克解而禳之乎哉吾又未之信矣難能為中庸以下之人计将夢恶与否亦不易辨昔周武大聖且曰朕夢恊朕卜彰著誓辭所谓卜以决疑以夢中所見之比象而叅之易理所節之吉凶則夢之為恶与否無復可疑矣但慮旅次舟車之中每乏日者故摘易卜之要條列集中以便詹稽夫易者眀陰陽之理者也而以陽德為首聖人神是设教甚示人趋態亦猶純陽之徳之可以穣辟不祥也故曰禳之為主陽也凡經史載籍曁寳笈靈編一有涉乎禳夢者無不採蒐而簡次朱書云四明冲菴居士夏昌駸眀氏書於維揚舟次━━━━━━━━━━━━━━━━━━━━━━━━━━━━━━━━━━━━━━━━━━━━━━━━━━━━━━━━━━━━━━━━━━,卷之二十四目錄,28707
卷之二十三,名數部,—,━━━━━━━━━━━━━━━━━━━━━━━━━━━━━━━━━━━━━━━━━━━━━━━━━━━━━━━━━━━━━━━━━━,,28773
卷之二十三,名數部,—,長栁五神傳變二氣發夢圖說五神傳夢吉圖并說五神傳夢凶圖并說五神環傳夢吉圖并說五神環傳夢凶圖并說五神傳夢吉藏凶圖并說五神傳夢凶藏吉圖并說五神變傳夢吉圖并說五神變傳夢凶圖并說五神混傳迭化吉凶方圖并說五神混傳迭化吉凶圓圖并說五神因夢配五行圖并說五神乘夢配八卦圖并說肝屬之事心屬之事脾屬之事肺屬之事腎屬之事肝屬之物心屬之物脾屬之物肺屬之物腎屬之物陽氣盛極發夢圖并說陰氣盛極發夢圖并說陽氣虚極轉夢圖并說陰氣虚極轉夢圖并說二氣盛衰傳夢圖并說二氣虚實傳夢圖并說二氣俱盛見夢圖并說二氣俱虚見夢圖并說━━━━━━━━━━━━━━━━━━━━━━━━━━━━━━━━━━━━━━━━━━━━━━━━━━━━━━━━━━━━━━━━━━,卷之二十四,28782
卷之二十三,名數部,—,━━━━━━━━━━━━━━━━━━━━━━━━━━━━━━━━━━━━━━━━━━━━━━━━━━━━━━━━━━━━━━━━━━,,28849
卷之二十七,夢禳,舍萌贈夢說,○舍萌贈夢說周禮春官占夢云季冬聘王夢獻吉夢於王王拜而受之乃舍萌於四方以贈惡夢遂令始難,作儺,34461
卷之二十七,夢禳,舍萌贈夢說,驅疫,聘問也夢者事之祥吉凶之占在日月星辰季冬日窮於次星迴於天數將幾終於是發幣而聘問乎夢焉若休慶之云爾獻吉夢於王以歸美於王也王拜受之敬天命也萌兆也贈送也其夢惡者則取萊之始萌而祭之乃遣惡夢使去也一云謂夢不吉則求其所以不吉之萌兆於四方而舍去之以贈送其惡夢使不復效也始儺所以迎和氣驅疫所以送戻氣,34465
卷之二十七,夢禳,舍萌贈夢說,人之夢兆禍福形焉負天之夢叔孫信之而肇家禍瓊瑰之夢不齊信之而遽亡身夢登臺者以憂死夢身熱者以反誅升天折翼之夢啓史臣之疑乗龍授鼎之夢來讒人之口禍福固不可測聖人豈設虛文人當敬信其言以圖轉凶而囘吉也,,34471
卷之二十七,夢禳,感夢脩省說,○感夢脩省說尚子平曰魂之所麗氣爲通也氣之所循躬爲召也若夫異夢來感無辨妖祥時慄懼省脩以德迎之斯足逢吉故曰天子夢惡則脩道諸侯夢惡則脩政大夫士夢惡則脩身又曰惡夢不勝善行也,說苑云妖孽者天之所以警天子諸侯也惡夢者所以警士大夫也故妖孽不勝善政惡夢不勝善行蓋脩德爲禳夢之至言要道其可忽諸,34480
卷之二十七,夢禳,省夢須占易象說,○省夢須占易象說魏咸陽公高伯恭曰人之禍福相爲倚伏魂氣闔闢恆兆幾微周家占夢有官左氏妖夢首紀然天人召感之際違應靡常古法旣亡前賢云逝豈一涉夢測之以臆遂能剖決吉凶若影之隨形聲之答響邪是故昔人遇美惡之夢必占之易定其卦體審其爻辭決其休咎以夢之兆准易之象取易之占察夢之機凶襲則凶吉襲則吉夢吉筮凶夢凶筮吉即本德以觀變庶神魂之動現非虚禍福之轉旋可睹術學雖淪於斯足禆,凶襲者如所夢之兆既凶而筮得之卦又不吉也吉襲者所夢之兆已吉而卦又吉也倘所夢吉兆而遇卦爲凶所夢凶兆而遇卦爲吉則當原其人之德不德以究象兆之變通而決其美惡也,34496
卷之二十七,夢禳,省夢須占易象說,按以易占夢兆卦互推誠爲妙旨但恐必求卜士則山居客次多有未便玆列六十四卦之象及納甲爻辭六親五行生尅衝刑併世應動靜吉神凶煞之類撮其最要者圖列解明於左方使如法推行不無少助云爾以錢代蓍卦爻呈象其法皆自下而點上訣曰兩背繇來拆雙睂本是單渾睂交定位總背是重安,乾上,34511
卷之二十七,夢禳,省夢須占易象說,乾爲天,乾下,34523
卷之二十七,夢禳,省夢須占易象說,判曰,乾者健也大哉乾元蔭覆無偏元運造化萬物資始雲行雨施變化不言東西任意南北安然,34528
卷之二十七,夢禳,省夢須占易象說,初九,潛龍勿用,34532
卷之二十七,夢禳,省夢須占易象說,九二,見龍在田利見大人,34534
卷之二十七,夢禳,省夢須占易象說,九三,君子終日乾乾夕惕若厲无咎,34536
卷之二十七,夢禳,省夢須占易象說,九四,或躍在淵无咎,34538
卷之二十七,夢禳,省夢須占易象說,九五,飛龍在天利見大人,34540
卷之二十七,夢禳,省夢須占易象說,上九,亢龍有悔,34542
卷之二十七,夢禳,省夢須占易象說,用九,見羣龍无首吉乾上,34544
卷之二十七,夢禳,省夢須占易象說,天風姤,巽下,34550
卷之二十七,夢禳,省夢須占易象說,判曰,姤者遇也以陰遇陽以柔遇剛本无所望而卒然値之不期而遇古者得之所謀无不吉也,34555
卷之二十七,夢禳,省夢須占易象說,初六,繫于金柅貞吉有攸往見凶羸豕蹢躅,34558
卷之二十七,夢禳,省夢須占易象說,九二,包有魚无咎不利賓,34560
卷之二十七,夢禳,省夢須占易象說,九三,臀无膚其行次且厲无大咎,34562
卷之二十七,夢禳,省夢須占易象說,九四,包无魚起凶,34564
卷之二十七,夢禳,省夢須占易象說,九五,以杞包𤓰含章有隕自上,34566
卷之二十七,夢禳,省夢須占易象說,天九,姤其角吝无咎乾上,34568
卷之二十七,夢禳,省夢須占易象說,天山遯,艮下,34573
卷之二十七,夢禳,省夢須占易象說,判曰,遯者退也處遯之時陽道欲虧惡事即起善事欲衰欲進欲退疑惑難爲以小制大君子避之,34578
卷之二十七,夢禳,省夢須占易象說,初六,遯尾厲勿用利有攸往,34580
卷之二十七,夢禳,省夢須占易象說,六二,執之用黃牛之革莫之勝說,34582
卷之二十七,夢禳,省夢須占易象說,九三,係遯有厲畜臣妾吉,34584
卷之二十七,夢禳,省夢須占易象說,九四,好遯君子吉小人否,34587
卷之二十七,夢禳,省夢須占易象說,九五,喜遯貞吉,34589
卷之二十七,夢禳,省夢須占易象說,上九,肥遯无不利乾上,34591
卷之二十七,夢禳,省夢須占易象說,天地否,坤下,34595
卷之二十七,夢禳,省夢須占易象說,判曰,否者塞也天地不交陰陽閉塞夫婦不和别離南北君子道消小人道長人物乖違不通之象,34598
卷之二十七,夢禳,省夢須占易象說,初六,㧞茅茹以其彚貞吉亨,34601
卷之二十七,夢禳,省夢須占易象說,六二,包承小人吉大人否亨,34603
卷之二十七,夢禳,省夢須占易象說,六三,包羞,34605
卷之二十七,夢禳,省夢須占易象說,九四,有命无咎疇離祉,34607
卷之二十七,夢禳,省夢須占易象說,九五,休否大人吉其亡其亡繫于包桑,34609
卷之二十七,夢禳,省夢須占易象說,上九,傾否先否後喜巽上,34611
卷之二十七,夢禳,省夢須占易象說,風地觀,坤下,34615
卷之二十七,夢禳,省夢須占易象說,判曰,觀者觀也觀國之光風在地上萬物榮昌財不破散爵祿加彰,34618
卷之二十七,夢禳,省夢須占易象說,初六,童觀小人无咎君子吝,34621
卷之二十七,夢禳,省夢須占易象說,六二,闚觀利女貞,34623
卷之二十七,夢禳,省夢須占易象說,六三,觀我生進退,34625
卷之二十七,夢禳,省夢須占易象說,六四,觀國这光利用賓于王,34627
卷之二十七,夢禳,省夢須占易象說,九五,觀我生君子无咎,34629
卷之二十七,夢禳,省夢須占易象說,上九,觀其生君子无咎艮上,34631
卷之二十七,夢禳,省夢須占易象說,山地剝,坤下,34635
卷之二十七,夢禳,省夢須占易象說,判曰,剝者落也山高岌岌其形似剝陰道將盈陽道衰弱卦臨九月霜葉凋落人離財散求官失爵,34638
卷之二十七,夢禳,省夢須占易象說,初六,剝牀以足蔑貞凶,34641
卷之二十七,夢禳,省夢須占易象說,六二,剝牀以辨蔑貞凶,34643
卷之二十七,夢禳,省夢須占易象說,六三,剝之无咎,34646
卷之二十七,夢禳,省夢須占易象說,六四,剝牀以膚凶,34648
卷之二十七,夢禳,省夢須占易象說,六五,貫魚以宮人五寵无不利,34650
卷之二十七,夢禳,省夢須占易象說,上九,碩果不食君子得輿小人得廬離上,34652
卷之二十七,夢禳,省夢須占易象說,火地晉,坤下,34657
卷之二十七,夢禳,省夢須占易象說,判曰,晉者進也日出于地柔而上行巡運照耀昇進其明居官益位禍滅福生利見王侯任意必亨,34660
卷之二十七,夢禳,省夢須占易象說,初六,晉如摧如貞吉罔孚裕无咎,34663
卷之二十七,夢禳,省夢須占易象說,六二,晉如愁如貞吉受玆介福于其王母,34665
卷之二十七,夢禳,省夢須占易象說,六三,衆允悔亡,34667
卷之二十七,夢禳,省夢須占易象說,九四,晉如鼫䑕貞厲,34669
卷之二十七,夢禳,省夢須占易象說,六五,悔亡失得勿恤往吉无不利,34671
卷之二十七,夢禳,省夢須占易象說,上九,晉其角維用伐邑厲吉无咎貞吉離上,34673
卷之二十七,夢禳,省夢須占易象說,火天大有,乾下,34677
卷之二十七,夢禳,省夢須占易象說,判曰,大有者寛也柔得尊位官祿日實掩惡揚善豐財和義廣納包容成物之美自天祐之吉亨利,34680
卷之二十七,夢禳,省夢須占易象說,初九,无交害匪咎艱則无咎,34683
卷之二十七,夢禳,省夢須占易象說,九二,大車以載有攸往无咎,34685
卷之二十七,夢禳,省夢須占易象說,九三,公用享于天子小人弗克,34687
卷之二十七,夢禳,省夢須占易象說,九四,匪其彭无咎,34689
卷之二十七,夢禳,省夢須占易象說,六五,厥孚交如威如吉,34693
卷之二十七,夢禳,省夢須占易象說,上九,自天祐之吉无不利坎上,34696
卷之二十七,夢禳,省夢須占易象說,坎爲水,坎下,34700
卷之二十七,夢禳,省夢須占易象說,判曰,坎者陷也逢流則注遇坎則止出入艱險隨坎不已陰愁伏慝共相謀計千里辭家始免迍否,34703
卷之二十七,夢禳,省夢須占易象說,初六,習坎入于坎窞凶,34706
卷之二十七,夢禳,省夢須占易象說,九二,坎有險求小得,34708
卷之二十七,夢禳,省夢須占易象說,六三,來之坎坎險且枕入于坎窞勿用,34710
卷之二十七,夢禳,省夢須占易象說,六四,樽酒簋貳用缶納約自牖終无咎,34712
卷之二十七,夢禳,省夢須占易象說,九五,坎不盈祗旣平无咎,34714
卷之二十七,夢禳,省夢須占易象說,上六,繫于徽纒寘于叢棘三歲不得凶坎上,34716
卷之二十七,夢禳,省夢須占易象說,水澤節,兌下,34720
卷之二十七,夢禳,省夢須占易象說,判曰,節者止也天地得節四時所成節以制度儉以豐盈內憂外悅不出户庭于身謹節无不康寧,34723
卷之二十七,夢禳,省夢須占易象說,初九,不出戸庭无咎,34726
卷之二十七,夢禳,省夢須占易象說,九二,不出門庭凶,34728
卷之二十七,夢禳,省夢須占易象說,六三,不節若則嗟若无咎,34730
卷之二十七,夢禳,省夢須占易象說,六四,安節亨,34732
卷之二十七,夢禳,省夢須占易象說,九五,甘節吉往有尚,34734
卷之二十七,夢禳,省夢須占易象說,上六,苦節貞凶悔亡坎上,34736
卷之二十七,夢禳,省夢須占易象說,水雷屯,震下,34740
卷之二十七,夢禳,省夢須占易象說,判曰,屯者難也象迍之時動則難生如常之事先易後爭時方屯難切忌遠行婚姻即吉謀望不亨,34743
卷之二十七,夢禳,省夢須占易象說,初九,盤極利居貞利建侯,34746
卷之二十七,夢禳,省夢須占易象說,六二,迍如邅如乘馬班如匪㓂婚媾女子貞不字十年乃字,34748
卷之二十七,夢禳,省夢須占易象說,六三,即鹿无虞惟入于林中君子幾不如舍往吝,34750
卷之二十七,夢禳,省夢須占易象說,六四,乘馬班如求婚媾往吉无不利,34752
卷之二十七,夢禳,省夢須占易象說,九五,屯其膏小貞吉大貞凶,34754
卷之二十七,夢禳,省夢須占易象說,上六,乗馬班如泣血漣如坎上,34756
卷之二十七,夢禳,省夢須占易象說,水火旣濟,離下,34760
卷之二十七,夢禳,省夢須占易象說,判曰,旣濟合也水火相遇會合之義往渡得船成功必濟所求必從所從必遂斯不失時謂之旣濟,34763
卷之二十七,夢禳,省夢須占易象說,初九,曵其輪濡其尾无咎,34766
卷之二十七,夢禳,省夢須占易象說,六二,婦喪其茀勿逐七日得,34768
卷之二十七,夢禳,省夢須占易象說,九三,高宗伐鬼方三年克之小人勿用,34770
卷之二十七,夢禳,省夢須占易象說,六四,繻有衣枷終日戒,34772
卷之二十七,夢禳,省夢須占易象說,九五,東鄰殺牛不如西鄰之禴祭實受其福,34774
卷之二十七,夢禳,省夢須占易象說,上六,濡其首厲兌上,34776
卷之二十七,夢禳,省夢須占易象說,澤火革,離下,34780
卷之二十七,夢禳,省夢須占易象說,判曰,革者改也攺故就新變易之道交易其所君子豹變時有不遇竝宜攺革守舊則凶從新則吉,34783
卷之二十七,夢禳,省夢須占易象說,初九,鞏用黃牛之革,34786
卷之二十七,夢禳,省夢須占易象說,六二,巳日乃革之征吉无咎,34788
卷之二十七,夢禳,省夢須占易象說,九,三征凶貞厲革言三就有孚,34790
卷之二十七,夢禳,省夢須占易象說,九四,悔亡有孚改命吉,34792
卷之二十七,夢禳,省夢須占易象說,九五,大人虎變未占有孚,34795
卷之二十七,夢禳,省夢須占易象說,上六,君子豹變小人革面征凶居貞吉震上,34797
卷之二十七,夢禳,省夢須占易象說,雷火豐,離下,34801
卷之二十七,夢禳,省夢須占易象說,判曰,豐者大也日中見斗幽而不明此事適大隱映其形水中見日无所取呈求財未得事卒難明,34805
卷之二十七,夢禳,省夢須占易象說,初九,遇其主雖旬无咎往有尚,34808
卷之二十七,夢禳,省夢須占易象說,六二,豐其蔀日中見斗往得疑疾有孚發若吉,34810
卷之二十七,夢禳,省夢須占易象說,九三,豐其沛日中見沫折其左肱无咎,34812
卷之二十七,夢禳,省夢須占易象說,九四,豐其蔀日中見斗遇其夷主吉,34814
卷之二十七,夢禳,省夢須占易象說,六五,來章有慶譽吉,34816
卷之二十七,夢禳,省夢須占易象說,上六,豐其屋蔀其家闚其戸閴其无人三歲不覿凶坤上,34818
卷之二十七,夢禳,省夢須占易象說,地火明夷,離下,34823
卷之二十七,夢禳,省夢須占易象說,判曰,夷傷也火入地中掩傷明德君子在厄三日不食文王之難困于叢棘百凡謀望且宜止息,34826
卷之二十七,夢禳,省夢須占易象說,初九,明夷于飛垂其翼君子于行三日不食有攸往主人有言,34829
卷之二十七,夢禳,省夢須占易象說,六二,明夷于左股用拯馬壯吉,34831
卷之二十七,夢禳,省夢須占易象說,九三,明夷于南狩得其大首不可疾貞,34833
卷之二十七,夢禳,省夢須占易象說,六四,入于左腹獲眀夷之心于出門庭,34835
卷之二十七,夢禳,省夢須占易象說,六五,箕子之明夷利貞,34837
卷之二十七,夢禳,省夢須占易象說,上六,不明晦初登于天後入于地坤上,34839
卷之二十七,夢禳,省夢須占易象說,地水師,坎下,34844
卷之二十七,夢禳,省夢須占易象說,判曰,師者衆也獨行越師最不宜動君子有命小人勿用共相克作政道成訟,34848
卷之二十七,夢禳,省夢須占易象說,初六,師出以律否臧凶,34851
卷之二十七,夢禳,省夢須占易象說,九二,在師中吉无咎王三錫命,34853
卷之二十七,夢禳,省夢須占易象說,六三,師或輿尸凶,34855
卷之二十七,夢禳,省夢須占易象說,六四,師左次无咎,34857
卷之二十七,夢禳,省夢須占易象說,六五,田有禽利執言无咎長子帥師弟子輿尸貞凶,34859
卷之二十七,夢禳,省夢須占易象說,上六,大君有命開國承家小人勿用艮上,34861
卷之二十七,夢禳,省夢須占易象說,艮爲山,艮下,34865
卷之二十七,夢禳,省夢須占易象說,判曰,艮者止也純艮危危安靜无虧時止則止時移即移錢財散失失在小兒㝷求不得東北宜之,34868
卷之二十七,夢禳,省夢須占易象說,初六,艮其趾无咎用貞,34872
卷之二十七,夢禳,省夢須占易象說,六二,艮其腓不拯其隨其心不快,34874
卷之二十七,夢禳,省夢須占易象說,九三,艮其限列其夤厲薰心,34876
卷之二十七,夢禳,省夢須占易象說,六四,艮其身无咎,34878
卷之二十七,夢禳,省夢須占易象說,六五,艮其輔言有序悔亡,34880
卷之二十七,夢禳,省夢須占易象說,上九,敦艮吉艮上,34883
卷之二十七,夢禳,省夢須占易象說,山火賁,離下,34887
卷之二十七,夢禳,省夢須占易象說,判曰,賁者飾也光彩烜赫火色含月文章交錯應雜其間進退榮益朿帛戔戔,34891
卷之二十七,夢禳,省夢須占易象說,初九,賁其趾舍車而徒,34894
卷之二十七,夢禳,省夢須占易象說,六二,賁其須,34896
卷之二十七,夢禳,省夢須占易象說,九三,賁如濡如永貞吉,34898
卷之二十七,夢禳,省夢須占易象說,六四,賁如皤如白馬翰如匪㓂婚媾,34900
卷之二十七,夢禳,省夢須占易象說,六五,賁于丘園朿帛戔戔吝終吉,34902
卷之二十七,夢禳,省夢須占易象說,上九,白賁无咎艮上,34904
卷之二十七,夢禳,省夢須占易象說,山天大畜,乾下,34908
卷之二十七,夢禳,省夢須占易象說,判曰,大畜聚也剛健篤實積聚豐隆居官食祿建立其功論訟有益道理亨通利涉大川後吉先凶,34912
卷之二十七,夢禳,省夢須占易象說,初九,有厲利巳,34915
卷之二十七,夢禳,省夢須占易象說,九二,輿說輹,34917
卷之二十七,夢禳,省夢須占易象說,九三,良馬逐利艱貞日閑輿衛利有攸往,34919
卷之二十七,夢禳,省夢須占易象說,六四,童牛之牿元吉,34921
卷之二十七,夢禳,省夢須占易象說,六五,積豕之牙吉,34923
卷之二十七,夢禳,省夢須占易象說,上九,何天之衢亨艮上,34925
卷之二十七,夢禳,省夢須占易象說,山澤摜,兌下,34929
卷之二十七,夢禳,省夢須占易象說,判曰,者益也損上益下後易先難是非走失事主憂官必損而巳何以爲安,34932
卷之二十七,夢禳,省夢須占易象說,初九,巳事遄往无咎酌損之,34935
卷之二十七,夢禳,省夢須占易象說,九二,利貞征凶弗損益之,34937
卷之二十七,夢禳,省夢須占易象說,六三,三人行則損一人一人行則得其友,34939
卷之二十七,夢禳,省夢須占易象說,六四,損其疾使遄有喜无咎,34941
卷之二十七,夢禳,省夢須占易象說,六五,或益之十朋之龜弗克違元吉,34943
卷之二十七,夢禳,省夢須占易象說,上九,弗損益之无咎貞吉利有攸往得臣无家離上,34945
卷之二十七,夢禳,省夢須占易象說,火澤睽,兌下,34949
卷之二十七,夢禳,省夢須占易象說,判曰,暌者背也志不相得作事乖違口舌相伴財散人離病者難痊行者不歸,34952
卷之二十七,夢禳,省夢須占易象說,初九,悔亡喪馬勿逐自復見惡人无咎,34956
卷之二十七,夢禳,省夢須占易象說,九二,遇主于巷无咎,34958
卷之二十七,夢禳,省夢須占易象說,六三,見輿曵其牛掣其人天且劓无初有終,34960
卷之二十七,夢禳,省夢須占易象說,九四,睽孤遇元夫交孚厲无咎,34962
卷之二十七,夢禳,省夢須占易象說,六五,悔亡厥宗噬膚往何咎,34964
卷之二十七,夢禳,省夢須占易象說,上九,睽孤見豕終負塗載鬼一車先張之弧後說之弧匪㓂婚媾往遇雨則吉乾上,34966
卷之二十七,夢禳,省夢須占易象說,天澤履,兌下,34970
卷之二十七,夢禳,省夢須占易象說,判曰,履者禮也如履虎尾防慮宜深堅氷之患戒愼兢兢安中防危憂中望喜眇而能視跛而能履,34973
卷之二十七,夢禳,省夢須占易象說,初九,素履往无咎,34976
卷之二十七,夢禳,省夢須占易象說,九二,履道坦坦幽人貞吉,34978
卷之二十七,夢禳,省夢須占易象說,六三,眇能視跛能履履虎尾咥人凶武人爲于大君,34980
卷之二十七,夢禳,省夢須占易象說,九四,履虎尾愬懋終吉,34982
卷之二十七,夢禳,省夢須占易象說,九五,夬履貞厲,34984
卷之二十七,夢禳,省夢須占易象說,上九,視履考祥其旋无吉吉巽上,34986
卷之二十七,夢禳,省夢須占易象說,風澤中孚,兌下,34990
卷之二十七,夢禳,省夢須占易象說,判曰,中孚信也天地養育萬物安居澤被草木信及豚魚利涉大川厄難消除,34994
卷之二十七,夢禳,省夢須占易象說,初九,虞吉有他不燕,34997
卷之二十七,夢禳,省夢須占易象說,九二,鳴寉在陰其子和之我有好爵吾與爾縻之,34999
卷之二十七,夢禳,省夢須占易象說,六三,得敵或鼓或罷或泣或歌,35001
卷之二十七,夢禳,省夢須占易象說,六四,月幾望馬匹亡无咎,35003
卷之二十七,夢禳,省夢須占易象說,九五,有孚攣如无咎,35005
卷之二十七,夢禳,省夢須占易象說,上九,翰音登于天貞凶巽上,35007
卷之二十七,夢禳,省夢須占易象說,風山漸,艮下,35011
卷之二十七,夢禳,省夢須占易象說,判曰,漸者進也漸進之義動靜皆宜食无求飽款曲施爲婚姻和合行人將歸,35014
卷之二十七,夢禳,省夢須占易象說,初六,鴻漸千于小子厲有言无咎,35018
卷之二十七,夢禳,省夢須占易象說,六二,鴻漸于磐飲食衎衎吉,35020
卷之二十七,夢禳,省夢須占易象說,九三,鴻漸于陸夫征不復婦孕不育凶利禦㓂,35022
卷之二十七,夢禳,省夢須占易象說,六四,鴻漸于木或得其角无咎,35024
卷之二十七,夢禳,省夢須占易象說,九五,鴻漸于陵婦三歲不孕終莫之勝吉,35026
卷之二十七,夢禳,省夢須占易象說,上九,鴻漸于陸其礼可用爲儀吉震上,35028
卷之二十七,夢禳,省夢須占易象說,震爲雷,震下,35033
卷之二十七,夢禳,省夢須占易象說,判曰,震者動也重雷發響百里飛聲无事之者愕然而驚求謀和遂官爵難成空聞其響不見其形,35036
卷之二十七,夢禳,省夢須占易象說,初九,震來𧈅𧈅後笑言啞亞吉,35039
卷之二十七,夢禳,省夢須占易象說,六二,震來厲億喪身躋于九陵勿逐七口得,35041
卷之二十七,夢禳,省夢須占易象說,六三,震蘇蘇震行无眚,35043
卷之二十七,夢禳,省夢須占易象說,九四,震遂泥,35045
卷之二十七,夢禳,省夢須占易象說,六五,震往來厲億无喪有事,35047
卷之二十七,夢禳,省夢須占易象說,上六,震索索視矍矍征凶震不于其射于其鄰无咎婚媾有言震上,35049
卷之二十七,夢禳,省夢須占易象說,雷地豫,坤下,35053
卷之二十七,夢禳,省夢須占易象說,判曰,豫者悅也雷出于地開蟄鼓翼天地順動日時不忒先王制禮殷薦崇德凡事无疑上下悅懌,35056
卷之二十七,夢禳,省夢須占易象說,初六,鳴豫凶,35060
卷之二十七,夢禳,省夢須占易象說,六二,介于石不終日貞吉,35062
卷之二十七,夢禳,省夢須占易象說,六三,盰豫悔遲有悔,35064
卷之二十七,夢禳,省夢須占易象說,九四,由豫大有德勿疑朋盍簪,35066
卷之二十七,夢禳,省夢須占易象說,六五,貞疾恆不死,35068
卷之二十七,夢禳,省夢須占易象說,上六,冥豫成有渝无咎震上,35070
卷之二十七,夢禳,省夢須占易象說,雷水解,坎下,35074
卷之二十七,夢禳,省夢須占易象說,判曰,解者散也出于險難惡事消散獄訟可釋共相歌贊婚不和諧人如隔面久患在牀令當冰泮,35077
卷之二十七,夢禳,省夢須占易象說,初六,无咎,35080
卷之二十七,夢禳,省夢須占易象說,九二,田獲三狐得黃天貞吉,35082
卷之二十七,夢禳,省夢須占易象說,六三,負且乘致㓂至貞吝,35084
卷之二十七,夢禳,省夢須占易象說,九四,解而拇朋至斯孚,35086
卷之二十七,夢禳,省夢須占易象說,六五,君子維有解吉有孚于小人,35088
卷之二十七,夢禳,省夢須占易象說,上六,公用射隼于高墉之上獲之无不利震上,35090
卷之二十七,夢禳,省夢須占易象說,雷風恒,巽下,35094
卷之二十七,夢禳,省夢須占易象說,判曰,恒者久也長久安靜不動爲良四時變化天道之常日月運轉普照其光君子以立不易其方,35097
卷之二十七,夢禳,省夢須占易象說,初六,浚恒貞凶无攸利,35100
卷之二十七,夢禳,省夢須占易象說,九二,悔亡,35102
卷之二十七,夢禳,省夢須占易象說,九三,不恒其德或承之羞貞吝,35104
卷之二十七,夢禳,省夢須占易象說,九四,田无禽,35107
卷之二十七,夢禳,省夢須占易象說,六五,恒其德貞婦人吉夫子凶,35109
卷之二十七,夢禳,省夢須占易象說,上六,振恒凶坤上,35111
卷之二十七,夢禳,省夢須占易象說,地風升,巽下,35116
卷之二十七,夢禳,省夢須占易象說,判曰,升者進也木生于土萌芽漸長積小成大升進而上宜見王公褒嘉歎賞出闇向明亨通之象,35120
卷之二十七,夢禳,省夢須占易象說,初六,允升大吉,35123
卷之二十七,夢禳,省夢須占易象說,九二,孚乃利用禴无咎,35125
卷之二十七,夢禳,省夢須占易象說,九三,升虚邑,35127
卷之二十七,夢禳,省夢須占易象說,六四,王用享于岐山吉无咎,35129
卷之二十七,夢禳,省夢須占易象說,六五,貞吉升階,35131
卷之二十七,夢禳,省夢須占易象說,上六,冥升利于不息之貞坎上,35133
卷之二十七,夢禳,省夢須占易象說,水風井,巽下,35137
卷之二十七,夢禳,省夢須占易象說,判曰,井者靜也邑乃可攺井不可移安身勿動守道无虧所作于人且宜修之逃亾難得應沒還期,35140
卷之二十七,夢禳,省夢須占易象說,初六,井泥不食舊井无禽,35144
卷之二十七,夢禳,省夢須占易象說,九二,井谷射鮒甕敝漏,35146
卷之二十七,夢禳,省夢須占易象說,九三,井渫不食爲我心惻可用汲王明竝受其福,35148
卷之二十七,夢禳,省夢須占易象說,六四,井甃无咎,35150
卷之二十七,夢禳,省夢須占易象說,九五,井冽寒泉食,35152
卷之二十七,夢禳,省夢須占易象說,上六,井收勿幕有阻击元吉兌上,35154
卷之二十七,夢禳,省夢須占易象說,澤風大過,巽下,35158
卷之二十七,夢禳,省夢須占易象說,判曰,大過禍也四陽過盛上下不勝棟撓之象事卒難明兩刑兩尅所求不成枯楊借生自滅之徵,35161
卷之二十七,夢禳,省夢須占易象說,初六,藉用白茅无咎,35164
卷之二十七,夢禳,省夢須占易象說,九二,枯楊生稊老夫得其女妻无不利,35166
卷之二十七,夢禳,省夢須占易象說,九三,棟撓凶,35168
卷之二十七,夢禳,省夢須占易象說,九四,棟隆吉有他吝,35170
卷之二十七,夢禳,省夢須占易象說,九五,枯楊生稊老婦得其士夫无咎无譽,35172
卷之二十七,夢禳,省夢須占易象說,上六,過涉滅頂吝凶无咎兌上,35174
卷之二十七,夢禳,省夢須占易象說,澤雷隨,震下,35178
卷之二十七,夢禳,省夢須占易象說,判曰,隨者順也上剛下柔隨時之義攺故鼎新衆美俱至士子得官宜增祿位百事遂意吉无不利,35181
卷之二十七,夢禳,省夢須占易象說,初九,官有渝貞吉出門交有功,35184
卷之二十七,夢禳,省夢須占易象說,六二,係小子失丈夫,35186
卷之二十七,夢禳,省夢須占易象說,六三,係丈夫失小子隨有求得利居貞,35188
卷之二十七,夢禳,省夢須占易象說,九四,隨有獲貞凶有孚在道以明何咎,35190
卷之二十七,夢禳,省夢須占易象說,九五,孚于嘉吉,35192
卷之二十七,夢禳,省夢須占易象說,上六,拘係之乃從維之王用享于西山巽上,35194
卷之二十七,夢禳,省夢須占易象說,巽爲風,巽下,35198
卷之二十七,夢禳,省夢須占易象說,判曰,巽者順也乃順承天動用相尚消息交通无諸蔽障惡事不同風飄其響所作隨順進達之象,35201
卷之二十七,夢禳,省夢須占易象說,初六,進退利武人之貞,35204
卷之二十七,夢禳,省夢須占易象說,九二,巽在牀下用史巫紛若吉无咎,35206
卷之二十七,夢禳,省夢須占易象說,九三,頻巽吝,35208
卷之二十七,夢禳,省夢須占易象說,六四,悔亡田獲三品,35210
卷之二十七,夢禳,省夢須占易象說,九五,貞吉悔亡无不利无初有終先庚三日後庚三日吉,35212
卷之二十七,夢禳,省夢須占易象說,上九,巽在牀下喪其資斧貞凶巽上,35214
卷之二十七,夢禳,省夢須占易象說,風天小畜,乾下,35218
卷之二十七,夢禳,省夢須占易象說,判曰,小畜塞也密雲不雨夫婦反覆信息不通出行𨚫伏求事不成遲而未速,35223
卷之二十七,夢禳,省夢須占易象說,初九,復自道其咎吉,35226
卷之二十七,夢禳,省夢須占易象說,九二,牽復吉,35228
卷之二十七,夢禳,省夢須占易象說,九三,輿說輹夫妻反目,35230
卷之二十七,夢禳,省夢須占易象說,六四,有孚血去惕出无咎何,35232
卷之二十七,夢禳,省夢須占易象說,九五,有孚攣如富以其鄰,35234
卷之二十七,夢禳,省夢須占易象說,上九,旣雨旣處尚德載婦貞厲月幾望君子征凶巽上,35236
卷之二十七,夢禳,省夢須占易象說,風火家人,離下,35240
卷之二十七,夢禳,省夢須占易象說,判曰,家人同也陰陽得位夫婦克隆田木增廣財入本宮婚姻之道以存始終不求自合家慶融融,35244
卷之二十七,夢禳,省夢須占易象說,初九,閉有家悔亡,35247
卷之二十七,夢禳,省夢須占易象說,六二,无攸遂在中饋貞吉,35249
卷之二十七,夢禳,省夢須占易象說,九三,家人嗃嗃悔厲吉六婦子嘻嘻終吝,35251
卷之二十七,夢禳,省夢須占易象說,六四,富家大吉,35253
卷之二十七,夢禳,省夢須占易象說,九五,王假有家勿恤吉,35255
卷之二十七,夢禳,省夢須占易象說,上九,有孚烕如終吉巽上,35257
卷之二十七,夢禳,省夢須占易象說,風雷益,震下,35261
卷之二十七,夢禳,省夢須占易象說,判曰,益者損也風雷相舉益道自然小人達情刑獄之愆君子位變見善則遷利有攸往行人速還,35264
卷之二十七,夢禳,省夢須占易象說,初九,利用爲大作元吉无咎,35267
卷之二十七,夢禳,省夢須占易象說,六二,或益之十朋之龜弗克違永貞吉王用享于帝吉,35269
卷之二十七,夢禳,省夢須占易象說,六三,益之用凶事无咎有孚中行告公用圭,35271
卷之二十七,夢禳,省夢須占易象說,六四,中行告公從利用爲依遷國,35273
卷之二十七,夢禳,省夢須占易象說,九五,有孚惠心勿問元吉有孚惠我德,35275
卷之二十七,夢禳,省夢須占易象說,上九,莫益之或擊之立心勿恒凶乾上,35277
卷之二十七,夢禳,省夢須占易象說,天雷无妄,震下,35281
卷之二十七,夢禳,省夢須占易象說,判曰,无妄天災也天雷震響驚怖如摧病者勿與藥雖凶可爲百凡謀望居安慮危,35285
卷之二十七,夢禳,省夢須占易象說,初九,无妄往吉,35288
卷之二十七,夢禳,省夢須占易象說,六二,不耕獲不菑畬則利有攸往,35290
卷之二十七,夢禳,省夢須占易象說,六三,无妄之災或繫之生行人之得邑人之災,35292
卷之二十七,夢禳,省夢須占易象說,九四,可貞无咎,35294
卷之二十七,夢禳,省夢須占易象說,九五,无妄之疾勿藥有喜,35296
卷之二十七,夢禳,省夢須占易象說,上九,无妄行有眚无攸利離上,35298
卷之二十七,夢禳,省夢須占易象說,屬火雷,木震,35302
卷之二十七,夢禳,省夢須占易象說,判曰,噬嗑囓也上下相合物在頤間飲食之事聚會相延財爻持世求之不難所爲事理内外俱安,35305
卷之二十七,夢禳,省夢須占易象說,初九,屨挍滅趾无咎,35308
卷之二十七,夢禳,省夢須占易象說,六二,噬膚滅鼻无咎,35310
卷之二十七,夢禳,省夢須占易象說,六三,噬腊肉遇毒小吝无咎,35312
卷之二十七,夢禳,省夢須占易象說,九四,噬乾胏得金矢利堅貞吉,35314
卷之二十七,夢禳,省夢須占易象說,六五,噬乾肉得黃金貞厲无咎,35316
卷之二十七,夢禳,省夢須占易象說,上九,何挍滅耳凶艮上,35318
卷之二十七,夢禳,省夢須占易象說,山雷頥,震下,35324
卷之二十七,夢禳,省夢須占易象說,判曰,頤者養也謹言節食能養其身震動艮止萬物皆春惡事消散不害于人,35327
卷之二十七,夢禳,省夢須占易象說,初九,舍爾靈龜觀我朶頥凶,35330
卷之二十七,夢禳,省夢須占易象說,六二,顚頥拂經于丘頤征凶,35332
卷之二十七,夢禳,省夢須占易象說,六三,拂頤貞凶十年勿用无攸利,35334
卷之二十七,夢禳,省夢須占易象說,六四,顛頥吉虎視耽耽其欲逐逐无咎,35336
卷之二十七,夢禳,省夢須占易象說,六五,拂經居貞吉不可涉大川,35338
卷之二十七,夢禳,省夢須占易象說,上九,由頥厲吉利涉大川艮上,35340
卷之二十七,夢禳,省夢須占易象說,山風蠱,巽下,35344
卷之二十七,夢禳,省夢須占易象說,判曰,蠱者事也幹父之體任用于先三蟲在器陰害相連厭昧之事其疾難痊求謀欲起慮恐相干,35348
卷之二十七,夢禳,省夢須占易象說,初六,幹父之蠱有子考无咎厲終吉,35351
卷之二十七,夢禳,省夢須占易象說,九二,幹母之蠱不可貞,35353
卷之二十七,夢禳,省夢須占易象說,九三,幹父之蠱小有悔无大咎,35355
卷之二十七,夢禳,省夢須占易象說,六四,裕父之蠱不可貞,35357
卷之二十七,夢禳,省夢須占易象說,六五,幹父之蠱用譽,35361
卷之二十七,夢禳,省夢須占易象說,上九,不事王侯高尚其事離上,35363
卷之二十七,夢禳,省夢須占易象說,離爲火,離下,35367
卷之二十七,夢禳,省夢須占易象說,判曰,離者麗麗也光明美不利出師二鳥同飛雄失其雌婚姻未合易起官非口舌栢尚財散人離,35370
卷之二十七,夢禳,省夢須占易象說,初九,履錯然敬之无咎,35374
卷之二十七,夢禳,省夢須占易象說,六二,黃離元吉,35376
卷之二十七,夢禳,省夢須占易象說,九三,日昃之離不鼓缶而歌則大耊之嗟凶,35379
卷之二十七,夢禳,省夢須占易象說,九四,突如其來如焚如死如棄如,35381
卷之二十七,夢禳,省夢須占易象說,六五,出涕沱若戚嗟若吉,35383
卷之二十七,夢禳,省夢須占易象說,上九,王用出征有嘉折首獲匪其醜无咎離上,35385
卷之二十七,夢禳,省夢須占易象說,火山旅,艮下,35389
卷之二十七,夢禳,省夢須占易象說,判曰,旅者客也長途落落覊旅凄淒火行山上逐州高低如烏焚巢无枝可栖雖然先笑後有悲啼,35392
卷之二十七,夢禳,省夢須占易象說,初六,旅𤨏𤨏斯其所取災,35395
卷之二十七,夢禳,省夢須占易象說,六二,旅次即懷其資得童僕貞,35398
卷之二十七,夢禳,省夢須占易象說,九三,旅焚其次喪其童僕貞厲,35400
卷之二十七,夢禳,省夢須占易象說,九四,旅于處得其資斧我心不快,35402
卷之二十七,夢禳,省夢須占易象說,六五,射雉一矢亡終以譽命,35404
卷之二十七,夢禳,省夢須占易象說,上九,旅人先笑後號咷喪牛于易凶離上,35406
卷之二十七,夢禳,省夢須占易象說,火風鼎,巽下,35410
卷之二十七,夢禳,省夢須占易象說,判曰,鼎者定也鼎象九州和羮之器變生爲熟以成香味鼎乃易溢不宜爭事官鬼持世求官最利,35413
卷之二十七,夢禳,省夢須占易象說,初六,鼎顚趾利出否得妾以其子无咎,35416
卷之二十七,夢禳,省夢須占易象說,九二,鼎有實我仇有疾不我能即吉,35418
卷之二十七,夢禳,省夢須占易象說,九三,鼎耳革其行塞雉膏不食方雨虧悔終吉,35420
卷之二十七,夢禳,省夢須占易象說,九四,鼎折足覆公餗其形渥凶,35422
卷之二十七,夢禳,省夢須占易象說,六五,鼎黃耳金鉉大吉,35424
卷之二十七,夢禳,省夢須占易象說,上九,鼎玉鉉利貞无不利離上,35426
卷之二十七,夢禳,省夢須占易象說,火水未濟,坎下,35430
卷之二十七,夢禳,省夢須占易象說,判曰,未濟失也水火不交剛柔失位求事未成多有壅滯如狐度冰必濡其尾積小成大謂之未濟,35434
卷之二十七,夢禳,省夢須占易象說,初六,濡其尾吝,35437
卷之二十七,夢禳,省夢須占易象說,九二,曵其輪貞吉,35439
卷之二十七,夢禳,省夢須占易象說,六三,未濟貞凶利涉大川,35441
卷之二十七,夢禳,省夢須占易象說,九四,貞吉悔亡高宗伐鬼方三年有賞于大國,35443
卷之二十七,夢禳,省夢須占易象說,六五,貞吉无悔君子之光有孚吉,35445
卷之二十七,夢禳,省夢須占易象說,上九,有孚于飲酒无咎濡其首有孚失是艮上,35447
卷之二十七,夢禳,省夢須占易象說,山水蒙,坎下,35451
卷之二十七,夢禳,省夢須占易象說,判曰,蒙者昧也蒙以養正上下有泉回還反覆迷悶相連多憂過失病患相纒欲進欲退疑惑不前,35455
卷之二十七,夢禳,省夢須占易象說,初六,發蒙利用刑人用說桎梏以往吝,35459
卷之二十七,夢禳,省夢須占易象說,九二,包蒙吉納婦吉子克家,35461
卷之二十七,夢禳,省夢須占易象說,六三,勿用取女見金夫不有躬无攸利,35463
卷之二十七,夢禳,省夢須占易象說,六四,困蒙吝,35465
卷之二十七,夢禳,省夢須占易象說,六五,童蒙吝,35467
卷之二十七,夢禳,省夢須占易象說,上九,擊蒙不利爲㓂利禦㓂巽上,35469
卷之二十七,夢禳,省夢須占易象說,風水渙,坎下,35473
卷之二十七,夢禳,省夢須占易象說,判曰,渙者散也逐波隨水患難將消惡事離身獄訟出牢利涉大川舟楫遙遙出入无滯福德滔滔出牢利涉大,35477
卷之二十七,夢禳,省夢須占易象說,初六,用拯馬壯吉,35481
卷之二十七,夢禳,省夢須占易象說,九二,涣奔其杌悔亡,35484
卷之二十七,夢禳,省夢須占易象說,六三,渙其躬无悔,35487
卷之二十七,夢禳,省夢須占易象說,六四,渙其羣元吉渙有丘匪夷所思,35490
卷之二十七,夢禳,省夢須占易象說,九五,渙汗其大號渙王居无咎,35493
卷之二十七,夢禳,省夢須占易象說,上九,其血去思濥逖出无咎乾上,35495
卷之二十七,夢禳,省夢須占易象說,天水訟,坎下,35499
卷之二十七,夢禳,省夢須占易象說,判曰,西往水脉東流求事未遂心常懷憂爭訟宜止可用和休,35504
卷之二十七,夢禳,省夢須占易象說,初六,不永所事小有言終吉,35509
卷之二十七,夢禳,省夢須占易象說,九二,不克訟歸而逋其邑人三百戶无眚,35511
卷之二十七,夢禳,省夢須占易象說,六三,食厲德貞厲終吉或從王事无成,35513
卷之二十七,夢禳,省夢須占易象說,九四,不克訟復即命渝安貞吉,35515
卷之二十七,夢禳,省夢須占易象說,九五,訟元吉,35517
卷之二十七,夢禳,省夢須占易象說,上九,或錫之鞶帶終朝三褫之乾上,35519
卷之二十七,夢禳,省夢須占易象說,天火同人,離下,35523
卷之二十七,夢禳,省夢須占易象說,判曰,同人親也同心之言其臭如蘭二人同心其利斷金所求皆得无不稱心,35526
卷之二十七,夢禳,省夢須占易象說,初九,同人于門无咎,35530
卷之二十七,夢禳,省夢須占易象說,六二,同人于宗吝,35532
卷之二十七,夢禳,省夢須占易象說,九三,伏戎于莽升其高陵三歲不興,35535
卷之二十七,夢禳,省夢須占易象說,九四,乘其墉弗克攻吉,35537
卷之二十七,夢禳,省夢須占易象說,九五,同人先號咷而後笑大師克相遇,35539
卷之二十七,夢禳,省夢須占易象說,上九,同人于郊无悔坤上,35541
卷之二十七,夢禳,省夢須占易象說,坤爲地,坤下,35545
卷之二十七,夢禳,省夢須占易象說,判曰,坤者順也乃順成天萬物資生用動則濁用靜則清所作有順萬物皆成,35548
卷之二十七,夢禳,省夢須占易象說,初六,履霜堅氷至,35552
卷之二十七,夢禳,省夢須占易象說,六二,直方大不習无不利,35554
卷之二十七,夢禳,省夢須占易象說,六三,含章可貞或從王事无成有終,35556
卷之二十七,夢禳,省夢須占易象說,六四,括囊无咎无譽,35558
卷之二十七,夢禳,省夢須占易象說,六五,黃裳元吉,35560
卷之二十七,夢禳,省夢須占易象說,上六,龍戰于野其血玄黃,35562
卷之二十七,夢禳,省夢須占易象說,用六,利永貞坤上,35564
卷之二十七,夢禳,省夢須占易象說,地雷復,震下,35568
卷之二十七,夢禳,省夢須占易象說,判曰,復者反也內悅外順舉動无違世應相合遷官益財失而復得往而復來婚姻占得夫婦和諧,35571
卷之二十七,夢禳,省夢須占易象說,初九,不遠復无祗悔元吉,35574
卷之二十七,夢禳,省夢須占易象說,六二,休復吉,35576
卷之二十七,夢禳,省夢須占易象說,六三,頓復厲无咎,35578
卷之二十七,夢禳,省夢須占易象說,六四,中行獨復,35580
卷之二十七,夢禳,省夢須占易象說,六五,敦復无悔,35582
卷之二十七,夢禳,省夢須占易象說,上六,迷復凶有災眚用行師終有大敗以其國君凶至于十年不克征坤上,35584
卷之二十七,夢禳,省夢須占易象說,地澤臨,兌下,35588
卷之二十七,夢禳,省夢須占易象說,判曰,臨者大也以大臨小以上臨下内柔外和人非欺詐居官進升文才和雅縱有災害不能相涉,35591
卷之二十七,夢禳,省夢須占易象說,初九,咸臨貞吉,35595
卷之二十七,夢禳,省夢須占易象說,九二,咸臨吉无不利,35597
卷之二十七,夢禳,省夢須占易象說,六三,甘臨无攸利旣憂之无咎,35599
卷之二十七,夢禳,省夢須占易象說,六四,至臨无咎,35601
卷之二十七,夢禳,省夢須占易象說,六五,智臨大君之宜吉,35603
卷之二十七,夢禳,省夢須占易象說,上六,敦臨吉无咎坤上,35605
卷之二十七,夢禳,省夢須占易象說,地天泰,乾下,35609
卷之二十七,夢禳,省夢須占易象說,判曰,泰者通也天地交泰陰陽和光麟圖獻瑞丹鳳來翔小人道滅君子道昌求謀順遂惡事消亡,35614
卷之二十七,夢禳,省夢須占易象說,初九,㧞茅茹以其彚征吉,35618
卷之二十七,夢禳,省夢須占易象說,九二,包荒用馮河不遐遺朋亡不用于中行,35620
卷之二十七,夢禳,省夢須占易象說,九三,无平不陂无往不復艱貞无咎勿恤其孚于食有福,35622
卷之二十七,夢禳,省夢須占易象說,六四,翩翩不富以其鄰不戒以孚,35624
卷之二十七,夢禳,省夢須占易象說,六五,帝乙歸妹以趾元吉,35626
卷之二十七,夢禳,省夢須占易象說,上六,城復于隍勿用師自邑告命貞吝震上,35628
卷之二十七,夢禳,省夢須占易象說,雷天大壯,乾下,35632
卷之二十七,夢禳,省夢須占易象說,判曰,大壯志也羝羊觸籓其道難全今人剛强已成過愆非利勿貪善莫大焉,35636
卷之二十七,夢禳,省夢須占易象說,初九,壯于趾征凶有孚,35639
卷之二十七,夢禳,省夢須占易象說,九二,貞吉,35641
卷之二十七,夢禳,省夢須占易象說,九三,小人用壯君子用罔貞厲羝羊觸籓羸其角,35643
卷之二十七,夢禳,省夢須占易象說,九四,貞吉悔亡籓決不羸壯于大輿之輹,35645
卷之二十七,夢禳,省夢須占易象說,六五,喪羊于易无悔,35649
卷之二十七,夢禳,省夢須占易象說,上六,羝羊觸籓不能退能遂无攸利兼則吉兌上,35651
卷之二十七,夢禳,省夢須占易象說,澤天夬,乾下,35655
卷之二十七,夢禳,省夢須占易象說,判曰,夬者決也乾兌相刑惡聞其聲文字𢍆約事未易成必須剛斷始終吉亨,35659
卷之二十七,夢禳,省夢須占易象說,初九,壯于前趾往不勝爲咎,35662
卷之二十七,夢禳,省夢須占易象說,九二,惕號莫夜有戎勿恤,35664
卷之二十七,夢禳,省夢須占易象說,九三,壯于頄有凶君子夬夬獨行遇雨若濡有愠无咎,35666
卷之二十七,夢禳,省夢須占易象說,九四,臀无膚其行次且牽羊悔亡聞言不信,35668
卷之二十七,夢禳,省夢須占易象說,九五,莧陸夬夬中行无咎,35670
卷之二十七,夢禳,省夢須占易象說,上六,无號終有凶坎上,35672
卷之二十七,夢禳,省夢須占易象說,水天需,乾下,35676
卷之二十七,夢禳,省夢須占易象說,判曰,需者須也雲行于天見險不前身將有厄恐被勾連大事欲至憂慮懸懸光亨貞吉利涉大川,35681
卷之二十七,夢禳,省夢須占易象說,初九,需于郊利用恆无咎,35684
卷之二十七,夢禳,省夢須占易象說,九二,需于沙小有言終吉,35686
卷之二十七,夢禳,省夢須占易象說,九三,需于泥致㓂至,35688
卷之二十七,夢禳,省夢須占易象說,六四,需于血出自穴,35690
卷之二十七,夢禳,省夢須占易象說,九五,需于酒食貞吉,35692
卷之二十七,夢禳,省夢須占易象說,上六,入于穴有不速之客三人來敬之終吉坎上,35694
卷之二十七,夢禳,省夢須占易象說,水地比,坤下,35698
卷之二十七,夢禳,省夢須占易象說,判曰,比者和也撫臨萬國内通外流水行于地本性和柔先王制禮以親諸侯元永貞吉百事无憂,35702
卷之二十七,夢禳,省夢須占易象說,初六,有孚比之无咎有孚盈缶終來有他吉,35705
卷之二十七,夢禳,省夢須占易象說,六二,比之自內貞吉,35708
卷之二十七,夢禳,省夢須占易象說,六三,比之匪人,35710
卷之二十七,夢禳,省夢須占易象說,六四,外比之貞吉,35712
卷之二十七,夢禳,省夢須占易象說,九五,顯比王用三驅失前禽邑人不誡吉,35714
卷之二十七,夢禳,省夢須占易象說,上六,比之无首凶兌上,35716
卷之二十七,夢禳,省夢須占易象說,兌爲澤,兌下,35720
卷之二十七,夢禳,省夢須占易象說,判曰,兌者恱也澤潤萬物恩惠兆民居上愛下恱而欣欣利有攸往无不亨貞,35723
卷之二十七,夢禳,省夢須占易象說,初九,和兖吉,35726
卷之二十七,夢禳,省夢須占易象說,九二,孚兊吉悔下,35728
卷之二十七,夢禳,省夢須占易象說,六三,來兊凶,35730
卷之二十七,夢禳,省夢須占易象說,九四,商兊未寍介疾有喜,35732
卷之二十七,夢禳,省夢須占易象說,九五,孚于剝有厲,35734
卷之二十七,夢禳,省夢須占易象說,上六,引兌兌上,35736
卷之二十七,夢禳,省夢須占易象說,澤水困,坎下,35741
卷之二十七,夢禳,省夢須占易象說,判曰,困者危也水在澤下萬物不生君子困窮小人濫盈三山幽谷向暗背明占者有難守而勿爭,35745
卷之二十七,夢禳,省夢須占易象說,初六,臀困于株木入于幽谷三歲不覿,35748
卷之二十七,夢禳,省夢須占易象說,九二,困于酒食朱𥿈方來利用享祀征凶无咎,35750
卷之二十七,夢禳,省夢須占易象說,六三,困于石據于蒺藜人于其宮不見其妻凶,35752
卷之二十七,夢禳,省夢須占易象說,九四,來徐徐困于金車吝有終,35754
卷之二十七,夢禳,省夢須占易象說,九五,劓刖困于赤𥿈乃徐有說利用祭祀,35756
卷之二十七,夢禳,省夢須占易象說,上六,困于葛藟于臲卼曰動悔有悔貞吉兌上,35758
卷之二十七,夢禳,省夢須占易象說,澤地萃,坤下,35762
卷之二十七,夢禳,省夢須占易象說,判曰,萃者聚也內外喜悅上下俱柔萬事蕃息利祿悠悠求謀有濟解釋憂愁,35766
卷之二十七,夢禳,省夢須占易象說,初六,有孚不終乃亂乃萃若號一握爲笑勿恤往无咎,35769
卷之二十七,夢禳,省夢須占易象說,六二,引吉无咎孚乃利用禴,35771
卷之二十七,夢禳,省夢須占易象說,六三,萃如嗟如无攸利往无咎小吝,35773
卷之二十七,夢禳,省夢須占易象說,九四,大吉无咎,35775
卷之二十七,夢禳,省夢須占易象說,九五,萃有位无咎匪孚元永貞悔亡,35777
卷之二十七,夢禳,省夢須占易象說,上六,齎咨涕洟无咎兌上,35779
卷之二十七,夢禳,省夢須占易象說,澤山咸,艮下,35784
卷之二十七,夢禳,省夢須占易象說,判曰,咸者感也天地感應萬物和平男女感應夫婦康寧感應之事无有不亨,35788
卷之二十七,夢禳,省夢須占易象說,初六,咸其拇,35791
卷之二十七,夢禳,省夢須占易象說,六二,咸其腓凶居吉,35793
卷之二十七,夢禳,省夢須占易象說,九三,咸其股執其隨往吝,35795
卷之二十七,夢禳,省夢須占易象說,九四,貞吉悔亡憧憧往來朋從爾思,35797
卷之二十七,夢禳,省夢須占易象說,九五,咸其脢咸无悔,35799
卷之二十七,夢禳,省夢須占易象說,上六,其輔頰舌坎上,35801
卷之二十七,夢禳,省夢須占易象說,水山蹇,艮下,35805
卷之二十七,夢禳,省夢須占易象說,判曰,蹇者艱也利往西南不利東北向暗背明多有壅塞求事未遂尚多疑惑,35809
卷之二十七,夢禳,省夢須占易象說,初六,往蹇來譽,35812
卷之二十七,夢禳,省夢須占易象說,六二,王臣蹇蹇匪躬之故,35814
卷之二十七,夢禳,省夢須占易象說,九三,往蹇來反,35816
卷之二十七,夢禳,省夢須占易象說,六四,往蹇來連,35819
卷之二十七,夢禳,省夢須占易象說,九五,大蹇朋來,35822
卷之二十七,夢禳,省夢須占易象說,上六,往蹇來碩吉利見大人坤上,35825
卷之二十七,夢禳,省夢須占易象說,地山謙,艮下,35829
卷之二十七,夢禳,省夢須占易象說,判曰,謙者退也謙而受益滿而受虧謙謙君子尊人自卑利用謙遜萬事无違,35833
卷之二十七,夢禳,省夢須占易象說,初六,謙謙君子用涉大川吉,35836
卷之二十七,夢禳,省夢須占易象說,六二,鳴謙貞吉,35838
卷之二十七,夢禳,省夢須占易象說,九三,勞謙君子有終吉,35840
卷之二十七,夢禳,省夢須占易象說,六四,无不利撝謙,35842
卷之二十七,夢禳,省夢須占易象說,六五,不富以其鄰利用侵伐无不利,35844
卷之二十七,夢禳,省夢須占易象說,上六,鳴謙利用行師征邑國震上,35846
卷之二十七,夢禳,省夢須占易象說,雷山小過,艮下,35850
卷之二十七,夢禳,省夢須占易象說,判曰,小過過也飛島翩翩音徹于天進則有咎退則无愆多憂過失疾病相纒出入不利必有迍澶,35854
卷之二十七,夢禳,省夢須占易象說,初六,飛烏以凶,35857
卷之二十七,夢禳,省夢須占易象說,六二,過共祖遇其妣不及其君遇其臣无咎,35859
卷之二十七,夢禳,省夢須占易象說,九三,弗過防之從或𢦤之凶,35861
卷之二十七,夢禳,省夢須占易象說,九四,无咎弗過遇之往厲必戒勿用永貞,35863
卷之二十七,夢禳,省夢須占易象說,六五,密雲不雨自我西郊公弋取彼在穴,35865
卷之二十七,夢禳,省夢須占易象說,上六,弗遇過之飛烏離之凶是謂災眚震上,35867
卷之二十七,夢禳,省夢須占易象說,雷澤歸妹,兌下,35871
卷之二十七,夢禳,省夢須占易象說,判曰,歸妹大也歸妹未吉其道將窮天地不交閉塞不通有殃有咎无始无終所作不順必見其凶,35875
卷之二十七,夢禳,省夢須占易象說,初九,歸妹以娣跛能履征吉,35878
卷之二十七,夢禳,省夢須占易象說,九二,眇能視利幽人之貞,35880
卷之二十七,夢禳,省夢須占易象說,六三,歸妹以須及歸以娣,35882
卷之二十七,夢禳,省夢須占易象說,九四,歸妹愆期遲歸有時,35884
卷之二十七,夢禳,省夢須占易象說,六五,帝乙歸妹其君之袂不如其娣之袂良月幾望吉,35886
卷之二十七,夢禳,省夢須占易象說,上六,女承筐无實士刲羊无血无攸利,35888
卷之二十七,夢禳,省夢須占易象說,附納甲法,其法皆自下而上,35893
卷之二十七,夢禳,省夢須占易象說,乾,戌申午辰寅子,35896
卷之二十七,夢禳,省夢須占易象說,坎,子戍申午辰寅巳上四宫皆屬陽皆,35898
卷之二十七,夢禳,省夢須占易象說,艮,寅子戌申午辰,35902
卷之二十七,夢禳,省夢須占易象說,震,戌申午辰寅子用陽支順輪,35904
卷之二十七,夢禳,省夢須占易象說,巽,卯巳未西亥丑,35908
卷之二十七,夢禳,省夢須占易象說,離,巳未西亥丑卯巳上四宫皆屬陰皆,35910
卷之二十七,夢禳,省夢須占易象說,坤,西亥丑卯巳未,35914
卷之二十七,夢禳,省夢須占易象說,兌,未酉亥丑卯巳用陰支逆轉,35916
卷之二十七,夢禳,—,歌曰乾金甲子外壬午坎水戊寅外戊申艮土丙辰外丙戌震木庚子庚午臨巽木辛丑幷辛未離火巳卯巳酉𢑗坤士乙未加癸丑兌金丁巳丁亥憑,,35922
卷之二十七,夢禳,—,附六神起位,亦自下而上如納甲法,35928
卷之二十七,夢禳,—,甲乙起靑龍丙丁起朱雀戊日起勾陳巳日起螣蛇庚辛起白虎壬癸起玄武,假如甲子日或乙丑日青龍自下而起玄武白虎螣蛇勾陳朱雀靑龍丙丁日朱雀當權自下而起青龍玄武白虎螣蛇勾陳朱雀戊日勾陳專政自下而起朱雀青龍玄武白虎螣蛇勾陳巳日螣蛇稟令此神專主夢怪虚驚奇興之事勾陳朱雀青龍玄武白虎螣蛇庚辛日白虎掌事自下而起螣蛇勾陳朱雀靑龍玄武白虎壬癸日玄武司辰自下而起白虎螣蛇勾陳朱雀靑龍玄武,35932
卷之二十七,夢禳,—,六神賦凡占一卦先看六神動靜陰陽各隨機變靑龍屬木所爲而事事亨通白虎屬金興隆而所爲凶咎朱雀屬火而專口舌勾陳屬土而主遲畱螣蛇屬陰玄武屬水資財暗損只因玄武交重夢怪虚驚總爲螣蛇發作玄興必雨雀動多晴靑龍空而悔氣何疑白虎動而孕懷可喜交重朱雀文書音信須來發動勾陳謀望行人多阻求官興訟偏宜朱雀以興隆買地置田何怕勾陳之作亂,,35950
卷之二十七,夢禳,—,卜易總略卦有吉凶必因動靜如逢卦靜專尋暗動及空亡若見爻興便察吉凶分造化諸爻竝吉更防吉處藏凶大象皆凶須識凶中化吉若逢亂動先看用爻用爻有彼我之分得識從衰旺而決榮枯全係乎日辰主宰尤關乎世應細察生旺墓絕精詳尅害刑冲吉凶由此而生禍福從玆而定凶遇吉神凶亦吉吉乘凶煞吉成凶,,35962
卷之二十七,夢禳,—,論六親父母者生我之人也能爲吉能爲凶審其動靜衰旺各有所宜旺動則尅傷子孫生扶兄弟兄弟者比和同類之人也不能爲福不爲大禍無過阻敗而巳發動則傷尅妻財扶持福德子孫者我生之人也此最吉神逢之者吉背之者禍卦無父母則無尅爻有兄弟則有依動則生財尅傷官鬼惟問利名不宜見妻財者我尅之人也一卦之主遇無不吉惟占父母文書不宜見之値兄弟有損遇福德愈佳逢官鬼則泄氣動靜各有所宜官鬼者尅我之人也爲凶多爲福少所畏者福德所恃者妻財卦中雖凶而不可無但只宜靜若動則尅傷兄弟生扶父母固爲惡客而求名婚娶又相宜巳上六親凡四時乘旺得用及卦中交重發動者俱爲用爻有用則有變如父動化父或父動化子化兄弟化妻財化官鬼以類可推者爲變爻占者宜詳用變之生尅衰旺而斷其吉凶也,,35978
卷之二十七,夢禳,—,占夢篇凡占夢寐專察螣蛇如臨世位則臥中常有恍忽驚狂臨應冲身則主他人暗中謀害旺而且動神魂蕩漾多災衰復安寜寤寐清而獲吉若臨官鬼主有官非禍患病相侵如遇弟兄定見傷財妻妾病與父爻發動當憂幼女幼男共財位交重防慮老翁老母如同福德興隆動乃見亨貞大吉祥或與白虎兼興恐有血光瘡癤倘逢青龍俱動定然喜慶臨門臨於巳午旺則憂火燭之驚玄武相牽動則防穿窬之害諸凡凶吉惟在變通論世應應爲他人動則心變世爲自巳動則不寧世應相生則吉世應相尅則凶世應比和事𨚫中作事謀爲可用世應中間隔爻不宜發動世應不宜俱動不宜俱空亡如有此等皆非吉兆也,,36005
卷之二十七,夢禳,—,論六親持世父母官鬼兄弟俱不宜持世惟子孫妻財持世爲大吉之兆,,36027
卷之二十七,夢禳,—,論六爻出現伏藏出現旺相爲久爲遠,出現爲重叠爲再用如才官出現旺相雖宜久遠若靑龍持世則又忌動,36033
卷之二十七,夢禳,—,伏藏有𪸓只利目前,伏藏旺相更看日辰透出或伏世不可取如才伏子下有炁才伏鬼鄉雖凶而日辰福德又吉但事雖成只利于目下耳,36038
卷之二十七,夢禳,—,論日辰日辰旺相能透出用爻吉若尅用爻凶休囚者不用,,36043
卷之二十七,夢禳,—,論爻神旺相爻尅得休囚爻休囚尅不得旺相發動爻尅得安靜爻安靜尅不得發動,,36049
卷之二十七,夢禳,—,論德合刑冲尅旺墓空但看此八字何爻得時何爻傷身傷世便定吉凶凡生合我者有益刑尅我者非祥,,36055
卷之二十七,夢禳,—,德卦有德神必主喜慶但天干合地支便是甲德在寅巳德附寅庚德居申乙德附庚丙德在巳辛德附丙壬德在亥丁德附壬戊德在巳癸德附戊○又正月丁二甲三壬四辛五亥六申七癸八寅九丙十乙十一巳十二庚,,36064
卷之二十七,夢禳,—,合合神主和順慶會但遇刑冲尅害空亾皆不爲合且如卦先有巳動出申字爲合卦先有申動出巳字爲尅凡卦先取六合如無𨚫取三合吉凶皆同唯病不宜鬼爻相合,,36073
卷之二十七,夢禳,—,六合子與丑合寅與亥合卯與戌合辰與酉合巳與申合午與未合,,36081
卷之二十七,夢禳,—,三合申子辰合成水局寅午戌會成火局亥卯未合成木局巳酉丑合成金局辰戌丑未合成土局,,36087
卷之二十七,夢禳,—,十干合甲與巳合乙與庚合丙與辛合丁與壬合戊與癸合,,36093
卷之二十七,夢禳,—,刑此爲損神入卦可畏宜以輕重詳之其中亦有解救如動出刑爻看刑我刑他得時失時亦看旁爻所制若無可解其禍難逃寅刑巳巳刑申,無恩,36099
卷之二十七,夢禳,—,申刑寅子刑卯,無禮,36107
卷之二十七,夢禳,—,戌刑丑丑刑未,恃𫝑,36109
卷之二十七,夢禳,—,辰刑辰午刑午酉刑酉亥刑亥,自刑,36113
卷之二十七,夢禳,—,訣曰寅刑巳上巳刑申丑戌相刑未與辰子刑卯上卯刑子辰午酉亥自相刑,,36118
卷之二十七,夢禳,—,冲陽爻爲天冲陰爻爲地冲卦中爻動便看六爻吉凶如無德合刑動便冲旺相可尅休囚難尅子午相冲丑未相冲寅申相冲卯酉相冲辰戌相冲巳亥相冲,,36124
卷之二十七,夢禳,—,尅能除凶能壞事如卦爻受刑得尅之一字破之便是救解尅他人則解我之凶尅身世則撓我之事凡本爻受尅須憂本爻金尅木木尅土土尅水水尅火火尅金父母尅子孫子孫尅官鬼官鬼尅兄弟兄弟尅妻財妻財尅父母,,36136
卷之二十七,夢禳,—,旺得時生扶爲旺卦宮旺者虚喜卦爻旺者上吉如卜得文書父母旺而財爻衰雖來相尅亦不能傷只怕旺是凶爻尅害于我火旺午金旺酉木旺卯水土旺在子春木旺夏火旺秋金旺冬水旺四季月土旺,三月辰六月未九月戌十二月丑,36151
卷之二十七,夢禳,—,墓,即庫也,36165
卷之二十七,夢禳,—,辰戌丑未爲墓凶爻要入墓吉爻不要入墓墓者滯也入墓則爲休囚卦有人墓鬼墓事墓金墓丑木墓未火墓戌水土墓辰,,36168
卷之二十七,夢禳,—,空事不受傷物不受尅空之一字極有玄妙且如動爻冲尅主象而主象在空謂之空而不受尅凡有用者忌空凶尅者喜空,,36177
卷之二十七,夢禳,—,旬中空甲子旬中戌亥空甲戌旬中申酉空甲申旬中午未空甲午旬中辰巳空甲辰旬中寅卯空甲寅旬中子丑空,,36186
卷之二十七,夢禳,—,十干空甲乙日午空丙丁日申空戊巳日巳空庚辛日寅空壬癸日戌空,,36192
卷之二十七,夢禳,—,時中空甲巳日申酉時空乙庚日午未時空丙辛日辰巳時空丁壬日寅卯時空戊癸日子丑戌亥時空,,36200
卷之二十七,夢禳,—,四生火長生在寅金長生在巳木長生在亥水土長生在申,,36206
卷之二十七,夢禳,—,四敗火敗在卯金敗在午木敗在子水土敗在酉,,36214
卷之二十七,夢禳,—,四死火死在酉金死在子木死在午水土死在卯,,36220
卷之二十七,夢禳,—,四絶火絶在亥金絕在寅木絶在申水土絶在巳吉神,卦中有此爻動諸事皆吉,36226
卷之二十七,夢禳,—,天元祿,凡事有祿馬爲吉,36233
卷之二十七,夢禳,—,甲祿在寅,如甲日寅爻是,36235
卷之二十七,夢禳,—,乙祿在卯丙戊祿在巳丁巳祿在午庚祿居申辛祿到酉壬祿在亥癸祿在子驛馬,動則行人立至,36237
卷之二十七,夢禳,—,寅午戌馬居申,如寅日或午日戌日卜内一卦卦中有申爻動者即是驛馬也,36241
卷之二十七,夢禳,—,申子辰馬居寅巳酉丑馬在亥亥卯未馬在巳天乙貴人,此神上卦有炁諸事吉,36243
卷之二十七,夢禳,—,甲戊兼牛羊,甲日得丑爻戊日逢未爻是也餘倣此,36248
卷之二十七,夢禳,—,乙巳鼠猴鄉丙丁猪雞位壬癸兎蛇藏庚辛逢馬虎此是貴人方天赦,犯罪遇此大吉,36252
卷之二十七,夢禳,—,正五九戌二六十丑三七十一龍四八十二羊○又春戊寅夏甲午秋戊申冬甲子天解,四解神主諸事解散,36258
卷之二十七,夢禳,—,正七申二八戌三九子四十寅五十一辰六十二午地解正亥二申三四五六未七八九十午十一十二巳月解正二申三四西五六戌七八亥九十午十一十二未日解甲巳巳乙庚申丙辛寅丁壬丑戊癸酉天德正亥二子三丑四寅五卯六辰七巳八午九未十申十一酉十二戌月德,主福德救護,36265
卷之二十七,夢禳,—,正未二申三酉四戌五亥六子七丑八寅九卯十辰十一巳十二午日德,主散災禍,36277
卷之二十七,夢禳,—,正亥二戌三酉四申五未六午七巳八辰九卯十寅十一丑十二子時德,主囚繫得釋,36281
卷之二十七,夢禳,—,正辰二亥三子四丑五申六酉七戌八巳九午十未十一寅十二卯福星貴人甲丙相邀入虎鄉更逢子位亦高强戊申巳未丁宜亥乙癸逢牛福祿昌庚在午頭辛到巳壬居辰上喜非常天喜正戌二亥三子四丑五寅六卯七辰八巳九午十未十一申十二酉救神甲巳亥位乙庚申丙辛巳丁壬午分戊癸酉宮官事脫病人遇此不傷身靑龍,主婚姻求才公私吉慶,36285
卷之二十七,夢禳,—,正寅二卯三辰四巳五午六未七申八酉九戌十亥十一子十二丑,即每月月建是也,36298
卷之二十七,夢禳,—,凶煞,卦中有爻動大凶之兆,36301
卷之二十七,夢禳,—,官符,主有官司大禍,36304
卷之二十七,夢禳,—,正七寅二八子三九戌四十申五十一午六十二辰天賊,出行求才大忌,36306
卷之二十七,夢禳,—,正辰二西三寅四未五子六巳七戌八卯九申十丑十一午十二亥受死,諸事皆凶,36312
卷之二十七,夢禳,—,正戌二辰三亥四巳五子六午七丑八未九寅十申十一卯十二酉喪門,在內三爻動主死喪之禍,36316
卷之二十七,夢禳,—,正未二辰三丑四戌五未六辰七丑八戌九未十辰十一丑十二戌天獄,若有官訟占得此煞帶官鬼爻或持世發動主有牢獄枷鎻之禍,36320
卷之二十七,夢禳,—,正亥二申三巳四寅五又在亥循此推之𩹌寡,主婚姻生產大忌,36324
卷之二十七,夢禳,—,春丑夏辰秋未冬戌歸忌,主行人見凶,36329
卷之二十七,夢禳,—,正丑二寅三四五六子七丑八寅九十十一十二子天鬼,主呪咀之事,36333
卷之二十七,夢禳,—,正巳二子三四酉五子六午七申八酉九戌十亥十一卯十二子厭殺,主魘死人事,36337
卷之二十七,夢禳,—,正戌二酉三申四未五午六巳七辰八卯九寅十丑十一子十二亥天殺,主疾病困厄,36341
卷之二十七,夢禳,—,正未二辰三丑四戌五未六辰七丑八戌九未十辰十一丑十二戌地殺,同天殺凶,36345
卷之二十七,夢禳,—,正辰二丑三戌四未五辰六丑七戌八未九辰十丑十一戌十二未月殺,主破才傷人,36349
卷之二十七,夢禳,—,正丑二戌三未四辰五丑六戌七未八辰九丑十戌十一未十二辰三坼,主墳墓不安,36353
卷之二十七,夢禳,—,正月起丑二月寅三月在卯四月辰五六順行依位轉臘月輪當子上存六害,穿心六害禍非輕,36357
卷之二十七,夢禳,—,六害子未不堪親丑害午兮寅巳嗔卯害辰兮申害亥酉戌相逢轉見深右如法虔心下成一卦按前法細查看其動靜吉凶以斷禍福休咎合諸所夢看是何徵兆夢凶卦凶或夢吉卦凶急須解禳如夢吉卦吉或夢凶卦吉必有隹兆推經文之所占趨之避之此以身心之誠印于先聖先賢之旨萬無一誤矣占者愼母忽焉祝辭伏以神聖之靈無誠不格愚蒙之念有感必通今居,某,36361
卷之二十七,夢禳,—,府州縣信士,某,36379
卷之二十七,夢禳,—,爲夜得,某,36382
卷之二十七,夢禳,—,夢未卜吉凶敢布下情仰干洪造謹卜一卦卦莫亂傳内用一爻爻莫誤動決所夢之妖祥望明彰而指示祝畢取錢擲卦先定內三爻後定外三爻以成一卦斷其吉凶應驗如響━━━━━━━━━━━━━━━━━━━━━━━━━━━━━━━━━━━━━━━━━━━━━━━━━━━━━━━━━━━━━━━━━━,卷之二十八目錄,36384
卷之二十七,夢禳,—,━━━━━━━━━━━━━━━━━━━━━━━━━━━━━━━━━━━━━━━━━━━━━━━━━━━━━━━━━━━━━━━━━━,,36398
卷之二十七,夢禳,—,寢室臥呪說○ 呪 臨臥諸忌說解辟惡夢符敕眞言說○ 呪○書符法○ 劒訣式思三台厭惡夢呪說○ 呪○ 三台訣式○厭惡夢符式十道太上老君禳惡夢符呪說○ 呪○ 逐日厭惡夢符式十二道絶三尸符呪辟夢說○ 三尸姓名○,斬三尸符式三,36407
卷之二十七,夢禳,—,道○ 敇符呪主夜神呪說○ 呪○ 附夷堅志說北帝呪說○ 呪大道眞君解夢靑童口訣說○ 呪虎枕安神辟夢說 丹砂治惡夢說麝枕辟夢說 懐夢草說龜玆枕說 何姑廟祈夢說━━━━━━━━━━━━━━━━━━━━━━━━━━━━━━━━━━━━━━━━━━━━━━━━━━━━━━━━━━━━━━━━━━,卷之二十八,36423
卷之二十七,夢禳,—,━━━━━━━━━━━━━━━━━━━━━━━━━━━━━━━━━━━━━━━━━━━━━━━━━━━━━━━━━━━━━━━━━━,,36443
卷之二十八,夢禳,寢室臥呪說,○寢室臥呪說人之寢室臥處須令高爽潔淨則地氣不及鬼吹不干凡鬼氣侵人每因臥榻低溼陰氣逆上以致神魄少寧外與内涉邪厲遊行遂多妄夢故必遵忌行之乃獲寧寢矣四十四方經云夜臥將欲合眼時先以手撫心三過閉目叩齒三通微呪一遍,微呪默念也,36455
卷之二十八,夢禳,寢室臥呪說,呪曰大靈九宮大乙守房百神參位魂魄和同長生不死塞邪滅凶如此祝之冥心而睡則魂魄守舍眠臥清寧邪夢不入永獲貞吉也,,36463
卷之二十八,夢禳,臨臥諸忌說,○臨臥諸忌說凡人寢處枕須令高身須令側勿尸臥勿久臥臥勿開口以泄眞氣臥勿裸體以瀆三光勿冒寒而臥勿裸臥地上勿當風勿使牀隙進風勿近溼勿臥多言勿臥妄笑勿食熱物而臥勿睡醒苦熱而急飲水勿沐浴未乾而遽寢臥足勿跂牀懸高手勿當心壓口令人夢魘如人有魘魅勿輕走近魘者臥處勿遽揭帳帷看視及急以火照之恐驚其魂或致殺人須遠遠呼喚俟其漸醒如不醒者就暗中用指甲掐其人中或用口唊大拇指而唾其面搖其體使得神復凡人睡臥中不可取筆墨點畫人面爲戲使遊魂不認其尸亦有致不醒而死者切宜愼忌又人鼾睡之中勿移燈燭照視令人神魂欠安是故寢睡者四時各有宜向春臥東首夏臥南首秋臥西首惟冬月可北首乘位以迎氣也是故凡人夜行及冥臥心中有所恐怖者當存日月之光入我明堂之中則百邪自散夜有所夢旦勿輕以告人此皆三才避忌之要可不謹哉,,36472
卷之二十八,夢禳,解辟惡夢符敇眞言說,○解辟惡夢符敇眞言說太素眞人教始學者辟惡夢法凡寢臥之中若數遇惡夢者一曰魄妖之夢二曰心試之夢三曰尸賊之夢今示厭消之方救濟世人若見惡夢旣覺之時用左手捻入人中二七過叩齒二七通乃微呪之呪曰太洞眞玄長練三魂第一魂速守七魄第二魂速守泥丸第三魂受心節度速啓太素三元君向遇不祥之夢是七魄遊尸來協邪源急召桃康護命上告帝君五老九眞各守體門黄闕神師紫戸將軍把鉞握鈴消滅惡精返凶成吉生死無緣呪畢再依法書符敕厭之必獲吉應而造爲惡夢之氣受閉於三關之下矣符敇書訣列於左方書符法凡書符右手用劒訣列圖式於左,,36492
卷之二十八,夢禳,思三台厭惡夢呪說,○思三台厭惡夢呪說,凡書符頭上須用三台訣併附圖式于後,36516
卷之二十八,夢禳,思三台厭惡夢呪說,上台,寶號虚精,36519
卷之二十八,夢禳,思三台厭惡夢呪說,中台,寶號六淳又云六停,36521
卷之二十八,夢禳,思三台厭惡夢呪說,下台,寶號曲生,36523
卷之二十八,夢禳,思三台厭惡夢呪說,右三台內諱知之者衆惡悉除諸善備集須於靜房端坐閉目凝想思三台覆首覺兩腎氣從胸中出上與三台相通久久思畢二七啄齒以鼻微微納氣閉口令滿即便嚥之嚥畢乃呪呪曰節榮節榮願乞長生太玄三台常覆我形出入行來萬神懏營步之五年仙骨自成歩之七年令藥皆精步之十年上昇天庭如此祝之夢不爲殃用潔淨几硯紙筆硃墨水孟香爐各一冥心叩齒向東坐定默念前太洞眞玄呪一遍然後如法書符不得雜念惰容方有靈驗符式圖左,計十道,36526
卷之二十八,夢禳,太上老君禳惡夢符呪,○太上老君禳惡夢符呪夜見惡夢早起於左列文内按其日辰書符一道書時存心見頭頂有太上老君泥丸眞人戴遠遊冠服玄袍坐冥光帳中下視口耳再閉氣握固良久微呪七過呪曰赫赫揚揚日出東方吾敇此符㫁除惡夢不祥急急如律令攝呪畢書符書過吾存心有赤氣如雞卵大從心仰上自中出漸覆是變火光周匝覺體小熱以齒叩之攝氣一口吹入符内依法或貼或戴仍用東流水向東噀之自然消解回吉也符十二道列於左方右照子丑寅卯等日書符如子日得惡夢則書子日符餘日倣此不得錯誤每書一道默念前太洞眞玄呪一遍吸氣一口攝在符內,,36546
卷之二十八,夢禳,絶三尸符呪辟夢說,○絶三尸符呪辟夢說太上曰三尸九蟲能爲萬病病人夜夢戰鬥皆此蟲爲祟也可用桃板爲符書三道埋於門闑下即止矣毎以庚申日書戴之庚子日吞之三尸自去又常以六庚日書姓名安元命籙中三尸不敢爲患也符式如左三尸姓名上尸彭居中尸彭質下尸彭矯此符消九蟲當以六庚日服符以白紙硃書服毎庚皆如之惟庚申書之不限多少從庚申日早朝服止次庚午日又服一道値六庚勿失蟲皆不貫五藏人身無病也敕符呪曰日出東方赫赫堂堂某服神符符衛四方神符入腹換胃蕩腸百病除愈骨體康强千鬼萬邪無有敢當知符爲神知道爲眞吾服此符九蟲離身攝錄萬毒上昇眞人,,36569
卷之二十八,夢禳,又備禳解惡夢諸法,○又備禳解惡夢諸法主夜神呪說段成式酉陽雜爼曰主夜神呪持之有功德夜行及寐可以辟恐怖惡夢呪載於後呪曰婆珊婆演帝婆珊婆演帝,帝一作底,36595
卷之二十八,夢禳,又備禳解惡夢諸法,附夷堅志說夷堅志曰予爲禮部郎日齋宿祠官與宋才成裴侍郎夜語及神異事宋云吾往日畏夢夢人授一偈纔數字覺而憶之每獨處臨臥輒誦百遍覺心志自然不復恐懼予曰非謂婆珊婆演帝耶宋驚曰君何以知之予言不惟知其名且能究所出予始讀酉陽雜爼云主夜神呪可辟惡夢而莫曉其故後讀華嚴經云善財龍女叅善知識至閻浮提摩揭提國迦毗羅城見主夜神名曰婆珊婆演底神言我得菩薩破一切衆生癡暗法光明解脫我於夜暗人靜鬼神盜賊諸惡衆生所遊行時密雲重霧惡風暴雨日月星辰竝皆昏蔽不見色時見諸衆生若入於海若行於陸山林曠野諸險難處或乏資糧迷惑方隅或忘道路張皇憂怖我時即行種種方便而救濟之爲海難者求作船師魚王馬王龜王象王阿脩羅王及以海神爲彼衆生止大風雨息大波浪引其道路示其洲岸令彼怖畏重得安隱一切衆生於夜暗中遭恐怖者現以日月及諸星辰種種光明及諸屋室或爲人衆令其得脫恐怖之阨爲行曠野稠林險道藤蘿所骨雲霧所暗而恐怖者令得出離雲霧以此言之其神力如此非止辟夢一事也予毎見人多疑懼怯魔勸使誦持多得神驗,,36607
卷之二十八,夢禳,北帝呪說,○北帝呪說冲靜羽士口授云北帝呪持誦者至有𩄇應解除一切不祥之物能辟禳惡夢呪曰二象迴傾玄一之精七靈護命上侍三清雙皇驅除赫奕羅兵三十萬人侍衛神營巨獸百萬威攝千精揮劒逐邪馘落魔靈神伯所呪千妖滅形呪時先凝心定氣南向叩齒三下默念三遍念畢再叩齒三十六聲,,36631
卷之二十八,夢禳,大道眞君解夢靑童口訣說,○大道眞君解夢靑童口訣說金樓子云嘗病寢臥不安夢多惡況心甚苦之適於友人葉昉得齋頭談及苦夢之故葉云予上世有精圓夢之術者今裔代已邈其法不傳所存者止一靑童君口訣以辟不祥之夢頗爲靈應遂出以授試之驗焉敬公海内爲同病相持之助法云若人夢寐不吉魄協百氣以挍其心欲伺我神之間伏也每遇夜寢或得不美之夢當即北向啓太上大道君具言其狀不過四五則自消滅也○靑童君口訣曰夜遇所夢自覺非吉便可返枕睡定而呪呪曰太靈玉女侍眞衛魂六宮金童來守生門化惡返善上書三元使我長生乘景駕雲呪畢嚥口内津液七次叩齒七通而更臥如此四五次愈有靈驗無不返惡夢而爲吉祥持誦者秘之,,36650
卷之二十八,夢禳,虎枕安神辟夢說,○虎枕安神辟夢說藍田罨牕笈曰霍幢眞人秘授虎枕法能令神魂寧守妖夢不見延年養榮昇仙誕道之要也不可妄傳其法取千年柏木按候製成一枕高八寸長一尺六寸刻成臥虎之形昻頭藏尾尾自左脛而轉鑿空其中畱竅方寸用納後藥然後以麝香調生漆膠固聽用擇日,一法,36675
卷之二十八,夢禳,虎枕安神辟夢說,用寅年寅月寅日寅時採木動手採木用甲寅日製枕用丙寅日入藥用戊寅日封口用庚寅日初試用壬寅日選藥丹砂,辰州者,36682
卷之二十八,夢禳,虎枕安神辟夢說,雄黃琥珀夜光石,贛州者,36691
卷之二十八,夢禳,虎枕安神辟夢說,虎額骨龍頸骨眞金沉香右各等分用絳袋盛貯納入枕腹後封口,,36694
卷之二十八,夢禳,丹砂治惡夢說,○丹砂治惡夢說類編云錢丕夜多惡夢但就枕便成輒通夕不止後赴官經漢上與鄧州推官胡用之驛遇同宿告以苦夢胡云昔嘗如此驚恐特甚有道士教戴丹砂初任辰州推官求得𩄇砂雙箭鏃者戴之不涉旬即驗四五年不復有夢至今秘惜因解髻中一絳紗袋遺之即夕無夢神魂安靜眞誥及他道書多載丹砂辟惡夢信有之也,,36700
卷之二十八,夢禳,鵸䳜禦夢說,○鵸䳜禦夢說山海經曰翼望之山有鳥焉其狀如烏三首大尾而善笑名曰鵸䳜服之使人不夢魘可以禦凶,,36713
卷之二十八,夢禳,麝枕辟夢說,○麝枕辟夢說物類相感志云凡人夜寢不寧者取眞麝以絳紗袋盛置枕中可無惡夢,,36720
卷之二十八,夢禳,懷夢草說,○懷夢草說王子年拾遺記曰融高西有夢草似蒲其莖似蓍色紅晝縮入地夜則出焉懐其葉以占夢則知吉凶禍福漢武帝思李夫人之容不可得見東方朔乃獻一枝帝懷之遂夢夫人因攺名懐夢草,,36726
卷之二十八,夢禳,龜玆枕說,○龜玆枕說天寶遺事曰龜玆國貢一枕色如瑪瑙溫潤如玉枕之則夢遊十洲三島名為遊仙枕後以賜楊國忠云,,36734
卷之二十八,夢禳,何姑廟祈夢說,○何姑廟祈夢說一綂志曰何姑廟在福建仙遊縣東北九鯉河上祀何姑九仙每大比歲郡中士子祈夢於此輒有靈驗,,36741
卷之二十八,夢禳,—,夢原引甲戌之嵗冏卿子極何公出家蔵夢林玄觧一書屬不佞訂叅刪補焉且益彂所貯卷帙㪅購海内遺编以授曰書止一占今㝖附以禳辟之說蓋贈悉獻吉昉乎周禮非荒誕也不佞唯唯迺蚤夜簡閲一本飬吾之舊与駿眀氏所集悉心考較次其编目芟其蕪紊禆其缺略不敢謬附已見而亦非復曩書之殘螙以矣凡兩經霜汗辑成回靜念夢真真语倡自释典其實上古聖賢如風后刀牧伊尹傅说之儔眀良相際每每得渚夢寐且孔子至聖也其不為迂妄人所共信而亦以周公不夢卜吾道之興衰尚可谓夢真也邪乃洵人之彂夢的有源頭夢之所形㦄有成騐然則不遡所繇来不稽之已往猶未成其書之全耳爰據凌虗張子所揖夢占纇考而推廣之兩分之一曰夢原遡繇来也一曰夢徴稽已往也使天下信其占而又有以除其不祥悟其原而㪅有以劵其不诬同鄉見而喜曰庶幾㢤可以補㝢内載籍所未𬾨维長栁煇经之全當不遇是矣遂漫茟熾此時崇禎丙子冬也紫水山人黄堂書于吾漚━━━━━━━━━━━━━━━━━━━━━━━━━━━━━━━━━━━━━━━━━━━━━━━━━━━━━━━━━━━━━━━━━━,卷之二十九目錄,36750
卷之二十八,夢禳,—,━━━━━━━━━━━━━━━━━━━━━━━━━━━━━━━━━━━━━━━━━━━━━━━━━━━━━━━━━━━━━━━━━━,,36787
卷之二十八,夢禳,—,素問,二條。,36796
卷之二十八,夢禳,—,靈樞經,一條，,36798
卷之二十八,夢禳,—,周禮、,四條。,36801
卷之二十八,夢禳,—,周書、泰誓、,一條,36803
卷之二十八,夢禳,—,毛詩小雅斯干、,一條,36806
卷之二十八,夢禳,—,毛詩小雅正月，,一條,36808
卷之二十八,夢禳,—,孔氏,一條,36811
卷之二十八,夢禳,—,莊子,一條,36813
卷之二十八,夢禳,—,，列子、,三條。,36815
卷之二十八,夢禳,—,荀子,一條，,36819
卷之二十八,夢禳,—,淮南子、,一條,36822
卷之二十八,夢禳,—,說苑、,二條。,36824
卷之二十八,夢禳,—,孔頴達、,一條,36827
卷之二十八,夢禳,—,史記、,一條,36829
卷之二十八,夢禳,—,漢書、,一條,36832
卷之二十八,夢禳,—,衛樂,一條,36834
卷之二十八,夢禳,—,論衡,二，條，,36837
卷之二十八,夢禳,—,殷浩,一條。,36840
卷之二十八,夢禳,—,王叔和、,一條,36843
卷之二十八,夢禳,—,蕭方等。,一條,36845
卷之二十八,夢禳,—,白居易,一條,36848
卷之二十八,夢禳,—,六書精藴、,一條,36850
卷之二十八,夢禳,—,程子、,一條,36853
卷之二十八,夢禳,—,朱子,二,36855
卷之二十八,夢禳,—,，黃庭堅,一、條,36857
卷之二十八,夢禳,—,呂祖謙、,二條。,36862
卷之二十八,夢禳,—,輔廣、,一條,36866
卷之二十八,夢禳,—,王晦叔、,一條,36868
卷之二十八,夢禳,—,王潛夫、,一條,36871
卷之二十八,夢禳,—,秦再思、,一條,36873
卷之二十八,夢禳,—,倫道全,一條,36876
卷之二十八,夢禳,—,皆夢軒說,一條,36878
卷之二十八,夢禳,—,鏡、玉子夢覺解、,三十首，并序。,36881
卷之二十八,夢禳,—,夢占𨓜㫖,二，十六條并序。眞宰長柳，衆占宗空。聖人感變，天者日月。雷雨山川，形貌食衣。器物財貨，筆墨字畫。𡬟甲神怪壽命鳳。鳥獸羣龍、蛇、龜、魚、草木。施報泛喻。,36884
卷之二十八,夢禳,—,━━━━━━━━━━━━━━━━━━━━━━━━━━━━━━━━━━━━━━━━━━━━━━━━━━━━━━━━━━━━━━━━━━,卷之二十九,36918
卷之二十八,夢禳,—,━━━━━━━━━━━━━━━━━━━━━━━━━━━━━━━━━━━━━━━━━━━━━━━━━━━━━━━━━━━━━━━━━━,,36920
卷之二十九,夢原,素問,秋剌夏分病不巳令人益嗜臥又且善夢少氣之厥令人妄夢其極至迷三陽絶三陰微是爲少氣是以肺氣虚則使人夢見白物見人斬血籍籍得其時則夢見兵戰腎氣虚則使人夢見舟船溺人得其時則夢伏水中若有畏恐肝氣虚則夢見菌香生草得其時則夢伏樹下不敢起心氣虚則夢救火陽物得其時則夢燔灼脾氣虚則夢飲食不足得其時則夢築垣蓋屋此皆五藏氣虚陽氣有餘陰氣不足合之五診調之陰陽以在經脉,,36936
卷之二十九,夢原,靈樞經,正邪從外襲内而未有定舍反淫於藏不得定處與榮衛俱行而與魂魄飛揚使人臥不得安而喜夢氣淫於府則有餘於外不足於內氣淫於藏則有餘於內不足於外故陰氣盛則夢涉大水而恐懼陽氣盛則夢大火而燔灼陰陽俱盛則夢相殺上盛則夢飛下盛則夢墜甚飢則夢取甚飽則夢予肝氣盛則夢怒肺氣盛則夢恐懼哭泣飛揚心氣盛則夢喜笑恐畏脾氣盛則夢歌樂身體重不舉腎氣盛則夢腰脊兩解不屬凡此十二盛者至而寫之立巳厥氣客於心則夢見丘山煙火客於肺則夢飛揚見金鐵之奇物客於肝則夢山林樹木客於脾則夢見丘陵大澤壞屋風雨客於腎則夢臨淵没居水中客於膀胱則夢遊行客於胃則夢飲食客於大腸則夢田野客於小腸則夢聚邑衝衢客於膽則夢鬥訟自刳客於陰器則夢接內客於項則夢斬首客於脛則夢行走而不能前及居深地茆苑中客於股肱則夢禮節拜起客於胞絡則夢溲便凡此十五不足者至而補之立巳也,,36946
卷之二十九,夢原,周禮,大卜掌三兆之法一玉兆二瓦兆三原兆掌三易之法一連山二歸藏三周易掌三夢之法一曰致夢二曰觭夢三曰咸陟其經運十其别九十,占夢以歲時日月星辰爲運夢之吉凶每運九變故其别九十其術今亡矣,36954
卷之二十九,夢原,周禮,以邦事作八命一曰征二曰象三曰與四曰謀五曰果六曰至七曰雨八曰瘳以八命贊三兆三易三夢之占以觀國家之吉凶以詔救政占夢掌其歲時觀天地之會辨陰陽之氣以日月星辰占六夢之吉凶一曰正夢二曰噩夢三曰思夢四曰寤夢五曰喜夢六曰懼夢季冬聘王夢獻吉夢於王王拜而受之乃舍萌於四方以贈惡夢遂令始難驅疫眡祲掌十煇之法以觀妖祥辨吉凶一曰祲二曰象三曰鐫四曰監五曰闇六曰瞢七曰彌八曰叙九曰隮十曰想,日者王象夜有夢則晝視日旁之氣以占其吉凶故曰煇煇者日光氣也每煇九變,36958
卷之二十九,夢原,周書泰誓,朕夢協朕卜襲于休祥,,36972
卷之二十九,夢原,毛詩小雅斯干,乃寢乃興乃占我夢吉夢維何維熊維羆維虺維蛇大人占之維熊維羆男子之祥維虺維蛇女子之祥,,36978
卷之二十九,夢原,毛詩小雅正月,召彼故老訊之占夢,,36984
卷之二十九,夢原,孔氏,凡夢吉凶不必占夢之官乃得占也左傳文公有夢子犯占之其類甚多,,36990
卷之二十九,夢原,莊子,夢飲酒者旦而哭泣夢哭泣者旦而田獵方其夢也不知其夢也夢之中又占其夢焉覺而後知其爲夢也且有大覺而後知此其大夢也而愚者自以爲覺竊竊然智之君乎牧固哉丘與汝皆夢也予謂汝夢亦夢也是其言也其名爲弔詭汝夢爲鳥而厲乎天夢爲魚而沒於淵不識今之意者其覺者耶其夢者耶其寐也魂交其覺也形開,,36996
卷之二十九,夢原,列子,夢有六候一曰正夢二曰噩夢三曰思夢四曰寤夢五曰喜夢六曰懼夢此六者神所交也故陰氣壯則夢涉大水而恐懼陽氣壯則夢涉大火而燔灼陰陽俱壯則夢生殺甚飽則夢與甚飢則夢取是以虚浮爲疾者則夢揚以沉實爲疾者則夢溺藉帶而寢則夢蛇飛鳥銜髪則夢飛將陰夢火將疾夢食夢飲酒者憂夢歌舞者哭神遇爲夢形接爲事故晝想夜夢神形所遇故神凝者想夢自消信覺不語信夢不達物化之往來者也古之眞人其覺日忘其寢不夢欲辨覺夢惟黃帝與孔丘今無黃帝孔丘孰辨之哉,,37006
卷之二十九,夢原,荀子,心臥則夢故心未嘗動也然而有所謂靜者不以夢劇亂之故謂之靜,,37016
卷之二十九,夢原,淮南子,所謂其人者性合於道其寢不夢其智不萌其魄不拂其魂不騰,,37022
卷之二十九,夢原,說苑,心應棗肝應榆我通天地將陰夢水將晴夢火天地通我妖孽者天之所以警天子諸侯也惡夢者天之所以警士大夫也故妖孽不勝善政惡夢不勝善行,,37030
卷之二十九,夢原,孔頴達,檀弓記孔子夢奠兩楹聖人五情同乎人也焉得無夢,,37036
卷之二十九,夢原,史記,維正月王在成周昧爽召三公左史戎夫曰今夕朕夢遂事寤驚予乃取遂事之要戒俾戎夫言之朔望以聞,,37042
卷之二十九,夢原,漢書,藝文志七略襍古十八家以黃帝長柳占夢十一卷甘德長柳占夢二十卷爲首其說曰襍占家紀百家之象候善惡之證衆占非一而夢爲大故周有其官周禮大卜掌三夢之法一曰致夢二曰觭夢三曰咸陟鄭氏以爲致夢夏后氏所作觭夢商人所作咸陟者言夢之得周人取焉而占夢專爲一官以日月星辰占六夢之吉凶其别曰正曰噩曰思曰寤曰喜曰懼季冬聘王夢獻吉夢於王王拜而受之及舍萌於四方以贈惡夢含萌者猶釋菜也贈者送之也詩書禮經所載高宗夢得兌頌文王夢帝與九齡武王伐紂夢協朕卜宣王考牧牧人有熊羆虺𪨥之夢召彼故老訊之占夢左傳所書尤多孔子夢坐奠於兩楹然則古之聖賢未嘗不以爲大是以見於七略者如此晉魏方技尤時或有之今人不復畱意此卜雖市井妄術所在如林亦無一人以占夢自名者其學豈絶乎,,37048
卷之二十九,夢原,衛樂,衛玠總角時問樂令廣夢樂云是想衛云形神所不接豈是想耶樂云因也未嘗夢乘車入䑕穴擣虀取鍼杵無想無因故也衛思經日不得遂成病樂爲剖析之衛即小瘥樂歎曰此兒胸中必無膏肓之疾,,37056
卷之二十九,夢原,論衡,占夢與占龜同人亦有直夢夢見甲明日則見甲矣夢見君明日則見君矣如夢見甲與君甲與君則不見也甲與君不見故夢見甲與君象類之也,,37062
卷之二十九,夢原,殷浩,或問殷浩曰將蒞官而夢棺將得財而夢糞何也浩曰官本臭腐故將得官而夢尸錢本糞土故將得財而夢穢時人以爲名言,,37070
卷之二十九,夢原,王叔和,太醫令王叔和脉經論夢本於人之氣與素問相同,,37076
卷之二十九,夢原,蕭方等,梁世子方等著論云吾嘗夢爲魚因化爲鳥當其夢也何樂如之及其覺也何憂斯類良由吾之不及魚鳥者遠矣故魚鳥飛浮任其志性吾之進退恆存掌握舉手懼觸搖足恐墜若使吾終得與魚鳥同遊則去人間如脫屣耳,,37082
卷之二十九,夢原,白居易,渴人多夢飲飢人多夢食,,37088
卷之二十九,夢原,六書精藴,其夢也邪晝有邪想也其夢也漫晝有漫想也,,37094
卷之二十九,夢原,程子,心所感通只是理也如夢寢皆無形只是有此理,,37100
卷之二十九,夢原,朱子,人之精神與天地陰陽流通故晝之所爲夜之所夢其善惡吉凶各以類應寤寐者心之動靜也有思無思者又動中之動靜也有夢無夢者又靜中之動靜也但寤陽而寐陰寤清而寐濁寤有主而寐無主故寂然感通之妙必於寤而言之周禮獻吉夢贈惡夢其於天人相與之際察之審而敬之至矣,,37106
卷之二十九,夢原,黃庭堅,病人多夢醫囚人多夢赦窮人夢富貴達者夢神仙,,37114
卷之二十九,夢原,呂祖謙,人之精神與天地陰陽流通故夢各以類至知此者則可以言性命之理矣形神相接而夢者世歸之想形神不接而夢者世歸之因因之說曰因羊而念馬因馬而念車因車而念蓋固有牧羊而夢鼓吹曲蓋者矣是雖非今日之想實因於前日之想故因與想一說也信如是說無想則無因無因則無夢舉天下之夢不出於想而巳矣然叔孫穆夢䜿牛之貌於牛未至之前曹人夢公孫彊之名於彊未生之前是果出於想乎果出於因乎雖然起廣樂於九原吾知其未必能定是議也,,37120
卷之二十九,夢原,輔廣,詳占夢之意先王致謹於天人之際可謂密矣惜乎古法不傳也後世之人情性不治晝之所爲猶且昏惑瞀亂不自知覺則其見於夢寐者率多乖戾未必與天地之氣相流通縱有徵兆之可驗者亦須迂迴隱約必待旣驗而後可知古法若存未必能盡占也,,37130
卷之二十九,夢原,王晦叔,天人同流相應而不遠先王必立官以觀妖祥辨吉凶所以和同天人之際使之無間也,,37136
卷之二十九,夢原,王潛夫,夢列篇曰夢有直有象有精有想有人有感有時有反有病有性昔武王邑姜娠太叔夢帝謂巳命爾子虞而與之唐及生手文曰虞因以爲名成王滅唐遂以封之此直夢也詩曰維熊維羆男子之祥此象夢也孔子思周公夜即夢之此精夢也人有思即夢其至有憂即夢其事此想夢也今事貴人夢之爲祥賤人夢之爲殃君子夢之爲榮小人夢之爲辱此人夢也陰雨之夢使人厭迷陽旱之夢使人亂離大寒之夢使人怨悲大風之夢使人飄飛此感夢也春夢發生夏夢高明秋冬夢熟藏此時夢也晉文公城濮之戰夢楚子伏巳而盬其腦本大惡也及戰乃大勝此反夢也陰病夢寒陽病夢熱內病夢亂外病夢發百病之夢或散或集此病夢也人之心情好惡不同或以此吉或以此凶當各自察常占所從此性夢也故先有所夢後無差忒謂之直比擬相肖謂之象凝念注神謂之精晝有所思夜夢其事乍吉乍凶善惡不信謂之想貴賤賢愚男女長少謂之人風雨寒暑謂之感五行王相謂之時陰極則吉陽極則凶謂之反觀其所疾察其所夢謂之病心情好惡於事有驗謂之性此十者占夢之大略也而決吉凶者多失其類豈覺爲陽寐爲陰陰陽之務相反故耶此亦謂其不甚者爾如使夢吉事而巳意大喜樂則眞吉矣夢凶事而巳意大憂懼則眞凶矣所謂春夏夢生長秋冬夢死傷也凡察夢者清潔鮮好貌堅體徤竹木茂美宮室器械新成方正開通光朙溫和升上向興之象皆爲吉喜謀從事成穢臭污濁腐爛枯槁傾倚欹邪劓刖不安閉塞幽昧解落墜下向衰之象皆爲凶懼計謀不從舉事不成妖孽怪異可憎可惡之事皆爲憂患圖畫卵胎刻鏤非眞瓦器虚空皆爲欺紿倡優俳舞併小兒所戲弄之物皆爲觀笑此其大都也夢或甚顯而無占或甚微而有應何也曰所夢不察而懵憒冒名也故亦不專信以斷今人相對計事尚有不從況慌忽雜夢亦何必乎唯有精誠所感神靈所告者乃可占耳故君子之異夢非妄也必有事故焉小人之異夢非榮也必有眞機焉今一寢之夢或屢遷化百物代至而其主不能究道之故占者有不中此非占之罪也乃夢者過也或其夢審矣而占者不能連類博觀故其夢有不驗此非書之陋乃說之過也故占夢之難者讀其書爲難也夫占夢必審其變故審其徵候内考情意外考王相則吉凶之符可見也且凡人之見瑞而脩德者福必成見瑞而縱恣者福轉爲禍見妖而驕侮者禍必成見妖而戒懼者禍轉爲福故太姒有吉夢文王不敢康吉祀於羣神然後占於朙堂竝拜吉夢脩省戒懼聞喜若憂故能成吉以有天下虢公夢見蓐收賜以土田自以爲有吉史嚚令國人賀夢聞憂而喜故能成凶以滅其封易曰使知懼又明於憂患與故凡有異夢感心無問善惡常恐懼脩省以德迎之乃能逢吉,,37144
卷之二十九,夢原,秦再思,紀異錄長安興義寺有僧智滿善圓夢寺有神堯皇帝賜額圓夢堂蓋不獨南唐徐文幼能圓夢始也,,37158
卷之二十九,夢原,倫道全,茸談曰今人說夢有醒而述其所見爲說夢者有夢中述其所夢爲夢中說夢者有夢中見夢覺而後知其爲夢中作夢者有三醒三夢夢悉如前而不攺者有平常所夢如期而復夢其事歷年若是者有所夢驚覺轉睡而仍接前夢者有甲夢乙而乙亦夢甲兩夢相應者有甲夢如是而乙夢亦如是兩夢相同者不可類述皆神魂變幻難以臆測也,,37164
卷之二十九,夢原,皆夢軒說,余客松上夢一道士戴華陽巾着黃練衣者來訪余揖而問曰客誠有道之士耶何衣冠之異也客笑曰子未開道也吾身蛻也衣又吾之所以蛻所蛻也蛻且非吾有蛻所蛻吾爲乎有哉余曰若是則遊方之内者縣而未解也請論縣解可乎客曰然子以淳于棼之典郡貴乎曰不足貴也子以莊周之爲胥樂乎曰甚樂客曰是二者皆未足以語縣解也敢問何謂耶曰汝於周則樂於棼則不貴豈以螘夢則夢胥夢則非夢也於一夢而別二夢是非縣之未解乎今吾有術能與萬物變化試使汝一爲胥一爲螘子且樂乎且不樂乎抑將以胥爲樂螘爲不樂乎曰悉不願也曰然則子於胥夢悅於螘夢憂悅爲火炎憂爲寒氷寒熱戰於内氷炭膠其胸縣之不解不旣深乎且子嘗於夢曉夢乎曰有之嘗於夢曉夢覺乎曰未也曰諾哉今巖穴之客江湖之士投簮𥿈而謝人事其往幾人其來復幾人吾視此猶夢曉夢也非夢曉夢覺也曉夢覺者孰有覺而曉夢之樂乎人能於夢曉夢而不能於夢曉覺是故終身遊於大夢而不知覺也於夢曉覺者其唯聖人乎然夢覺可以致而不可以傳也遊日中者忘昏夜之幽趨燈燭者忘暗室之陋吾燭子以暗室之光而不知大道之冥皎子以望舒之魄而不知陽烏之赫與子遊夢而不知相之非吾是以道可致而不可言縣可言而不可解詎不信夫於是恍然而醒惕然而起不知夢之爲吾吾之爲夢童子擁篲而進曰皆夢先生來也遂理前夢爲皆夢軒說,,37170
卷之二十九,夢原,鏡玉子夢覺解,呂仙祠在邯鄲之北呂仙憇此遇盧生自歎貧厄世緣未了仙以枕授生曰枕此令子榮適如意主人方炊黃梁生就枕夢畢姻登第歷官中書令年八十卒而寤睨翁在旁炊梁尚未熟謝曰先生教我矣後人榜其奇祠其地貌其神而盧生睡像存焉鏡玉子與客徘徊久之愀然問客曰若以爲玄乎人盡盧生人不盡悟盧生也逐塵緣之覆鹿任身徑之亡羊過鳥流雲何𦊱清虚一竅草根木蔕徒牽綠縟千容試問盧生未遇時化去時醒囘時誰眞誰幻誰夢誰覺說法經云一性自往來寤寐都爲幻生滅二因離是則常眞實道德經云生生化化又云不生不化夫人止一性萬刼恆靈但迷此即斷脩此即了區區天予之形體畢竟還天天不有形體而人欲據之爲有乎況形體中之榮枯之得失之愉拂石中火水中漚電中光鏡中影乎獨是本性不迷造化在我至人脫離生死以此耳若覓夢覓覺覺即是夢認眞認幻眞亦非眞本無夢也而意授塵塵授夢夢轉開覺本無生也而靈寄形形寄生生終歸化烏知赫赫者非鼾於仙枕也烏知營營者非角於虚空也百年食息總似黄梁一瞬韶華渾如迷寐藉不控定性關尋出世路正恐炊未熟而夢巳殘一性落萬輪中能堪幾虚度乎客然其言遂銓演其意作夢覺解三十首其一塊形隨化轉空靈轉夢覺何徂夢中身何𣸸夢後覺其二枕上非非夢夢中非非覺寤來身外身立證覺中覺其三覓覺覺仍夢破夢夢成覺四大總幻形來去何悲樂其四夢中還夢夢覺後幾覺覺眞性本無形迷夢縛空殻其五塵攘非關夢明妙非關覺撒手坐懸崖魂清夢亦覺其六無中有成夢有中無纔覺叅證無生解玄棲脫糞殻其七夜晝兩平分夢覺半相角駒隙夢中身清晝孰先覺其八世宙一蘧廬羲輪驅夢覺堪笑利名場勞勞夢裏角其九不醒百年夢長迷萬輪覺濁利固𧏙丸浮名亦蝸角其十解道塵爲夢孰圓夢處覺一絲了不牽沆瀣亦可喙其十一覺海淘無始夢團轉妙覺陸地有蓬瀛風塵漫自駁其十二爐火炊邊夢未熟何先覺靈藥自心苗黃梁等五濁其十三一枕八十秋方炊夢巳覺古今如電光仙枕亦塵殻其十四化夢隨化身化中身似覺夢殘身孰是幻形搆幻覺其十五夢生復夢滅無覺轉生覺妄起生滅因囘頭返大覺其十六化生儵生化孰夢更孰覺生化識前因靈光納五嶽其十七夢裏囂塵謝夢囘止帶覺泠然一虚無尋覺巳無覺其十八茫茫競空華眞如夢未覺石火與泡漚到頭覺不覺其十九虚轉刼中夢誰招三昧覺不謂六根空試悟蛻蟬殻其二十浮生一大夢叅來夢即覺萬刼一吹中眞靈堪幾剝其二十一細人迷刼夢豪人騁慧覺火馳燒空靈北邙冷荒埆其二十二大巧械爲君機鋒剸性覺一瞬鐘漏殘巧貢蟻鳶啄其二十三一枕繁華夢蕭然蘧遽覺何如淨塵根混沌了未斲其二十四筌解擯虚無請印黃梁覺一嘯乾坤空月光那可捉其二十五倪眞纔倪幻大夢在大覺夢覺多幻因妙竅還其朔其二十六有塵因有夢無夢亦無覺雲浮與雲空月明光自逴其二十七至人本無夢至覺亦無覺仙翁轉法輪游戲點夢覺其二十八無分周與蝶疇知夢與覺將無鼾仙枕覈玄早證覺其二十九亦解謝塵纓主恩重山嶽舒卷雲無心空澄不礙覺其三十枕上盧生夢終古阿誰覺疑是夢游仙夢中解夢覺,,37183
卷之二十九,夢原,夢占逸㫖,嘉靖壬戌之秋八月旣望陳子坐蒲陽軒中睠月色之漸高忻桂華之始放感盈虧之轉轂念榮瘁之循環於是舉酒命酌興發成酣枕簟載清隤然就寢夢皓睂之老叟披霞服而降庭授予一函金文炫目宛科斗之古篆欲宣誦而未能藏襲袖間猶恐遺脫獲玆奇玩心復生疑乃再拜問叟曰予與君遇無乃夢乎叟笑曰何遇非夢何夢非眞忽起譙聲予遂驚寤晨興喟歎是何祥也研思終日莫得其繇嗟夫夜之遇叟也其眞也耶晨之喟歎也其夢也耶將詢兆於占人慨煇經之墜地輒據見聞之末撰兹內外之篇用述微悰題爲逸㫖拂常隱語豈逭醉夢之譏遁世朽夫聊增噱譚之助爾壬戌九日應城養吾道人陳士元識,,37314
卷之二十九,夢原,眞宰,○眞宰眞宰窈冥無象無形澒濛渾穆氣數斯涵氣判陰陽數苞終始天旋地凝兩間定位而人物生矣人葆沖和肖乎天地精神融貫無相盭也天氣爲魂地氣爲魄氣清者魄從魂氣濁者魂從魄從魂爲貴從魄爲賤清魂爲賢濁魄爲愚此壽妖禍福之閫也有貴而賢有賤而愚有壽而福有殀而禍有貴而愚有賤而賢有壽而福有殀而禍有貴而愚有賤而賢有壽而禍有殀而福世變無恆幾則先肇魂能知來魄能藏往人之晝興也魂麗於目夜寐也魄宿於肝魂麗於目故能見焉魄宿於肝故能夢焉夢者神之遊知來之鏡也,,37320
卷之二十九,夢原,長柳,○長柳長柳之演載諸藝牒其詳不可得聞巳周官大卜掌三兆三易三夢之法三夢一曰致夢二曰觭夢三曰咸陟又以八命贊三兆三易三夢之占以觀吉凶夫兆倚龜而徵易賴蓍而顯蓍龜外物也聖人設教利用猶足以通於神明稽乎大疑乃若夢本魂涉非由外假度其端倪探其隱賾則榮枯得喪烏得而違諸,,37326
卷之二十九,夢原,衆占,○衆占衆占非一惟夢爲大夢與兆易準故三代尚焉洛出丹書乃設九疇兆法著矣河出綠圖乃列八卦易法行矣占夢之秘固性命之理而兆易之揆也三兆之體其經皆百有二十其頌皆千有二百三易之體其經皆八其别皆六十有四三夢之煇其經皆十其别皆九十夢與兆易豈有隆降矣武王伐紂夢協朕卜衛史朝曰筮襲於夢武王所用非達觀陰陽之故深究天人之際其孰能與於此,,37332
卷之二十九,夢原,宗空,○宗空宗空生問於通微主人曰夢者幻也與露電泡影等一切起滅皆歸虚妄主人曰汝奚不稽之古乎軒轅氏有華胥錄圖風后力牧之夢堯有攀天乗龍之夢舜有長睂擊鼓之夢禹有山書洗河乗舟過月之夢桀紂有黑風大雷之夢文王有日月丈人海婦之夢太公有輔星之夢孔子有先君芻兒三槐赤氣之夢女節有接星之夢太姒有松栢棫柞之夢伊母有臼水之夢孔母有空桑蒼龍之夢比事皆孚何爲虚妄生曰此緯錄稗說六經未載也主人曰九齡之與兩楹之奠記於禮經而春秋傳說夢尤繁若晉侯夢熊宋公夢烏呂錡夢射月聲伯夢涉洹魯昭夢襄公宋元夢平公晉文夢楚子衛莊夢良夫烝鉏夢康叔燕妹夢伯儵曹人夢振鐸鄭人夢伯有趙盾夢叔帶荀偃夢巫臯魏顆夢老人韓厥夢其父穆子遇庚宗之婦僖子納泉丘之女以至羸童二䜿天使河伯之名罔不紛陳錯綴而邑姜之夢虞實述於博物之子產往代君子覽而業之垂及千載豈皆習誕而承贋耶生曰禮記諸篇或雜漢語左氏務博未免浮誇何足符信也主人曰汝以師心之識滯其圓神爾夫商周之書小雅之詩非聖人之所刪定者邪高宗夢說審象旁求武王誓師朕夢協卜而宣王築室考牧有熊羆虺蛇衆魚旐旟之夢又使大人占之致其嚴重未敢䙝也雖幽王之朝訛言莫懲猶且召彼故老訊之占夢然則古人曷嘗忽厥夢占哉而緯稗所載足用資擇胡可概以爲寤而無辨也,,37340
卷之二十九,夢原,聖人,○聖人聖人無夢資蓋虚談云人而無夢槁形灰心之流不寐不覺不生不滅所樹異教也聖人莫加於孔子孔子壯則夢見周公卒則夢奠兩楹豈語怪哉赤子之生方浹旬日其寢而寐乳之弗受携之弗驚巳或逌然笑焉或艴然怒寤以啼焉謂之夢笑夢啼徐而叩之實未嘗寤也夫赤子無感何喜何怒而夢有所成則氣爲之充而神爲之使也聖人之心不異赤子託神靈府含陰吐陽非無夢也無妄夢以亂智爾楊朱乃謂五帝之事若覺若夢其不免岐路之悲乎,,37350
卷之二十九,夢原,感變,感變九端疇識其由然哉一曰氣盛二曰氣虚三曰邪寓四曰體滯五曰情溢六曰直叶七曰比象八曰反極九曰厲妖何謂氣盛陰氣盛則夢涉大水而恐懼陽氣盛則夢大火而燔灼陰陽俱盛則夢相殺上盛則夢飛下盛則夢墜甚饑則夢取甚飽則夢予肝氣盛則夢怒肺氣盛則夢恐懼哭泣飛揚心氣盛則夢喜笑恐畏脾氣盛則夢歌樂身體重不舉腎氣盛則夢腰脊兩解不屬短蟲多則夢聚衆長蟲多則夢相擊毁傷此氣盛之夢其類可推也何謂氣虚肺氣虚則使人夢見白物見人斬血籍籍得其時則夢見兵戰腎氣虚則使人夢見舟船溺人得其時則夢伏水中若有畏恐肝氣虚則夢見菌香生草得其時則夢伏樹下不敢起心氣虚則夢救火陽物得其時則夢燔灼脾氣虚則夢飲食不足得其時則夢築垣蓋屋此氣虛之夢其類可推也何謂邪寓厥氣客於心則夢見丘山煙火客於肺則夢飛揚見金鐵之奇物客於肝則夢山林樹木客於脾則夢見丘陵大澤壞屋風雨客於腎則夢臨淵没居水中客於膀胱則夢遊行客於胃則夢飲食客於大腸則夢田野客於小腸則夢聚邑衝衢客於膽則夢鬥訟自刳客於陰器則夢接内客於項則夢斬首客於脛則夢行走而不能前及居深地窌苑中客於股肱則夢禮節拜起客於胞䐈則夢溲便此淫邪之夢其類可推也何謂體滯口有含則夢强言而喑足有絆則夢强行而躄首墮枕則夢躋高而墜臥藉徽繩則夢蛇虺臥藉彩衣則夢虎豹髮掛樹枝則夢倒懸此體滯之夢其類可推也何謂情溢過喜則夢開過怒則夢閉過恐則夢匿過憂則夢嗔過哀則夢救過忿則夢詈過驚則夢狂此情溢之夢其類可推也何謂直叶夢君則見君夢甲則見甲夢鹿則得鹿夢粟則得粟夢剌客則得刺客夢受秋駕則受秋駕此直叶之夢其類可推也何謂比象將蒞官則夢棺將得錢則夢穢將貴顯則夢登高將雨則夢魚將食則夢呼犬將遭喪禍則夢衣白將沐恩寵則夢衣錦謀爲不遂則夢荆𣗥泥塗此比象之夢其類可推也何謂反極有親姻燕會則夢哭泣有哭泣爭訟口舌則夢歌舞寒則夢煖飢則夢飽病則夢醫憂孝則夢赤衣絳袍慶賀則夢麻苴凶服此反極之夢其類可推也何謂厲妖强死之鬼依人爲殃聚怨之人鬼將有報其見之夢寐者則由巳之志慮疑猜神氣惛亂然後鬼厲乘其纇瑕肆其怪孽故禍災立著福祉難祈也乃若晉侯受縶於秦伯燕王貶徙於房州則又其次矣此之謂厲妖之夢其類可推也凡此九端感變雖殊占應則一或同而異或異而同未可據其往規即譚凶吉王符夢列篇備矣,,37358
卷之二十九,夢原,天者,○天者天者羣物之祖至尊之位故曰天子者天帝之子也昔崔靈運夢蕭道成爲天帝第十九子而孫奉伯亦夢道成乗龍上天夫南齊之主閠餘耳猶且上應天命況勳弘混一位居正綂者乎是故漢文帝夢黃頭郞推巳上天宋神宗夢神人捧巳登天漢光武夢乘赤龍上天而馮異遂與諸將勸立趙汝愚夢負白龍升天而理宗果以素服即位此四帝者漢宋之賢主也和熹鄧后夢以手捫天而臨朝策立有功漢祚豈比宇文泰之母夢抱子升天未至而止陶弘景之母夢扶巳升天無後而絕者哉乃若劉穆之夢合丹升天竟登僕射韓稚圭夢捧天者再歷相二君陶侃薛安都夢謁天門皆秉節鉞之貴秦穆公趙簡子夢至帝所咸徵後裔之昌叔孫穆子夢人助巳勝天終有餓死之奇禍武士彠夢帝騎巳上天卒蒙追冊之僞名然而晉之小臣夢負景公登天而出厠之後即以爲殉漢之許楊夢上天爲天帝所怒乃功成善唐之賀知章夢上天遍遊帝居僅得請爲道士嗚呼吉凶可易占哉,,37370
卷之二十九,夢原,日月,○日月日月極貴之徵也昔漢武帝之母有神女授日之夢而宋之太宗眞宗仁宗寧宗其母之娠而育也蓋莫不夢日二或納日於襟懐或得日於神授或日墜而承之以手或日逼而承之以裾下至僭竊之輩夷狄之君如孫權啓吳劉淵稱漢拓䟦開魏耶律興遼咸有夢日之兆豈非據鎭一方綂馭萬姓其照蒞之誼名位之尊固有日之象也哉善乎衛靈公有言曰夢見人君者夢見日非竈君可喻也夢鬥日不勝而知齊景公之病瘳夢日繞軍營而知晉明帝之駕至陳高祖夢朱衣神人捧日而納其口唐玄宗夢緋褌兵士負巳而出諸井故魏文帝陳世祖皆夢日墜地而懐其三分之一者未能總合寰區之象也夫日爲至陽之精近之者顯程立夢捧日以立而更名曰昱韓氏夢朝日初出而命男曰暘陶母夢日精在懐而弘景以僊術揚名楊母夢日光射身而煥然以文章致貴賈隱林夢日墜於首而職陞糾察范應鈴夢日照於戸而官任少卿楊炎夢登山捧日而位晉中書鄭光夢馳車載日而爵除節度海陵守夢以身承日而驟典機密之務肥如令夢以牛挽日而終授散騎之銜玆非近君之驗耶然毛貞輔夢吞日腹熱可謂貴兆而占者僅許爲赤烏塲官蓋得推夢之圓法矣乃若月爲衆陰之長亦上天之使也呂錡夢射月而楚師敗者周王爲日而楚爲月也漢元后之生與夫齊婁后之生女也皆有懷月之夢果應妃后之尊孫策蕭繹其母皆夢月而策爲吳王定都江左繹爲梁帝肇迹湘東然享國皆不久遠豈能外其盈虧之數乎闞澤幼年夢名在月中范純仁初誕夢兒墮月中其清輝高譽傳映後世宜矣,,37378
卷之二十九,夢原,雷雨,○雷雨雷雨星電雲飈火冰晴晦之類皆天象也風雷爲號令雨爲恩澤瑞星彩雲電火爲文明氷泮爲婚媾之期此理微矣齊之竇母夢雷電耀目而泰生宋之宗母夢雷電燭身而生澤夢雨中戴帽者未沾一命之榮夢江上逢雷者果膺百里之宰若夫星爲元氣之英豈惟庶民之象故北斗爲尚書之位而士人夢此則有魁元之選長庚星應於李翰林老人星應於臧諫議黃亢之母夢吞星而亢名顯於宋代黃溍之母夢懐星而溍業著於元朝北齊高歡歩履星樞南唐伍喬名符星號由是觀之則知夢星臨身者爲吉夢星墜野者非祥火亦陽精飈爲噫氣智伯夢火光見於秦楚之邦仲尼夢赤飈起於豐沛之郡化彩雲而成鳳徐陵降誕之禎立堅氷而語人令狐媒介之兆錦虹升天驗李雄之僭號黑風破屋歎夏桀之將亡雲團入口知文譽之將興雲氣暗星測北敵之爲禍張鷟夢卿雲覆身而射策第一崔母夢碧雲授函而生女爲仙其文䖍祈晴許份禱雪達奚請雨之夢則精誠感格上下流通亦恆理爾未足訝也,,37390
卷之二十九,夢原,山川,○山川山川道路土石皆地之屬王充論衡曰山陵樓臺官位之象也人夢升山陵上樓臺輒得官位信斯言也則峰巒殿閣爲貴顯之標江海波濤爲財富之藪故劉穆之夢海峰秀而應召李虚中夢泰山裂而大還薛琡夢張亮掛絲在山謝奉夢鄭猷爭錢落水唐玄宗夢遊潛山之井齊世祖夢踐文王之田漢武帝夢登嵩山隋文帝夢遭洪水宋主夢河中水涸梁君夢田邊水深鄭獬夢遇吏而浴池張敏夢尋友而迷路謝靈運夢茅洞趙相璟夢柳河孫贊明夢浴溫泉鄧士載夢觀山水夢持浮磬之精則生令子夢浣西江之水則進佳文夢丘陵頓起果徵道路之崎嶇夢中原告平終驗寰宇之寧謐夢海濱送塔而僧言可信夢東南傾地而江左難平然則陶唐氏夢登山乘龍者豈非尊踐天位之兆高皇帝夢流水及足者又非功銘邊界之符也哉至於樓臺城郭厥兆不同漢明帝夢金人行御殿唐明王夢諸仙遊月宮王素夢至玉京牛益夢至天第方朝散夢玉華殿王平甫夢靈芝宮蔡君謨夢臥譙樓沈瑞夢書范宅應鈐之祖夢雙日照户張猛之母夢襲綬登樓衛莊公夢至昆吾臺齊世祖夢行太極陛傅游藝夢涉湛露殿荀伯玉夢上廣陵城崔元綜夢赴履信坊丁元珍夢謁黃牛廟若夫石曼卿爲芙蓉城主歐仲純爲長白山君蔣兒爲太山伯趙父爲澧州神玄宗造九天採訪宮陸洎判九州陽明府崔宅禱疾於后土徐精生子爲社公則又夢之怪誕難於究詰者也,,37400
卷之二十九,夢原,形貌,○形貌形貌聲音發於夢兆至無定也莊子曰夢哭泣者旦而田獵列子曰夢歌舞者哭長柳經曰夢吹噓者欲有求是哀樂相倚伏而氣機自旋轉知此而他可測矣昔𣈆侯夢楚子鹽其腦鄭灼夢皇侃唾其口劉之遴夢爲折臂太守張司直夢爲懷孕婦人楊子雲夢吐五臟張審通夢增一耳魏延夢頭上生角鄭獬夢臂上生鱗鄭玄夢刀破其心而尹知章之少年亦夢鑿破其心丁固夢松生其腹張志和之母氏亦夢楓生其腹齊景公夢人黑而短李林甫夢人晳而髯馮德明夢易肺肝王仁裕夢洗腸胃張后夢神劒決腸孫母夢吳門繞腸賈弼之夢人易其頭司馬懿夢帝枕其膝王處訥夢剖胸納其巨鑑武玄照夢滌腹受其靈符沈約夢斷舌而巫人之言相同唐主夢斷頭而太子之禪不爽夢舉體毛生而齊世祖即位夢舉體火熱而張敬兒伏誅夢換鬼眼而陶學士不至尊官夢變虎頭而李太守即承封誥夢與鬚者位登宰相夢擇鼻者官至郞中李廣夢苦心劉誕夢失髮周昭王夢摩臆隋文帝夢獨拳米元宗夢妻面黑痕宋羅妻夢佛手如席宋榮婦夢人流血而避亂顧琮夢母下體而得生夢臀黑而知𣈆侯受命於天神夢隱毛而知酈範豪盛於齊下推斯類也若有神明握其樞柄非人力所能轉移者矣,,37412
卷之二十九,夢原,食衣,○食衣食衣人生之切用昔何點夢服丸藥一掬而病痊齊后夢食麻粥兩甌而乳出韓退之夢吞丹篆一卷虞仲翔夢吞周易三爻張逈夢吞五色雲團李母夢吞八仙字錄趙道士夢吞靑栢葉馮侍郎夢吞紺蓮華劉贊夢吐金龜邵婦夢用玉筯侯弘實夢飲河水王仁裕夢飲西江張汝明夢服南星唐玄宗夢餐藤蕊夏侯訴夢仙藥可以痊母病陳宜中夢大黃可以愈天災江紑夢飲慧眼之泉丘傑夢噉生菜之毒謝進士夢吞珠顆而詩名大播唐僖宗夢吞棋經而奕㫖頓通然則劉敬宣夢呑土而吉梁大宗夢吞土而凶又豈可一端論乎若夫有夏神禹之初生也而修巳夢吞薏苡迨我大明太祖之方娠也而陳后夢吞藥丸此則兩儀純粹之氣鍾於二代聖母之身史冊流輝古今傳映非凡夢比也至衣服之夢亦有可占索充夢虜脫衣陳遵夢兒挽袖漢武帝夢繡衣使者王相國夢綠衣丱童李皇后夢羽衣降自牕中齊世祖夢桑屐行於殿上劉將軍夢褥席之賜竇中丞夢股肱之衣費絢夢衣錦在井而榮歸托䟦夢脫冠臥地而被害夢筆畫衣邊者徵南齊帝位之踐夢日入裙下者兆北齊後主之生鄧攸夢水旁㫁囊而授汝陰太守之符到漑夢湘東脫帽而膺會稽長史之職樂彦禎夢帶履舄而行果有警於軍士王源叔夢引紫服而進終有驗於荆公李固言夢著宰相禮衣劉審義夢受孝子緋服薛母夢錦衣一篋而生子爲秘書監仙母夢朱衣滿空而生子爲司命君至於方父夢赤衣跪告緩期裴君夢繡衣拜禰謝德乃蛇雉化形禍福有報者也,,37422
卷之二十九,夢原,器物,○器物器物應夢昔有明徵如商湯夢人負鼎劉河夢人授燭陶侃夢司馬與鎧魏武夢三馬同槽梁太祖夢對奕擾道唐武后夢雙陸不勝張猛之母夢佩印綬於樓中李白之母夢得棋子於户外劉勰夢執丹漆禮器王茂夢墮鐘磬樂器錢鞏之夢以銀盃爲珓張瞻夢以石臼爲炊王濬夢懸四刀徐溥夢授六鑰劉仁恭夢佛幡出指上沈慶之夢鹵簿入厠中陶母夢香爐降室徵弘景之登仙任母夢彩蓋懸鈴兆彥升之通顯夢女子携巨篩行空中驗金陵之漂杵夢神人舁大秤較天下知昭容之秉衡到母夢置鏡在懷而生男王子夢納鏡在腹而明術元質夢挽弓射狗而得第混墳夢載弓入海而成功夢儀衛喧迎而宣宗踐祚夢絳帳流遶而尹喜誕生夢道士持旌節而李凉公卒於天室夢僧童持寶幢而薛中丞卒於臺省乃若舟車之器應夢亦殊鄭光之夢車載日月劉之夢舟施華蓋沈嶓夢渡江覆舟水分兩段何休夢乘舟渡水舟判兩頭謝安夢乗桓溫之輿杜稜夢討侯景之艦此舟車之應夢者也舟車之外有益民用者孰非器物也哉惟聖人能制器而尚象在君子貴藏往而知來,,37434
卷之二十九,夢原,財貨,○財貨財貨之夢珠玉錢帛之類是也夢糞穢木石者得財帛夢珠玉錢帛者多光顯昔樂史之母夢珠五色佛祖之母夢珠二枚西施之母夢珠射身㓂瑊之母夢珠入口南齊桓氏夢食玉勝北齊胡氏夢坐玉盆邵康節之母夢用玉筯章得象之母夢獲玉像宰相張說夢玉燕而生郎中李朝夢玉魚而卒彥緒夢婦人取臺鏡閻涉夢母子贈金錢范母夢金席而生男晉帝夢玉盤而享位梁主夢曹武借錢謝奉夢鄭猷爭錢夢司錄貸錢千萬而貧儒頓富夢神人貿錢百萬而長子驟亡曹丕夢磨錢章奐夢積笏沈弘先夢得絹兩疋而壽算有定江文通夢還錦數尺而文名遽衰夫財貨之夢不一此固其式也,,37444
卷之二十九,夢原,筆墨,○筆墨筆墨亦器物之類也然文人才士賴此以展其情往蹟奇聞得是以傳於遠其爲器物雖微而功用甚大故特著於篇云昔吳王夢筆點額齊王夢筆畫衣舍人李嶠夢筆二枝與馬裔孫之夢相同范質和凝夢筆五色與江文通之夢弗異黄天叟夢得墨漬之筆於孔子紀少瑜夢受靑鏤之管於陸倕楊奐初誕夢神授筆而光射身旁李白少時夢花生筆而名聞天下王珣夢大筆如椽王勃夢丸墨盈袖此皆吉兆也乃若詞賦歌謠之夢則取驗紛然不一是故趙武靈王夢處女之歌司馬相如夢大人之賦令狐熾夢桐椎之語荀伯玉夢草肅之謠蕭貫夢撰曉寒之詞邢郎夢聽陽春之曲許渾夢攺飛瓊之句蘇軾夢作囘文之詩狄導度夢爲佳城篇李長吉夢爲玉樓記索綏夢題封角杜牧夢書白駒唐寅夢中呂之字而悲壽年王勃夢太極之言而著易理蔡少霞爲五雲閣吏而書碑碣山玄卿爲紫陽眞人而書宮銘王生夢作西施輓歌沈壻夢爲秦女墓刻郭仁表夢道士題紙上官魏夢煬帝借書蘇檢夢妻氏裁牋韋檢夢美姬賡律若夫蟾泣桂香長吉升天之韻蜩嗚槐綻孫樵乞巧之文池生春草謝公憶弟之章魂過大江閨婦寄夫之作張省躬夢友人賦贈李仲雲夢故弟誦詩又非夢中傳習者哉,,37452
卷之二十九,夢原,字畫,○字畫字畫屢變後世非蒼頡之舊矣而拆文解夢往往取效如松爲十八公槐爲木旁鬼垢去土而爲后虜脫衣而爲男羊無角尾而爲王筆點額顱而爲主木破天而爲未河無水而爲可狼啖脚而爲𨚫人上山而爲凶三刀爲州二山爲出片犬爲狀失禾爲秩車掛肉而爲斬箭射狗而爲第符融知馮昌殺董豐之婦李公佐知申春殺小娥之夫晉祚將盡預悟昌明之言曾妻于歸方識田日之姓崔湜座下聽法而照鏡李令戴草入水而持刀柳剌史柴欠七千孟少卿字書九十至於內人爲肉火軍爲煇絲山成幽昆皆有比角爲刀下用汝爲水邊女甄爲土西瓦聞爲門中耳與夫蘇棘丹砂丘八之字竝著徵驗豈非數有前定也哉,,37462
卷之二十九,夢原,科甲,○科甲科甲爵品莫不有前兆焉昔孫屋夢踐積木之上袁郭夢立北斗之下李迪夢剃髭曾逈夢𣸸耳胥偃夢斬項劉沆夢落頭楊通夢狀元投刺乃稱龍首山人堂吏夢狀元姓劉乃稱火山軍士王黻夢作樂迎狀元至張黼夢登第在狀元前馬希先夢靈槎之題秦少游夢殯柩之葬林榮祖攺名溫而鄉闈薦居第一孫貫攺名抃而春榜列居第三彭時岳正得魁首皆預夢於外官王鏊錢福爲狀頭竝應夢於主考王文博夢熊誼劉鑄之次第丁咸序夢龍起駱起之聯名宋嶽攺名言而春魁及第輒貞攺名著而四舉登科韋詞夢狀頭李固言樊系夢榜首王正卿楊敬之夢濮陽之姓皇甫弘夢石婆之神宋主策士夢菜齊殿基沈晦中魁夢身跨鵬背是科甲之顯實有先徵況爵品之榮又非前定者乎故文彥博入江瀆廟而巫祝巳知顯職裴玄眞過華山祠而老人報以貴期張文懿爲相巳預兆於寺僧呂夷簡當權亦先徵於濠守王播夢坐於杜之左潘玠夢立於趙之東高襄州商衡陽夢有人呼何僕射朱少卿夢聞鬼話曹確夢爲僧而杜宰相退位玄宗夢孝子而韋見素持衡根鎰夢任調拜麻奚陟夢吏書汗墨徐羡之夢先人告以當貴劉穆之夢鎭軍忽爾相迎沈裕可授五品之官邢陶難得水部之牒薛長史旬日除招討之職王小將終身掌將相之權陳安平東司異遷李輔國官祿巳盡華母夢其子爲司𨽾楊礪夢其主爲天尊至於陳文帝之夢昭達宋仁宗之夢馮京此與高宗之夢傅說成祖之夢周舟何以異哉是皆君臣神會幾兆不凡而劉禹錫所謂夢想神明之遊柳宗元所謂寤寐天顏之近要非諛詞也巳,,37470
卷之二十九,夢原,神怪,○神怪神怪之譚聖哲所閟也易稱睽鬼詩詠百神書紀六宗禮別五祀是蓋體物之㫖均非欺俗之文若謂夢魂之有交豈免謬悠之深議然緗函靑史或烱烱載焉何得概以爲虚也玆條數端用倒波蔓亦足以見事有定而難更幾有兆而莫匿詎非君子修身俟命之監乎昔唐堯夢白帝遺子夏禹夢蒼水告書迨我高皇帝夢天神授衣成祖夢城隍救駕此則聖君之夢關屬運代非可神怪論也若虢公夢蓐收趙嬰夢天使子玉夢河伯秦皇夢海神明帝夢金人丈餘劉曜夢金人東向符徤夢朱衣使者授龍驤大帥杜稜夢朱航池君稱征討將軍趙槩名更於金錄孫抃名愼於春榜鄭權名署於滄門秦彥名變於人呼張闡名定於神書曹熙名同於賢諱謝敷夢山神而得利習郁夢山神而封侯許攸夢爲北斗星君明皇夢得南山進士楚王夢遇巫山神女后羿夢逢洛水仙妃田千秋夢白頭翁而知訟太子之𡨚劉靈哲夢黃衣老而能愈母氏之病徐孝嗣夢童子請移床而免禍喬執中夢神人來𢌿職而遽殂崔浩夢與鬼爭義而定暦元王延壽夢睹鬼變形而作夢賦晉帝夢河神求馬桓豁夢山鬼告行史浦夢神人來自天上而知陳氏當興子嬰夢神人至自沙丘而知天下將亂趙旭夢靑童爲配弦超夢玉女爲妻夢羣仙奏樂而傳紫雲之音夢劉宿守邊而得石洞之像乃若呂光夢傅曜被殺范式夢元伯告亡皇甫謐夢曹爽受誅陶弘景夢蕭鏗言別蔡君謨夢張甲病死楊渥夢徐善遠來魏高祖夢嵇紹迎謁盧元明夢王由贈詩賈餗夢沈傅師報休虞集夢陳仲興對語石虎夢宣咸而託其子張駿夢子瑜而擢其孫王奉先夢愛子王家庭陸休符夢友人爲𨽾卒諸葛母夢元崇罹禍緱氏尉夢叔敏告災唐太祖夢魏徵杜如晦唐太宗夢薛收虞世南此則遊魂未久憑夢相通者也亦有往代之英遠寓後人之夢如齊景夢伊尹桓帝夢老聃吳孫皓夢霍光宋高宗夢崔令司馬括夢鄧艾呂子明夢羲文李壻夢田先生玄宗夢孫思邈孝武夢漢高祖黃翻夢孤竹君此與孔子夢周公同乎異乎至於孔子在天之靈則又劉勰張之純黃淵黃澤鄭玄譙周齊季鉉所嘗夢接者也高母夢仙語而名子爲琳劉父夢奇事而名子爲檇高彥夢道士之生而名子爲禮馬從政夢妾父致謝而名子爲涓趙葵虞集均叶夢於南衡倪岳尚書特有感於北鎭夢鄧禹而生范祖禹夢李白而生郭祥正夢謝靈運而生邊鎬夢牛僧孺而生劉沆夢戒禪師而生蘇軾夢許眞君而生宋庠若夫維嶽降神之雅詩蓋亦玄宰生人之妙道故榮王夢金帽神人入室而生理宗阿蘭夢金色神人趨榻而産六祖尹氏夢老翁賜男而名子爲瑞劉述夢神馬載兒而名子爲朝玆惟載之簡編猶未足爲奇異惟楊億始生而體有鶴蛻薛瑄初誕而肌若水晶則今昔所鮮聞也豈輪迴邪說也哉,,37480
卷之二十九,夢原,壽命,○壽命壽命短長智者不惑然光陰迅邁則聞道脩身之學聖賢所汲汲敏求者也昔文王之母夢生子壽而昌宇文之母夢生子壽而貴武王九十三而終乃文考與以三歲龔母八十二而卒乃厥孫祈得五年楊大年數至四十七而告殂劉弘敬壽增二十五而無恙李適至夢論大衍全數而壽止四十九禇彥囘夢差卜蓍一策而壽止四十八沈慶之夢絹二疋劉之亨夢鯉二頭王堇占夢棘而知爲妖徵趙直占夢桑而決其壽數竇老夢延三紀徐溥夣有兩干查道夢積善而增齡鄭玄夢歲辰而合讖顏畿齒數未終而復生之夢有驗慕容法年算將盡而禪位之夢可推宋頴夢亡婦來辭李妻夢夫君泣别婁公夢祿命之籍吕湮夢地府之官栢折夢太守相迎王瞻夢吏人奉召此則天命不移人生前定者也若夫棺槨塚墓乃送死厚終之制而形諸夢寐者亦有吉凶之殊焉是故趙良器夢棺十一而貴列中書高達夫夢棺寛大而秩攺詹事夢一棺至堂中而李公入相夢二棺落天上而索充再遷陽休之夢登冡扳柱而進位封公朱照鄰夢造棺弗成而應舉下第周堅伯夢講道坐陰堂歎其壽盡李元忠夢執燈入父墓兆在光前至於溫序李德裕之死也皆託夢而得歸葬豈非精𠁊之未嘗泯滅者哉,,37498
卷之二十九,夢原,鳳鳥,○鳳鳥鳳鳥仁鳥也德茂丹穴道光於庭蓋與麟龍竝靈矣自鳳而降總稱凡鳥而叶夢則有辨焉周宣夢書曰雞爲武吏有冠距也夢見雄雞則憂武吏若然則鶴鳬爲仙烏鷹準爲義鳥烏爲孝烏雉爲介鳥孔雀爲文鳥鴻雁爲賓鳥鵲爲喜鳥睢鳩鶺鴒爲有別有序之鳥鴟鵬爲妖鳥不可類推乎是故夢鳳下溪澤而齊世祖位禪宋朝夢鳳止家庭而段少連官居學士夢鳳集其身而娠王遠知也寶誌識其爲神仙宗伯夢鳳集左肩而生徐孝穆也寶誌歎其爲天上麒麟夢吐白鳳而楊雄甘泉之賦成夢接赤烏而劉漢太公之祥顯夢紫鳥下降而命名爲鸑夢大鳥高飛而攺名爲翀夢彩烏入口而羅含擅文藻之佳聲夢雙鳳集拳而孫氏遭削桐之凶訊夢吞金雞而產興宗是爲𨖚主之兆夢懷玉燕而孕張說是爲宰相之徵夢羣鶴而張氏生九齡夢翠雞而施氏生四子夢雁鶴來迎而康節之數盡夢雌鶴飛去而永叔之女亡夢折鸚鵡之翼而廬陵王因以召還夢駕仙鶴以遊而李抱眞終於不悟夢身跨鵬烏而沈晦得大魁之兆夢身爲蝴蝶而莊周識物化之原夢雀銜丹書而文王起爲西伯夢烏銜長傘而徐子果以惡終夢孔雀羽爲袞服此南齊之所以興夢金翅鳥食小龍此南齊之所以弱也,,37508
卷之二十九,夢原,獸羣,○獸羣獣羣以麟爲瑞昔孔子夢芻兒捶麟得麟書三卷其後西狩獲麟遂作麟經云熊爲伯鯀之神又爲晉卿之祖故晉平公夣黃熊入寢門趙簡子夣射熊在帝所此左遷之言可考也而符徤之母夣大熊據戶雷機之父夣黑熊行天非小雅所謂男子之祥乎虎稟秋殺之氣山獸之長暴虐不祥之兆也故胡亥夢虎囓左驂曹爽夢虎衘雷公倪盜因夢白虎而生周令因夢乳虎而病獅爲毛羣之特象本搖光之精故王敬則夢騎獅子而位至太尉張成遜夢得大象而官居郡守至於佛祖之生則應白象之夢焉馬牛二畜取象乾坤而占夢者或以馬爲火而卦屬離宮牛爲陰而類同廟鬼故黃平夢舍中馬舞而火作唐武夢空中馬飛而事成童豐夢乗馬停水而喪妻劉述夢神馬載兒而得子李伯鄰夢洗馬張文成夢乘驢蔣琬夢牛頭流血而進公位周繕夢牛尾垂雙而失貨財陳邑宰夢道聽牛言張丞相夢誤斷牛訟若夫坎豕艮狗兌羊亦皆家畜而夢兆有同漢景帝漢降赤彘安祿山夢化黑猪燕相夢豕變龜關羽夢猪囓足裴子夢射狗而得第王敦夢大噬而喪軀李令夢母猪極大而得爲屯主許超夢盜羊入獄而得封城陽吳夫差夢黑犬走號而滅於句踐張天錫夢綠犬偪咋而敗於符堅吳近夢白羊而賢后產於未年高宗夢白羊而孝子生於未月黃帝夢驅羊萬羣而得乎力牧李公夢食羊萬數而驗於異僧乃若狼稟金精以狗爲舅鹿涵斗曜以羊爲友故張鋋夢與蒼衣人會讌晉婦夢與黄褐人相淫此狼之爲妖也史思明夢鹿死水涸而命盡須臾吉士瞻夢鹿鞟成堆而祿遷十一此鹿之爲兆也凡爲獸羣者可不觸類而占也哉,,37518
卷之二十九,夢原,龍蛇,○龍蛇龍蛇之夢載於傳記可據而譚也有夢龍而應降誕之祥者如漢薄昭夢蒼龍據腹而生代王晉李后夢兩龍枕膝而生孝武濮王夢龍墮衣上而生英宗黃妃夢龍納懷中而生度宗豐公之妻夢烏如龍而生太公魏武之后夢日化龍而生文帝北齊婁后有四龍之夢南齊陳后有小龍之夢是也有夢龍而應尊貴之兆者如後漢光武夢赤龍上天南齊太祖夢乘靑龍逐日劉穆之夢船挾白龍而受宋武之召趙汝愚夢背負白龍而爲理宗之臣荀伯玉夢齊帝六龍出腋滕雋夢吳程赤龍化形南唐義祖夢袒身取龍而得烈祖烈祖夢殿檻繞龍而得元宗是也至於黃帝氏夢龍授白圖王積薪夢龍吐棋經蓋靈妙之理造化所泄也西京雜記謂董仲舒夢蛟龍入懷而作春秋繁露不有繇哉亦有夢龍而非祥者如郭瑀將終則夢龍止於屋孫休陶母夢乗龍無尾果著絕後之徴然吳澄之生鄰媪夢蜿蜒之物降於池中龍乎蛇乎未可知也夫蛇亦龍類厥兆不同故秦文公夢黄蛇亘天晉文公夢大蛇當道劉禎夢蛇生足隋侯夢蛇報珠唐琮夢蛇繞身而作草書范延光夢蛇入腹而蓄異志西蜀李雄之生大蛇見夢於母氏南齊遙光之敗羣蛇見夢於城人然謂虺蛇爲女子之祥豈盡然哉,,37530
卷之二十九,夢原,龜魚,○龜魚龜魚蠅蟻之屬莫不稟氣於陰陽存形於水土故抱朴子曰雞有摶棲之雄雉有擅澤之矯蟻有兼弱之智蜂有攻寡之計又曰周和王南征一軍盡化君子爲猿鶴小人爲蟲沙豈非各從其類哉昔宋君夢神龜出使於河伯高虜夢神龜隕命於秦庭劉贊夢金龜而進文才梅老夢黄龜而生男子燕相有夜光之報韓愈作玄夫之詩萬畢得名龜而夢送水中淳于棼見腐龜而夢獵山上然稽諸易象龜屬離而魚屬巽其見於夢豈特詩人衆魚之夢應豐年而巳哉漢武夢魚求去鉤而獲珠胡妻夢魚躍水盆而生姪太守劉之亨夢魚乞命與邑宰阿失里夢魚禁捕者無異也而一則延算一則溺民則悟不悟之殊爾乃若昆蟲之屬厥類實繁靑蠅止樊詩人所剌故昌邑王賀夢蠅矢積階吏部何晏夢蠅頭聚鼻皆有讒兆焉蛆蟲則依附而不散衆庶之象也故馬后夢飛蟲入膚唐祖夢羣蛆食體皆有貴徵焉至於蟻本螫蟲亦居王號奉檄南柯爲郡守而大治浮蘆江上能穴獄而報恩此或文士寓言要亦夢境所有也,,37540
卷之二十九,夢原,草木,○草木草木入夢各以類應劉向曰心應棗肝應榆周宣夢書曰松爲人君夢見松者見人君也又曰榆爲人君之德至仁也夢採榆葉受恩賜也夢居榆樹得官貴也又曰楊爲使者夢持楊奉使命也又曰禾稼爲財田之所出夢見禾稼言財氣生夫周宣善占夢其書雖不見其全玆亦可窺其概云昔太姒夢商棘周梓而國家興亾即此乎判矣丁固夢松而爲貴兆張宅夢栢而作凶徵夢楓生腹志和名動楓宸夢柳仆地宗元職居柳牧夢大魚食蒲知符生之將廢夢滿江長艾驗蕭帝之將昌李夫人夢木瓜二株劉巢林夢石橊兩樹紹宗夢蒜申母夢芝明皇夢藤花吳近夢芍藥劉浩夢籬下粟蔡茂夢殿上禾劉靈哲夢竹筍而母病可痊張之純夢嘉果而賢嗣遂誕爾朱兆興兵夢盡㧞馬藺之草劉昌言下第夢飛入剌桐之花陰貴人夢食𤓰甚美而種自蓬萊宋孝子夢得𤓰奉母而事傳魏國苻堅夢菜城而難乎爲將王戎夢桑椹而相繼遭喪何生夢桐木爲像而鄰產最良張尋夢竹節生庭而暴貴不久雖云植物之無情亦見夢占之有像也,,37548
卷之二十九,夢原,施報,○施報施報幽明之常理也善惡旣積慶殃有餘形聲所存影響不貳故普曠惠於窅冥者必蒙顯佑加慘毒於無罪者自受陰誅昔魏顆嫁父妾而老人結草於道衢李珏濟貧人而仙府書名於石壁陳妻酧古塚以茶而獲貫鈔十萬周婢𥿈髑髏之刺而得金鐶一𩀱豈覬利於渺漠迂談以惑俗者哉乃若趙氏之𡨚搏膺請帝良夫之酷被髮叫天姚萇害苻堅而率鬼相攻陶繼斬樂伎而訴天得理漢靈帝殺宋后而上天震怒宋廢帝殺宮女而佞倖肆殃高昻殺奴京兆而膏血淋漓陳悅殺賀㧞岳而精神恍惚徐溫發朱瑾之尸因得病而攺葬張湊收杲卿之髮因見夢而立祠彭妻嗜殺而死於不義之奴胡篤誣夫而亡於不育之孕商仲堪葬水漂之槨鄒潤父埋西土之尸周簿喪於土囊而二盜莫匿劉昌瘞其枯骨而衆鬼謝恩城陽王報祖仁之讎周文王許君禮之葬如斯類者蓋未暇縷計也至於昆蟲之渺微亦皆稟命於洪造如董君渡蟻方父焚一劉之亨放魚裴安祖活雉老僧哺鴿李令瘞羊金仙呪蛛桓邈救鴨厥有感報祥眚可徵而況於人鬼屈伸之間精魂變化之際乎故曰天網不漏人心難欺陽明盛者神啓其衷陰濁多者鬼瞰其尸形諸夢寐不有靈驗哉,,37556
卷之二十九,夢原,泛喻,○泛喻泛喻不如切思博評不如約說夢寐所兆事涉微茫非約說而切思將移神而蕩志故衛玠昧於夢想者寡切思之功而樂廣善於剖析者獲約說之㫖也莊子曰方其夢也不知其夢也覺而後知其夢也此語夫夢覺者也而非所以語夫夢夢覺覺者也知夢夢而覺覺則達於死生之故明於終始之端夢亦覺也覺亦夢也夢亦覺也者如莊子夢爲蝴蝶梁世子夢魚鳥者也覺亦夢也者如太史芻狗之夢周宣芻狗之占是也若夫盧少年受邯鄲之枕功成壽終而黃梁未熟楊國忠得龜玆之枕通仙渡海而玄境可遊則是宇宙一枕也進退榮枯枕竅出入者也王起所謂夢裏贏輸豈不誠然乎哉嗟夫夢之成也又非可以一竅求矣靈樞經曰淫邪襲內必發於夢則瀉其有餘補其不足而夢可巳也内經曰少陰之厥令人妄夢鍼剌違時令人善夢則合之五診而脉可知也至於鯉湖仙廟祈夢有徵蓋川嶽之靈知人休咎故託夢而泄其幾朕爾而融高之草可以占夢豈非蓍莢之類通於人心者乎然元魏詔誅沙門以明帝金人之夢出於虚妄此固闢邪之確論要非占夢之圓機不然則周之盛時文治大興何以得吉夢而拜受金之世祖華言未諳何以卜夢寐而興師也耶自衛國嬖人讒逐太叔而占夢之術始不可憑自安虜立祠援夢以欺帝楊妻生子引夢以欺夫而夢始不可占矣悲乎豈夢之不效哉吾之述逸㫖也其夢乎其覺乎吾不自覺也是亦夢也矣後之君子試覽逸㫖而耳吾曩夢━━━━━━━━━━━━━━━━━━━━━━━━━━━━━━━━━━━━━━━━━━━━━━━━━━━━━━━━━━━━━━━━━━,卷之三十,37566
卷之二十九,夢原,泛喻,━━━━━━━━━━━━━━━━━━━━━━━━━━━━━━━━━━━━━━━━━━━━━━━━━━━━━━━━━━━━━━━━━━,,37582
卷之三十,夢徵,上天,○上天,虞,37599
卷之三十,夢徵,上天,帝堯受封於唐爲諸侯嘗夢上天故二十而登帝位,,37602
卷之三十,夢徵,天壓巳,○天壓巳,周,37606
卷之三十,夢徵,天壓巳,穆子去叔孫氏及庚宗遇婦人使私爲食而宿焉問其行告之故笑而送之適齊娶於國氏生孟丙仲壬夢天壓巳弗勝顧而見人黑而上僂深目而𢔾喙號之曰牛助予乃勝之旦而皆召其徒無之且曰志之及宣伯奔齊饋之宣問曰魯以先子之故將從吾宗必召汝召汝何如對曰願之久矣魯人召之不告而歸旣立所宿庚宗之婦人獻以雉問其姓曰予長子矣能奉雉而從我召而見之則所夢也未問其名號之曰牛曰唯皆召其徒使視之遂使爲𥪡,,37609
卷之三十,夢徵,天與巳蘭,○天與巳蘭,春秋,37630
卷之三十,夢徵,天與巳蘭,鄭文公有妾曰燕姑夢天使與巳蘭曰余爲伯鯈余而祖也以是爲而子以蘭爲國香人服𡡾之如是旣而文公見之與之蘭而御之辭曰妾不才幸而有子將不信敢徵蘭乎公曰喏遂生穆公名之曰蘭,,37633
卷之三十,夢徵,捧巳上天,○捧巳上天,西漢,37642
卷之三十,夢徵,捧巳上天,文帝嘗夢黃頭郎捧巳上天及見乃鄧通也遂愛幸之賞賜累鉅萬相云當貧餓死帝曰富通者在我乃賜通銅山得自鑄錢後有罪寄死人家竟如相言,,37645
卷之三十,夢徵,自訴於天,○自訴於天,西漢,37653
卷之三十,夢徵,自訴於天,靈帝后宋爲中常侍王甫等陷廢憂死後帝夢見桓帝怒曰宋后有何罪過而聽用邪孽使絕其命勃海王悝旣巳自貶又受誅斃今宋氏及悝自訴於天上帝震怒罪在難救夢殊明察帝旣覺而恐尋亦崩焉,,37656
卷之三十,夢徵,乘龍上天,○乘龍上天,東漢,37664
卷之三十,夢徵,乘龍上天,光武召馮異曰我昨夜夢乘赤龍上天覺寤心中動悸異因下席拜賀曰此天命發於精神也遂與諸將議定上尊號,,37667
卷之三十,夢徵,捫天,○捫天,東漢,37673
卷之三十,夢徵,捫天,和熹鄧皇后太傅禹之孫也嘗夢捫天蕩蕩正靑若有鍾乳狀乃仰嗽飲之以訊諸占夢言堯夢攀天而上湯夢及天而餂之斯皆聖王之前占吉不可言永元七年后入宮年十六爲貴人㳟肅小心動有法度十四年夏陰后以巫蠱事廢至冬立爲皇后殤帝安帝立臨朝二十年,,37676
卷之三十,夢徵,天際有三人,○天際有三人,東漢,37685
卷之三十,夢徵,天際有三人,馬處伯少年信佛法作宣漢縣令元嘉丁丑七月夜夢見天際有三人長二丈餘臨雲下觀諸天伎樂盈於空中告曰汝厄在荆楚戊寅之年八月四日若處山澤其禍克消若過此期當悟道也處伯後爲蕭思話𠫭軍思荆楚之言懼求解職將適衡山蕭不許戊寅六月得病至八月危篤一日忽朗然遙見西方有三長人列於空中詳視之即前所夢者也頃之不見同居小大皆聞香氣因而流汗病即平復,,37688
卷之三十,夢徵,青氣燭天,○青氣燭天,魏,37699
卷之三十,夢徵,青氣燭天,文帝問宣曰我昨夜夢靑氣自地燭天對曰天下當有女子𡨚死是時帝巳遣使賜后璽書聞宣言而悔之遣人追使者不及,,37702
卷之三十,夢徵,天門九重,○天門九重,東晉,37710
卷之三十,夢徵,天門九重,陶侃夢生八翼飛而上天見天門九重登其八唯一門不得入閽者以杖擊之因墜地折其左翼後侃仕至八州都督,,37713
卷之三十,夢徵,仰視天開,○仰視天開,西晉,37719
卷之三十,夢徵,仰視天開,薛安都嘗夢仰頭視天正見天開謂左右曰汝見天門開否及宗武踐祚以功封南鄉縣男乃歎曰夢天開乃其象耶,,37722
卷之三十,夢徵,天第十九子,○天第十九子,齊,37727
卷之三十,夢徵,天第十九子,參軍崔靈建夢天謂蕭道成是我第十九子我去年巳使授其天子位自三皇五帝以降受命之次至帝爲十九也,,37730
卷之三十,夢徵,天中字,○天中字,梁,37734
卷之三十,夢徵,天中字,沈瑀宿范雲家梦坐屋梁柱上仰見天中字曰范氏宅後雲經沈攸之之變屢殆獲免瑀語陳高祖高祖曰雲得不死此夢可驗,,37737
卷之三十,夢徵,天開數丈,○天開數丈,陳,37743
卷之三十,夢徵,天開數丈,陳武帝微時夢天開數丈有四人朱衣捧日而至納之帝口及覺腹内猶熱,,37746
卷之三十,夢徵,升天,○升天,唐,37751
卷之三十,夢徵,升天,宣宗初封光王甞夢乘龍升天言之於鄭后曰此不宜人知者幸勿言歷太和會昌間愈事韜晦及武宗崩遂以皇太叔嗣大位,,37755
卷之三十,夢徵,天風海濤,○天風海濤,宋,37761
卷之三十,夢徵,天風海濤,張亶熈寧中夢行仙府中聞天風海濤聲振林木徐見海中樓闕金碧瓊居琅琅者數百人揖亶出紙請賦詩細視筆硯皆碧玉色且戒之曰此間文章要似隱起鸞鳳與織女機杼分巧過是乃人間語耳亶成一絕云天風吹散赤城霞染出連雲萬𣗳花誤入醉鄕迷去路𠊓人應笑忘還家有仙人曰子詩絕佳未免近凢酌酒一杯極甘寒忽覺身墮萬仭山而覺,,37764
卷之三十,夢徵,名掛天曹,○名掛天曹,宋,37775
卷之三十,夢徵,名掛天曹,竇禹釣漁陽人爲諫議大夫年三十無子夢亾祖父聚謂之曰汝早修行緣汝無子又壽不永禹釣唯諾禹釣爲人素長者至是愈積陰德塟貧嫁孤周困不可勝數後復夢祖父謂曰汝有陰德名掛天曹特延算三紀賜五子顯榮仍以福壽而終後禹釣年八十二卒五子登第皆爲顯官八孫亦貴,,37778
卷之三十,夢徵,大哥乘龍上天,○大哥乘龍上天,宋,37786
卷之三十,夢徵,大哥乘龍上天,宋主未立時有不遜語后不樂大臣有不與立太子者陰進廢立之說太后言昨夕一夢甚異見吾兒𨚫在慶寧宮坐大哥乗龍上天去大哥者神宗也韓琦即曰𨚫在慶寧乃是聖躬復舊之兆此亦好夢又從容言曰太后無親生兒女今皇帝自少鞠于宮中皇后又是外甥乃天安排此好兒婦以遺太后不易際會如此豈不愛惜,,37789
卷之三十,夢徵,天命爾子宰相,○天命爾子宰相,宋,37798
卷之三十,夢徵,天命爾子宰相,張君悅家蜀綿竹世以積德聞紹聖初再試制科宰相章惇覽其策以所對不以元祐爲非大怒雖得僉書劍西判官以去而科目自是廢矣仕旣不甚達益篤意植徽貤慶以貽後人嘗晝寢夢神人自天降告之曰天命爾子名德作宰相驚而寤未幾誕魏公生時魏公之兄名滉君悅不欲更何從乃字魏公曰德遴出入將相垂四十年忠義勲名爲中興第一天固有以啓之者歟,,37801
卷之三十,夢徵,捧天者再,○捧天者再,宋,37813
卷之三十,夢徵,捧天者再,韓稚圭知泰州日卧病數日冥然無所知倏然而蘇語左右曰適夢以手捧天者再不覺驚悟其後援英宗於藩邸戴神宗於春宮捧天之兆巳見於慶曆中固知賢臣之勲業非偶而致也,,37816
卷之三十,夢徵,天賜爾子,○天賜爾子,宋,37821
卷之三十,夢徵,天賜爾子,馮涓字巨濟父以中年無子置一妾極姝麗毎理髪必引避如有沮喪之狀涓父怪而問之則曰某父本守某官不幸而死家甚遠無力可歸故鬻某今猶未經卒哭約髪者實素帛暫以綘綵蒙其上不欲公見初無他也父聞之惻然即日尋訪其母還之且厚有資助是夕夢一羽人曰天賜爾子慶流涓父明年果生一子因以涓字名之及長赴試復夢羽人曰汝欲及第當中三魁旣而魁太學魁鄉薦唱名爲天下第一,,37824
卷之三十,夢徵,日月着身,○日月着身,周,37841
卷之三十,夢徵,日月着身,周文王夢日月着其身,,37844
卷之三十,夢徵,日入懷,○日入懷,西漢,37848
卷之三十,夢徵,日入懷,王皇后入宮夢日入懷後生武帝于猗蘭殿,,37851
卷之三十,夢徵,月入懷,○月入懷,西漢,37856
卷之三十,夢徵,月入懷,王禁妻李氏任政君在身夢月入其懷及壯大婉順五鳳中政君年十八矣入掖庭爲家人子歲餘會皇太子所愛幸姬死宣帝令皇后擇後宮家人子可以虞侍太子者使掖庭令送政君太子宮見內殿得御幸有身甘露三年生成帝於甲舘,,37859
卷之三十,夢徵,負日行,○負日行,東漢,37867
卷之三十,夢徵,負日行,王美人趙國人也以良家子應法相選入掖庭時靈惠何皇后性彊忌後宮莫不震懾美人有娠畏后乃服藥欲除之而胎安然不動又數夢負日而行光和四年生皇子協后遂鴆殺美人協養於董太后靈帝崩皇子辯即位董卓將兵入洛陽廢辯爲弘農王而立協是爲獻帝,,37870
卷之三十,夢徵,月日入懷,○月日入懷,三國,37881
卷之三十,夢徵,月日入懷,孫堅吳夫人孕而夢月入其懷旣而生策及孕權又夢日入其懷以告堅曰㫺姙策夢月入我懷今也又夢日入我懷何也堅曰日月者陰陽之精極貴之象吾子孫其興乎,,37884
卷之三十,夢徵,乘龍逐日,○乘龍逐日,齊,37890
卷之三十,夢徵,乘龍逐日,齊主蕭道成年十七時嘗夢乘靑龍上天西行逐日後受宋禪云,,37893
卷之三十,夢徵,抱日,○抱日,梁,37897
卷之三十,夢徵,抱日,梁武帝蕭衍以宋大明元年生于秣陵先是皇妣張氏嘗夢抱日巳而有娠遂產帝,,37900
卷之三十,夢徵,月墮懷,○月墮懷,梁,37905
卷之三十,夢徵,月墮懷,阮脩容之娠元帝也夢月墮懷中,,37908
卷之三十,夢徵,日鬥,○日鬥,隋,37912
卷之三十,夢徵,日鬥,文帝夢大小二日鬥大者光減墜地色正黄其大如斗帝三分取一懷之,,37915
卷之三十,夢徵,日化爲龍,○日化爲龍,北,37919
卷之三十,夢徵,日化爲龍,北魏世宗母高夫人初夢爲日所逐避于牀下日化爲龍繞巳數匝寤而驚悸遂有娠是生世宗平城宮,,37922
卷之三十,夢徵,日入室,○日入室,北魏,37926
卷之三十,夢徵,日入室,劉淵張夫人懷孕夢日入室覺以告淵淵曰此吉徵也愼勿言十五月而生聰焉,,37929
卷之三十,夢徵,日出室内,○日出室内,北魏,37935
卷之三十,夢徵,日出室内,北魏賀皇后因遷徙游於雲澤寢夢日出室內寤而見光自牗燭天歘然有感生魏主拓䟦珪,,37938
卷之三十,夢徵,日入臍中,○日入臍中,北魏,37942
卷之三十,夢徵,日入臍中,慕容德母公孫氏夢日入臍中晝寢而生德德後稱帝于廣固,,37945
卷之三十,夢徵,車載日月,○車載日月,唐,37950
卷之三十,夢徵,車載日月,鄭光於會昌六年夢車中載日月光芒燭六合占者曰必暴貴無何唐武宗登遐宣宗即位而孝明皇后鄭氏宣宗之母即光之姊也光以元舅之尊撿挍戸部尚書諸衛將軍出爲平盧節度使,,37953
卷之三十,夢徵,吞日,○吞日,唐,37960
卷之三十,夢徵,吞日,毛貞輔累爲邑宰應選之廣陵夢吞日旣覺腹中猶熱以問侍御史楊廷式式曰此夢至大非君所能當若以君而言當得赤烏塲官也果如其言,,37963
卷之三十,夢徵,捧日授巳,○捧日授巳,宋,37971
卷之三十,夢徵,捧日授巳,杜太后夢神人捧日授巳而有娠遂生太宗,,37974
卷之三十,夢徵,日光耀體,○日光耀體,宋,37978
卷之三十,夢徵,日光耀體,元德李后歸宋太宗夢日輪逼巳承以裾光耀遍體驚寤是生眞宗,,37981
卷之三十,夢徵,日初出,○日初出,宋,37985
卷之三十,夢徵,日初出,喬執中未過省時父竦素事普照像甚嚴日夕禱之夜夢一紫衣僧至堦前指庭之東見日初出甚近而光眀不可正視後英宗登極遂中第御名從日也,,37988
卷之三十,夢徵,月中兒墮,○月中兒墮,宋,37994
卷之三十,夢徵,月中兒墮,范文正公夫人有娠夜夢月中墮一兒承以衣裾得之遂生仁純是爲忠宣,,37997
卷之三十,夢徵,四日並出,○四日並出,宋,38001
卷之三十,夢徵,四日並出,徽宗在燕山謂閤門宣贊舍人管幹龍德宫曹勛曰我夢四日並出此中原爭立之象不知中原之民尚肯推戴康王否因出御衣絹半臂親書其領中曰便可即眞來救父母,,38004
卷之三十,夢徵,東南日光射身,○東南日光射身,元,38009
卷之三十,夢徵,東南日光射身,楊奐母嘗夢東南日光射身旁一神人以筆授之巳而生奐其父以爲文明之象因名之曰奐字煥然後以文學政事爲元名臣謚文憲,,38012
卷之三十,夢徵,月花符名,○月花符名,元,38020
卷之三十,夢徵,月花符名,月魯不花就試江浙鄉闈中選右㮄第一方掲曉試官夢月中有花巳而果符其名及登元統元年進士第敭歷中外頗著聲績後死倭難獲贈典謚忠肅,,38023
卷之三十,夢徵,月常四五,○月常四五,明,38030
卷之三十,夢徵,月常四五,王司空一夔字大韶江西新建人父任汀洲府推官時公隨侍宦邸數夢在府前譙樓凭枋而立月常四五心頗疑之後公中會試名在第二其下第三名即婁方也,,38033
卷之三十,夢徵,北斗墜殿,○北斗墜殿,蜀漢,38043
卷之三十,夢徵,北斗墜殿,後主之在娠也甘后夢北斗墜殿脊上俄如裂帛金光照天及生乃字之曰阿斗,,38046
卷之三十,夢徵,履星而行,○履星而行,齊,38051
卷之三十,夢徵,履星而行,高歡嘗夢履衆星而行覺而内喜後果代魏,,38054
卷之三十,夢徵,星墜壓脚,○星墜壓脚,梁,38058
卷之三十,夢徵,星墜壓脚,陳奇初被召夜夢星墜壓脚明日告人曰星則好風星則好雨夢星壓脚必無善徵後竟以造𧩂書見枉遂至于大戮,,38061
卷之三十,夢徵,一大星,○一大星,陳,38067
卷之三十,夢徵,一大星,伍喬苦學家貧嘗有羸童痩馬之嘆山中浮屠夢一大星人曰伍喬星也旣覺訪得喬傾資奉之後舉進士第一,,38070
卷之三十,夢徵,長庚星入懷,○長庚星入懷,唐,38076
卷之三十,夢徵,長庚星入懷,李白始生時母夢長庚星入懷而生因以名之長庚即太白星也,,38079
卷之三十,夢徵,星入懷,○星入懷,宋,38084
卷之三十,夢徵,星入懷,余崇龜字景望在孕時母葉氏夢星入懐童稚頴悟後擢甲科出知江州恤民禱雨人呼爲佛,,38087
卷之三十,夢徵,大星墜懷,○大星墜懷,元,38091
卷之三十,夢徵,大星墜懷,黃溍字晉卿母夫人方娠夢大星煜煜然墜於懐及其生也綉川之水爲之一清蓋星靈川祥所融凝而成者故溍遂以文章大鳴一世卒謚文獻,,38094
卷之三十,夢徵,文昌星,○文昌星,元,38101
卷之三十,夢徵,文昌星,呂思誠母馮氏夢一丈夫烏衣白襴衫紅鞓朿帶趨而揖曰我文昌星也乃寤遂生思誠目有神光見者異之後敭歷中外言論風㫖政事俱有聲官至國子祭酒中書左丞謚忠肅,,38104
卷之三十,夢徵,神授大星,○神授大星,元,38111
卷之三十,夢徵,神授大星,小云石海涯其父楚國忠惠公名貫只哥故遂以貫爲氏别號酸齋即所稱貫酸齋是矣其母廉氏夢神人授以大星使吞之遂有娠生酸齋年十三膂力絕人能持槊跨惡馬挽强射後折節讀書目五行下爲文出人意表襲祖父爵不久讓其弟及拜官禁近又能抗疏論事巳而辭疾解組爲勝國名流云,,38114
卷之三十,夢徵,斗間氣傅體,○斗間氣傅體,明,38125
卷之三十,夢徵,斗間氣傅體,常熟陳氏譚母夢斗間氣下傅體遂娠生子察舉進士爲監察御史歷官至僉都御史以直節稱享年八十三,,38128
卷之三十,夢徵,朝雲暮雨,○朝雲暮雨,秦,38136
卷之三十,夢徵,朝雲暮雨,楚襄王與宋玉遊雲夢望高唐之觀上有雲氣王曰昔先王遊南唐晝寢夢一婦人曰妾巫山之女也朝爲行雲暮爲行雨朝朝暮暮陽臺之下,,38139
卷之三十,夢徵,赤彘雲中下,○赤彘雲中下,西漢,38145
卷之三十,夢徵,赤彘雲中下,漢景帝在東宫納王美人有娠景帝夢一赤彘從雲中下召占者姚翁問之翁曰吉祥也必主命世之人攘夷狄而獲嘉瑞爲劉宗盛主也及生男因名彘焉是爲武帝攺名胤,,38148
卷之三十,夢徵,雲化爲鳳,○雲化爲鳳,東晉,38156
卷之三十,夢徵,雲化爲鳳,徐陵字孝穆母臧氏嘗夢五色雲化而爲鳳集左肩上巳而誕陵焉寶誌上人見之曰天上石麒麟也後位光祿大夫太子太傅,,38159
卷之三十,夢徵,空中凌雲而去,○空中凌雲而去,齊,38167
卷之三十,夢徵,空中凌雲而去,大同中釋慧約疾夢四部大衆旛花羅列空中迎之凌雲而去謂弟子曰我福報當訖踰旬日曰吾今夜去矣至五更合掌便入湼槃,,38170
卷之三十,夢徵,持節雲中下,○持節雲中下,梁,38177
卷之三十,夢徵,持節雲中下,武帝夜夢與少君俱上嵩高山上半道有綉衣使者乗龍持節從雲中下言太乙君召覺即告近臣曰如朕夢少君將舍朕去矣,,38180
卷之三十,夢徵,彩雲靈鳳,○彩雲靈鳳,唐,38186
卷之三十,夢徵,彩雲靈鳳,王遠知母丁氏駕部郞中丁超女也嘗晝寢夢彩雲靈鳳集其身因而有娠生遠知遠知少聰敏博總群書師事陶弘景傳其道法歷陳至隋煬帝爲晉王鎭揚州召之遠知來謁見須臾鬚髪變白晉王懼而遣之旋復如舊後預識唐太宗爲太平天子太宗即位將加重祿固請望山璽書褒美後將卒遠知謂弟子潘師正曰吾見仙格以吾小時誤損一童子吻不得白日昇天見署少室伯將行在即翌日沭浴加冠衣焚香而卒時年一百二十有六甘露三年追贈太中大夫謚昇眞先生,,38189
卷之三十,夢徵,錦獅雲端下,○錦獅雲端下,唐,38202
卷之三十,夢徵,錦獅雲端下,敬暉之將生也其母夢錦獅五自雲端而下四者跳躍鼔舞若各有所向其一向母而號者四及誕暉幼而神異毎童戲巳輒居尊位而役其衆指麾顧盻法紀森然識者奇之神龍間爲與張柬之等討武氏誅二張復唐帝位威名大著封平陽王後武三思使鄭愔告五王反卒與張柬之桓彦範𡊮恕巳崔玄暉四人同貶尋被殺乃符母夢云,,38205
卷之三十,夢徵,輕雲來掩,○輕雲來掩,元,38212
卷之三十,夢徵,輕雲來掩,歸暘將生其母楊氏夢朝日出東山上有輕雲來掩之故名之曰暘暘學無師傅而精敏過人登至順元年進士第歷官至集賢學士有强幹聲且多建白爲元名臣云,,38215
卷之三十,夢徵,掃雪迎宰相,○掃雪迎宰相,宋,38226
卷之三十,夢徵,掃雪迎宰相,周必大紹興中監臨安府和劑局局門內失火延燒民家逮吏坐死未報必大問寺吏曰假如火自官致當得何罪吏曰當除籍爲民必大遂自誣伏坐失官更免死必大歸謁婦翁坐定大雪交下僮子掃於庭婦翁不樂意謂妻以女爲門戶計既失官觸前望殊不爲禮復私訝前一夕夢掃雪迎宰相惟必大雨雪中至姑留之宿必大旣歸益自刻苦讀書後中博學宏詞科歷官至宰相封益國公果符婦翁之夢先是試前必大夢入冥見一判官拷掠一捻胎鬼曰此人多陰德當位宰相貌陋如此奈何鬼請爲作帝王鬚及覺猶隱隱痛數日一相士挾貴人書來見適邂逅於門外相者問相公何在必大進揖曰某前此待罪監局相者起將其鬚曰帝王鬚眞宰相也必大大驚服厚贐之蓋前此種鬚事雖妻子至親亦不以告也,,38229
卷之三十,夢徵,廬冒風雨,○廬冒風雨,明,38250
卷之三十,夢徵,廬冒風雨,洪武中許方知南昌府惓惓于學挍嘗夢一儒者曰吾廬冒風雨久矣冀太守修之莫詳所以及見徐孺子像方悟遂葺其亭,,38253
卷之三十,夢徵,大雷擊首,○大雷擊首,商,38264
卷之三十,夢徵,大雷擊首,商紂夢大雷擊其首無何周師入而首懸太白之旗,,38267
卷之三十,夢徵,當爲雷擊死,○當爲雷擊死,東漢,38272
卷之三十,夢徵,當爲雷擊死,吳二臨川水東小民也事母至孝一夕有神來見夢曰汝明日午刻當爲雷擊死吳以老母在堂乞救護神曰此受命於天不可免也吳恐驚其母凌晨具饌以進白云將他適請暫詣妹家母不許俄黑雲起日中天地昏暗雷聲闐闐然吳益慮驚母趣使閉戶自出野田以待其罰頃之雲氣廓開吳幸免禍亟歸撫其母猶疑神言不實未敢以告是夕復夢神曰汝至孝感天巳宥之急宜加敬事也自是孝養其母終身,,38275
卷之三十,夢徵,虎啣雷公,○虎啣雷公,魏,38290
卷之三十,夢徵,虎啣雷公,曹𤕤夢二虎啣雷公雷公若二升椀放著庭中𤕤惡之以問占者靈臺丞馬訓訓曰憂兵訓退告其妻曰𠁊將以兵亾不出旬日巳而果爲司馬懿所害,,38293
卷之三十,夢徵,電光奪目,○電光奪目,齊,38300
卷之三十,夢徵,電光奪目,竇泰之母夢風雷暴起若有雨狀出庭觀之見電光奪目駛雨霑灑而驚汗遂有娠朞而後產泰泰後以功累遷京畿大都督終御史中尉,,38303
卷之三十,夢徵,雷電燭身,○雷電燭身,宋,38308
卷之三十,夢徵,雷電燭身,宗澤毋劉氏夢天大雷電光燭其身翼日而澤生後爲南宋名將之冠,,38311
卷之三十,夢徵,大雷一聲,○大雷一聲,明,38316
卷之三十,夢徵,大雷一聲,彭相公華字彦實江西安福人會試之夕夢大雷一聲震於其首即掣手内一編起空中其年公會元後拜學士家僕夢公陞詹事往謝侍郎家相望無何果陞詹事蓋與謝侍郞同在薦稿故也一日朝退公謂予曰夜來有一夢某立御道中手持通政司說帖一本毎說一事囬顧六卿承㫖如常時至三四事頗覺難說忽見閣下立于御道之旁謂某曰將就說過去某遂依從說訖此夢不知何兆予占之曰手持通政司說帖者當爲執政也公笑曰執政執政某思不及此旣而予謝病歸未幾公果入閣,,38319
卷之三十,夢徵,虹流華渚,○虹流華渚,三皇,38340
卷之三十,夢徵,虹流華渚,帝時有大星如虹下流華渚女節夢接之意感生少昊,,38343
卷之三十,夢徵,赤烏戲巳,○赤烏戲巳,西漢,38348
卷之三十,夢徵,赤烏戲巳,豐公家於沛之豐邑中陽里其妻夢赤烏若龍戲巳而生執嘉是爲太上皇,,38351
卷之三十,夢徵,雙虹自門升天,○雙虹自門升天,東漢,38355
卷之三十,夢徵,雙虹自門升天,李特妻羅氏夢𩀱虹自門升天一虹中斷後生蕩及雄常言吾二子若有先亾其存者必大貴及蕩與羅尚戰馳馬追擊𧢲牛倚矛被傷死雄後爲成都王僣即帝位,,38358
卷之三十,夢徵,見虹飲水,○見虹飲水,梁,38365
卷之三十,夢徵,見虹飲水,侯弘實幼貧嘗寢簷下其毋見虹自河飲水俄貫于弘實之口及覺毋問有夢否曰適夢入河飲水飽足而歸毋黙喜後弘實果自行伍至將領遷一州二鎭皆近大江,,38368
卷之三十,夢徵,白光透臥榻,○白光透臥榻,元,38376
卷之三十,夢徵,白光透臥榻,元上世阿蘭寡居夜寢帳中夢白光自天牕中入化爲金色神人來透臥榻阿蘭驚覺遂有娠產一子曰孛端义兒狀貌奇異沉黙寡言家人謂之癡阿蘭語人曰此兒非癡後世子孫必有大貴者十世後果生鐡木眞爲元太祖,,38379
卷之三十,夢徵,氷上氷下,○氷上氷下,西晉,38392
卷之三十,夢徵,氷上氷下,索紞少遊京師受業太學博綜經籍遂爲通儒明陰陽天文善術數占候司徒辟除郎中知中國將亂避世而歸鄕人就占者如市紞曰攻乎異端戒在害巳無爲多事多患遂詭言虚說無驗乃止唯以占夢爲無悔吝乃不逆問者孝廉令狐策夢立氷上與氷下人語紞曰氷上爲陽氷下爲陰陰陽事也士如歸妻迨氷未泮婚姻事也君在氷上與氷下人語爲陽語陰謀介事也君當爲人作媒氷泮而婚成策曰老夫耄矣不爲媒也會太守田初因策爲子求鄕人張公徵女仲春而成婚焉,,38395
卷之三十,夢徵,火𤑔寢室,○火𤑔寢室,齊,38414
卷之三十,夢徵,火𤑔寢室,崔浩將害李順夢以火𤑔順寢室火作而順死浩與室家群立而觀之俄而順弟息號哭而出曰此輩吾賊也以戈擊之悉投於河後坐暴楊國惡以至于族地理部,山水河海淵江城省關塞橋境園地墻㟁坟墓,38417
卷之三十,夢徵,臼水東走,○臼水東走,商,38432
卷之三十,夢徵,臼水東走,伊尹母居伊水上有娠夢有神告之曰臼水出而東走無顧明日視白出水告其鄰東走顧其邑盡爲水身因化爲桑有莘氏採桑得嬰兒空桑之中獻之于君君令乳之命曰伊尹,,38435
卷之三十,夢徵,水邊一女,○水邊一女,東晉,38441
卷之三十,夢徵,水邊一女,鄧攸夢行水邊見一女有猛獸在後斷其盤囊占者以爲水邊女是汝事斷盤囊者新獸頭代舊獸頭也非汝南當汝陰後果然,,38444
卷之三十,夢徵,水有㟁爲州,○水有㟁爲州,西晉,38451
卷之三十,夢徵,水有㟁爲州,殷仲堪見流棺塟焉旬日門前溝忽起爲㟁其夕夢人自稱徐伯玄云感君之惠無以報也水有㟁爲州君將爲州矣後果臨荆州,,38454
卷之三十,夢徵,走馬上山,○走馬上山,西晉,38463
卷之三十,夢徵,走馬上山,郡主簿張宅夢走馬上山還遶告三周但見松栢不知門處紞曰馬屬離離爲火火禍也人上山爲凶字但見松栢墓門象也不知門處爲無門也三周三期也後三年必有大禍宅果以謀反伏誅,,38466
卷之三十,夢徵,山上掛𮈔,○山上掛𮈔,隋,38477
卷之三十,夢徵,山上掛𮈔,薛琡嘗夢張亮于山上掛絲以告亮爲占之曰山上有絲幽字也君其爲幽州數月亮出爲幽州刺史,,38480
卷之三十,夢徵,洪水没都,○洪水没都,隋,38486
卷之三十,夢徵,洪水没都,隋高祖夢洪水没都惡之故遷都大興會有方士言李氏當王李敏小名淇兒帝疑其應䜟因裴仁基告其叔李渾反收渾及敏族誅之不知洪水乃唐高祖諱淵也,,38489
卷之三十,夢徵,普告山水萬靈,○普告山水萬靈,唐,38496
卷之三十,夢徵,普告山水萬靈,許旌陽嘗因修觀旣畢欲刻石記之得古碑字刓缺不可復識因剗去舊文刋刻新記自是恍惚不安暇日徐步庭砌間空中言曰許君許君速詣水宮求救不然即有不測之釁許愕然異之乃焚香䖍祀願示求救之由良久復語曰所刻碑舊文雖巳磨没而此時爲文之人見詣水官相訟云奪我之名顯巳之名由此水官將有執對之命速宜求之許君乃訪得舊文立石刋記一夕夢神人相謝再顯名氏無以相報請作水陸大醮普告山水萬靈得三官舉名可以證道許依教修之遂成道果自此水陸𬋕法傳於人間時大中十年八月也,,38499
卷之三十,夢徵,上北邙山,○上北邙山,唐,38514
卷之三十,夢徵,上北邙山,右補闕母旻夢着衣冠上北邙山親友相送及至山頂回顧不見一人意甚惡之無何以熱疾暴終,,38517
卷之三十,夢徵,水際得碑,○水際得碑,五季,38522
卷之三十,夢徵,水際得碑,寶雲寺僧一日夢於舊寺基水際得古斷碑云寺南高基乃顧野王脩輿地志處也明日果得碑乃于基上建野王祠元成廷珪詩云塵銷壞壁書千卷土蝕殘碑字幾行正謂此也,,38525
卷之三十,夢徵,上山見道士運籖,○上山見道士運籖,宋,38534
卷之三十,夢徵,上山見道士運籖,淳化中李君房至餘杭患瘡瘍謁伍大夫廟見有梅數枝盛開夜夢上一山見道士運籖牌問之道士乃抽一牌朱書太字二行云時來自有期此去不憂運行心但如此不久銷疾病君房喜而别旣下山聞梅花香囬望其上乃昨所見也旣覺瘡瘍漸愈後知錢塘作文識之,,38537
卷之三十,夢徵,賜書泰山,○賜書泰山,宋,38548
卷之三十,夢徵,賜書泰山,帝嘗夢神人言賜天書於泰山即宻諭王欽若欽若因得之授中賜馳捧以進遂成封禪禮,,38551
卷之三十,夢徵,山花如錦,○山花如錦,宋,38555
卷之三十,夢徵,山花如錦,沈括嘗夢至一小山花如覆錦喬木蓊鬱山下有水甚樂之後謫居潤州覔得此山宛如夢中遂築室居焉因以夢名溪林希詩夢溪謫仙人松花遶新宅,,38558
卷之三十,夢徵,小山流泉,○小山流泉,明,38564
卷之三十,夢徵,小山流泉,高皇將命藍玉等北征嘗夢殿西北隅有小山流泉直下至御足所履而止及大軍追虜進次游魂南道無水軍士渇甚至一小山下忽聞有聲如礟使人視之則四泉湧出士馬皆飲得不困乏餘流溢出如溪適符所夢,,38567
卷之三十,夢徵,上高山,○上高山,明,38575
卷之三十,夢徵,上高山,尹相國直字正言江西泰和人赴京會試逆旅中忽夢上高山四顧城市皆在其下但見一人往來山峰之首遂覺公後中第二名初主考商公欲選公爲首副主考錢公盛稱彭公華經義遂置彭爲第一公爲第二,,38578
卷之三十,夢徵,戴斗登山,○戴斗登山,明,38585
卷之三十,夢徵,戴斗登山,黃主事芸江西豐城人夜夢隣火將延戴斗登山而避山有兩廊見堂上冠冕者四座一人起迎曰賢哲來遂酌以酒曰公他日當司刑令坐西席飲畢出門見一赤馬又見小童撁鹿以進遂覺是秋鄕薦黃中詩經亞魁甲辰進士丙午授南京刑部主事𥨸詳火者文明之象斗者魁也戴斗者魁在頭上也赤馬者丙午也鹿者祿也壬寅年五月黃未第時夢有吏部尚書乘轎來望遂過其亾叔黃沂墳指曰當立碑入宅指門曰當贈春帖一聯云日月爭光白衣郞叔侄聯攀丹桂；乹坤毓秀黄牌樓子孫重沐恩榮黃問曰黃牌樓之說何因曰爾祖曾作吏部尚書號爲黃牌樓家言訖而去遂覺詳芸與沂俱以儒士貢於鄕正所謂白衣郞叔姪聯攀丹桂也重沐恩榮據黃氏家譜十九代祖元吉宋天福間爲吏部尚書後歷元至今别無仕進而今復顯於芸故也壬寅年四月初四日夢與叔沂入寺中訪友見人寫榜云你名字當列一百四十六名出門又别入一所見皂衣人曰爾來了見轎一乘就坐於上一人持三簷傘蓋隨行往西入一儀門見有三衙門並列芸從東入所遇者皆拘攣罪人後出又行一處復見一轎在彼傍有人云請坐轎遂過街兩廊皆兵衛問曰爾見榜耶在第三甲旣而指前三衙問之曰入東耶西耶芸應之曰東其人曰東乃按察司也後甲辰會試果中一百四十六名廷試第三甲授南京刑部主事按察之夢恐後驗之癸卯年五月六日芸夜夢失馬人云神攝之矣視之果見神廟巍峩神起立迓芸曰還汝馬爾後爲顯宦當償之芸曰喏遂授以赤馬芸詰神曰某何時顯神曰三十有四曰某壽幾何曰七十有三令芸瞑目騰雲向空而去後兩使于蜀適年三十四授南京按察司成化丙午年即赤馬之應也,,38588
卷之三十,夢徵,海水壞棺槨,○海水壞棺槨,東漢,38646
卷之三十,夢徵,海水壞棺槨,光和元年遼西太守黃翻上書海邊有流屍露冠綘衣體貌完全翻感夢云我伯夷之弟孤竹君子也海水壞吾棺槨求見掩藏民嗤視之皆無病而死翻乃爲攺塟云,,38649
卷之三十,夢徵,河水乾,○河水乾,宋,38657
卷之三十,夢徵,河水乾,宋主有疾夜夢河水乾憂形於色以爲君人者龍之象今乃無水是不獲水居矣旣而詢諸宰輔對曰河無水乃可字也陛下之疾痊可矣帝欣然疾果愈,,38660
卷之三十,夢徵,海上坐玉盆,○海上坐玉盆,齊,38666
卷之三十,夢徵,海上坐玉盆,齊後主緯母胡氏夢于海上坐玉盆日入裙下遂有娠五月五日生緯於并州邸,,38669
卷之三十,夢徵,南處海濵明,○南處海濵明成祖嘗夢二神人言南處海濵來輔家國明日禮官言閩中靈濟二眞君事遂遣使函香請神像於官城西南作宫,,38674
卷之三十,夢徵,敗我濯龍淵,○敗我濯龍淵,西漢,38685
卷之三十,夢徵,敗我濯龍淵,汝南舊有鴻都坡成帝時丞相翟方進奏毀敗之尋而自夢上天天帝怒曰何故敗我濯龍淵是後民失其利多致飢困,,38688
卷之三十,夢徵,江中沙石篆榴,○江中沙石篆榴,五季,38693
卷之三十,夢徵,江中沙石篆榴,王仁裕初事蜀蜀平歷事唐晉漢以翰林學士屢遷戶部尚書其少也嘗夢剖其腸胃以西江水洗之顧見江中沙石皆爲篆榴之文繇是文思益進乃集其平生所作詩萬餘首爲百卷號西江集竟以文章知名當世,,38696
卷之三十,夢徵,江水滿河,○江水滿河,明,38704
卷之三十,夢徵,江水滿河,强掌教英字仲傑應天上元人由舉人累除逺方鬱鬱不樂者久之後以湘南永平衛學教授考滿忽夜夢江水滿河所乘馬逸而不返莫測其故旣而又除貴州赤木衛教授强以地逺竟不之官卒應馬逸之夢,,38708
卷之三十,夢徵,井水溢流庭下,○井水溢流庭下,西漢,38719
卷之三十,夢徵,井水溢流庭下,大將軍霍光旣薨光子禹與母夫人顯及從昆弟子雲山自見日侵削有邪謀顯夢地中井水溢流庭下竈居樹上又夢大將軍謂顯曰知捕兒否亟下捕之禹夢車騎聲正讙來捕禹舉家憂愁卒與禍會,,38722
卷之三十,夢徵,池塘春草,○池塘春草,宋,38732
卷之三十,夢徵,池塘春草,謝惠連十歲能屬文靈運云毎有篇章對弟惠連輒得佳語嘗於永嘉西堂思詩不就忽夢見惠連即得池塘生春草之句人以爲異,,38735
卷之三十,夢徵,遊華胥國,○遊華胥國,五,38745
卷之三十,夢徵,遊華胥國,軒轅黃帝嘗晝寢夢遊華胥之國旣覺怡然自得天下大治幾若華胥又夢大風吹天下之塵垢皆去又夢人執千鈞之弩驅羊數萬群帝寤而嘆曰風爲號令執政者也垢去而后在也天下豈有姓風名后者哉夫千鈞之弩異力能遠者也；驅羊數萬群是能善牧者也天下豈有姓力名牧者哉於是依二夢之占而求之得風后於海隅登以爲相；得力牧於大澤進以爲將因著占夢經十一卷又夢兩龍授圖乃齋往河洛求有大魚泝流而上魚泛白圖帝跪受之即河圖也,,38748
卷之三十,夢徵,洛陽車騎,○洛陽車騎,三國,38762
卷之三十,夢徵,洛陽車騎,安定皇甫謚以九年冬夢至洛陽自廟出見車騎甚衆以物呈廟云誅大將軍曹𤕤寤而以告其邑人邑人曰𠁊兄弟典重兵又權尚書事誰敢謀之謚曰昔漢之𨶒顯倚母后之尊權國威命可謂至矣閹人十九人一旦尸之况𤕤兄弟乎巳而𤕤果見殺,,38765
卷之三十,夢徵,巳出江東,○巳出江東,東晉,38776
卷之三十,夢徵,巳出江東,咸和中丹陽尹高悝于張矦橋掊得金像付長干寺僧後西域胡僧五人來詣悝曰㫺于天竺得阿育王造像至鄴下値倭亂埋像河邊今尋覔失所我輩夢見像曰巳出江東爲高尹所得故特來言之乃送僧至寺見像皆唏嘘涕泣像放毫光燭照殿宇,,38779
卷之三十,夢徵,蝟攻鄴城,○蝟攻鄴城,齊,38788
卷之三十,夢徵,蝟攻鄴城,高湛夢大蝟攻破鄴城故索境内蝟膏以絕之不知後主名緯音與蝟協乃亾齊之徴也,,38791
卷之三十,夢徵,人盡南渡,○人盡南渡,梁,38798
卷之三十,夢徵,人盡南渡,戴洋將赴洛夢神人謂之曰洛中當敗人盡南渡後五年揚州必有天子洋信之遂不去既而皆如其夢,,38801
卷之三十,夢徵,滿城菜,○滿城菜,梁,38807
卷之三十,夢徵,滿城菜,苻堅將欲南伐夢滿城出菜又地東南傾其占曰菜多難爲醬也東南傾江左不得平也,,38810
卷之三十,夢徵,黃衣圍城,○黃衣圍城,陳,38816
卷之三十,夢徵,黃衣圍城,陳後主夢黃衣圍城乃盡去遶城橘樹及韓擒虎賀君弼兵不久入建康乃知圍城之兆云,,38819
卷之三十,夢徵,金像飛越城外,○金像飛越城外,隋,38824
卷之三十,夢徵,金像飛越城外,呂光攻龜兹城夜夢金像飛越城外光曰此謂佛神去之胡必亾矣果平龜兹,,38827
卷之三十,夢徵,决城而覆,○决城而覆,元,38833
卷之三十,夢徵,决城而覆,至正二十三年元順帝一夕夢大豕决都城而覆因禁軍民畜猪比天兵至柳林順帝召百官議戰守計忽有二狐自内殿出帝歎且泣即命開建德門北去明年高皇聞其駐應昌也馳書開示禍福順帝因答詩云金陵使者渡江來漠漠風𤇆一道開旺氣有時還自息皇恩何處不昭囬信知海內皆王土亦喜江南有俊才歸去誠心煩爲說春風先到鳳凰臺蓋家者朱姓决城而入狐者胡人下殿而走天之示人良亦顯矣,,38836
卷之三十,夢徵,南京放榜,○南京放榜,明,38850
卷之三十,夢徵,南京放榜,朱梅庄吳中士人癸酉春正月忽夢南京放鄕㮄見徽州人葉琦姓名作解元覺而識之至本年八月將終數問自京師來者解元是葉琦否人曰某來時未有㮄出不知爲誰至九月初始見京闈錄果祁門葉琦也梅庄咲曰何與於我,,38853
卷之三十,夢徵,繇獨松關,○繇獨松關,宋,38866
卷之三十,夢徵,繇獨松關,鄧道樞以齋科精嚴際遇理度兩朝一日謝后遣巨璫召至內後門泣降德音且令其責軍令狀使無泄乃言昨夢濟王大怒以爲吾且將兵繇獨松關滅汝社稷以此令道樞于高峰頂爲謄心章哀告上帝巳而獨松果有黃頭先鋒斬關而入,,38869
卷之三十,夢徵,行塞下沙,○行塞下沙,明,38877
卷之三十,夢徵,行塞下沙,高太史啟夢行塞下沙詩云夢行塞下沙無水無蒹葭牧羊人歸霜草短平地雁群棲不暖騎馬茫茫入逺𤇆一行衝起上秋天我夢驚囬雁飛去𧢲聲吹斷江城曙,,38880
卷之三十,夢徵,清水橋邊,○清水橋邊,明,38891
卷之三十,夢徵,清水橋邊,一儒生至九仙廟祈夢夢中一人語曰成不成成平不成平清水橋邊乃見分明此生久不遇毎憶此夢然卒不知所謂也一日過一橋上題曰清水橋生訝焉頃之有一老父至生乃述所夢以問之老父對曰生今年得矣成不成成戊字也平不成平午字也今年戊午將無徵乎巳而果然,,38894
卷之三十,夢徵,引登高境,○引登高境,明,38908
卷之三十,夢徵,引登高境,蔣燾爲樂亭令遺胎母方在蓐怳惚見道流三人入房便失其一燾在襁褓神頴能言九歲治四書易皆通十一入爲府學生十四應鄕薦高㨗而聲蜚丁巳之歲其年十六冬月將盡一旦枕上呼母曰母寧知帝都有紫府瑶臺乎母曰不知又曰兒嘗以母老辭歸可乎母訝其不倫且謂囈語置不問至元日其姊夫劉玠入燾齋見易書中有書紙千百言取觀乃燾所記前夢事其初曰某年月日夢老父引登高境曰紫府瑶臺撰文曰翠碧重華玉殿金闕其末曰燾再拜泣請家有老母乞放歸養姑還云云玠未及讀中文燾適來奪之母亦來取視燾窘遽云母母觀泄天中機母惡之抵于地燾遂拾置冊中其年三月十一日燾竟卒,,38911
卷之三十,夢徵,神見後園,○神見後園,齊,38937
卷之三十,夢徵,神見後園,高湛夢神見於後園其體壯大不辨其靣兩齒絕白長鬚于唇自後大亂以至于亾,,38940
卷之三十,夢徵,以地來降,○以地來降,梁,38945
卷之三十,夢徵,以地來降,武帝嘗夜夢中原牧守以地來降及侯景歸附帝欣然納之,,38948
卷之三十,夢徵,墻崩無遺堵,○墻崩無遺堵,北魏,38957
卷之三十,夢徵,墻崩無遺堵,中山王熈夢有人告之曰任城王當死死後二百日君亦不免若不信試看任城家熈夢中顧盻任城第四面墻崩無遺堵焉熈惡之無何任城薨後二百餘日熈起兵討元義被害,,38960
卷之三十,夢徵,登㟁卜居,○登㟁卜居,宋,38970
卷之三十,夢徵,登㟁卜居,王瞻罷令歸泊舟秦淮病甚夢朱衣吏執牒至曰君命巳盡今奉詔瞻曰命不敢辭但舟中狹隘欲寛假之使得登㟁卜居無所憚也吏許諾以五日爲期至日平明且當來也旣寤便能下床自出僦舍營辦凶具召六親爲别至期登榻安臥向曙乃卒,,38973
卷之三十,夢徵,指導見墓,○指導見墓,唐,38986
卷之三十,夢徵,指導見墓,伊愼幼孤長善騎射始爲果毅喪母將營合袝不識其父之墓日夜號哭未浹旬夢寐中若有指導見墓旣寤發壠果得舊記驗之大曆八年也愼以前後戰功累遷撿挍尚書右僕射兼右衛上將軍,,38989
卷之三十,夢徵,以杖指墓,○以杖指墓,元,38996
卷之三十,夢徵,以杖指墓,黃贇字止敬臨江人父均道延祐間求官京師留贇江南時贇年幼及長聞父娶妾居永平乃往省之則父殁巳三年矣庻母聞贇來盡挾其貲去更嫁拒不見贇贇號泣聞庻母居海濵亟裹糧往見庻母復拒之三日不納庻母之弟憐之與偕至永平屬縣樂亭求父墓又弗得贇日夜悲哭禱於神一夕夢老父以杖指墓處曰見片磚即可得明日就其地求之庻母之弟曰眞是也有某物可驗遂啓杇棺得父骨以歸,終,38999
卷之三十,夢徵,以杖指墓,━━━━━━━━━━━━━━━━━━━━━━━━━━━━━━━━━━━━━━━━━━━━━━━━━━━━━━━━━━━━━━━━━━,卷之三十一,39018
卷之三十,夢徵,以杖指墓,━━━━━━━━━━━━━━━━━━━━━━━━━━━━━━━━━━━━━━━━━━━━━━━━━━━━━━━━━━━━━━━━━━,,39020
卷之三十一,人物部,人物部,人物部,帝王聖賢將相佛仙神鬼釋道彛倫,39032
卷之三十一,人物部,帝王,○帝賚良弼,啇,39037
卷之三十一,人物部,帝王,高宗恭黙思道夢帝賚與良弼其代予言乃審厥象俾以形旁求天下說築於傅巖之野惟肖立爲相○帝與九齡,周,39040
卷之三十一,人物部,帝王,文王謂武王曰汝何夢矣武王曰夢帝與我九齡文王曰汝謂何也武王曰西方有九國焉君王其終撫諸文王曰非也古者謂年齡齒亦齡也我百爾九十吾與三焉文王九十七乃終武王九十三而終○國君,戰國,39047
卷之三十一,人物部,帝王,列子書有老役夫晝則呻吟夜則熟寐夢爲國君覺而曰吾晝爲僕夜爲君何愁○與巳言論,吳,39061
卷之三十一,人物部,帝王,呂蒙學易夢伏羲文王周公孔子與巳言論世祚興亡之事日月廣明之道莫不窮精極妙○攺封中山王,齊,39067
卷之三十一,人物部,帝王,始興王憺夢攺封中山王策授如他日惡之數旬而卒追贈之典及焉○玄元皇帝,唐,39072
卷之三十一,人物部,帝王,玄宗夢玄元皇帝云吾像在京城西南百餘里遣使求得之於盭屋迎置興慶宫○主君來,明,39079
卷之三十一,人物部,帝王,常鄂國遇春狀貌甚偉臂有脩毫黑色如猿年二十歸群雄劉聚驍勇爲諸軍冠後察聚剽掠無遠圖聞高皇威名糾心腹數十人棄聚來歸未至困臥田間夢神人披甲擁盾呼之曰起起主君來因寤果見高皇騎從至乞歸附高皇曰爾依劉聚何忽攺圖雖然察爾氣度非聚所得有也遂用以爲前鋒,,39085
卷之三十一,人物部,聖賢,○見周公,蜀漢,39098
卷之三十一,人物部,聖賢,諸葛武矦出師至蔡山夢見周公故名其山爲周公山因立文憲廟其上○孔子南行,西晉,39101
卷之三十一,人物部,聖賢,王弼著易夢執漆器隨孔子南行,,39106
卷之三十一,人物部,將相,○携授陸渾,戰國,39110
卷之三十一,人物部,將相,荀吴帥師滅陸渾數之以其貳于楚也陸渾子奔楚其衆奔甘鹿園大獲韓宣子夢文公携荀吳而授之陸渾故使穆子帥師獻俘於文宮○賈王爲崇,魏,39113
卷之三十一,人物部,將相,王凌貳於司馬懿爲懿所收道經賈逵廟凌呼曰賈梁道王凌是魏忠臣惟爾有神知之時四月也至六月懿寢疾夢賈逵王凌爲祟遂薨○爲恪所擊,吳,39122
卷之三十一,人物部,將相,諸葛恪爲孫峻所害及峻使呂據征魏餞之石頭入據營惡據軍嚴整稱心痛去是夜遂夢爲恪所擊恐懼發病死○劉坐其處,東晉,39130
卷之三十一,人物部,將相,王恭舉兵以討王愉爲辭夜夢劉牢之坐其處旦謂牢之曰事尅即以卿爲北府後牢之斬顏延以降恭敗朝廷即以㳟位號處牢之如所夢云○朝士喫茶,西晉,39136
卷之三十一,人物部,將相,奚陟少時夢夏日與朝士二十餘人喫茶陟東行首座茶起西自南而行不得至陟渇甚不堪俄有一吏抱簿書致筆硯請押陟方熱渇乘高推其案曰且將去濃墨滿硯正中文書之上并吏人之面手足衣服無不沾污乃驚覺夜索紙筆細錄藏于巾笥後十五年爲吏部侍郎請同舍郞茶會陟爲主人東面首坐坐者二十餘人甌緩行陟有痟疾加之熱乏茶不可得頗燥悶有一吏抱文簿兼筆硯請押陟懆忿乃推去井案皆倒正中吏面及簿書盡濕坐客大笑陟方悟㫺年之夢語于同省取所記事驗之無分亳差焉○劉鎭軍相迎,宋,39142
卷之三十一,人物部,將相,劉穆之夢有人稱劉鎭軍相迎旦占之曰吾𢀸矣今豈有劉鎭軍耶後宋武帝遣人迎之共定大業武帝時爲鎭軍將軍○謀陷清直士,隋,39160
卷之三十一,人物部,將相,宋遊道與李構善遊道死其子士遜誣陷構構於禁所祭遊道而訴焉士遜晝臥夢遊道怒曰我與構恩義汝豈不知何共小人謀陷清直之士士遜驚跪曰不敢不敢旬日而卒○卿可取之,隋,39168
卷之三十一,人物部,將相,㓂仁祖斬城陽王徽首送爾朱兆兆夢徽告曰我有金二百斤馬一百匹在仁祖家卿可取之兆於是懸祖仁首于高𣗳以大石墜其足鞭箠之問得金及馬而祖仁死時以爲陽報云○我明日當戰,隋,39178
卷之三十一,人物部,將相,漢王諒反周羅睺副楊素討之中流矢卒是年七月其子仲隱夢睺曰我明日當戰次早其靈座上弓箭刀劒無故自動若人帶持之狀是日絳州城陷○與徵别,唐,39186
卷之三十一,人物部,將相,魏徵疾太宗夢與徵别旣寤流涕是夕徵卒故御製𥓓文曰㫺高宗得良弼於夢中朕今失賢臣于覺後○靖勣求食,唐,39196
卷之三十一,人物部,將相,安祿山擊契丹還奏臣夢李靖李勣向臣求食上乃命祠之北郡○紫衣貴人,唐,39203
卷之三十一,人物部,將相,崔圓少貧賤依親李彥先彥先時爲刑部尚書待之不甚加禮一夕彦先夢桎梧其背同輩百人爲兵擁入大府呼姓名領過判云准法彥先親見紫衣貴人據案中坐乃圓也遂躍出哀呼貴人曰李彥先特收禁流汗而覺自此方厚待之因薦於楊國忠遂以知留後旬日拜相京城克復彥先坐受僞官與陳希烈等二百人俱合誅死時圓爲中書令詳决之際以姓名呼過判云准法彥先大呼曰相公獨不憶㫺年耶圓乃悟遂判李彥先收禁具表其事請贖罪許之得流嶺外○玉童爲宰相,唐,39209
卷之三十一,人物部,將相,王朝國夢人領一綠衣童子曰汝有憂氏之心賜此玉童爲宰相是夕夫人孕生慶之○將軍巡南岳,唐,39225
卷之三十一,人物部,將相,康紫霞楊州東陵聖母廟主女道士也自言少時夢中被人錄于一處言天符令稱將軍巡南岳遂撮以金鏁甲令騎道從千餘人馬蹀虛南去須臾至岳神拜馬前夢中如有處分岳中嶧嶺溪無不歷也恍惚而返鷄鳴驚覺自是生鬚數十莖○舘我羅池,唐,39233
卷之三十一,人物部,將相,柳宗元旣謫一日與部將魏忠謝寧歐陽翼飲醉驛亭謂曰吾棄千時而寄于此間與若等好也明年吾將死而爲神後三年可爲廟祀我及期而死三年孟秋辛卯元降於州之後堂翼等見而拜之其夕翼夢元告之曰舘我干羅池其日廟成大祭有過客李儀醉酒慢侮堂上得疾扶出廟門即死子謂元生能澤其民死能驚動禍福之以食其土可謂靈也巳○杲卿見夢,唐,39244
卷之三十一,人物部,將相,顏杲卿被殺棄首千衢莫敢收有張湊者得其髪持謁上皇是夕見夢帝寤爲祭○任調拜相,唐,39260
卷之三十一,人物部,將相,張鎰大曆中守工部尚書判度支因奏事稱旨代宗面許宰相恩澤甚厚張日冀望而累旬無信忽夜夢有人自門遽入抗聲曰任調拜相張公驚寤思中外無其人尋譯不解有外甥李通禮者博學多智張因召令研其理李沉思良久因賀曰舅作相矣張詰之李答曰任調反語饒甜饒甜無逾甘草甘草獨爲珍藥珍藥反語即舅名氏也張甚悅俄有走馬吏報曰白庥下公拜中書侍郞平章事○光晟拜相,唐,39267
卷之三十一,人物部,將相,張光晟家甚微而有才勇性落魄嗜酒壯年爲潼關卒屢被主將鞭笞因奉役至華州盛暑驅馳心不能平過嶽祠遂脫衣買酒致奠金天王朗言曰張光晟身負才器未遇知巳富貴貧賤不能自料惟神聰鍳當賜誠告禱訖因飲大醉晝寢於碑堂忽夢傳聲云喚張光晟迫蹙甚急即入一府署嚴邃異常導者云張光晟到拜跪訖遙見當廳貴人有如王者謂之曰欲知官祿但光晟拜相則天下太平言訖驚寤沾汙後積勞官至司農卿及建中西狩光晟爲朱泚所縻拜光晟僕射平章事統兵出戰大敗而還天下遂太平○丞相至矣,宋,39284
卷之三十一,人物部,將相,梅詢坐議天書出知濠州夢人告曰呂丞相至矣旣而呂夷簡通判州事待之甚厚其後援之廢斥中登貴顯皆夷簡力焉○太平宰相,宋,39300
卷之三十一,人物部,將相,歐陽脩以學問文章爲天下所宗一杭僧夢遇脩於江廟中廟神皆起拱立曰歐陽相公平生一念之善及人甚多將來太平宰相也豈敢不敬後果入中書参大政初知南譙日忽夢授頴州又夢公僕輩具帳夢中問主者何用對曰此宴相公物令交割與新知州明日與幕中會因說此夢未幾分移楊州又數年果差知頴州人云食祿有方信前定之不可移也○德被生民,宋,39309
卷之三十一,人物部,將相,富鄭公早年嘗夢靑州王相公以後事相托鄭公曰相公德被生民當得遐壽何遽及此後二年罷相知鄆州辟鄭公爲倅到任歲餘有大星墜於宅園東北𧢲家人恠之相公曰後自當見至後自薨鄭公爲主喪事故鄭公挽詞云遺德被生民正與當年夢中符契○有宰相來,宋,39323
卷之三十一,人物部,將相,文潞公少從父赴蜀過成都入江瀆廟官接之甚勤且言夜夢神令洒掃祠庭明日有宰相來公豈異日之宰相乎公笑曰宰相非所望若爲成都當令廟宇一新後公以樞宻直知益州新其廟及成壯甲天下○樞宻直學士,宋,39333
卷之三十一,人物部,將相,羅彦國累試不第祈夢于梓潼神夢神謂曰巳除君樞宻直學士矣明年彦國復下第投牒乞進舉推恩授宻州文學蓋宻學之應也○翰林學士,宋,39340
卷之三十一,人物部,將相,元厚之少時曾夢人告之曰異日當爲翰林學士須弟兄四人同在禁中厚之自思奈無兄弟疑此夢爲不然熙寧中厚之除學士同時先後入院四人一韓持國維一陳和叔繹一鄧交約綰一楊元素繪并厚之名絳五人各皆從朶始悟弟兄之說○項安節,宋,39346
卷之三十一,人物部,將相,慈聖光獻皇后嘗夢神人語云太平宰相項安節神宗宻求諸朝臣及遍詢吏部無有此姓名者久之吳充爲上相瘰癤生頸間百藥不差一日立朝項上腫如拳后見之告上曰此眞項安節也○眷如平生,宋,39353
卷之三十一,人物部,將相,蔡抗爲英宗所重後神宗朝爲樞宻直學士知秦州居數日夢英宗召語眷如平生驟得疾卒○故漢將軍,宋,39362
卷之三十一,人物部,將相,范祖禹字夢得初生母夢一偉丈夫披金甲至寢室曰吾政漢將軍鄧禹也遂以爲名後拜翰林學士○宰相碑,宋,39368
卷之三十一,人物部,將相,杜鴻漸之父名福舉父子而似兄弟之名蓋有繇也鵬舉嘗夢有所之見一大碑云是宰相碑巳作者金塡其字未者刋名于柱上因問有杜家兒否曰有任自看之記得柱下有烏扁旁曳脚而忘其字乃名子爲鴻漸後果爲相○中丞推勘,宋,39377
卷之三十一,人物部,將相,辛次膺爲湖襄提刑至武昌岳少保飛通謁執辛手曰前日夢中丞推勘驚寤不敢告人而津吏適報公至公他日必爲獨座願公救護之後秦檜誣飛繫大理獄命新除中丞何鑄勘其事方悟所夢非辛乃新除中丞也○通刺相公,宋,39390
卷之三十一,人物部,將相,梅侍讀知濠州嘗夢有人通刺云相公來謁睡起通判呂殿丞至乃文靖公也梅見其言論奇特遂厚待之梅後坎坷當呂作相引爲待制後至金華之拜○相公來謁,宋,39399
卷之三十一,人物部,將相,王文穆公作舉人時謁南頓喬給事喬晝寐夢有人告云相公來謁喬戒閽者云有賔客來即通報項之有一舉人投刺乃文穆也喬引入卧內見其容貌磊落以家人之禮待之洎公作相喬之子孫皆㧞擢○牛相公來,宋,39407
卷之三十一,人物部,將相,劉景洪事楊行宻爲江西牙將彭旴脇景洪附湖廣僞許之後以歸行宻景洪曰我不從彭旴因活萬餘人後必隆因名所居山曰復隆山山有牛僧孺讀書堂後曾孫沆之母夢牛相公來而生沆○爲宰相子,宋,39418
卷之三十一,人物部,將相,王僕射初爲譙幕因按逃田時歲飢而流亾者數千家乃力謀安集上疏論列乞貸以牛糧種子朝廷從之一夕次蒙城驛夢空中有紫綬象笏者以一綠衣童子遺之曰上帝嘉汝有愛民之心以此爲宰相子後果生一男王亦拜相○指麾方略,明,39428
卷之三十一,人物部,將相,金華苗軍作亂殺𠫭政胡大海上痛念之追封越國公塑像配享晉卞壺廟初大海未遭難前一日嘗夜出入見其兩目烱烱有光若紅燈及旣薨敵兵有犯境者軍中輒夢大海坐胡牀指麾方略儼如生時或夜見火光遍野洶洶若數萬人馬聲師出輒大㨗似有陰助以大海爲神○劉秉忠語,明,39437
卷之三十一,人物部,將相,姚廣孝法名道衍初從成祖於燕邸居故慶壽寺毎夢與劉秉忠語後以靖難功至太子太師,,39446
卷之三十一,人物部,佛仙,○金人頂光明,東漢,39451
卷之三十一,人物部,佛仙,明帝夢見金人長大頂有光明以問群臣或曰西方有神其名曰佛其形長丈六尺而黃金色帝于是遣使天竺問佛道法遂於中國圖畵形像焉○金像灌湯,齊,39454
卷之三十一,人物部,佛仙,竟陵王崇信内典得熱病夜中垂死夢見金像手灌神湯因遂平復○觀音授方,齊,39461
卷之三十一,人物部,佛仙,李景純傳有一婦人久患痢將死夢中觀音授方服之遂愈用木香一味細末米飲調下○勝力菩薩,陳,39466
卷之三十一,人物部,佛仙,陶弘景夢佛授其菩提記名爲勝力菩薩乃詣酇縣阿育王塔自誓受五大戒○聖帝賜盒中物,隋,39474
卷之三十一,人物部,佛仙,崔府君父讓世爲巨農純良德義鄕里推重年將知命未立嗣讓與妻䖍誠禱於北岳是夜夫妻夢一仙童手擎一盒詣門曰聖帝賜盒中之物令吞之言訖舉盒蓋觀之見美玉二枚夫妻各吞其一忽然而覺大業三年六月六日生一子神采秀美異於常人幼而從學日誦千言不窺群子之戲因名子玉凢事過人鄉人咸以爲天賜也○二十七仙人,唐,39480
卷之三十一,人物部,佛仙,唐玄宗夢二十七仙人云我二十八宿也一人寓直在天門下我等寄羅底間三年矣玄宗問羅底所在仙云有音樂處是也詔訪焉於寧州東南五里地名羅川之上有山山有洞穴翳蓊不可通惟樵牧者時聞音樂乃於此窮之得石室中有石像二十七遂應詔以進○佛手摩心,唐,39494
卷之三十一,人物部,佛仙,羅璵妻費氏父悅爲寧州剌史費少而信誦法華經數年不倦後得病忽苦心痛闔門惶懼屬纊待時費心念我誦經勤苦宜有善祐庻不遂致死也旣而睡食頃夢見佛於牕中援手以摩其心病遂愈○念寶勝佛,唐,39505
卷之三十一,人物部,佛仙,安史兵亂肅宗訓兵靈武屢夢金色人念寶勝佛於御前翼日以夢中事問左右或對曰有沙門行迹不群居此山恒誦此佛號召至帝視之曰眞夢中人也○柏葉仙人,唐,39516
卷之三十一,人物部,佛仙,田鸞長安世家也欲求長生術入華山遇一黃冠指柏𣗳示之曰此即長生藥也但欲食之無間耳鸞歸取柏葉曝乾爲末服之漸覺煩熱至八年無間熱如火遍體潰爛鸞食之不輟一日覺小可須湯沐浴遂得寢三日方寤諸瘡掃去膚肉光澤自云初寢夢黃冠數人持節引謁上清見列仙皆云柏葉仙人來遂授以仙術勤名玉牌金字謂曰且止人間後當相召復引而歸鸞自此辟穀至百二十三歲得尸解云○來和天尊,宋,39523
卷之三十一,人物部,佛仙,楊礪爲舉人時夢至一大殿有坐殿上者語之曰我非汝主來和天尊汝主也指示令謁之礪後進士第一入爲襄府記室旣謁如夢中所見後襄王即帝位○囬岩客,宋,39538
卷之三十一,人物部,佛仙,崇仁田家黃氏子夜夢偉丈夫自稱囬岩客令語世人曰此浮雲洞也○白石洞天主者,宋,39546
卷之三十一,人物部,佛仙,宣和間舘職有常懷者謂宗室趙子崧曰吾夜夢帝勑公爲白石洞天主者後子崧被謫龍州尋夜自便道梗未能歸寓居潯州潯有白石山即道書所記二十一洞天也子崧竟没於潯符常夢云○仙官贊拜,宋,39551
卷之三十一,人物部,佛仙,蔡京以道人王老志見徽宗老志熟視上曰頗記老臣否徽宗亦記嘗夢游帝所有仙官贊拜者其面目即老志也恩禮遂渥○南嶽眞人,元,39560
卷之三十一,人物部,佛仙,虞汲娶國子祭酒楊文仲女文仲守衡時以汲從汲未有子爲禱於南嶽汲妻旣有娠將娩文仲晨起衣冠坐而假寐夢一道士至前牙兵啓曰南嶽眞人來見旣覺聞甥館得男心頗異之是生集集三歲即知讀書汲挈家趨嶺外干戈中無書可携楊氏口授語孟左傳歐蘇文輒成誦比長盡通諸經以春秋名家自將仕郎十二轉爲通奉大夫贈江西行中書省参知政事封仁壽郡公元主嘗出獨見建奎章閣以延咨訪特以集爲學士且集孝友篤至有恤孤之仁有知人之鍳不獨以文章爵位顯固宜其爲神人云○捧香盒仙童,明,39568
卷之三十一,人物部,佛仙,倪文僖公謙字克讓爲翰林學士時天久不雨朝廷遣祭北岳公精白一心以感格之雨應期降是夕夢岳神謂曰今日朝士致祭於予其誠敬如此予以捧香盒仙童與爲嗣焉時夫人姚氏在京亦夢紫衣人自天而降遂生文毅公其所生之日與文僖公所夢之夕適相符因名曰岳字舜咨體貌豐碩目光烱烱望之如神人少有高識人皆以爲公輔器也由進士累官至太子少保吏部尚書文學行業大用於時詩曰維岳降神生甫及申豈不信哉○劉海蟾,明,39584
卷之三十一,人物部,佛仙,嘉靖乙亥十二月二十三日何少宰孟春夢至一所三四道士相與飲啜巳而有先去者何繼出門未行聞堂中人謂童子曰我劉海蟾也爾師以藥金貯食餉我殆知我者我歌其或喜之於是歌曰百年非是等閒身學道而今秪四人中有兩人須得道不知誰主更誰賔何乃駐而聽之心亦自疑不知其所謂得道指誰其人又歌數闋中一首曰此身生意與誰論紅綠年年共一根常向人門問門口却忘門口是家門語多叠字夢差了了旣覺不能盡憶,,39600
卷之三十一,人物部,神鬼,○滄水使者,夏,39614
卷之三十一,人物部,神鬼,禹夢綉衣男子稱滄水使者于是得知水脉○泰山神,周,39617
卷之三十一,人物部,神鬼,太公望爲灌壇令文王夢見婦人當道哭問其故曰吾泰山之神也嫁爲西海婦灌壇令其當道不得作風雨夢覺召太公是日果疾風暴雨○海神戰,秦,39622
卷之三十一,人物部,神鬼,始皇遣方士徐市等入海求神藥數歲不得始皇夢與海神戰如人狀問占夢博士曰水神不可見以大魚蛟龍爲候今上禱祠備謹而有此惡神當除去而善人可至乃令入海者齊捕巨魚具而自以連弩候大魚出射之自琅邪北至滎成山弗見至之罘見巨魚射殺之遂平海西至平原津而病○與神遇,西漢,39630
卷之三十一,人物部,神鬼,漢高祖父曰太公母曰劉媪其先劉媪常息大澤之陂夢與神遇是時雷電晦冥太公往視則見蛟龍於其上巳而有身遂產高祖○鬼物變怪,東漢,39642
卷之三十一,人物部,神鬼,王延壽有雋才少遊魯國作靈光殿賦夢鬼物之變怪有蛇頭而四角魚首而鳥身三足而六眼龍形而似人群形而輩揺伸臂而舞手意欲相引牽也夢中驚怒乃作夢賦以自廣後度湘江溺死時年二十四○臨濟水神,東漢,39649
卷之三十一,人物部,神鬼,劉伯玉妻叚氏性妬悍自溺死後七日夢與伯玉曰吾得爲臨濟水神有美人渡津者必壞衣裝不爾風波暴起伯玉終身不敢渡臨濟津○兩鬼匕首去,蜀漢,39660
卷之三十一,人物部,神鬼,翼德晝臥夢一虎踞石牀爲兩鬼七其首而去寤而異之旬日後爲范張所剌○河神請,東晉,39666
卷之三十一,人物部,神鬼,明帝時獻馬者夢河神請之及至與帝夢同即投河以奉神○與鬼爭義,齊,39672
卷之三十一,人物部,神鬼,崔浩奉詔學天文星曆易式九宮專心鬼書忘寢與食乃至夢與鬼爭義遂得周孔之要術○使君遣牧馬,鿄,39677
卷之三十一,人物部,神鬼,天監初蜯湖村人獵蘇嶺見二鹿極大乃走馬逐之至嶺神廟前遂失所在唯見石鹿疑是向鹿所化遂囬夜夢一人著單巾幘黃布袴褶語云使君遣我牧馬汝何驅迫賴得無他若見損傷豈得全濟○鬼神同享醊,隋,39682
卷之三十一,人物部,神鬼,華僑頗通鬼神嘗夢同共享醊醒則醉吐狼籍○孝通神明,隋,39692
卷之三十一,人物部,神鬼,劉師貞字文通彭城人早失母長不記容狀至忌辰終日涕泣未嘗寢食忽夢見其狀謂之曰我爾母也爾孝通神明故我得見夢於爾師貞夢中大哭及覺哀號愈甚乃作偶人像以事之朝夕起居反告如常每新物必先薦然後食時人語曰孝通幽明漢有丁蘭唐有師貞父福年老患目凢飲食非師貞親調則不能食師貞偶臥疾其父食不安師貞曰飲食不精之所致耶驚起而愈兄有疾經旬不瘥師貞衣不解帶夢神人曰若兄苦風取胡王使者酒漬服愈師貞求之藥肆皆不曉因夢其母曰胡王使者𦍑活也覺而求之兄疾遂愈其後父没居喪有雙白雀飛宿戶間除几筵之日對師貞悲鳴頓翅久之乃去○龍王女,北魏,39697
卷之三十一,人物部,神鬼,崔子武幼時夢一女子姿色甚麗自云龍王女願與崔郞私好子武悅之牽其衣裾微有裂綻未曉告辭結帶而别至明往山祠中觀之傍有畵女容狀即夢中見者裂裾結帶猶在子武自是通夢恍惚成疾後逢醫禁之乃絶○老公拜立道左,北魏,39720
卷之三十一,人物部,神鬼,北魏主幸洪池夢一老公拜立道左云晉侍中稽紹故此奉迎神𠁊早懼似有求焉以問任城任城曰當是希恩而感夢於是求其域兆遣使弔祭焉○被訴閻摩天子,唐,39730
卷之三十一,人物部,神鬼,江陵力昌殺一大蛇一夕力昌死夢告其妻曰吾在生殺一蛇被訴于閻摩天子追我于冥司令蛇纒身噬嚙痛苦難忍須爲我請僧誦寫金剛經七卷懴悔救厄妻覺鬻子與蜀客得錢寫經巳而憶子日盲誦經求乞後蜀客子得其貲歸念母設齋丐者盈門中有一嫗盲目口誦金剛經自言鬻子薦夫事細問之乃其母也遂悲喜復合母目亦尋愈焉○神人覆鼎,唐,39738
卷之三十一,人物部,神鬼,景雲元年楊氏選入宮時太平公主用事太子心不自安楊時有娠太子宻令張說懷去胎藥而入太子躬自煑藥醺然似寐夢神人覆鼎旣寤復夢如是者三太子異之告說說曰天命也旣而太平誅太子即位是爲玄宗立楊氏爲后果生子是爲肅宗○九天使者,唐,39752
卷之三十一,人物部,神鬼,開元中帝夢神仙羽衛千乘萬騎集于庭中有一朱衣神來謁云我九天使者欲於廬山西北置一下宮自有木料基址但須工力耳帝寤遣使詣山果有基址信宿有巨木千數自至殿堂廊宇皆得其用○凌波池龍女,唐,39765
卷之三十一,人物部,神鬼,玄宗在東都晝寢夢一女子容色穠艶梳交心髻大帔廣裳拜于牀下上曰汝是何人曰妾是陛下凌波池中龍女衛宮護駕妾實有功今陛下洞曉鈞天之音乞賜一曲以光族類上于夢中爲鼓胡琴拾新舊之聲爲凌波曲龍女再拜而去○終南進士鍾馗,唐,39774
卷之三十一,人物部,神鬼,帝因痁疾作晝夢一小鬼衣絳犢鼻跣一足腰懸一履搢一筠扇盗太眞繡香囊及上玉笛繞殿奔戲上前上叱問之小鬼奏曰臣乃虚耗也上曰未聞虚耗之名小鬼奏曰虚者望空虚中盜人物如戲耗人家喜事成憂上怒欲呼武士俄見一大鬼頂破帽衣藍袍繫角帶靸朝靴逕捉小鬼先刳其目然後擘而啖之上問大者爾何人也奏云臣終南進士鍾馗也因武德中應舉不㨗羞歸故里觸殿階而死是時奉㫖賜綠袍以塟之感恩發誓除天下虚耗妖孽之事言訖而寤痁疾頓瘳乃詔畵工吴道子曰試與朕如夢圖之道子奉㫖恍若有覩立筆成圖進呈上視久之撫几曰是卿與朕同夢耶賜以百金○竹山神,唐,39784
卷之三十一,人物部,神鬼,玄宗嘗夢一人紫服自稱竹山神來獻瑞鳳翌日果有鳳翔遂名其山爲紫籜山○神介而劒,唐,39804
卷之三十一,人物部,神鬼,肅宗吳后夢神介而劒决脇以入燭至其文隱然生代宗○黃魔神,唐,39810
卷之三十一,人物部,神鬼,咸通中蕭遘自太史竄黔南泝三峽秭歸夢神人曰我黃魔神也居紫極宫西北隅將祐助公出此境○天王責,唐,39815
卷之三十一,人物部,神鬼,彭城劉山甫中朝士族也其父官於嶺外侍從北歸舟泊於靑草湖登㟁見有北方天王祠因詣之見廟宇摧頽香火不續因題詩曰壞墻風雨幾經春草色盈庭一座塵自是神明無感應盛衰何得却繇人是夜夢爲天王所責自云我非天王南嶽神也主張此地何爲見侮俄而驚覺風浪暴起殆欲沉溺遽起悔過然後方定○鬼押五人,宋,39820
卷之三十一,人物部,神鬼,吳中有朱進士者聽佛印禪師講金剛經而悅之次日夢一鬼押五人朱亦同行約二里許入一門挂靑布簾鬼掲簾俱入至厨見灶上桶内有湯五人皆飲之朱亦欲飲鬼喝曰聽經人不得飲遂驚覺明旦覔得其家叩門入問主人厨下有何動靜主人言厨下方產六犬死其一朱乃驚悟○不必吾言,宋,39829
卷之三十一,人物部,神鬼,黃公度字師憲自莆田赴省試初與里中陳俊卿約同行以事未辦集公度後數日乃登途過建安詣黎山李矦廟謁夢夢神告曰不必吾有言只見陳俊卿他所說者是也黃至臨安方與陳會即謁其得失陳蓋未嘗至彼廟也辭以不能知黃逼之不巳陳怒大聲咄曰師憲做第一人俊卿居其次足矣黃喜其與夢合乃以告之旣掲㮄如其言○救爾一家,宋,39842
卷之三十一,人物部,神鬼,滑世昌爲鄂州都統司醫官居於南市家貲鉅萬而行醫以救人爲心鄂之人盛稱其德淳熈十四年十一月望日之夜夢有客來訪車騎甚都云是城隍神主言此邦明日有非常大災民罹非命君家亦應墮此厄中以君平日用心慈仁陰功昭著我當救爾一家但貲財不可得耳世昌再拜且伸懇禱云若使幸免而貲財蕩然與死一也神曰此却易辦决不至凍餒恍然而覺聞樓鼓巳五更呼告其妻妻亦夢如是深以爲憂至旦天大風陡寒世昌方朝食漢陽武八官招之視疾及還家巳昏暮夜未半火作於市世昌居烈𦦨中念闔門十口無計自脫忽有壯夫數十輩著紫衫排列火邊驅家人登轎徑舁至將臺下相去六七里俄風雪大作適路有空屋趨避於中相看如癡黎明人轎俱不見顧舊居巳瓦礫之塲矣掇剔埃煤中得銀三十餘兩始悟不至凍餒之說旋僦宅於城中醫道復振家業愈昌子孫三世皆致大富○神延上座,宋,39854
卷之三十一,人物部,神鬼,李綱嘗謁歐陽祐廟夢神延令上座綱辭神曰他日更仗主盟及神加封時綱巳拜相果與署名○神杵指腹,宋,39874
卷之三十一,人物部,神鬼,明州王氏隨夫之任懐胎過期不產羸病漸深一夕夢金剛神以杵指腹疼不可忍及覺巳生二男在床○瑶臺女,宋,39881
卷之三十一,人物部,神鬼,許澶暴卒三日醒作詩云曉入瑶臺露氣清坐中唯見許飛瓊塵心未盡宿緣在十里下山空月明復寐攺第二句云天風吹下歩虚聲曰昨夜夢到瑶臺有女三百餘人一云是許飛瓊令攺二句不欲世間知有我也○鬼所枉殺,宋,39888
卷之三十一,人物部,神鬼,廣平太守馮孝將男馬子夢一女人年十八九歲言我乃前太守徐玄方之女不幸早亾亾來四年爲鬼所枉殺按生籙乃壽至八十餘今聽我更生還爲君妻能見聘否馬子掘開棺視之其女巳活遂爲夫婦○西域神人,元,39898
卷之三十一,人物部,神鬼,吳萊字立夫父諱直方集賢大學士致仕初毋夫人盛氏懷娠七月公忽夢西域神人飛空而來止夫人之寢心異之越翼日萊生因以爲名夫人頗知書年四歲授以孝經論語春秋榖梁傳隨口成誦七歲善屬文及長博極群書至於制度沿革陰陽律曆兵謀術數山經地志字學族譜之屬無所不通遂成大儒學者稱爲淵頴先生卒應西域神人之夢○神授藥劑,元,39907
卷之三十一,人物部,神鬼,陸思孝毋病痢醫禱不効思孝方欲割股肉爲糜以進忽夢神人授以藥劑寤而得之以療其毋痢果愈○神授一兒,明,39918
卷之三十一,人物部,神鬼,張司冦瑄字廷璽應天江浦人公將生毋夢神授一兒旣而誕公容貭俊麗目光炯然爲庠生未幾其同門郭瑶謂曰吾昨夜夢君戴紗帽但頂上窄而平下垂兩帶嘗聞進士巾製如此君其中進士乎明年辛酉公之堂兄琮夢迎舉人見一人乘白馬來視之乃公也其年秋果中高選刋行禮經文字比春祭丁縣致膰翼日公父往謝邑宰宰降階迎笑曰令嗣巳中進士矣公父曰今日始會試頭塲宰曰不然我昨夢縣後坐山上響震一聲聞人曰送人才見一人乘車狀貌類梓潼帝君群用鼓樂送出街上至君門車中忽不見仰視君家臨街屋宇五間皆有獸頭非令嗣中進士而何踰月泥金果至後公以刑部主事憂囬其親家仰仲賢夢人以錦囊盛一印遺公文曰南宗之印見門外竪一方牌扁曰羅剸之門及任廣東布政成化乙酉都御史韓公雍奉命來征兩廣徭賊駐廣西有僉事張祚先迎韓同在廣西韓又取公與副史陳廉赴軍前議事値江水泛漲月餘不能到至九月九日始達桂林張僉事迎謂曰昨夕夢接張都御史今日二公到異哉壬辰公任都御史巡撫福建甲子轉河南過南京見司冦周公謂曰與公别數十年未嘗形諸夢寐昨夜忽夢與公同榻此其公代兆也在福建未轉河南時其弟玠夢人語曰你兄今轉河北巡撫矣旣而果然蓋黃河舊在汴城之北故也初公任吉安府時夫人劉氏嘗夢張通判衙鶴一𩀱飛集本衙庭内無何陞布政後歷四考以地方多故不得給由一日劉又夢龍鬥於空直天井內旣覺猶聞𧢲鬥格格有聲忽詔到内開有司官地方有事不得給由者俱給與本等誥勑公平生以文章政事夙負時名而其出處履歷皆有定分如此則天之生才豈偶然哉或者汲汲富貴至欲以巧力得之可謂不知命也但仲賢所夢羅剸之門稍欠明白𥨸意羅者罪𮊁也剸者裁截也公爲大司冦職司法綱剖柝刑獄其羅剸之謂乎劉所夢張通判衙內雙鶴飛集本衙蓋張乃公姓通判即布政通理一省事也,,39924
卷之三十一,人物部,釋道,○枉殺貧道,宋,39973
卷之三十一,人物部,釋道,宋高祖以劉毅爲撫軍荆州剌史到州便收牧牛寺主云藏桓家兒慶爲沙彌幷殺四道人後夢見此僧來云君何以枉殺貧道貧道巳得白于天帝恐君亦不得久明日毅遂得疾日羸瘦後投牧牛寺寺僧曰撫軍枉殺吾師吾師屢有靈騐云天帝當收撫軍毅嘆叱出寺自縊大𣗳死○𦕈目僧,鿄,39976
卷之三十一,人物部,釋道,武帝夢𦕈目僧執香爐稱托生王宮旣而有采女阮氏侍帝幸之遂生繹初生患眼帝自療之遂盲一目乃憶先夢封湘東王是爲元帝○當爲汝師,唐,39989
卷之三十一,人物部,釋道,司空圖嘗夜夢二僧謂之曰吾當爲汝師汝昔矯於道銳而不固爲利欲所拘幸而悔悟將復從我于是且汝雖退亦嘗爲匪人所嫉宜耐辱自警庻保其終始與靖節醉吟第其品級復何求哉圖因號耐辱居士○僧入寢門,唐,39997
卷之三十一,人物部,釋道,龎嚴爲衢州刺史到郡數月忽夢二僧入寢門嚴不信釋氏夢中呵之僧曰使君莫怒予有先知故來相報耳嚴喜問之曰予爲相乎曰無曰節制乎曰無曰然則當爲何官曰類廉察而無兵權有土地而不出畿内過此以往非吾所知也曰然則壽幾何曰惜哉所乏者壽耳向使有壽則無求不可曰當何日去曰來年五月二十三日及明年春有除替先以狀請於臺使元積元素與嚴善必謂得請以其晦日宴客得元公復書云請候交割嚴發書曰予固知未可以□□言其夢中事於座中竟以五月二十三日發行後爲京兆尹卒○白鶴觀道士,唐,40007
卷之三十一,人物部,釋道,唐末祁陽縣白鶴觀有鐘重數百斤一夕雷雨鐘忽吼躍入江中後有客夜宿昭潭夢一道流曰吾祁陽白鶴觀道士欲歸久矣幸附後載客諾之遲明解䌫見有鐘卧水次有文祁陽白鶴觀鐘客悟乃載而置之觀○五戒殺貧道,唐,40029
卷之三十一,人物部,釋道,西明寺僧曇暢將一奴二騾向岐州稜法師處聽講道逢一人着衲帽敝衣揑數珠自云五戒夜至馬嵬店同宿五戒禮佛誦經半夜不歇暢以爲精進及四更即同發去店十餘里五戒忽袖中出兩刃剌殺暢其奴下馬入草走五戒騎騾驅䭾前去主人即夢暢告云昨夜五戒殺貧道須更奴走到告之如夢時同宿三衛子珮持弓箭乘馬赶四十餘里以弓箭擬之即下騾乞死縛送縣决殺之○鐡冠道人,宋,40039
卷之三十一,人物部,釋道,邵武人徐熈春夢鐡冠道人儀容修偉旣寤至城南五峰院遇所夢者自云姓蔡住武夷遺以五花草食之甘美自此不復粒食但飲清泉約以某日至武夷至期而往蔡巳先在徐以水深不能渡止于金身院修煉尸解而去○可問覺海,宋,40053
卷之三十一,人物部,釋道,程夷伯峽州富人也年二十九一夕夢其父曰汝今年當死可問覺海夷伯茫然不曉一日有蜀僧寤銓字覺海善相術夷伯問曰我壽幾何覺海曰君年甚促但覔求一杯呵氣入水中令夷伯飲之曰今夜有吉夢可相報即夜夢至一官府左廊下男子婦人衣冠嚴整皆相欣悅右廊下𥁞枷鎻縲絏之人哀號涕泗𠊓有人云左廊是修橋路人右廊是毁橋路人若爾要福壽自可擇取夷伯遂悟即發心凢橋梁路道一一脩整用功畢覺海復來云汝作此事壽可延矣後年至九十二而卒五世昌盛,,40065
卷之三十一,人物部,彛倫,○生子名虞,周,40080
卷之三十一,人物部,彛倫,周武王與叔虞母會時夢天謂武王曰余命女生子名虞余與之唐及生子文在其手曰虞故遂應夢泉曰虞武王崩成王立唐有亂周公誅滅唐成王與叔虞戲削桐葉爲珪以與叔虞曰以此封若史佚因請擇日立叔虞成王曰吾戲之耳史佚曰天子無戲言言則史書之禮成之樂歌之於是遂封叔虞於唐○共父同出,東漢,40083
卷之三十一,人物部,彛倫,孝女叔先雄者犍爲人也父泥和永建初爲縣功曹縣長遣泥和持檄謁巴郡太守乘舩墮湍水物故尸喪不歸雄感念怨痛號泣晝夜心不圖存常有自沉之計所生男女二人並數歲雄乃各作囊盛珠環以繫兒數爲訣别之辭家人每防閑之經百許日後稍懈雄因乘小舩於父墮處慟哭遂自投水死其夕弟賢夢雄告之曰後六日當其父同出至期視之果與父相持浮於江上郡縣表言爲雄立碑圖象其形焉○買汝長子,東晉,40095
卷之三十一,人物部,彛倫,王導夜夢一人曰以五百貫錢買汝長子許之後掘錢一窖長子暴死○妻寢有身,東晉,40110
卷之三十一,人物部,彛倫,咸和初徐精逺行夢與妻寢有身明年歸妻果產○新婦被處分,齊,40117
卷之三十一,人物部,彛倫,凉州刺史宋頴前妻劉氏亾後十五年頴夢見之拜曰新婦今被處分爲高崇妻故來辭君泫然流涕頴旦見崇言之後數日崇卒○人害巳,齊,40124
卷之三十一,人物部,彛倫,康王友孜使剌客刺末帝帝方寐夢人害巳旣寤起抽劍曰將有變耶乃索得剌客手殺之遂誅友孜○生貴子,鿄,40132
卷之三十一,人物部,彛倫,欷后之母宋文帝女尋陽公主也方娠夢當生貴子乃生后○人出身中,鿄,40139
卷之三十一,人物部,彛倫,李廣以才學兼御史修國史嘗欲早朝未明假寐夢見一人出身中語云君用心過苦非精神所堪今辭君去覺而語妻因恍惚不安數日便遇疾竟以此終○願生貴子,陳,40145
卷之三十一,人物部,彛倫,張仲淳秀州人忽有一商旅途中感疾投宿於其家仲淳詢其來但略言其名氏鄉里遂不能語而斃仲淳閱其行裝有金十兩乃遣人召其妻子護屍持金而歸復捐貲經營塟之是夕夢其人謝云公平生不欺心隱財陰德甚厚願明年生貴子至期果驗○妾得計矣,隋,40152
卷之三十一,人物部,彛倫,秦王俊有疾隋主馳召許智藏療之俊夢其亾妃崔氏泣曰本來相迎聞許智藏將至必當相苦爲之奈何次夜俊又夢崔曰妾得計矣當入靈府中避之智藏至爲俊診脉曰疾巳入心當發癎不可救也數日果以癎死○惡人生心,北魏,40164
卷之三十一,人物部,彛倫,慕容德迎兄子超干長安旣至夢其父曰汝旣無子何不早立超不爾惡人生心覺語妻曰先帝神明所勑觀此夢意吾將死矣乃以超爲太子是月德死○男子求爲妻,唐,40173
卷之三十一,人物部,彛倫,李節婦嫁鄭廉未逾年而廉死夢一男子求爲妻初不許後數數夢之李自疑容色所召即自截髪毁容其鬼謝曰夫人竹栢之操不可奪也自是不復夢○汝子必貴,唐,40184
卷之三十一,人物部,彛倫,楊旬任夔州推司處以正直積累陰功旬有子年二十三習科舉業一目禀父欲入試旬曰汝學未充不可旬當夜夢神告曰汝陰隲有感吾特來報汝汝子將來必貴若應舉須攺楊椿納卷旬旣得夢次日令子作楊椿名納卷果得第六名次年赴省試椿自夢一神謂曰今年省題乃是行王道而王試之日果如其夢試中九十六名廷試唱名遂魁天下卒符前夢○托爲嗣,唐,40191
卷之三十一,人物部,彛倫,豫章李脩巳爲成都通判太守欲籍張主簿家產而非其罪李到任首以爲言得免簿具啓致禮來謝李歸德於守不受李時年四十九尚無子簿繪李像置天神前夫婦日夕拜祝願早生好兒旣而李陞守妻蔣氏有娠簿方殁夢托爲嗣而生子後登第仕至中散大夫○特賜男女,床,40205
卷之三十一,人物部,彛倫,馬黙知登州先是沙門島罪人舊制有定額官給糧者才三百人每溢額則取其人投之海中黙建言朝廷旣貸其生矣即投之海中非本意也今後溢額乞選年深自至配所不作過人移登州神宗然之即詔可著爲定制自是多全活者未幾黙坐堂上忽夢一人乘空來如世間所畵符使左右挾一男一女至前大呼曰我自東岳來聖帝有命奉天符馬黙本無嗣以移沙門島罪人事特賜男女各一遂致二童乘雲而去後生男女各一黙官至河北都轉運使年八十卒贈太保○復爲君婦,宋,40215
卷之三十一,人物部,彛倫,王貞婦梁氏嫁夫纔數月會元兵至與夫約曰吾義不受辱若復娶湏告我頃之夫婦被掠有千戸强使從巳紿之曰夫在有所不忍乞歸之而後可千戸以金帛與夫并與一矢以𨚫後兵約行逺千戸即犯婦婦拒且罵曰吾與夫誓天地鬼神實臨之乃被殺後數年夫謀更娶議輒不諧因告其故妻夜夢妻曰我死後生某家今十歲矣後七年當復爲君婦明日聘之一言而合詢其生與婦死年月日同云○紫衣人謁見,明,40229
卷之三十一,人物部,彛倫,薛文清公瑄字德溫山西河津人母齊氏夢一紫衣人謁見巳而生公年十二作詩賦監司奇之巳而從范魏二先生講周程張朱諸書嘆曰此道學正脉也遂焚其所作詩專心於是至忘寢食由進士累官至禮部左侍郎公初擢御史提學山東人皆呼之曰薛夫子國朝仕途中能以理學爲務者惟公一人而巳,終,40241
卷之三十一,人物部,彛倫,━━━━━━━━━━━━━━━━━━━━━━━━━━━━━━━━━━━━━━━━━━━━━━━━━━━━━━━━━━━━━━━━━━,卷之三十二,40260
卷之三十一,人物部,彛倫,━━━━━━━━━━━━━━━━━━━━━━━━━━━━━━━━━━━━━━━━━━━━━━━━━━━━━━━━━━━━━━━━━━,,40262
卷之三十二,夢徵,身體,○身長十丈,秦,40280
卷之三十二,夢徵,身體,秦王子嬰常寢于望夷宮夢有人身長十丈髩髪絶偉納王舄而乘丹車駕朱馬至宮門云欲見秦王嬰閽者許進焉謂嬰曰予天使也從沙丘來天下将亂當有誅暴者○以筆畫身,齊,40283
卷之三十二,夢徵,身體,齊世祖賾年十三夢人以筆畫身左右爲兩翅後踐大位身體夢又嘗夢體生毛髪長至足○身死墜床,唐,40289
卷之三十二,夢徵,身體,高祖神堯皇帝將舉義師西入長安忽夜夢身死墜床下爲群蛆所食及覺甚惡之乃詣智滿禪師而宻語之𭲞即賀曰公得天下矣帝大驚曰何謂滿曰死是斃也墜于床是下也群蛆共食者是億兆趨附也人不敢直指天子故曰陛下是至尊之象也甚吉後即帝位乃命滿營其寺賜額爲興義寺今寺内見有圓夢堂及塑師像在後○裸身稱𡨚,明,40298
卷之三十二,夢徵,身體,萬太守信宣德間治開封夜夢一男子裸身稱𡨚自言爲祥符氏耿羊兒所殺屍埋莊後信驚悟明日至羊兒家考驗服罪人皆異之,,40311
卷之三十二,夢徵,頭額,○頭生𧢲,蜀漢,40320
卷之三十二,夢徵,頭額,諸葛亮出北谷口魏延爲前鋒延夢頭生𧢲以問占夢趙直直詐曰麒麟有𧢲而不用此不戰而自附之象退而告人曰𧢲之爲字刀下用也頭上用刀其凶甚矣果爲楊儀所殺○筆㸃額,齊,40323
卷之三十二,夢徵,頭額,高洋封齊王夢人以筆㸃巳額以告王曇哲曰吾其退乎哲拜賀曰王上加㸃主字也後受魏禪○斬頭持去,齊,40333
卷之三十二,夢徵,頭額,高浟敭歷素見令望其妃鄭氏夢人斬浟頭持去惡之數日後田子禮等刼浟爲主浟不從遂遇害○斷頭,齊,40341
卷之三十二,夢徵,頭額,爾朱世隆夢人斷其頭持去竟以語妻奚氏意殊不適未幾見殺○砍落頭,宋,40349
卷之三十二,夢徵,頭額,劉沆累舉不第天聖中將辦裝赴省試一夕夢被人砍落頭心甚惡之有郷人解之曰狀元不到十二郞做只得第二公因詰之曰砍𨚫頭留項在裏蓋南音謂項爲沆留劉同音後果第二名○兩易其頭,宋,40355
卷之三十二,夢徵,頭額,岳某蜀遂寧府人李某開州人各祈夢于七曲山梓潼帝君之祠二人素不相識然所祈皆功名之事岳夢至一宮殿見一王者冠冕坐于殿上侍御七八人𠊓有持簿者岳直前問曰某前程如何未幾又見李至前亦以前程叩之扶簿者閱覽姓名畢上言于王者之前忽一人下殿傳㫖曰汝二人皆可貴但身與頭不相稱必須兩易其頭岳聞之驚恐其人曰汝畏換頭無復貴矣言畢忽有一人手持斧鉞引岳至廊廡之下二人又引李至使二人瞑目而立竟易其頭夢醒頸間尚有微痛早起僕見其靣不似怪之然其聲不攺且歷言昨者祈夢之故及歸妻子各駭然問平日家庭之事應對皆無舛遂傳說夢中換頭之由妻子之心稍安其年領鄉薦明年登科岳調重慶府江源縣主簿李亦登科得簿尉之缺既歸李丁憂岳之任將滿李服除再調亦得江源主簿與岳爲代二人雖同時祈夢然各宿不相會靣以交代始得相識岳之妻子驚曰李之靣岳前日之靣也李之妻子亦驚曰岳之靣李前日之靣也飲酒極歡相與言前日之夢各大驚悟後官俱顯蜀人以爲美談○易頭,宋,40367
卷之三十二,夢徵,頭額,賈弼夢人易其頭還能半靣啼半靣咲○三人頭有血,明,40396
卷之三十二,夢徵,頭額,高祖嘗夢三人頭有血以土傅之以爲不祥欲刑人以應之劉誠意基適入見高祖語之夢基曰是衆字頭上有血以土傅之得土得衆之象也應在得夢時三日當有報至高祖乃留所欲刑人至三日後海寧以城降報至高祖大喜悉以所留人命基縱之○頭上生羊𧢲,明,40402
卷之三十二,夢徵,頭額,解學士縉字大紳江西吉水人會試時適有廬陵舉人沈舉發解南省居首及將廷試忽夢頭上生羊𧢲同年曰頭𧢲崢嶸在此舉矣傍一人曰非也羊𧢲乃解字也恐有解姓者復居首耶迨傳臚果得解縉也縉才氣豪邁遇事敢言後謫交阯𠫭議卒于官云○額有數獸頭,明,40411
卷之三十二,夢徵,頭額,陳憲副宣之爲進士時數夢額上有類屋𧢲獸頭之狀旣而除御史獸頭乃豸冠也,,40423
卷之三十二,夢徵,睂髪,○睂長如髪,虞,40430
卷之三十二,夢徵,睂髪,舜二十夢睂長與髪等堯乃命舜代巳攝政○皓髪長身,宋,40433
卷之三十二,夢徵,睂髪,岳眞人母一日夢老人皓髪長身冠劒莊偉告之曰我今當寄母家矣明日州人見有靑氣西北起自天而下奔往視之止于岳家乃生自幼不嗜酒肉至元中封崇元廣化眞人丞相安童病眞人視之即愈大德初升仙而去○披髪爲厲,明,40439
卷之三十二,夢徵,睂髪,刑部侍郎張昺出掌北平布政司事爲文皇所縛不屈死之文皇嘗夢昺披髪爲厲出焚其尸靣色如生,,40449
卷之三十二,夢徵,面目,面目類○目洗河西,夏,40456
卷之三十二,夢徵,面目,伯禹夢目洗於河西四岳舉之舜進之堯堯命以爲司空○靣目盡血,唐,40462
卷之三十二,夢徵,面目,渾瑊罹西蕃刼盟掌書記韓弇遇害弇素與櫟陽尉李績友善績因晝寢忽夢弇被髪披衣面目盡血績初不識及稱姓名乃相勞勉如平生弇曰今從秃髪大使塡河憔悴困辱不可言間來奉詣耳吾久飢渇明日午時于宅西南爲置酒饌錢物亦平生之分也績許之悲愴待旦至午時如言祭之忽有黑風自西來旋轉筵上飄卷紙錢及酒食皆飛去舉邑人觀之時眞元四年,,40467
卷之三十二,夢徵,口鼻,口鼻類○入口落腹,齊,40481
卷之三十二,夢徵,口鼻,陶繼之爲秣陵令追捕刼財李龍等因枉殺太常伎經月餘陶夢伎來至案前云昔枉見殺實所不忿訴天得理今故取君便跳入陶口乃落腹中陶驚寤俄而倒伏頭乃著背四日而亾○唾灼口中,齊,40486
卷之三十二,夢徵,口鼻,鄭灼幼受業于皇侃一夕夢遇侃于塗侃謂灼曰鄭郎開口侃因唾灼口中自後義理逾進○籃中擇鼻,宋,40496
卷之三十二,夢徵,口鼻,徐郞中夢神人携一竹籃其中皆人鼻視徐曰形体不薄但鼻曲而小劓之乃于籃中擇一鼻安之神笑曰好一正郎鼻也徐鼻自爾端直歷官正郞,,40504
卷之三十二,夢徵,齒舌,○以劒斷其舌,梁,40512
卷之三十二,夢徵,齒舌,沈約夢齊和以劒斷其舌乃呼道士奏赤章于天稱代禪之事不繇巳鿄帝聞之怒遣使譴責約懼遂卒帝以懷情不盡謚之曰隱○舌上生毛,宋,40515
卷之三十二,夢徵,齒舌,馬亮知江陵府當代夢舌上生毛僧曰舌上生毛剃不得當再任果然○剪舌,宋,40523
卷之三十二,夢徵,齒舌,王朝郎夔州道士也舌長呼字不正忽夢老君剪舌旣覺語遂正○齒長數尺,明,40533
卷之三十二,夢徵,齒舌,滕憲長佐字良輔臨洮之蘭縣人嘗謂予曰某爲御史時嘗夢口齒忽長數尺俄遷副使昨又夢頭長數尺不知何故占者曰齒長當主衙門大頭長當得大冠俄而遷四川按察使蓋衙即牙冠即官故也,,40540
卷之三十二,夢徵,鬚毛,○鬚化靑龍,蜀漢,40551
卷之三十二,夢徵,鬚毛,雲長公有鬚一莖美長而色靑婉轉生動忽夢此鬚化靑龍飛去覺而失之自是力減○陰毛拂踝,齊,40555
卷之三十二,夢徵,鬚毛,酈範解靑州剌史還京夜夢陰毛拂踝他日言之齊人史武進解曰使君必當重牧全齊再祿營丘範笑曰吾當爲卿驗此夢後果如其言○多鬚丈夫,唐,40562
卷之三十二,夢徵,鬚毛,李林甫作相甞夢一白晳多鬚長丈夫逼巳排之不能去旣寤言曰此形狀類裴寛寛謀代我故也時寛爲戸部尚書兼御史大夫乃因李適之黨斥逐之是時楊國忠始爲金吾胄曹𠫭軍不十年林甫卒國忠竟代其任其形狀亦類寛焉○被剃盡,宋,40571
卷之三十二,夢徵,鬚毛,李迪美髭髯未御試前一夕夢被一人剃削俱盡迪甚惡之有解者曰秀才當作狀元緣今歳省元是劉滋今替滋矣果狀元及第,,40582
卷之三十二,夢徵,手足,手足類○手熱,齊,40589
卷之三十二,夢徵,手足,張敬兒爲南陽守時妻嘗夢一手熱如火爲雍州夢一股熱爲開封夢半身熱敬兒意欲無限謂人曰吾妻將夢通身熱矣齊主惡殺之○手執炬火,鿄,40594
卷之三十二,夢徵,手足,李元忠夢手執炬火入其父墓中驚起旦告其師師占曰大吉此謂光照先人後元忠名位果大顯于北齊○割落指節,北齊,40605
卷之三十二,夢徵,手足,莊帝欲圖爾朱榮夢手持一刀自割落十指節都不覺痛惡之後帝于明光殿榮入見魯安等持刀入即馳向御前帝㧞千牛刀手刃之去其十指○無左手,北齊,40614
卷之三十二,夢徵,手足,帝未貴時舟泊江千夢無左手惡其不祥旦登㟁入草庵爲老僧言之僧賀曰無左手者獨拳也主爲天子後帝興建此庵爲吉祥寺○拊掌而咲,唐,40620
卷之三十二,夢徵,手足,韓文公少時夢人與丹篆一卷强吞之一人在傍拊掌而咲後覺如有物梗胸中後見孟郊乃夢中傍咲者○以足躡之,宋,40629
卷之三十二,夢徵,手足,張興頗信佛法常從沙門僧融翼時受八戒興爲刼賊所引逋逃不獲妻繫獄掠笞積日偶縣失火出囚路側遇融翼妻呼闍黎何不救我融曰貧道力弱不能救唯宜勤念觀世音庻獲免耳妻便晝夜祈念經十日許夢一沙門以足躡之曰咄咄可起妻即驚起鉗鎻桎梏皆脫然閉戸警防無繇得出乃𨚫自械又夢向者沙門曰户巳開矣妻覺而馳出守備俱寢安步而逸闇行數里卒値一人懼躃地巳而相訊乃其夫也相見悲喜夜投融翼翼匿之獲免焉○手拍項背,明,40637
卷之三十二,夢徵,手足,項孔恂浙江處州麗水人齋戒沭浴欲明旦往城隍廟祈籖當夜五鼓夢出監外西號門見一老者長鬚皤然以手拍項之背曰吾偕子應天府前看㮄至則果見懸㮄指云你名列在三十二言訖不見項又爲同郡友看名列第十六遂覺與王相識之是秋二人同在監應京闈鄉試及掲曉項中九十一王中八十三名未解其意後撿小錄項詩經中第三十二卷王易經中第一十六卷果符前夢名數也,,40657
卷之三十二,夢徵,背腹,背腹類○鞭背,宋,40674
卷之三十二,夢徵,背腹,寶祐間陳統制在城隍廟夢數卒押王都統至庭下鞭背覺以語王王怒叱之未半年王疽發于背數日始愈○腹中五色蛇,明,40679
卷之三十二,夢徵,背腹,彭郞中彦充江西安福人會試先數夕嘗夢腹中有五色蛇出其長幾丈許文彩爛然是年中第四名刋行春秋義一篇策一道蓋五色乃文章象也,,40687
卷之三十二,夢徵,腸胃,腸胃類○腸出繞閶門,東漢,40697
卷之三十二,夢徵,腸胃,孫鍾富春人也幼失父事母至孝遭嵗荒以種𤓰爲業瓜熟常以設行者家事福德神甚䖍瓜熟未獻神不以設也忽有三少年詣鍾求瓜鍾曰吾未獻神子姑坐即起入獻神引少年入設𤓰及飯飯訖三人謂曰我蒙君厚恩今示子塟地塟之後子孫世世貴不可言遂令鍾下山百許歩勿返顧見我止即塟地也鍾去不六十餘歩便返顧見三人化爲鶴飛去鍾記之遂于此塟母後鍾之妻孕夢腸出繞吳閶門以告隣母曰安知非吉祥遂生堅堅生權五世皆王于吳○出腸胃,西晉,40702
卷之三十二,夢徵,腸胃,沙門竺法義病篤晝眠夢一道人來治其病刺出腸胃𪷇洗臟腑見有結聚不淨物甚多洗濯畢還納之語義曰汝病巳除夢覺衆患豁然尋得復常政事部,科第官祿壽算婚姻䘮塟祭享恩讐酬酢囑託,40722
卷之三十二,夢徵,科第,科第類○四舉成名,唐,40731
卷之三十二,夢徵,科第,竇盧署本名輔眞貞元六年舉進士不第將遊信安謁郡守鄭式贍甚禮之館給數日稍狎因謂署曰子復姓不宜兩字爲名將爲攺之何如署因起謝且求其所攺式贍書數字若著者助者署者曰子可自擇之其夕宿于館夢一老人謂曰聞使君與子更名子當四舉成名四者甚佳後二十年爲此郡因指郡隙地曰此可以建亭臺旣寤思之四者署字也遂以爲名旣三年又下第以爲夢無徵知者或心咲之後二年果登第蓋自更名後四舉也太和元年署自秘書少監爲衢州刺史旣至周覧郡内得夢中所指隙地遂構一亭其上名曰徴夢亭○來年狀元,宋,40736
卷之三十二,夢徵,科第,雋宗遠在海州書表司嘗夢有告者曰來年狀元是王堯臣宗遠用題司房之地壁是年秋試開封府解㮄到見王之姓名謂同列曰此是明年狀元也洎南省㮄出又見王預奏姓名宗逺愈喜應題于壁未幾王果魁多士○五子科第,宋,40754
卷之三十二,夢徵,科第,宣和中方臘犯諸曁其士人黃汝楫以財物一萬緡贖賊所掠士女千人夜夢神告曰上帝以汝活人多賜五子科第其後子開閣閌閱闓皆登第焉○報狀元㮄,宋,40764
卷之三十二,夢徵,科第,祝染沙縣人也遇歉歲爲粥以施貧者後生一子聰慧請舉入學手㮄將開忽街上人夢㨗者奔馳而過報狀元㮄手持一大旗書四字曰施粥之報及㮄開其子果爲特科狀元○呼解元,明,40772
卷之三十二,夢徵,科第,姚文敏公夔字大章浙之桐廬人鄉試時嘗與商公輅同舟夜夢一吏持方簡一片來舟所連呼解元者二簡上有商輅二字公曰吾中否其吏轉過簡後視之又有姚夔二字寤而共語曰焉有一科兩解元耶此不足信迨掲曉商公是科第一姚公後科第一由進士累官至太子少保吏部尚書○汝子登科之年,明,40783
卷之三十二,夢徵,科第,卓太守天錫福之興化人始生時其父夢人告曰汝對門王老者死之日乃汝子登科之年覺而識之於冊後景泰癸酉正月王老物故是歲適當大比之年卓果中解元○明日狀元,明,40797
卷之三十二,夢徵,科第,孫翰林賢河南杞縣人赴京會試偕同省舉子四人同至一驛其驛丞待之甚厚心頗疑之明年孫下第仍過其驛而驛丞稍有慢意因問其故丞曰疇昔之夜嘗夢有人告曰明日狀元到此黠旦惟公等至故不敢慢耳孫黙然後舉廷試果狀元及第○汝第十名,明,40806
卷之三十二,夢徵,科第,金石浙人鄉試畢夢有人來其家報云石塘中第二名汝中第十名迨㮄出布政司門外從前張掛纔露見第二名石塘金在後呌曰我中在第十名旣而果然人問何以知之金具言其夢○三塲之兆,明,40819
卷之三十二,夢徵,科第,王黃門徽字尚文南京錦衣衛人景泰丙子科鄕試前二夕夢登高梯三次至第三次墜梯而下自謂此必三塲之兆旣而領鄕薦連中會試尋聞母訃不與廷試始悟墜梯之夢又嘗夢入試院見試官排定舉子名數分爲三甲第一甲一十五名第二甲第二名乃友人江陰顔瑄第三名即公也迨掲曉中一十八名廷試名在二甲第三兩度皆奇驗後顏亦中丙戍進士名果在二甲第二公職司言路累上封章犯顔敢諫不避權幸有古諫臣風陞陜西𠫭議養高林下閉門不出士大夫咸仰望其丰采云○登第狀元前,明,40830
卷之三十二,夢徵,科第,松江張進士黼未第時嘗夢人謂曰汝登第在狀元前覺而思之世豈有科名先狀元者吾殆無此望矣及丁未會試名在十五鉛山費學士宏名在十六是科宏狀元及第計得夢時費尚未生也,,40848
卷之三十二,夢徵,官祿,官祿類○君尹吾邑,唐,40858
卷之三十二,夢徵,官祿,鍾離介寓長安夢二女揖之曰吾家孟溪君今中第尹吾邑矣巳而果如其言介旣至仙居求其跡廟而祀之名曰慈感○君得五品,唐,40863
卷之三十二,夢徵,官祿,戴胄素與沈裕善胄死裕在州夢胄着故敝衣顏容甚顇見裕悲喜裕問公生平修福今者何爲答曰吾昔誤奏殺人吾死後他人殺羊祭我由此二事辨答辛苦不可具言今亦了矣因謂裕曰吾平生與君友善竟不能進君官位深恨于懷君今日得五品文書巳過天曹相助欣慶故以相報言畢而寤九年春裕將歸江南行至徐州奉詔書授裕五品爲婺州治中○河南尹,唐,40870
卷之三十二,夢徵,官祿,王潘以元和五年登科嘗夢爲河南尹平旦視事有二客來謁一衣紫而東坐一衣緋而西坐緋者謂紫者曰崙邦如何處置曰巳科决逓出畍訖覺乃書于誥牒之後别紙上後二十年果除河南尹旣至三日留守大將知水一院官與分司郞官偕至門答一如夢中潘遽命開篋取官誥所誌者以視客乃郞官家奴𥨸逓送出縣縣斷如此○十年作襄州刺史,唐,40883
卷之三十二,夢徵,官祿,高元裕於太和三年任司勲員外郞寓宿南宮晝夢有人告曰十年作襄州剌史旣寤私異之因援毫以隱語記于廳之東楹掩暎處曰太三寤襄剌十年洎開成三年爲御史中丞遂爲夢因虚耳是後出入中外敭歷貴位至大中二年由天官尚書授鉞漢南自題記後𪠘署補葺亦屢矣且謂楹上字無復存也及與好奇士同往觀之則毫翰煥然獨存高因屈指以今之年加曩之十乃二十年矣○子位正郎,宋,40897
卷之三十二,夢徵,官祿,査道夢神人謂曰子位至正郎壽五十七後官至右司郎中享年六十四人以爲寛厚仁孝所延云○鼓吹送狀元,宋,40910
卷之三十二,夢徵,官祿,馮商鄂州江夏人壯歲無子將如卒師其妻授以曰金數斛曰君未有子可以此爲買妾之資及至京師買一妾償鈔矣問妾所自涕泣不肯言固問之乃曰吾父居官因綱運欠拆鬻妾以爲陪償之計商遂惻然不忍犯遣還其父不索其錢及歸家妻問置妾安在具告以故妻曰君用心如此陰德厚矣何患無子居數月妻有娠將誕里人皆夢鼓吹喧聞送狀元入馮家次早生子即京也後領舉爲解元省試爲省元登第爲狀元世號爲馮三元後官宣徽南院使拜太子太師致仕卒贈司徒○十八嵗尚書,明,40918
卷之三十二,夢徵,官祿,李宗伯本字立之蜀之富順人正統戊辰赴京會試道經河西務有某姓者先夜夢人報云明日十八歲尚書至須禮遇之翼日某張筵以待無他客詣門夜二鼓盡舉家不寐尚張燈俟之始有一人叩門投舘延之甚恭且問其姓名公曰蜀之富順會試舉人李本也某遂以前夢白之李喜後果登第授翰林撿討累官至南京禮部尚書蓋姓名二字皆含十八字意始知所夢十八歲者也○明日尚書至,明,40939
卷之三十二,夢徵,官祿,滕司馬自浙江奉使至閩其驛卒夜夢明日有尚書至時公爲副都御史奉勑考官明日果至後還朝數年轉兵部侍郎正二品俸致仕亦尚書職也○爲𠫭政,明,40951
卷之三十二,夢徵,官祿,陸大𠫭㫤宇孟昭蘇州常熟人少爲庠生時好遊山水頗廢學其妻憂之一夕夢白頭老父語之曰汝無憂也彼後當爲𠫭政仕宦非小婦歸告其母母亦不知𠫭政何官因問其父父曰此三品官也陸後果中進士歷官刑部郞中然倜儻好事喜交結公卿大夫咸欲薦之於朝當道疑之竟不敢用陞福建巡海𠫭政卒○舊有會元,明,40959
卷之三十二,夢徵,官祿,程編脩楷字正之江西樂平人嘗夢本縣神人告曰此地舊有會元今逾二百四十年矣子當爲第二人後果中丁未會元程以郡志考之宋朝本縣有馬廷鸞者丁未科嘗爲會元至成化丁未適二百四十年,,40974
卷之三十二,夢徵,壽算,○增汝壽,西漢,40983
卷之三十二,夢徵,壽算,孫泰山陽人姨以二女爲托曰其長女損一目汝可娶其女弟姨卒泰娶其姊或詰之泰曰其人有廢疾非泰何適衆皆服其義嘗于都市買鐡燈臺磨洗之即銀也泰往還之他日泰夢一神人紫衣象簡從容謂之曰汝平生德行不虧名知天府奉帝命宜增汝壽而昌汝後也汝宜勉之泰自是愈脩陰德壽九十七而終子孫世爲顯宦○福壽雙全,西漢,40986
卷之三十二,夢徵,壽算,陳泊爲開封功曹時章獻太后臨朝族人杖殺一卒泊當驗屍爲卒伸其𡨚雖忤㫖太后亦不罪後泊夢卒告云陰司以公爲政公忠巳注公富貴榮顯福壽雙全及與公賢子孫我受公恩故來相報泊自此顯名歷官臺省子孫皆以詞學顯仕○壽增三紀,東晉,41001
卷之三十二,夢徵,壽算,徐宗仁西蜀人其鄉有兩石橋夾出一江四時皆湍急下則深淵惟此處可以立渡常年溺死者甚衆蓋船小觸石即碎宗仁發心造一巨舟兩頭裹以鐵葉自顧篙手專一渡送往來之人且建善緣以薦亡者一日忽有道人登門稱善星命謂徐曰公壽止三十三徐大驚異其年生日之時夢至官府見王坐于堂上門首濕衣之鬼三四百人執一卷投于王前云徐宗仁濟生㧞死功德莫大乞與夫婦壽考子孫榮貴王者指左右以此辭示宗仁曰君壽本當盡爲此之故壽延三紀覺而異之自此益好善樂施子孫皆榮顯宗仁果逾三紀而卒人立祠于渡卒○壽六十四,宋,41010
卷之三十二,夢徵,壽算,陳希亮夢異人按圖告其夀止六十四後果應○注公高壽,宋,41025
卷之三十二,夢徵,壽算,蔡襄未仕時毎喜食鶉一夕夢褐衣老人曰來日當被害願公貸命襄問汝何人乃誦詩云食君數粒粟充君羮中肉一羮斷數命下筯猶未足口腹須臾間禍福相倚伏願君戒勿殺死生如轉轂覺而異之詢于厨中有黃鶉數十放之經夕復夢褐衣老人云感公從禱巳獲復生今上帝巳命注公高壽矣其後登進士歷官至端明殿大學士卒贈吏部侍郞孫佃廷試唱名第一○不至上壽,宋,41031
卷之三十二,夢徵,壽算,治平中頴賔寓京師夢入三清殿上老子高二三尺狀甚異謂蘇曰子知楊綰事乎答曰唐之賢相也子知高郢嚴震乎曰郢文臣震功臣也三人孰勝曰郢震不如綰遠矣曰三人皆終尚書僕射然綰不至上壽郢震並享𦒿年子知其說乎曰不知曰綰好殺生而郢震皆不殺此所以壽異也子其志之遂覺○必獲福壽,宋,41048
卷之三十二,夢徵,壽算,曾公亮字明仲泉州晉江人未顯時嘗夢人謂公有陰德必獲福壽後登相位年八十卒子孝寛官至吏部尚書竟如其言○壽延百歲,宋,41064
卷之三十二,夢徵,壽算,李謙嘗至歲歉出粟千石以貸鄕人明年又歉人無以償謙即對衆焚劵曰債巳償矣明年又大歉竭家資煑粥以濟之動以萬計死者復爲瘞之一日寐夢一紫衣人告之曰上帝知汝有德及人壽延百歲言訖而去後謙果百歲而終子孫皆貴顯○非久人間,宋,41075
卷之三十二,夢徵,壽算,黃思至京夢人告曰子非久人間上帝有命典司文翰覺而書之不逾月而卒○壽問孔老人,明,41088
卷之三十二,夢徵,壽算,文温州林將之任祈壽于九仙廟夢神曰壽問孔老人文旣寤殊不解及蒞任命工解板修官船其督工老人姓孔方解板竟向文禀復林心巳訝之乃問其數孔云板止五十七塊又問之曰止此無餘矣時文年五十七聞言大驚便覺背上有芒剌不崇朝而疽𤼵於背卒○欲知壽數,明,41097
卷之三十二,夢徵,壽算,解元唐先生寅中歲失意禱神祈壽神語之曰欲知壽數觀此軸首唐視之乃南呂二字餘不憶覺後亦不能解後至五十外過友人家見堂上一軸似昔夢所覩迫而察之乃是一詞首題云南呂一枝花唐駭而讀之中二句云生年半百前路苦無多唐心知非佳兆也乃以女屬太學王先生寵曰唐生止此一女以許君之子幸善視之吾據夢兆且不久矣未幾辭世,,41107
卷之三十二,夢徵,婚姻,婚姻類○刻日奉迎,東晉,41120
卷之三十二,夢徵,婚姻,咸寧中韓劉王三子同遊蔣矦廟廟有美人像三子醉各指像戲相匹配是夕三人同夢蔣侯遣傳教曰家子女並醜陋而猥垂榮顧輙刻日奉迎三子相問皆符大懼詣廟謝罪乞哀無何俱夢蔣矦親來降巳曰君等旣巳顧之實貪會對尅䫏垂及豈容中悔經少時並亡○更生相就,東晉,41125
卷之三十二,夢徵,婚姻,武都太守李仲文在郡喪女權厝郡城北張世之代爲郡有男曰子長年二十在𪠘夢一女年可十六七自言前府君女不幸蚤亾今當更生故來相就明忽晝見衣服薫香殊絕遂爲夫妻衣皆有洿如處女焉後仲文遣婢視女墓因過世之婦相問入𪠘見此女履一𨾏在子長牀下取之啼泣疑人發其塚持歸示仲文仲父驚愕遣問世之世之呼問兒具陳本末李張俱爲可怪發棺祝之女體巳生肉顏色如故唯右脚有履子長夢女曰我比得生今爲所發自爾之後遂死肉爛不得生矣萬恨之心當復何言遂泣别○配弄玉,唐,41137
卷之三十二,夢徵,婚姻,唐太和初沈亞之晝夢入秦主内史廖家廖舉亞之得見秦主累有戰功配以女弄玉,,41156
卷之三十二,夢徵,䘮塟,䘮塟類○死塟相及,西漢,41162
卷之三十二,夢徵,䘮塟,范式字巨卿與汝南張劭友善一夕式夢劭呼曰巨卿吾于某日死某日塟子能相及式馳赴之喪巳發柩不肯前母曰劭有望耶移時式素車白馬號泣而來母曰此必元伯也劭至痛哭執紖而前柩乃進○自稱求塟,西晉,41167
卷之三十二,夢徵,䘮塟,鄒湛夢見一人自稱甄仲舒求塟鄒悟曰宅西有積土敗瓦其中必有死人簡之果然乃塟之蓋甄仲舒字折之乃舍西土瓦中人也,,41180
卷之三十二,夢徵,祭享,祭享類○祭余福女,春秋,41188
卷之三十二,夢徵,祭享,晉趙嬰通于趙莊姬原屏放諸齊嬰曰我在故樂氏不作我亾吾二昆其憂哉且人各有能有不能舍我何害弗聴嬰夢天使謂巳祭余余福女使問諸士貞伯貞伯曰不識也旣而告其人曰神福仁而禍淫淫而無罰福也祭其得亡乎祭之明日而亡○相奪予享,秦,41193
卷之三十二,夢徵,祭享,狄圍衛衛遷于帝丘卜曰三百年衛成公夢康叔日相奪予享公命祀相寗武子不可曰鬼神非其族類不歆其祀杞鄫何事相之不享于此久矣非衛之罪也不可以間成王周公之命祀請攺祀命○盂享一事,宋,41208
卷之三十二,夢徵,祭享,蒲咸臨于宣和癸卯冬夜宿荆山驛夢一老衣冠甚偉自云是王安石探懷中數簡與之云宜先討究盂享一事至紹興壬戌秋以繁江尉後有容殿香火官四時盂享實與行事始符夢焉○享婦人之祭,明,41219
卷之三十二,夢徵,祭享,黃巖林方伯一鶚居官時嘗于中元日夜夢享一婦人之祭覺而所享之物若在齒頰街坊屋舍宛然在目公怪之命一健卒指其所向物色之果于某坊得一老婦年七十餘䘮其故夫所焚紙灰尚未寒問其祭物與夫死之年月日時以復于公其物乃公夢中所食而夫死之年月日時與公之生無不同者此亦異也,,41229
卷之三十二,夢徵,恩讐,恩讐類○中死處,北魏,41236
卷之三十二,夢徵,恩讐,姚萇殺苻堅夢堅將鬼兵數百突入萇營萇懼走入宮宮人迎萇刺鬼誤中萇陰鬼爲語曰正中死處㧞矛出血斗餘寤而驚悸遂患陰腫醫剌之出血如夢遂死○終不相放,梁,41241
卷之三十二,夢徵,恩讐,李昭旣擒元樹𣗳死後昭奉使至潼關驛夢元𣗳曰我巳訴天帝待卿至隴終不相放及昭至隴口爲賀㧞岳所殺子鵠尋爲達野㧞所殺○明公雪𡨚樊宗諒爲宻州刺史時屬邑有群盗提兵入邑甿殷氏家掠奪金帛殺其父子死者三人刺史捕之月餘不獲有鉅鹿魏南華者寓居齊魯間家甚貧宗諒命攝司法掾一夕南華夢數人皆被髪列諒曰姓殷氏父子三人皆無罪而死願明公雪其𡨚南華曰殺汝者爲誰對曰某所居東十里有姓姚者乃盜魁也南華許諾驚寤數日宗諒謂南華曰盜殺吾甿且一月矣莫窮其迹豈非吏不奉職乎爾爲法司官第往驗之南華馳往忽見一狐起于路𠊓深草中馳入里人姚氏居噪而逐者以百數其狐入一穴中南華命以鍤發之得金帛甚多乃群盗刼殷氏財也即召姚氏子訊其所自姚目動詞誦即收劾之果盜魁也于是盡擒其支黨且十輩求狐卒無所見殆𡨚魂之所托也○三年未報,唐,41253
卷之三十二,夢徵,恩讐,陳甲獵于東野大藪歘見大蛇長六七丈玄黃五色卧岡下甲射殺之不敢說三年後至故見蛇處語同行云昔在此殺大蛇其夜夢一人烏衣黑幘至其家曰汝無狀殺我我昔醉不識汝靣故三年未相報今自來就死欲安逃乎其人驚覺明旦腹痛而卒○讎雪,後漢,41279
卷之三十二,夢徵,恩讐,都押衙何群倚勢凌物毒殺孔目官宋柔一夕夢柔向群大叱曰吾讎雪矣遂驚覺無何竟以謀叛爲禆將竇思禮所殺○死當如我,宋,41288
卷之三十二,夢徵,恩讐,李全乞靈毛司徒廟無應全怒斷神像左臂或夢神告人云李全傷我左臂全死亦當如我至其敗果斷左臂而死焉○訴帝復讎,元,41298
卷之三十二,夢徵,恩讐,元入宋臨安帝㬎旣降封瀛國公使爲僧號合尊有子完普亦爲僧俱坐說法聚衆見殺其舅有陘全翁夢二僧曰吾趙㬎也被虜屠害巳訴諸上帝可復讎矣及韓山童倡言彌勒佛下生而中原之亂沸起元鼎竟遷趙濕復仇庻幾驗云,,41306
卷之三十二,夢徵,酬酢,酬酢類○十五事酬君,唐,41316
卷之三十二,夢徵,酬酢,楊國忠初名釗未貴前寄居永興寺寺僧慧曉與言此寺基爲漢侍中張建宅晉明時六代孫傑施爲寺而建墓實在佛殿下往往托夢言得名卿爲我作誌銘令死不朽足以無恨釗因戲言名卿舍我其誰于是爲作誌并爲立碑以表之碑成之夕釗忽夢緋袍金帶貌類神人揖釗而言曰感君表素美譽過甚思無以報願以十五事酬君語訖而覺後釗于天寶七年領度支郎中兼侍御史善迎上意一歲領十五餘使人以爲張之報云○媿謝之意,唐,41321
卷之三十二,夢徵,酬酢,劉昌至平凉刼盟之所收聚亾殁將士骸骨坎瘞之因感夢於昌有媿謝之意昌上聞德宗下詔深自克責遣秘書少監孔述霽及中使以御饌内造衣服數百襲令昌收其骸骨分爲大將三十人將士百人各具棺槥衣服塟于涉水原大將曰旌義塚將士曰懐德塚詔翰林學士譔銘志祭文昌盛陳兵設幕次具牢饌祭之昌及大將皆素服臨之焚其衣服紙錢别立二石題以塚名諸道莫不感泣,,41337
卷之三十二,夢徵,囑託,囑託類○僕居頽毁,唐,41348
卷之三十二,夢徵,囑託,唐韋建除武昌軍節度使將行夢一朱衣導從數十詣韋曰公將鎭鄂僕所居頺毁非公不能葺治韋寤而志之至鄂經宋無忌廟覩其像即夢中所見遂爲新之○莫管閒事,宋,41353
卷之三十二,夢徵,囑託,胡仲徽赴省試有富家子倩之代筆許以重資爲謝胡𨚫之夜夢黃衣卒報㮄胡詢巳之得失卒曰正爲公姓名在㮄所以來報旣去復還曰秀才解名雖定然須莫管閒事乃可胡矍然覺因思晝之所囑力𨚫之果預薦○將毀吾居,宋,41361
卷之三十二,夢徵,囑託,韓子師鎭平江夜聞鼓笛喧訇問何處作樂老兵言後園百花大王生日府民年例就廟獻送韓意謂非典祀行將毁之兵馬都監夢有客入謁曰吾百花大王也久獲血食府園今府主將毁吾居願賜一言勸止都監醒寤旦詣府禀曰尚書欲拆百花廟乎韓驚曰夜來有此念初不形言君何知之具以夢告韓嘆其靈議遂寢○家屬爲託,元,41371
卷之三十二,夢徵,囑託,葉子澄吳人貧而好義與黟縣達魯花赤伯顔交至正壬辰㓂起浙省調兵守昱嶺時伯顏没于王事其家在嘉興崇德州訃至家人招黃冠師追薦攝召之顏云旦夕杬城且危爾輩速依吾弟處逃生母妻以無弟再扣之曰松江葉子澄乃吾存日生死交也可往依之即備船東行比至前三日葉夢伯顏相見以家屬爲託比伯顏家人至葉即留居供給不怠後杭城果陷,終,41385
卷之三十二,夢徵,囑託,━━━━━━━━━━━━━━━━━━━━━━━━━━━━━━━━━━━━━━━━━━━━━━━━━━━━━━━━━━━━━━━━━━,卷之三十三,41403
卷之三十二,夢徵,囑託,━━━━━━━━━━━━━━━━━━━━━━━━━━━━━━━━━━━━━━━━━━━━━━━━━━━━━━━━━━━━━━━━━━,,41405
卷之三十三,夢徵,舟檝,舟檝類○乘船赴任,宋,41421
卷之三十三,夢徵,舟檝,蜀葉逢夢乘船赴任江上候吏旁午迎入石窟忽報勑下授水部簡較員外郎後覆舟于特爲郡靑衣灘而死○舟來載汝,明,41426
卷之三十三,夢徵,舟檝,揚王姓陳氏世爲揚州人爲善好施鄉里有貧困者輒周濟之未嘗自以爲德也宋季從大將張世傑扈從祥興帝駐南海元至元巳卯春與元軍戰師敗多溺死王所乘舟亦爲風破幸及㟁與同伍累石支釡煑遺糧以療飢旣而食盡聞髑髏山有死馬欲往割烹之王未及行疲極而睡夢一白衣人曰汝平生多陰隲愼勿食馬肉今夜有舟來載汝也王寐未之信俄又睡夢如初時夜將半夢中彷彿聞櫓聲有衣紫衣者以杖觸王之胯曰舟至矣奈何不起王驚寤身忽在舟上見舊所屬統領官時統領巳降於元將元將畏舟重凢有來附舟者輙擲棄水中統領憐王藏之艎版下日取乹餱及漿從版隙濳投飼之居數日元將知之綂領及王皆𢔚徨不自安忽颶風盤旋如轉輪元將大𢙢統領急告元將王有異術白而延之王仰天叩齒俄而風濤恬息元將喜飲食王復厚贈之遂得還揚州久之遷居於盱眙津里鎭年九十九而終次女歸仁祖淳皇帝誕生太祖高皇帝及即位追尊淳皇后追封王爲揚王○僚友並舟,明,41432
卷之三十三,夢徵,舟檝,車方伯寧嘗夢與其僚友劉觀並舟俱入廣中俄又並舟而還無幾車陞廣東右布政使劉陞廣西右布政使遂並舟而往踰年劉卒舟載寜喪行至廣東河下會車亦卒正以其日發喪於是又並舟而還○登舟,明,41464
卷之三十三,夢徵,舟檝,孫本京庠士人也鄉試畢夢與衆友北行登舟內同學一人陶元素相牽而上其年京庠中鄉㮄者惟陶孫二人,,41471
卷之三十三,夢徵,車輛,○乘車掛肉,東晉,41479
卷之三十三,夢徵,車輛,易雄爲春陵令爲王敦所虜夢乘車掛肉其𠊓寤而解曰肉必有筋筋者斤也車𠊓有斤吾其斬乎尋而敦遣殺之○黑幰繞車,東晉,41482
卷之三十三,夢徵,車輛,陸機爲成都王頴参軍爲孟玖所讚將見收機夢黑幰繞車手决不開及頴遣牽秀兵至遂遇害軍中○邀車駕,宋,41489
卷之三十三,夢徵,車輛,太祖幼時嘗從辛文悅受學周顯德中太祖爲殿前都㸃檢久不復見一日文悅夢邀車駕旣拜乃太祖也太祖亦夢其來謁因令左右尋之次日文悅果自至後累官至員外郎○挽車三十輛,宋,41495
卷之三十三,夢徵,車輛,潘擇可貢入京師夢挽車三十輛其弟端甫隨其後時崇寧五年也至政和三年端甫始就恩科相去巳三十年乃悟挽車者三十載也○聲言救駕,眀,41505
卷之三十三,夢徵,車輛,平都督安帥師與靖難兵戰于淝河安操長鎗馳馬追文廟幾及之會馬蹶不克先是文廟夢與安戰將敗一男子豐貌美髯乘白馬持刀自西向東聲言救駕即砍倒安馬文廟得脫問之曰臣莘城城隍神也及與安戰始末一如夢云,,41511
卷之三十三,夢徵,武械,○以刀開心,西漢,41520
卷之三十三,夢徵,武械,鄭玄師馬融三載無聞過𣗳陰下假寐夢一人以刀開其心謂曰子可學矣於是寤而即返遂洞精典籍後東歸融曰詩書禮樂皆東矣○刀懸于梁,東晉,41523
卷之三十三,夢徵,武械,王濬夢三刀懸于梁上又益一刀李毅賀曰三刀州字也後又益一刀明府其臨益州乎果遷益州剌史○持六刀,齊,41531
卷之三十三,夢徵,武械,洪興祖夢持六刀覺曰三刀爲益今倍之其饒乎巳而擢知饒州○斑劒授之,陳,41539
卷之三十三,夢徵,武械,大通三年徵晉安王綱入朝未至而昭明太子綂夢與晉安王奕以斑劒授之曰王當有此後昭明薨立晉安王爲太子○寶刀授巳,陳,41546
卷之三十三,夢徵,武械,陳蒨夢梁武帝以寶刀授巳及陳武帝受禪立蒨爲臨川王○千牛刀,陳,41552
卷之三十三,夢徵,武械,初爾朱榮將與葛榮戰夢一人從葛榮索千牛刀榮初不肯與此人自稱爲道武皇帝榮乃與之武接以授爾朱榮榮寤而喜果于陣擒葛榮巨斧鑿心,唐,41558
卷之三十三,夢徵,武械,賀知章少年未遇夢人持巨斧鑿其心若劑焉驚寤志思開徹遂通六經○大斧鑿心,唐,41565
卷之三十三,夢徵,武械,尹知章少勤學嘗夢神人以大斧鑿開其心以藥内之自是日益開朗盡通諸經精義未幾而諸師友北靣受業焉睿宗即位中書令張說薦爲禮部員外郞俄轉秘書監○刀砍我足,唐,41571
卷之三十三,夢徵,武械,濮州李植與弟概赴省試名將出同榻而卧概忽驚呌植問之曰夢人以刀砍我足覺猶痛楚明日放㮄概預奏名後數日偶間行有人拜于途次乃濮州軍吏云喜六郞過省某今𨽾名貢院昨以六郎出㮄某幾遭笞捶問之何故乃曰六郎之名乃木𠊓旣誤書槩字爲旣下木主司大怒然巳逼出院許修攺無異則免責罰遂以刀子刮其下水幸而得免叩其修字之時乃概夢刀斫足之頃也植嗟異久之○帶劒斫桂,唐,41578
卷之三十三,夢徵,武械,王大臨赴試夢帶劒上樹斫桂一枝甚喜及舟次劔江以銀盂嗽口墮之急自取之身亦隨溺及得其尸手執桂一枝乃知帶劒者劒江也,,41595
卷之三十三,夢徵,幡幢,○旙出指端,東晉,41603
卷之三十三,夢徵,幡幢,劉仁㳟夢大旙出指端後建旄節○龍旂豹尾,陳,41606
卷之三十三,夢徵,幡幢,劉后十七歲時裴方明爲子求婚酬許巳定后夢先有迎車至猶如家常迎法不肯去次有迎車至龍旂豹尾有異於常后喜而從之旣而占裴不成婚竟𡣕于帝○旌旗鶴雁,宋,41611
卷之三十三,夢徵,幡幢,鄭公母韓夫人有娠夢旌旗鶴雁降其庭云有天赦巳而生公爲宋室賢相○立旗於門,明,41620
卷之三十三,夢徵,幡幢,平江士人姓潘初名某其母夢神人立黃旗於門上乃易名夢旗復自夢神曰當用交龍爲旂之旂遂更夢旂是歲登科○幢軿廣樂迎巳,明,41626
卷之三十三,夢徵,幡幢,張秋官鳳翔舉進士𧢲尚丱聲大起一旦病疽告休沭夢幢軿冉冉自天下廣樂導之若迎巳者及病之革也起端坐索紙筆掃詩一十八章言意漫渙弗次漸昏漸竭末詩有一章三句者一章一句二句者投筆而氣絕矣時部寮李夢陽王崇文經紀其䘮事旣以之歸塟夢陽復上孝廟言鳳翔老母孤兒幼妻不免凍餒溝壑乞追繹鳳翔大馬之微勞體古敝帷敝蓋之義查例勑有司月給米一石養贍終其母妻之身奏下吏部准行,,41635
卷之三十三,夢徵,祭器,○負鼎抗爼,商,41648
卷之三十三,夢徵,祭器,商湯思賢夢見有人負鼎抗爼對巳而笑寤而占曰鼎爲和味俎爲割裁天下豈有爲吾宰者哉後伊尹負鼎俎要湯舉以爲相○芻狗,三國,41651
卷之三十三,夢徵,祭器,魏太史嘗問周宣曰吾昨夜夢見芻狗其占何也宣答曰君欲得美食耳有頃出行果遇豐膳後又問宣曰昨夜復夢見芻狗何也宣曰欲墮車折脚宜戒愼之果如宣言後又問宣昨夜復夢見芻狗何也宣曰君家欲失火當善護之俄遂火起語宣曰前後之時皆未嘗夢也聊試卿耳何以皆驗耶宣對曰此神靈動君使言故與眞夢無異又問宣曰三夢芻狗而其占不同何也宣曰芻狗者祭神之物故君始夢當得飲食也祭祀旣訖則芻狗爲車所轢故中夢當墮車折脚也芻狗旣轢之後必載以爲樵故後夢應失火也○湯鼎負龍,宋,41658
卷之三十三,夢徵,祭器,趙汝愚嘗夢孝宗授以湯鼎背負白龍升天後翼寧宗以素服登大寶蓋其驗也○三鼎一卑,明,41679
卷之三十三,夢徵,祭器,楊司徒鼎字宗器陜之咸寜人未第時嘗夢三鼎二鼎高出半空一鼎稍卑後公鄉試會試俱第一廷試第二乃一鼎稍卑也公名鼎故三鼎見夢如此,,41685
卷之三十三,夢徵,樂器,○鈞天廣樂,秦,41694
卷之三十三,夢徵,樂器,秦繆公夢至帝所觀鈞天廣樂帝錫以策秦遂昌○鐘磬自墜,梁,41697
卷之三十三,夢徵,樂器,散騎常侍王茂以元勲受鐘磬之賜及刺江州夢鐘磬在格無故自墜及覺命奏樂旣成列鐘磬在格果無故編皆絕墮地謂長史江詮曰此樂天子所以賜老臣也樂旣墜矣能無危乎俄而病卒○二磬相沓,明,41702
卷之三十三,夢徵,樂器,淮安楊淮赴秋試祈夢于都城隍廟夢二磬相沓初不解中式後授重慶府同知始徵夢焉,,41713
卷之三十三,夢徵,印笏,○六印加劒,宋,41719
卷之三十三,夢徵,印笏,凌䇿初登第夢人以六印加劒上遺之其後知益州往劍外凢六任之○庭横象笏,宋,41722
卷之三十三,夢徵,印笏,章得象字希言生時母夢庭橫象笏因以得象名之仁宗朝作相,,41728
卷之三十三,夢徵,家伙,○與君杖,東漢,41737
卷之三十三,夢徵,家伙,樂安太守楊沛夢人曰八月一日曹公當至必與君杖飲以藥酒使周宣占之是時黃巾賊起宣對曰夫杖起弱者藥治人病八月一日賊必除滅至期賊果破○兩杖函打,西晉,41740
卷之三十三,夢徵,家伙,宋桶夢內中有一人著赤衣桶手把兩杖函打之紞曰內中有人肉字也肉色赤也兩杖箸象也函打之飽肉食也俄而果驗○下梯六七級,明,41748
卷之三十三,夢徵,家伙,童學憲軒於丁卯秋赴試畢夢坐梯上一級頃之有王坊長者捧茶其前童下梯六七級取之遂坐其處及放榜則中六十七名赴鹿鳴時李府尹敏謂言初擬子爲榜首疑對策太詳似宿搆者巳落之矣及塡榜過半王翰林一寧偶取落卷視之見子名予言是小試首卷王瞿然歎曰幾失此人遂援筆批曰三塲超出衆作取之童次日領卷始悟一級及六七級之意,,41758
卷之三十三,夢徵,梳籹,○懷明鏡,梁,41772
卷之三十三,夢徵,梳籹,劉漑子鏡母初孕夢懐明鏡因名○講堂照鏡,唐,41775
卷之三十三,夢徵,梳籹,崔湜附太平公主事敗配流行至荆州夢于講堂照鏡曰鏡者明象也吾當爲人主所明乎以告占人張繇繇曰講堂者受法之所鏡者於文爲立見金此非吉徵其日追使至縊于驛中○梳化月,宋,41780
卷之三十三,夢徵,梳籹,金王某夢二玉梳化爲月生二女後選入宫長爲淑妃次爲元妃後相繼進位坤寜,,41788
卷之三十三,夢徵,雨具,○,,41793
卷之三十三,夢徵,手舉一傘,錢御史山字靜夫滁州人會試畢夜夢手舉一傘覺而詰諸同舍友江西臨江縣傅恕云吾鄉曾夢舉傘者人或占云當中第六名也君當應此兆蓋傘字五人今夢舉傘者在五人之下故也迨掲曉果符前占至三月二日又夢啣頭髪口內以手取出人占云髪從衙門出當在法司也後果觀政刑部授南臺御史棟宇部,樓閣屋舍堂院門梁神宇,41801
卷之三十三,夢徵,樓閣,○登樓而歌,東漢,41819
卷之三十三,夢徵,樓閣,張奐爲武威太守其妻懷孕夢帶印綬登樓而歌訊之占者曰必將生男復臨兹邦命終此樓旣而生子猛以建安中爲武威太守殺刺史邯鄲商州兵圍之急猛耻見擒乃登樓自燒而死卒如占云○白玉樓成,唐,41822
卷之三十三,夢徵,樓閣,李賀夢人持版告曰天帝白玉樓成請君爲記寤以語其母不久有𤇆氣起賀卒○登閣上,宋,41829
卷之三十三,夢徵,樓閣,王邁乞夢九仙廟夢登一閣上設四席邁㨿其首童子謂曰君當坐第四次年入試初擬首卷移置第四,,41836
卷之三十三,夢徵,屋舍,○求治舍宇京口新城有鄧艾廟毁巳久晉譙王司馬恬爲都督夢一人自稱鄧公求治舍宇恬乃令修造云○松戸棗屋,唐,41843
卷之三十三,夢徵,屋舍,楊子系謹善占夢一人夢松生戶前一人夢棗生屋上謹言松丘隴間所植棗字重來呼魄之象二人俱卒○先進塲屋,宋,41850
卷之三十三,夢徵,屋舍,有士子將赴試夢先進塲屋譔書巳訖而其他始至覺而語諸妻喜曰今秋大比之魁焉知擢非某耶妻曰非也子不憶魯論曰先進乃第十一也及撤闈視㮄果然又有座主欲擇㮄首而未决夢軍持火乃首名煇者果符輿論○起屋騎梁,明,41857
卷之三十三,夢徵,屋舍,莫行人灝字景淵順天宛平人一日在朝接本于時御史沈義郎中史敏進士王祐等同坐午門東廊下史問曰莫兄向中解元時曾有吉夢否莫曰有之夢本家起屋某騎梁頭身掛紅帛一叚僉曰是矣史又問曰兄前日中進士時豈亦有夢耶莫曰有之夢人授黃曆十五冊無他也占曰君當中一百八十六名莫曰然僉問何以知之曰以月數耳曆十五冊得一百八十月三年一閠五年再閏積十五年得六閏故中一百八十六名也諸公共嘆其夢之神且謂占之巧於是相顧一笑,,41870
卷之三十三,夢徵,堂院,○第十院坐,唐,41894
卷之三十三,夢徵,堂院,煬帝入棲鸞院是夜天暑院𡚱慶兒臥簾下睡中驚魘帝扶起問之曰妾夢帝握妾臂同遊至第十院坐殿上火燒見帝坐烈熖中驚呼人救方覺帝解曰火有威勢吾居中有威也及幸江都被弑帝入第十院居火中一如夢中所見云○侍中堂,宋,41897
卷之三十三,夢徵,堂院,仁宗策士時韓琦年始二十名在第二唱名至第一甲方終太史奏曰下五色雲見左右從官皆賀於殿上先是赴省進士元綘有叔同待試於都下因疾委頓久而復蘇具言夢中嘗至一官府殿閣甚嚴中有一堂㮄云侍中堂俯窺堂中則列人之姓名曰趙普曰丁謂曰馮拯曰韓琦字皆黃金外以靑紗覆之此事甚播于當時然韓琦猶未第但閉門爲學未嘗妄與人交人亦莫知公爲誰何及省㮄出始見公姓名衆驚相謂曰此非元氏所夢者乎後公卒踐相位○講於陰堂之奥,明,41905
卷之三十三,夢徵,堂院,周磐年七十三歲會集諸生講論終日因令其二子曰吾日者夢見先師東里先生與我講於陰堂之奥旣而長歎豈吾齒之盡乎若命終之日桐棺足以終身外椁足以周棺歛形懸封濯衣幅巾編二尺四寸簡寫堯典一篇并刀筆各一置棺前示不忘聖道其月望日無病忽終學者以爲知命焉,,41918
卷之三十三,夢徵,門梁,○○門署權字,唐,41926
卷之三十三,夢徵,門梁,程執㳟領滄凉節度使嘗夢諸門悉署權字乃攺名權後朝廷詔鄭權代之○玉擲於門李盛作安南守夢人以玉擲于門盛曰閏字也○梁傾折,明,41932
卷之三十三,夢徵,門梁,魯京尹崇志字惟功浙之天台人父爲僉憲嘗夢澡浴胸前隱隱生獬豸紋公占之曰大人行當居内臺矣旣而陞僉都御史意謂獬豸乃風憲花樣不衣于外而生于內是在内也果驗又嘗自夢做官方視事見吏人捧印至前諦視之乃銀章也後公位至京尹果應銀章之夢又夢府堂上梁傾折黠旦語諸同寅且曰恐本府有不虞之憂衆以爲然逾月公病不起士民哀之如喪父母焉,,41942
卷之三十三,夢徵,神宇,○招提寺終爾身,宋,41957
卷之三十三,夢徵,神宇,周朝壽任泗州罄家資修城貧不能堪夢老叟謂曰若往招提寺可終爾身明日往寺遇者僧僧問姓名鄕貫即請沭浴更衣設供止宿旦具香花迎入法堂會衆升座曰尊君侍郎所寄錢十萬貫老僧被此覊留十年謹用歸納授以簿書訖端坐而化○城隍廟門懸鄕㮄,明,41960
卷之三十三,夢徵,神宇,閻司徒本字宗元陜之邠州人初應正綂甲子科鄉試夜夢城隍廟門懸鄉㮄急往視之乃見貔貅名第十四詰旦語諸同行僉謂貔貅邊傍是兩豸字他日官爲風憲其兆於此乎是年公果中鄕試四十名登景泰甲戌科進士授戶部主事似與前占不合旣而陞郎中五年遂有巡撫之命始知貔貅之夢不𠁊矣及休致時成化巳亥七月十五日夜將二鼓忽夢與莆田陳亞卿俱穿三品服色各受勑一道自五鳳樓出遂寤乃呼其子讓於榻前以夢告之且曰予自休致以來固無仕進之心亦無仕進之夢今夕之夢果何謂耶其子對曰大人平㫺居官奉公守法今雖休致誠恐公道難冺必有起復公𥬇而不答後于八月十五日有奏事者來自京師得通報果起爲戸部右侍郎乃是七月十五日晩報也夫以恩命方出瞬息即見於夢何其神速哉迨庚子年陜西榆林有警朝廷出師命公督餉乃與陳亞卿同行是時受勑出朝儼若夢中所見况陳亞卿先於癸巳年亦是陜西督餉者其兆之見於夢又無不脗合矣○入玄妙觀,明,41970
卷之三十三,夢徵,神宇,丙寅九月初二日乃吾母許太夫人誕辰是日也起自五鼓覺太早復就枕則夢入玄妙觀觀本無廊夢中乃有廊至東廊下遇全眞數人蹣跚而來共一人秃頂予戲曰此似倭奴後一人長身廣頥向予曰吾輩八仙子何得倭奴我予訴以病求療仙𥬇不答予哀懇仙曰我爲汝視脉因屈予中指而按其下云子胸中有瘀血不下則死我與子藥乃探筐中先取一味色如甘草又丸子一撮如今靑州白丸子然予請曰師仙也今我夢中得見耳何從取藥曰子無論此當以腹中響爲驗予問所寓寓雷殿即覺覺則中指尚痛腹中轆轆有聲明日與友人王君之輩同至雷殿物色之則皆星像無有仙君之謂羽士房中或供之乃轉殿後見湧壁塑渡海八仙其身長廣頥者張陽子也此後予病漸減後乃得花木丸色白如夢中益有驗鳳翼自誌,,41995
卷之三十三,冠裳部,冠裳部,冠裳部,衮衣衫甲巾帶衾褥鞋靴,42017
卷之三十三,冠裳部,衮衣,○衮衣升御座,東晉,42024
卷之三十三,冠裳部,衮衣,姚襄夢其弟服衮衣升御座諸酋長皆侍立覺謂將佐曰此兒志度非常或能大起吾族後萇自稱秦王○脫上衣,東晉,42027
卷之三十三,冠裳部,衮衣,索充夢見一虜脫上衣來詣充紞曰虜去上衣下半男字夷狄陰類君婦當生男終如其言○綉衣曲領,宋,42034
卷之三十三,冠裳部,衮衣,裴安祖嘗以天熱舍于樹下有鷙鳥逐雉雉急投之遂觸𣗳而死安祖乃取置陰地護視良久得蘇飛去後夢一丈夫衣冠甚偉着綉衣曲領向安祖再拜安祖怪問之答曰感君前日見救故來謝德○着衮倚槐,齊,42041
卷之三十三,冠裳部,衮衣,廣陽王元淵夢着衮衣倚槐𣗳問楊元稹元稹言當得三公退語人曰死後得三公耳槐字木傍鬼不久果爲朱榮所殺贈司徒○着朱衣行水上,齊,42051
卷之三十三,冠裳部,衮衣,鮑泉之爲南討都督也其友人夢泉得罪于世祖而告之未旬世祖遣王僧辦代泉辦至乃背泉而坐曰鮑郎有罪令㫖使我鎻卿因出令示衆鎻之牀下頃之其友人乃夢泉着朱衣行水上因告泉曰勿憂尋得免矣因說其夢泉宻記之俄復見任○兵着緋禈,唐,42059
卷之三十三,冠裳部,衮衣,玄宗夢入井有一兵士着緋禈背負而出明日使于兵號中尋訪無此人又於𫟍中搜訪見一掌關者緋禈便引見上問汝昨夜作何夢對曰夢從井中背負日出登天上覩其形狀與夢相似乃問汝欲官乎答曰臣不解作官臣家貧遂勑賜錢五百千○着緋乘驢,唐,42070
卷之三十三,冠裳部,衮衣,張鸑初爲岐王屬夜夢着緋乗驢夢中自怪我衣綠乘馬無爲衣緋𨚫成驢其年應舉及第授鴻臚丞未經考而授五品此夢始應○靑衣女子,唐,42083
卷之三十三,冠裳部,衮衣,趙文若病亾經七日家人欲歛忽縮一脚遂停旣甦云被一人來追即隨行入一宫城見王戒以猪羊充飽從此不食肉後因公事至驛忽夢一靑衣女子求哀因問驛吏曰有何物食報云見備一羊甚肥嫩詰之乃靑㹀也文若曰我不吃肉遂不令殺○白衣人助知慧,宋,42089
卷之三十三,冠裳部,衮衣,許知可嘗獲鄉薦省闈不利而歸舟次平望夜夢白衣人曰汝無陰德所以不第知可曰某家貧無貲何以與人白衣曰何不學醫吾助汝知慧知可輒寤歸踐其言果得盧扁之妙凢有病者無問貴賤診候與藥不受其直所活不可勝計後又艤舟平望復夢前白衣人相見以詩遺之曰施藥功大陳樓間處殿上呼盧喚六作五思之不悟其意姑記于牘紹興壬子以第六人登科因上名不祿遂升第五其上則陳祖言其下則樓材也省前夢也○白衣女子,宋,42100
卷之三十三,冠裳部,衮衣,夏駕里民羅滿于水中獲一石觀音供于家僧守齋停舟于此夢白衣女子曰我舟覆父與夫皆溺死幸容我守齋拒之女曰假一篋宿何傷守齋開篋納之遂驚寤迄旦至羅氏見石觀音如初出水守齋黙念與夢相合因乞以歸○錦衣貼月飛,宋,42116
卷之三十三,冠裳部,衮衣,沈彬字子文舉進士時夢着錦衣貼月飛人謂身不入月宮必不第果然後爲吏部郞中○衣冠高古,宋,42129
卷之三十三,冠裳部,衮衣,王元規慶曆末將赴吏部選一夕夢一人衣冠高古若術士者因訪以當授何地官職早晩其人書八字與之云時生一陽體合三水旣覺莫曉其意及注官果授河南府河清縣主簿凢三字從水到官日正冬至○求衣,宋,42136
卷之三十三,冠裳部,衮衣,衣眞人何中立逝前兩日太皇太后夢何來求衣亟持賜之至巳卒遂易之以瘞焉,,42147
卷之三十三,冠裳部,衫甲,○○金甲執槊,唐,42152
卷之三十三,冠裳部,衫甲,至德二年十月二十三日豐樂里開業寺閽人宿門下夢一人長二丈餘被金甲執槊立于寺門外俄而以手曵其門扄鐍盡解神人即俛而入寺行至彿殿顧望而没閽人驚寤及曉視其門巳開矣即其以夢白于寺僧寺僧共視見神人足跡甚長遂告於京兆京兆以聞肅宗命中使驗之如其言○披甲者數百,宋,42158
卷之三十三,冠裳部,衫甲,曹魯公放生以蜆蛤之類以爲人所不放而活物之命多也一日夢披甲者數百人前訴旣寤而問其家乃有惠蛤蜊數筐者即遣人放之夜復夢披甲者來謝○紫衫人,明,42170
卷之三十三,冠裳部,衫甲,銓部雲南談公正未第時游學四川舘于巨族其主翁夢着紫衫人引至一第碧瓦琉璃朱楹彫棟如帝王居中有一扁大書天曹字見談公穿藍繡袍束犀𧢲帶面南坐而冠則如吏帽無二左右擁簿書列行横侍主見驚趨出聞內大聲曰我東道去可傳語之其子亦貴人也母泄須㬰前紫衫人追至語如所傳遂覺不數年公以春秋登二甲進士任司理入諫垣遷南冏卿巡撫江右今官吏部右侍郞主翁子嚴學亦舉進士今任應天武學教授嚴與予交厚故知其詳云,,42177
卷之三十三,冠裳部,巾帶,○巾帶備具,宋,42194
卷之三十三,冠裳部,巾帶,陳元植初有家道而好行陰隲至於禽獸亦蒙其惠毎將食於高原之上百鳥逢見必飛鳴前後或來逼其坐隅元植甚憫之禽鳥亦不畏懼一夕夢有綠衣人長三尺餘巾帶備具謂元植曰爾甚有陰德及物然爾將來壽命短促以此物來延爾壽汝宜勉之覺後飲食加增于常時年九十九歲一旦袖有一物投地化爲著緋衣人拱立于前曰君壽本不逾四十爲有陰功是以延爾之壽今近百歲須歸常理倏然不見元植遂與子孫述之令選地封墓未幾卒○吏巾一頂,明,42197
卷之三十三,冠裳部,巾帶,章都憲鳴鳳爲刑部主事時嘗夢於日中行見頭上吏巾一頂覺而異之後數日公陞員外郞所懸牙牌爲縧鬚邊蓋員字止露外郞二字始悟吏巾之夢,,42212
卷之三十三,冠裳部,衾褥,○褥席見賜,齊,42221
卷之三十三,冠裳部,衾褥,柳慶遠從兄世隆曰吾昔夢太尉以褥席見賜吾遂亞台司適又夢以吾褥席與汝汝必光我門族慶遠果開府○覆錦衾,宋,42224
卷之三十三,冠裳部,衾褥,朱長文母周夫人有娠夢覆錦衾說者曰是生子必能文矣巳而生長文十歲能屬詞十九擢乙科進士第旣冠授秘書省挍書郞,,42231
卷之三十三,冠裳部,鞋靴,○使玉脫鞋,唐,42240
卷之三十三,冠裳部,鞋靴,隴西李益初與鄭縣霍玉締好誓不攺娶巳而以母命再婚長安盧氏玉微聞之雖怨益尚期一相見益旣歸鄭縣自慚渝盟絕不與玉相聞時玉旣病矣一夕夢黃衫丈夫抱益來至席使玉脫鞋玉即驚寤以告其母因自解曰鞋者諧也脫者解也旣合而解亦當永訣繇此占之必遂相見相見之後當死矣明日果有黃衫丈夫挈益至蓋豪士恨益之薄行故兼以酒肴兾與二人合歡也二人旣相見玉引左手握生臂擲杯于地長慟數聲而絶○靴笏與之,宋,42243
卷之三十三,冠裳部,鞋靴,松陵陳益少有俊材領鄉薦嘗夢一人衣道服促左右於巾笥中取綠衣靴笏與之益詢左右則曰楊文公也益穿袍覺毛骨寒凛似不能勝者歎曰惜乎有此才而無此緣即命褫去益後不一年卒飲食部,五榖酒羮藥劑,42259
卷之三十三,冠裳部,五穀,○西籬下有粟,東晉,42273
卷之三十三,冠裳部,五穀,劉殷字長盛新興人也七歲喪父哀毁過禮比長同妻張氏事曾祖母以孝聞殷嘗夢人謂之曰西籬下有粟寤而掘之得粟十五鍾銘曰七年粟百石以賜孝子劉殷自是食之七歲方盡及王氏卒夫婦哀毁幾至滅性後有二白鳩巢其庭𣗳自是名譽彌顯太傅楊駿表其行於朝勑有司供其衣食蠲其徭賦賜帛二百疋穀五百斛後拜新寜太守○兩甌麻粥,齊,42276
卷之三十三,冠裳部,五穀,齊陳皇后生高帝帝二歲時乳人乏乳后夢人以兩甌麻粥與之覺而有乳○煑小麥漬之,隋,42292
卷之三十三,冠裳部,五穀,孛禮之與妻鄭氏相重妻先亡遺言終不獨死未幾禮之脚上發腫夢妻云煑小麥漬之即愈旣寤如其言而治之反創甚而卒○篩紅豆成人,宋,42298
卷之三十三,冠裳部,五穀,乹德中金陵城破或夢一女子以巨篩篩落紅豆成人須臾一貴人盛冠服墮地云徐舍人也旣寤聞徐錯死○食麻糍,宋,42307
卷之三十三,冠裳部,五穀,太學生葉文鳳年十八登進士官天台赴任途遇生辰午睡夢食麻糍覺聞鄰嫗哭因扣之言今日亡兒生辰期以麻糍祭葉又詳問嫗曰兒陳希曾以詩亞薦尚存稿在葉求閱即及第之作無一字差舛是知前生子遂携之赴官焉○支米,明,42314
卷之三十三,冠裳部,五穀,張少卿守規四明人會試畢夢入倉厫間支米其吏人唱至七十二人纔到其名迨掲曉果中七十二名,,42323
卷之三十三,冠裳部,酒羮,○縱酒宻會,唐,42331
卷之三十三,冠裳部,酒羮,唐開元中宫禁有美人忽夜夢被人邀去縱酒宻會極歡而歸歸輙流汗倦怠後因從容奏於帝帝曰此必術士所爲也汝若復往但隨宜以物識之其夕熟寐飄然又往美人半醉見石硯在前乃宻印手文於曲房屏風之上寤而啓帝乃潜以物色令於諸宮觀中求之果於東明觀得其屏風手文尚在所居道士巳遁矣○玉筯食羮,明,42334
卷之三十三,冠裳部,酒羮,邵康節母李氏夢神人令以玉筯食羮一杯告曰當生佳兒後李夫人因山行見雲霞間大黒猿有感而孕臨蓐慈烏滿庭人以爲瑞是生康節七歲戲於庭蟻穴中别見一日雲氣往來,,42347
卷之三十三,冠裳部,藥劑,○憐孝賜仙藥,梁,42356
卷之三十三,冠裳部,藥劑,夏矦訢字長况寧陵人也母疾屢經危困訢夜不解帶者一年母憐其辛苦令出便寢息訢方假寐忽夢其父告之曰汝母病深痼非凢藥可愈上帝憐汝至孝賜以仙藥在居後桑樹枝上訢忽起如所言得藥進之母病頓瘥○授丸一掬,梁,42359
卷之三十三,冠裳部,藥劑,隱士何㸃少患渇痢不愈後在石彿寺講所晝夢一道人形貌非常授丸一掬夢中服之自此而差○人投藥,陳,42371
卷之三十三,冠裳部,藥劑,王頒僧辦子也從韓擒虎伐陳被傷不堪復鬥嗚𠰸自悲夜睡夢有人投藥比寤而創不痛陳滅後竟發霸先塚報父讎云○牛黃金虎丹,宋,42377
卷之三十三,冠裳部,藥劑,趙子固母劉左足面一瘡下連大指上連外踝痛楚殆不可忍而百藥不驗如是二十餘年病轉劇一夕趙夢四神僧坐一室中趙亦坐因而發嘆一僧問故趙以實告僧曰可食牛黃金虎丹旣覺驚異試取藥半粒服之良久腹大痛舉家且悔俄而下礧塊物如鐵石者數升是夕瘡但微癢而無血數日成痢遂愈蓋誠孝所感云○乳香飲方,宋,42385
卷之三十三,冠裳部,藥劑,吳大嘗以泥補葺善神後因結屋墜梯折傷腰勢殊亟夢神來云汝㫺嘗救我我不敢忘授以乳香飲方覺而能記即喚子買藥服之一旬而愈○服天南星,宋,42396
卷之三十三,冠裳部,藥劑,張汝明至孝居喪飯粟脫飲水無醯鹽草木之滋浸病羸行輒踣夢父授以服天南星法用之驗人以爲孝感云蕃彚部,植木草花瓜菓柴薪,42402
卷之三十三,冠裳部,植木,○三槐之間,春秋,42412
卷之三十三,冠裳部,植木,孔子夜夢三槐之間豐沛之祁有赤𤇆起驅車對楚西北觀之見芻兒敵鹿傷其左足薪而覆之○梓樹數株,東漢,42415
卷之三十三,冠裳部,植木,武帝幸平陽公主家幸衛子夫遂納于宫中歲餘不得見子夫請出上曰吾昨夜夢子夫中庭生梓𣗳數株豈天意乎是日幸之有娠生女凢三幸生二女一男男即戾太子也○松生腹上,三國,42420
卷之三十三,冠裳部,植木,丁固嘗夢松生其腹上謂人曰松乃十八公也後十八歲吾其爲公平卒如所夢○柳𣗳仆地,唐,42430
卷之三十三,冠裳部,植木,𬂪宗元自永州司馬徵至京師意望錄用一日詣卜者問命且告以夢曰予柳姓也昨夢𬂪𣗳仆地其不祥乎卜者曰無苦但憂遠官耳蓋生則桺𣗳仆則桺木木者牧也君其牧𬂪州乎卒如其言○楓生腹上,唐,42437
卷之三十三,冠裳部,植木,張志和母夢楓生腹上而產志和志和後入仙班○側栢葵花,唐,42449
卷之三十三,冠裳部,植木,光化中劉道濟止天台山夢一女子引入牕下有側栢葵花無何前至奉化縣古寺見有一牕側栢葵花宛如夢中所見問之寺僧云有一客官女甚美至此中心疾而死蓋道濟所夢乃此女之魂也○紅杏三十餘顆,明,42456
卷之三十三,冠裳部,植木,丁太守鏞字鳳儀應天上元人赴京會試舟經吕梁河下夜夢神人衣冠甚偉頎然幾三丈餘丁見之將欲退避神即詣前揖曰吾河神也下曰汝神必知吾來春科申之事神曰大吉旣而以紅杏三十餘顆與之覺而語諸同行僉以爲杏園之祥明年春榜果中三十一名,,42464
卷之三十三,冠裳部,草花,○㧞馬藺,齊,42480
卷之三十三,冠裳部,草花,爾朱兆謀入洛夢登一高堆㧞馬藺手至無不盡出故兆謂必尅馬藺管屬可爲席者也○摘紫薇花,唐,42483
卷之三十三,冠裳部,草花,齊澣未任時寓居京邸鬱鬰不自慊嘗夢游禁中見一王者澣懼趨拜如人臣禮頃之王者傳呼内侍摘紫薇花一大枝擲澣前曰可將去澣復拜如謝賜禮遂懐而出旣寤不知所解未幾登第以應制詩稱㫖玄宗悅授紫薇舍人召見内庭一如夢中而帝貌亦肖王者始知夢不爽云○紺蓮花,宋,42490
卷之三十三,冠裳部,草花,馮元七歲時讀易其母夜夢異人以紺蓮花與元吞之且曰善讀此後必貴顯元果登進士第歷官戸部尚書迨老率三日一誦易云○持三花,明,42503
卷之三十三,冠裳部,草花,胡忠安公濙字源潔常州武進人生之夕母夢持三花者以一遺之覺而生公居數日有僧自吳來訪公家見徐夫人問曰近見何祥瑞夫人無以應但新婦生孫差頴異耳僧固索視之比見公微有咲容問之則曰吾師天池高僧旣老圓寂後嘗示夢我今生某家後當顯爾宜來我以一咲爲記今果然聞者咸以爲異七歲知讀書不習嬉戲事容止異人如老成人後登洪武庚辰進士累官至太子太保禮部尚書學行事業蔚爲一代名臣雖愚夫孺子皆知爲長者也○芝產門楣,明,42510
卷之三十三,冠裳部,草花,王文安公禕字子充浙之義烏人大父石峽書院山長一夕夢五色芝產門翼日公生識者以爲文章之兆公幼秀𠁊敏惠稍長師事黄文獻公溍隱靑巖山中著書立言○花一枝,明,42528
卷之三十三,冠裳部,草花,潘二守珩字仲玉應天上元人鄉試畢其妻夢有人挑二盒至其家開視一盒乃花一枝紅帛一𫨻留而去之因問彼一盒花紅送與何處其人曰送胡璟家其年二人俱中鄕榜,,42539
卷之三十三,冠裳部,瓜菓,○人與𤓰宋瓊母病冬月思瓜瓊夢見人與𤓰竟得之手中時稱孝感云○櫻桃一盤,明,42549
卷之三十三,冠裳部,瓜菓,宣宗皇帝夢以櫻桃一盤賜夏忠靖公二子其長者珫退避不敢受仲子瑄受之後珫早卒帝曰繼夏氏者必此子也逮忠靖公即世時瑄年十三上特命爲尚寶司丞累宫至南京太常寺少卿掌尚寶司事蓋櫻桃果品之貴者尚寶貴品夢不誣也,,42558
卷之三十三,冠裳部,柴薪,○木上破天,東晉,42567
卷之三十三,冠裳部,柴薪,王敦謀逆夢將一木上破天許眞君曰此是未字未可動耳一日明帝微行察敦營壘敦正晝寢夢日環其城驚寤曰此必黃鬚鮮卑兒來耶帝母鮮卑出也亟遣人追之不及○欠柴一千七百束,唐,42570
卷之三十三,冠裳部,柴薪,韋正貫應舉時嘗至汝州剌史柳凌留署軍事判官𬂪嘗夢有一人呈案中言欠柴一千七百束因訪韋占之韋曰柴薪木也公得非不久乎月餘柳卒素貧韋爲部署米麥鏹帛金前請於官數月矣唯官中欠柴一千七百束韋披案方省柳前夢,終,42583
卷之三十三,冠裳部,柴薪,━━━━━━━━━━━━━━━━━━━━━━━━━━━━━━━━━━━━━━━━━━━━━━━━━━━━━━━━━━━━━━━━━━,卷之三十四,42595
卷之三十三,冠裳部,柴薪,━━━━━━━━━━━━━━━━━━━━━━━━━━━━━━━━━━━━━━━━━━━━━━━━━━━━━━━━━━━━━━━━━━,,42597
卷之三十四,飛走部,飛走部,飛走部,四靈百獸六畜羽族水族昆蟲,42609
卷之三十四,飛走部,四靈,○玄龜啣符,三皇,42614
卷之三十四,飛走部,四靈,帝伐蚩尤夢西王母遣道人披玄裘以符授之曰太乙在前天乙備後河出符信戰即克矣帝寤以告風后力牧風后力牧曰此兵應也戰必勝牧與帝至盛水立壇祭以太牢有玄𪚧啣符置壇中而去帝佩之以征禽蚩尤○蒼龍㨿腹,西漢,42617
卷之三十四,飛走部,四靈,漢虜魏王豹薄姬輸織室詔納後宫歲餘不得幸始姫少時與管夫人趙子兒相愛約曰先貴無相忘巳而管夫人趙子兒先幸漢王坐河南宮成臯臺此兩美人相與𥬇薄姬初時約漢王聞之問其故兩人具以實告漢王心惨然憐薄姬是日召而幸之薄姬曰昨夜妾夢蒼龍㨿腹王曰此貴徴也吾爲汝遂成之一幸生男是爲代王其後薄姫從子之代高后崩大臣迎立代王是爲文帝○口吐白鳳,西漢,42627
卷之三十四,飛走部,四靈,楊雄作甘泉賦夢口吐白鳳○龍頭授巳,三國,42640
卷之三十四,飛走部,四靈,孫權幸潘夫人有娠夢有以龍頭授巳以蔽𦡀受之遂生孫亮○兩龍枕膝,西晉,42645
卷之三十四,飛走部,四靈,李太后爲簡文宮人時數夢兩龍枕膝日月入懐意以爲吉祥向同儕說之帝聞而異焉竟生武帝○乘龍至屋,西晉,42650
卷之三十四,飛走部,四靈,王穆將害索嘏郭瑀諫不從輿疾而歸旦夕祈死忽夢乘靑龍至屋而止寤而嘆曰龍飛在天今止于屋屋之爲字尸下至也龍飛至尸吾其死乎古之君子不卒於内寢於是還酒泉南山赤崖閣飲氣而卒○白龍夾舫,宋,42656
卷之三十四,飛走部,四靈,劉穆之初夢與宋高祖裕俱泛海忽値大風驚懼俯視船下見有二白龍夾舫旣而至一山峰崿聳秀林𣗳繁宻意甚悅之後竟爲裕佐命元勛云○捉龍脚,齊,42665
卷之三十四,飛走部,四靈,孫奉伯與蕭道成欵明帝遣奉伯往淮南道成與奉伯同室臥奉伯夢道成乘龍上天於下捉龍脚不得及覺叙夢因謂兖州必大庇生靈而弟不得與也時道成爲兗州故云後道成即位奉伯先卒○龍㨿屋,齊,42672
卷之三十四,飛走部,四靈,蕭賾之將產也二毋並夢龍㨿屋故小字爲龍兒即世祖也○四夢龍祥,齊,42680
卷之三十四,飛走部,四靈,婁太后孕文襄夢一斷龍孕文宣夢大龍首尾屬天地張口動目勢狀驚人孕孝昭夢蠕龍於地孕武成夢龍浴於海○靈鳳集身,梁,42685
卷之三十四,飛走部,四靈,王曇逸母夢靈鳳集身因有娠又聞腹中有啼聲僧寶誌曰生子當爲神仙宗伯○龍出身中,隋,42691
卷之三十四,飛走部,四靈,煬帝生時獨孤后夢龍出身中飛高十餘里墮地尾斷以告文帝帝黙然○鳳鳥集手,隋,42697
卷之三十四,飛走部,四靈,有孫姓者夢鳳鳥集手上以問蕭吉吉曰不祥孫不悅未旬忽喪母往叩吉吉云鳳棲梧桐食竹實所以止君手上者手中有桐竹之象也苴杖竹削杖桐是以知必有重憂耳○龍吐棊經,唐,42702
卷之三十四,飛走部,四靈,翰林學士王積薪夢靑龍吐棊經九部授之藝乃精○金龍遶身,唐,42710
卷之三十四,飛走部,四靈,晉劉暠未遇時爲岳節度幕軍岳有女年及笄未字忽夢金龍遶身及旦見一卒酣睡鼻中有氣如龍盤旋直逼巳身因異之與私焉後岳覺而譴之女以實告遂娶之後果登九五岳爲后○吞金龜,宋,42715
卷之三十四,飛走部,四靈,劉贊夢吞金龜文思大進忽一日夢吐金龜旣寤不悅未幾卒○贈⿔一枚,宋,42725
卷之三十四,飛走部,四靈,梅聖俞生男前一日夢道士贈⿔一枚作詩曰夜夢有人衣帔霓水邊授我黃龜兒明朝我婦忽在蓐乃生男子實秀睂○龍降,宋,42731
卷之三十四,飛走部,四靈,文天祥母將誕夢有龍降其家公遂生其所居之傍有潭成巨浸自公之生潭水日淺公長讀書吉水山中往來中途有客店一夕店主夢龍蛻爪於門外石上迨曉開戶見公脫屨於石少憇而去又公好與客奕水中客不能勝公鎭日怡然自若及公卒潭水復深夢龍之徵不誣也○麟入室,宋,42739
卷之三十四,飛走部,四靈,陳麟之母夢麟入室中自取門間蟲以餵之及生乃以麟名之字曰兆夢後爲閩縣尹民皆仰之稱爲循吏○二龍繞鬥,明,42750
卷之三十四,飛走部,四靈,高皇夜夢内殿左右楹柱有黑白二龍繞之而鬥左黑者勝明日偶見太孫與燕邸各抱一柱而嬉燕邸在左焉○爭騎龍項,明,42757
卷之三十四,飛走部,四靈,秦司徒綋山東單縣人母朱氏夜夢雷雨大作見二物蜿蜒攀窻內窺頭𧢲如麟目光如電因而驚覺遂生公旣長見書便愛有紙便寫無紙則畫沙爲字人頗奇之爲庠生嘗宿於本學帝君廟前槐樹下時將一更夢一官人衣冠秀偉與公藥水一碗視之水面光浮星月飲之而覺自此讀書日進因領鄕解赴京過德州時天寒河凍就在西㟁旅宿夜夢河開公入河取魚見深淵一龍奮躍而起公甚恐不得巳手攀龍𧢲身騎龍項又見河邊一人强來爭騎龍項公騎龍腰龍就飛起少刻公在山頂高處立其龍與爭騎者不知何往旣而會試三塲畢主考江侍郎欲定公爲第一因同事爭論乃以吳滙爲詩經第一卷公爲第二卷公禀性方剛才兼文武總制邊方豈非一代偉人哉○龍頭一枚,明,42763
卷之三十四,飛走部,四靈,計進士禮字汝和江西浮涼縣人鄕試畢嘗夢以科目事禱於龍王廟中夢龍頭一枚隨來其家迨掲曉果中解元將會試之夕忽夢船滿河內一船龍頭分明計船在龍船之傍再三欲過彼舟竟不能上遂寤其年八月會試榜出計中第六十九名其六十八名乃龔膺也,,42781
卷之三十四,飛走部,百獸,○白虎,虞,42790
卷之三十四,飛走部,百獸,帝堯爲天子夢白虎遺吾馬啄子其母曰扶始升高丘睹白虎上有雲感巳生臯陶索扶始問之如堯言明于刑法罪次終始故立臯陶爲大理○黃熊入寢門,春秋,42793
卷之三十四,飛走部,百獸,鄭子產聘於晉晉矦有疾韓宣子逆客私焉曰寡君寢疾於今三月矣並走群望有加而無廖今夢黃熊入其寢門其何厲鬼也對曰以君之明子爲大政其何厲之有昔堯殛鯀於羽山化爲黃熊以入於羽淵實爲夏郊三代祀之晉爲盟主或者其未祀矣乎韓子祀夏郊晉矦有間賜子產莒之二方䁀○鹿跡日炙,西漢,42801
卷之三十四,飛走部,百獸,魯宗範妻凢許嫁數人毎至親迎之夕其夫輒死一夕夢人謂曰田頭有鹿跡田尾有日炙乃汝夫也後嫁乃悟其夢○大象,蜀漢,42813
卷之三十四,飛走部,百獸,張茂夢大象解者曰象者獸也獸者守也君當爲郡然不能善終象有齒焚身皆如其言○狼啖一脚,西晉,42820
卷之三十四,飛走部,百獸,郡功曹張邈奉使詣州夜夢狼啖一脚紞曰脚肉被啖爲𨚫字會東虜反遂不行○五色獸逼衣,齊,42828
卷之三十四,飛走部,百獸,王宗侃妻有娠夢周公山神牽五色獸逼其衣遂生承肇後節制揚州入洛爲行軍司馬○騎獅子,隋,42834
卷之三十四,飛走部,百獸,王敬則嘗夢騎五色獅子後貴達○白虎齧指,北魏,42840
卷之三十四,飛走部,百獸,張弘士夢白虎齧其指寤而惡之後至野遇白物驚還覺指痛不久而弘士死○群鹿渡水,唐,42845
卷之三十四,飛走部,百獸,賊將史思明僭稱大號在永寧時以泥城未畢怒其孽子朝義云待收屯州斬却此賊朝義大懼乃與其将駱悅謀圖思明一夕思明夢而驚寤據牀惆悵左右問其故曰吾夢見水中沙上群鹿渡水而至鹿死水乾言畢如厠其伶人相謂曰鹿者祿也水者命也胡祿命盡矣巳而駱悅入問思明所在衆指在厠思明覺變踰垣入廏取騎出奔悅令周子俊射中其臂落馬擒赴柳泉驛縊殺之○虎囓傷死,唐,42851
卷之三十四,飛走部,百獸,晉陽縣有人殺其妾妾將死言曰吾無罪爲汝所殺必報後數年殺妾者夜半起至母寢呼其母母問故其人曰適夢爲虎所囓傷甚遂死覺而心驚悸甚故特啓之母曰人言夢死者反生夢想顚倒故也汝何憂然汝夜來未飯牛亟飯之乃往飯牛闇中見物似牛之狀乃前執之不知其虎也遂爲所噬其人號叫竟死則人以虎爲所殺之妾也○虎行月中,宋,42865
卷之三十四,飛走部,百獸,滕元發母夢虎行月中墮其室遂生元發舉進士授大理評事召試爲集賢較理以直道策名于英神哲三朝○袖障叱虎,宋,42879
卷之三十四,飛走部,百獸,蘇長公知揚州一夕夢在山林間忽有一虎來噬巳方驚怖有一紫袍黃冠者以袖障之叱虎使去及旦有道士投謁曰昨夜畏否公知其真術遂叱之曰鼠子敢爾欲杖其脊道士慚懼而去○殺猴,宋,42887
卷之三十四,飛走部,百獸,南野人伍寺之見社樹上有猴懐孕便登𣗳擺殺之夢一人稱神責以殺猴之罪當令重謫不半年寺之病作醫不能療遂卒○舁一巨狼,明,42896
卷之三十四,飛走部,百獸,夏忠靖公元吉字維喆胡廣湘陰人其母將誕之夕夢教人舁一巨狼來家遂寤俄而生公自少頴異不凢洪武庚午以詩經選鄕貢入太學累官至太保戸部尚書贈太師公文章德量夐異於人一時諸公鮮有能及之者人謂奎木狼神宿之下降云○綠毛虎,明,42903
卷之三十四,飛走部,百獸,金宗伯純字尚素營州中屯衛人夜夢一綠毛鉅虎目光如炬爪牙獰猛可畏伏于前公驚呼起坐良久方能言乃欬欬笑不休侍人問所以具道其事自謂平生無他夢何爲者哉明日定襄伯郭公拜公舘下求卒業而服色與所夢略同公異之後郭公自舍人以武功歷陞至前職掛征西將軍印節制大同諸軍事抱負文武長材忠義凛凛眞所謂王命召虎式辟四方者也其見於夢不亦異哉○二鹿一羊,明,42912
卷之三十四,飛走部,百獸,金御史章字相用雲南中衛人赴京會試道經湖廣常德府忽夜夢二鹿一小一大後有一羊隨之及至京與同鄉舉人陳俊同一旅邸一夕陳之從者夢放春㮄見金名列一百八十一名陳下第迨掲曉金果中一百八十名惟差一名耳陳中副㮄始悟先夢二鹿乃鄕省禮闈二錄羊乙未流年所肖也○虎躍入其家,明,42927
卷之三十四,飛走部,百獸,鄭揮使懷玉有女幼讀書頗諳象緯之學居嘗自負不肯許凢子必得名公鉅卿者乃行是年巳三十六矣成化丁未正月上元之夕忽夢天門洞開紅光閃爍俄有一虎躍入其家遂驚寤而起未幾魏國徐公適喪其偶乃遣媒妁爲續絃之聘焉○白象,眀,42938
卷之三十四,飛走部,百獸,金齒人周玉爲人淳朴至老不識衡量嘗夢白象詰旦而生子奕中嘉靖戊子鄕試知灌縣縣瘠土又當咸茂二邊餉道奕食不兼味以廉靖聞○二鹿擾庭,明,42947
卷之三十四,飛走部,百獸,甲子秋予兄弟應試南都予夢二鹿馴擾於庭但大小不倫放㮄後予與季弟燕翼與焉說者以爲鹿宴鹿鳴也大小不倫季弟時方弱冠與予年齒不倫也後季弟不幸短命然則鹿之小者抑豈其祿命之不永耶,張鳳翼記,42957
卷之三十四,飛走部,六畜,○兩黑犬,戰國,42966
卷之三十四,飛走部,六畜,吳王夫差夢兩黑犬嘷以南嘷以北公孫聖曰黑者陰也北者匿也○乘白馬入梨山,東晉,42969
卷之三十四,飛走部,六畜,建安人夢李囬乘白馬入梨山及囬凶問至因立祠于梨山世傳靈應○行見白雞,東晉,42975
卷之三十四,飛走部,六畜,謝安還都夢乘桓温輿行十六里見一白雞而止因謂所親曰乘温輿者代其位也十六里者今十六年矣白雞主酉今太歲在酉吾病殆不起乎乃遜位尋薨○斷馬足,西晉,42981
卷之三十四,飛走部,六畜,牽騰以咸和三年爲沛郡太守出行不節夢烏衣人告云何數出不輟唯當斷馬足騰後出行馬足自斷○乘馬飛半天,鿄,42990
卷之三十四,飛走部,六畜,崔慧景之逼長沙宣武王入援至越城夢乘馬飛半天而墜而鿄武所馭化爲赤龍騰虚獨上○犬羊御座,鿄,42997
卷之三十四,飛走部,六畜,朱耽直禁省夢大羊各一在御座覺而惡之告人曰犬羊非隹物也今㨿御座將有變乎旣而天子蒙塵侯景登正殿焉○騎馬登山,隋,43002
卷之三十四,飛走部,六畜,帝嘗夢騎馬登山路危欲墜陳子高推捧而升後討張彪彪夜襲城帝出走子高自亂兵中慰勞散兵因導帝入徐○五色鷄,戰國,43008
卷之三十四,飛走部,六畜,西施母有娠夢五色鷄自天而下化爲鶚飛去遂產女是爲西施○逐羊㧞𧢲尾,西漢,43015
卷之三十四,飛走部,六畜,高祖皇帝始爲亭長時夢逐一羊㧞𧢲尾皆落辨者曰羊去𧢲尾乃王也及送徒咸陽觀警蹕嘆曰大丈夫當如是○豬嚙足,三國,43020
卷之三十四,飛走部,六畜,漢前將軍雲長關公出軍圍樊夢豬嚙其足語子平曰今年衰矣然不得還果爲吳人所襲○牛頭在門,三國,43027
卷之三十四,飛走部,六畜,蔣琬見推之後夜夢有一牛頭在門前流血滂沱意甚惡之呼問占夢趙直直曰夫見血者事分明也牛𧢲及鼻公字之象君位必當至公大吉之徵也後果驗云○三馬同槽,三國,43033
卷之三十四,飛走部,六畜,曹操聞司馬懿有狼顧相又嘗夢□馬同食一槽甚惡焉因謂丕曰司馬懿非人臣也必預汝家事後與師昭相次當國竟遷魏鼎云○白犬嚙之,東晉,43040
卷之三十四,飛走部,六畜,王敦舉兵犯順病作夢白犬自天而下嚙之覺後病轉劇乃以身後囑錢鳳俄而敦死文育營彪遂降似夢驗云○妾爲猪傷,唐,43047
卷之三十四,飛走部,六畜,江都民有一妾夢其夫率勇士數十入江捕魚得巨猪數十而出其妾爲一猪所傷及建陽軍作亂入江都妾夫爲鄕保率鄕兵擊賊營擒賊百餘人其爲首姓諸其妾果爲逃賊所砍折其臂民乃與妾俱辭功而隱焉○繫二黑犬,宋,43056
卷之三十四,飛走部,六畜,徐元杰嘗夢神人繫二黑犬過堂下授之是歲登科有黙思黙通云者主司見之以爲神語乃悟黙字有黑犬重複用之二黑犬之徵也○擁一羊遺之,宋,43064
卷之三十四,飛走部,六畜,宋太祖六世孫秀王偁夫人張氏夢人擁一羊遺之巳而有娠生伯琮于秀州及元懿太子薨高宗未有後昭慈聖獻皇后語以異夢高宗曰太祖以神武定天下子孫不得享朕若不法仁宗爲天下計何以慰在天之靈于是以選育宮中後立爲皇太子更名眘即帝位是爲孝宗○獨𧢲靑牛,宋,43071
卷之三十四,飛走部,六畜,阮登炳夢毛自知乘獨𧢲靑牛以火照交于身上因自解曰靑牛年庚也火照交身上乃登炳之義花甲告周將代毛自知矣蓋毛自知乃前乙丑狀元也後乙丑果狀元及髪不爽○大猪,明,43080
卷之三十四,飛走部,六畜,徐御史宗四川營昌人初赴鄉試道經浙之換鵝驛驛丞夜夢人報云接御史俄而出止見一大猪杠來覺後有三舉人至驛官具道前夢其二人曰徐君本命巳亥也亥肖猪所夢接御史後接得猪者即徐君之兆也是秋徐果與鄕薦連登甲戌進士擢南臺御史,,43090
卷之三十四,飛走部,羽族,○瓦墜化鴛鴦,魏,43099
卷之三十四,飛走部,羽族,文帝問周宣曰吾夢殿屋兩瓦墜地化爲鴛鴦此何謂也宣曰後宫當有惡死者帝曰吾詐卿耳對曰夫夢者意耳苟以形言便占吉凶言未畢而黃門令奏宮人相殺○五色鳥,西晉,43102
卷之三十四,飛走部,羽族,羅會夢吞五色鳥自後文章顯著○大鳥止庭,西晉,43112
卷之三十四,飛走部,羽族,張薦祖鷟爲兒時夢紫翅大烏止其庭大父曰吾聞五色赤文鳳也今紫文鸞鷟也若殆以文章瑞朝廷乎鷟後果以文名時號靑錢學士○鸚鵡拆兩翼,唐,43117
卷之三十四,飛走部,羽族,武后夢鸚鵡拆兩翼仁傑曰鵡者陛下姓也兩翼者陛下,人吏驚呌令亦駭起明旦兆時所編者吴庠卷與焉起翔于天衢至明各會語報㨗者至人爭叩之彼且除夕指揮劉世統夢新狀夢登杜正㮄進士旣第㮄袍笏與之者内臣杜正是淵且巧矣公後復姓申□,43126
卷之三十四,飛走部,羽族,范狀元機坊中人,諱應期字伯禎號屏麓□年乙丑廷試第一嘗夜□錄有人曰狀元者艮山□元爲應期細釋之殆范□山屏麓也范旣范而崙亦湖地多絲而夢于杭之大魁湖州烏程之應乎天之試偕一舉人見禮房吏吏二公必居一矣范果大□從陸夜夢一躍登車有□車前車行如飛若將入舉目見殿宇門鑠金書□見云,43138
卷之三十四,飛走部,羽族,羅狀元第一進士,諱萬化字一甫號康洲□𫝕廷試第一羅公嘗止□一名進士來訪明日羅□見亦如常禮羅公眀年□夢應矣會試夢一老人□掲去舟上會試封條易□騐云,43154
卷之三十四,飛走部,羽族,張狀元羅衣相遺,諱元忭字子藎號陽和浙未廷試第一父天復行太巷嘗夢携其扁于家會試金芝六莖是科劉瑊夢人,43162
卷之三十四,飛走部,羽族,陳狀元雲霄蓮座,諱謹字德言號環江福建閩丑廷試第一謹嘗夢蓮花二庭有仙童女隨蓮花而下謂如其言蓮花冉冉而升漸□持金冠緋袍與之服豈非連科大魁之兆乎,43168
卷之三十四,飛走部,羽族,諸狀元背抵冠裳,諱大綬字端甫號南明浙江山陰人嘉靖三十五年丙辰廷試第一初大綬兄大綱夢見大墳一區須申墳裂一硃紅棺露焉須臾有衣冠珮玉者自棺中出揖其兄使入其兄難之忽大綬至與冠裳者抗以其背抵冠裳者之背使復入不解所以旣而待聞天卿淵言此夢聞曰此地惟吾知之乃宋狀元山陰王佑所塟也君其狀元乎其背相扺前輩後輩之謂也果如所言,43176
卷之三十四,飛走部,羽族,丁狀元仙女奏樂,諱士美字邦彦號後溪直𨽾清河人嘉靖三十八年巳未廷試第一未第時夢巳坐于堂空中有仙女一群乘鶴翩然而下人皆作樂仙音縹緲繚繞前後久之復乘鶴而上須臾有黃旗二扇豎于門焉,43180
卷之三十四,飛走部,羽族,徐狀元紅日照帷,諱時行字汝黙號瑶泉嘉靖四十二年壬戌廷試第一將誕之夜父夢神人與桂花一枝醒而焚香毋夢紅日照入帷間直射其體生而膚如玉雪四齡出痘醫指腰間一大痘挑之血流紫色曰此子必登高科與狀元朱公痘五林類至巳未冬月夜半支硎山巖端有聲如雷居人詰朝視之有石僅丈自山腰移下十餘丈復轉而東所過小厄裂一縫如虎丘□劒石之狀識者謂來科狀元兆也吴□舊識云穹窿石移狀元來歸辛酉公夢行通衢得明珠一颗心甚異之入室一室光明意此龍頷下寶也必行來□龍果至昂首向室內又意此珠不可輕也乃緘題云臣時行謹封跪而獻之龍得珠而遂翔焉七十督學公約試於句容委高淳令編卷令寓崇明寺公亦寓此吏夜編號有四吏未寐忽見火光起其中一大魁星自外閫人劉世揚會試入京夢神告之曰今年狀元名國裳世揚即以國裳易之劉是科登進士而狀元舒芬其字則國裳也事有定數惟鬼神能知之芬未第時至九鯉湖祈夢五夜無夢因題詩云千里尋眞意亦䖍五宵無夢竟無緣神仙不識人間事歸去揮毫作狀元到山下遇一老人問公何夢公告之故且述其詩老人爲攺云千里尋眞未是䖍五宵無夢豈無緣神仙不泄人間事歸去揮毫作狀元因忽不見蓋仙化爲老人以告公也,43184
卷之三十四,飛走部,羽族,楊狀元辛巳牌坊,諱維聰字達甫號方城順天固安人正德十六年辛巳廷試第一公在京夢崇文坊迎金字辛巳狀元牌來叩之何往曰送與固安楊秀才覺而自喜但疑是歲非試期旣而巳卯庚辰鄉會連㨗,43190
卷之三十四,飛走部,羽族,龔狀元龍神書額,諱用卿字鳴治福建懷安人嘉靖五年丙戌廷試第一公臨試時嘗夢龍神寫狀字於額上果中狀頭,43194
卷之三十四,飛走部,羽族,沈狀元餌藥生香,諱坤字伯載號十洲直隸太湖人嘉靖辛丑廷試第一嘗夢仙以藥丸食之醒若胸中有物而一室異香撲鼻,43198
卷之三十四,飛走部,羽族,秦狀元馳馬天門,諱嗚雷字子豫號華峰嘉靖二十三年甲辰廷試第一公年十四時就傅一寺中適有召箕者箕忽自運作字云門外有甲辰狀元秦嗚雷可請至時嗚雷方自家步至舘箕徑飛至寺門外摳其衣袖而入此後常夢騎馬上天門,43202
卷之三十四,飛走部,羽族,唐狀元庭梅隱字,諱汝楫字思濟號小溪蘭谿人嘉靖二十九年庚戌廷試第一戊申歲汝楫夢一梅樹生于庭前花娟靚繁盛字隱隱見于瓣中曰□歲相□□□□□□□雞水酌明年爲巳酉汝揖巳□□□□□□□□□,43206
卷之三十四,飛走部,—,夢微小引原夫夢開休欲祥夢占矣而復以微綴之者何诚謂不微諸已往則無以信于将来耳爰遡鴻古下迄輓代凡帝王卿相士庶賢愚男女老幼之夢所夢若天地日月雷雨風雪人物鬼神用羗事為山川州水辭札姓名之類稽之经史谶記筆載彰明廣羅肆攷採其尤可信騐者悉彚而輯焉𠈷人覧之觸類而通稽古而信是亦占夢家之龜鑑也若乃玄幾宻谛真化無窮凶吉互藏妖祥迭現殊未易推苟思媲索謝之微言曲中如燭炤數計而劵合焉在慧心者之精心以領之耳倘泥昨夢以徵今猶之膠柱而調刻舟而覓何以语于通達之智哉然則夢微之集其不可以巳乎曰不也夫夢徵之集固引而不彂者機也高眀專技剖祕抉玄神明揣測亶自有得苐不脩覽乎此慮亡以擴術業之未宏資敏悟之弗逮借彼一葦作兹寳筏又奚辭搜擷之勞而缓此一编也伯𧺫張氏感夢病瘳遍為類考其採錄博其叙述精其用心良苦而余復為之補缺軼訂舛訛彚成全帙顏之曰微以視前编蓋不翅倍之矣良以人生之成敗興死生禍福强半必形于夢而占之者頋執一見以求不克旁参之𩔗長之使鬼物神魂隠隠若詔者當前迷昧寧不誤人趋避之機乎故夫夢微之于夢占也譬猶夜行之炬也前車之軌也而實占夢家之𪚿鑑也淂是集而及覆精探错综引悟其不足以語通達之智而窺造化之靈幾者有是理哉戊申夏五白门老人李登書,,43212
卷之二十五,甘德圖,天日月星,天日月星,天曰月星。春季夢靑亮大吉家道。東升吉，入懷得秀大而明朗，清寧之兆。遶屋貴子。失光，大凶吉。文彩士子大利。西墜凶。夏季夢高吉，紅光射吉照户財臨。光芒文顯,29319
卷之二十五,甘德圖,天日月星,天日月星,紅霞得利。吞入口。娠孕。秋季夢白大吉，有財。西出，主西鄰有華文彩，得財，貴女流遷移。洞見帝庭，喜吉。零落死亡。大吉。墜身吉，昏暗憂事。稀朗吉。赤氣遍覆墜，大凶缺不祥。亂擲經天，文人大吉。銜山復起，兵戈。事成。冬季夢低黑喪事。映水吉，明照清吉。密而有光，霞光滿進財赤烈蒙恩吉。捧入懷，添壽昏暗盜賊起。流移。不安。春分夢門開，官爵大利。兩鬥不祥。殘缺，死亡移析居。慘淡不吉，墜事散。無光。官訟。秋分夢白色兵戈。落地，大凶百事。對泣酒食。移亂，離散。赤霞起凶分散。𤨏碎。心不寧。夏至夢上登，升位。初出天下平，家吞益，神氣密多事。陰霧，得食道隆。光散而大，黃色有喜。手捧。官位人口不之，兆圓之象。冬至夢黑大凶。騰起，長壽。圓滿大吉。有芒，亂兆。低覆作事不成。落地，復升,29338
卷之二十五,甘德圖,天日月星,天日月星,業興。甲乙日夢蒼色事生殖。西墜，大凶暗陰私事主憂。大而燦朗缺。事不大財成。丙丁日夢開眼文顯得財。沉水凶，照户陰貴來至。布列，文才顯發。光照熱目疾。移散。口舌消。戊巳日夢壓地夫婦和。逐身得酒食。照射，酒食有喜。隕地得財黃色。年豐。庚辛日夢開裂兵戈大起。色紅，損害。映水刀兵損傷。散落，不祥。慘暗，疾病至。歪斜女人外私。崩墮。宼至。壬癸日，夢二昏黑，陰私事至。光照有急事。射户入室，水患至。入懷。陰貴會合。亥子日夢登上，腎虚。昏黑肝病。明彩腎氣足，日手捧。有水光明災。寅卯日夢靑亮肝氣平大。東昇，紅絢北斗，見生炁。吉，腎氣足，大吉。墜頭病凶。巳午日夢紅赤心火旺腎。兩日竝出，手捧火盛私事。,29421
卷之二十五,甘德圖,天日月星,天日月星,衰，心氣盛，吉。半掩啾喞不利。中天，太陽脉實。光射身陰陽。喜吉，和吉。西白肺氣盛心。氣虚。申酉日夢轉運金戈將起。吞食，不明事至。吞入腹肺實。流有光芒，腎虚冦至。墜肺氣衰。辰戌丑未日。夢門開脾氣實心。初出，肝旺凡事。墜地火平生炁。氣旺，主進益旺，其地有賢相出，大吉。黃色。萬物發生。吉。,29491
卷之二十五,甘德圖,風雷雨雪,風雷雨雪,,29525
卷之二十五,甘德圖,風雷雨雪,風雷雨雪,春季夢清和，大吉。震聲大貴大財。淋身，被恩寵。飄舞不積，東吹有喜讌事。聲隱隱有主晴信。利吉，至三打身名顯。,29526
卷之二十五,甘德圖,風雷雨雪,風雷雨雪,夏季夢南來吉，被霹靂冨貴。路逢，酒食小喜。霑身父母凶喪。畏聲官位至。見堆積孝服。掃去。凶事散。秋季夢起塵兵荒電閃病消。淋身，損傷小恙飄主憂。躱避病愈。霑衣凶恙。積如山。喪事。冬季夢北來狂，難至。大震有憂。如注，大財飄舞吉。如被吹身前去。大電，霹靂霑衣酒食小喜。者，私財，主官訟大發，口舌爭。盈宅。吉。鬥貴人，見責身。體災恙，小心吉。春分夢飄揚，發達聲轟轟大吉。狂亂，有凶事至。密洒友人來。吹嘘，喜臨。片大如手，狂蕩。蒙澤，凶服。秋分夢㧞木刑害。微響，清吉。褰裳而渡，盈庭詹泊悠揚，吉，主有恩渥。易盈易涸。心事不寧一。夏至夢穿牕入隙大震，發貴大財。洒淅啾喞不安。消融，惡事散。,29541
卷之二十五,甘德圖,風雷雨雪,風雷雨雪,陰昧不明。冬至夢噓拂亨通，大吉。遍野如焚，注成川渠飛空。有酒客至。水災來，運亨，歲，不利，大吉。甲乙日，夢拔木凶，聲震宅舍不安。大澍，主發財。積木主春日有。震木。凶事孝服在春。丙丁日，夢吹火爇文彩聲大震，名陰晦霏微，大降主火燭。滅火憂事顯達，次日晴明。霹靂打。主得。貴人蔭䕶之力。凡事興旺。戊巳日，夢飛砂走石，震地宅不安名。浸灌城池，花飛八出家宅不必達大利，有災安𬮈非。冦竊，占者詳所。沒山陵虚驚。見風自何方，以防之。庚辛日，夢狂猛，兵亂。震田禾大豐。如毛酒食吉。大積壓身滿空轟遶主尊長重喪。世亂。壬癸日，夢黑氣水災。雲雨，大電盈沼，利吉。飄降小憂。,29609
卷之二十五,甘德圖,風雷雨雪,風雷雨雪,主大財臨，應在消憂散。北方，大吉。亥子日，夢大狂昏黑，閃電大震，淋身腎氣實。覆壓山川，疫病主腎氣，主水，傷弱心火田禾。吹身倒。肝旺肺金虚受邪。寅卯日，夢狂猛肝邪盛，主。畏避，臟腑俱虚。口吞主得果實。屑粒如珠。生眩暈蔬菜主悲泣之疾。巳午日，夢吹身凛冽，震身死，心氣。微酒主東南方。大降。有火災。腎邪實虚極，主酒食，心氣虛，有熱疾。申酉日，夢微颺大吉。金蛇亂掣，久旱，大水。舞空不下。狂猛兵戈，木衰肺旺，主有虚驚不安。目疾。辰戌丑未日。夢旋轉基址不安。聲如土中狂澍，主有腫脹。片大如扇，脾虚之病，孝服心耗。雲煙霜露。雲煙霜露。春季夢靑色大吉。微澹清吉。光芒，肝經旺多。濃潤主恩澤。密布，得財開，士子忿怒，大吉事至。如練外孝服。布地生財。雲煙霜露。夏季夢赤色大吉，至暮不收，沾衣有損，足踏失物，薄而高，運凶事亨。室中滿壁，欲滴謀望未遂。風刮。事不賊，冦至成。秋季夢白色刀兵黑暗不祥。積草茅，瘡癤濕衣，酒食，小吉。如人馬車護屋，有喜至。凝結不消，地中流，行船山石。主得衣帛，大利富。冬季夢黃黑色，水災。迷漫不開，紅色而飛，溫熱潤身，及瘟疫，小人凶象，主大吉，侵害有血光。漫天如絮，妖氛蔽空，草頭如珠，不利，大亂不祥。春分夢旋轉繞身，開霽，大吉。摧草不吉點滴，有客送財。得財紅光主旱。芒如矛戟紫色。大貴陰中冇人謀害。秋分夢覆屋貴人提掇。黑暗私事不明。凝結，杯盂如注吉。自地而升，不吉。降而隨乾大吉。侵肌。有官，凶事散訟。夏至夢行如飛死亡。朗，霽大吉。結成塊，口舌沐身大貴。紅光火色，滿山林進喜文明吉，大吉。雲煙霜露。甲乙日，夢盤旋殿角，霏微清吉。殺物，年豐承受盥手。大吉大吉。丙丁日，夢端有紅焰迷空，吉，如霰亂洒濯足。凶。火光客來逺信到。戊巳日，夢黄光覆屋，清亮吉，綴樹不消，口吸進文才。生貴子，不利，大吉。拭抹。不利。庚辛日，夢白氣貫日，昏迷，不利。芒長尺，大亂。沾筆濡毫，兵戈。忽開忽合，文人得魁元商。紫氣半掩病至賈，獲寳貝。月光。大吉。壬癸日，夢出岫大吉，亨通。籠罩樹木，足踏凶事至。蟲，吸之瘡癤飛揚。水兆生財大利。淋漓。得財亥子日夢搖撼林木，迷漫江山光亮，大吉。濕衣進喜發財大水。入屋。孝服。寅卯日，夢東行興旺，大吉。收朗，東方有喜。凝結不消，綴草頭沾。事至口舌，應在春月足有災。巳午日，夢纖巧有喜事至。迷空，酒食。鋪屋瓦得財滴掌中，大利。黑色，掩日光芒，竟日光不吉。不消，仇人暗害。雲煙霜露。申酉日，夢白光刀兵繚繞，有喜事臨。有氣，起興旺。承硯上，研相鬥，夫婦門大利，和墨益文才。辰戌丑未日。夢黃光滿空入屋，不吉。綴山石吉，滴土上如主田禾大稔。冒昧無路，流水大利。細如鱗。大大凶吉。,29661
卷之二十五,甘德圖,地山水路,地山水路,,29855
卷之二十五,甘德圖,地山水路,地山水路,春季夢平野千里，高峰清曠，深廣無波，平曠大吉富貴。大吉，心大吉，大吉，腎開意曠，氣足精險，心事不安。諸事無憂之兆。圓如鏡，喜神旺慶斷大凶，作事不成。高卑萬丈萬重，高下濁如油膩，曲勞心多事。主有遠。有遠行大凶，行之兆，事勞心。直遠大吉。方不滿尺。得吉。河中無水，閉暗事不成。多憂，大凶。多草木，肝病痊旺。行步漸高，震動有聲，有石無土，風波危險，行事吉，得美名。虚驚心肺旺臓多慾不安，胃腑不安。崎嶇瓦礫，不寧。高巖無路，赤如血胃運不通，氣作事未。有虚驚，不足一，遂得吉事。升天。貴人扶。,29856
卷之二十五,甘德圖,地山水路,地山水路,夏季夢平廣無塵，高平肺和心吉。清波，直流平濕，吉。大吉。風聲清曠壽而强徤。仄狹，身心不安。飛砂走石，大吉，身安物美。細紋逆上，無寸草險事。有驚，作事大吉，恐事遂意。苦草多遠行薄如紙，水荒。身居洞中，水下有人，外事臟病清士𬮈得媒妁，居夢之之利，有黑暗不利。色赤，主旱吉，病者好姻，心燥，夢之凶至也。前後斷截，白米貴得財崩，太平之象。乾腎水不吉，病不足，未瘥事。黑如灰，家事升危行險，從高山下，未成。不寧吉沾澤。空中生街，缺胃臟有疾，又主半岡陷，凶事道：身安，病痊官事。母災喜吉，在江海中。吉事稱心，病痊。臓腑氣足。秋季夢無灰沙，心清。高廣，清曠，清平見草，草木茂盛，大吉，心安氣大吉，豐富安足身𬮈樂，大吉。震動有遷病痊，移事，大吉。渾濁，事不成。紆曲暗昧陷，大凶。登躋險阻，波流𢌞曲。作事不能成就。,29887
卷之二十五,甘德圖,地山水路,地山水路,三重，有陰心危，人生計失。波濤洶湧，危險，心不安行。事，腎氣足過吉行，又主虚，不過凶。驚。忽見高遠大吉。滿屋中。不利。冬季夢野曠平光，岡峻高闊，深瀅無波，平直長廣，大吉大吉，喜樂得壽。赤灰有驚憂防。有土無石，色黑流淺陋側憂疑。火燭凶事病。過曲逢直生雲。有喜事，吉。登高望遠，漏淺大事大吉，不成。雲暗，滿野喜吉。無𡶜有遠行事。火光得利。憂疑，毁變爲壇，波流遶身，土堆凶。開拆裂縫，凶事得財，大吉。攢土，官祿貴吉。大凶。化作平地，波流不絶，撒開口舌高卑不平，得財主壽。荆𣗥遮塞，疾病。四顧高危，漲腎氣足，作事不精神旺通所遇。破而復合，身居中下，冰消喜事皆是嫉，至妬小人。病痊大凶乾病痊。平坦，安逸，大吉。身陷入不利白。如銀，色遠而直，運亨。人授與己喪事大利。,29945
卷之二十五,甘德圖,地山水路,地山水路,富貴安康得壽。大吉。甲乙日夢靑黃大吉高聳而平，清深，腎克精足。長直大吉。方平，安富大吉，大吉主貴。波濤吉。丙丁日夢生草花吉。土石蒼翠，澄清，大吉。寛平心安身徤。陋側，心不大吉安。洋洋順流，喜吉。赤黃，得財吉。荒秃無草，婚姻喜事大吉。陋曲憂疑多事。白母憂，木凶事。渾濁。血氣不和。截斷大凶。戊巳日，夢黃沙白草，丹碧相對，色黃流順，曠野安身樂志。大吉貴顯。大吉陋，胃氣不足。高岡大石喜事。庚辛日，夢修平大吉。小白石子孫。從外來財喜。攺易，大吉坼裂。國家繁夥，凶事之兆，斷失財物耳目恙。壬癸日，夢黑氣升天，泉流瀑布，平闊無波，曲折光平，大凶，主肺腎大吉，子女巧，有水災，氣和秀，得吉。墩阜纍纍，高遠碧翠，曲折瀠洄，泥塗無下家道豐，有貴人，綿長之隆之兆。從遠方，慶大利。足之處，大凶。平洋多水來，主吉。,29998
卷之二十五,甘德圖,地山水路,地山水路,亥子日，夢白雲滿野，巉巖萬仭，滿屋中。火燭向北行高。大吉，貴人提，大吉挈之兆。寅卯日，夢草遍郊外，兩重夾徑，波浪沸湧，靑石平鋪財源出行，大利大吉。如花，心中大吉多事。卑溼生苔，入深洞中，不能寧靜。塵沙小人懷妬。宜經營，有財利。行走。有人不吉，扶吉。巳午日，夢生紅雲，大吉。隱見數峰細流，心安得吉。珍珠砌成，露草盈郊，主富。汪洋千頃，大凶，不利。生財大利。光秃，白石腎邪有餘，精志。平闊，吉照人。不利，不足，有喪。申酉日，夢劍戟密布，高尖主凶有惡。枯涸，肺虛不足。丫叉小徑主大人謀財利害。直瀉，大利不發，多滯。多水坎。不吉。辰戌丑未日。夢四顧無盡，怪石千丈，波流浩蕩，寛廣。得財物安。大吉，清寧，有遠心志，大吉，客至。,30050
卷之二十五,甘德圖,田囿橋城,田囿橋城,,30098
卷之二十五,甘德圖,田囿橋城,田囿橋城,春季夢禾滿，大吉，得財。造成寛大，高平廣闊，堅壁高坘，富足主富安樂，大大吉得之兆，吉之象，貴人力。,30099
卷之二十五,甘德圖,田囿橋城,田囿橋城,靑草茂密，小而潔，大吉。高峭危險，小有陰事，心𬮈大吉。荒廢病除，步履得過者吉，陷有兵亂。荒蕪，腹中有蟲。草莽縱横，佇立不行，進退。關閉病患。耕種，大吉，心事不俱，不能寧凶者大凶。水門大開，巨浸脾氣虚。牛馬踐踏，之兆，若大吉安坐者。坼縫，凶，發財吉。無雉堞，大凶。魚鰕多瘡瘍。奇花，主富。忽斷大凶死亡。譙樓高厰，有樹木主富。假山，事不成。剏造初成，大吉。多禽鳥，口舌吉人和會。樹木森茂，生螺蚌蛤，脩攺攺禍家庭，爲福發達。得財造在庭中，泛漲大利，主有死喪之憂。泄水，不吉。柱折子孫喪亡。攺拆吉。夏季夢禾稻平滿，高大茂盛，石欄平闊，攺作平地，大吉豐喜事，得好人，大吉熟，安富扶持。或。得利之兆。空闊吉，有遠行喜事吉。坍陷，凶事將及。旱荒胃中有病。荒苦，有遠行事。木柱崩折，防之。水大無禾，大凶。關閉。事不成凶。,30104
卷之二十五,甘德圖,田囿橋城,田囿橋城,耕者夢之，凶病。兩頭無修造吉。者，夢凶之吉。半畝，不平凶。秋季夢禾大收，大吉。新造酒食吉。造成，高大，飛出，大吉。草荒，疾除。修攺得財喜吉病痊。入閉，有凶宜謹。水滿無禾，坍塌不吉。生草，凶事。兩面高關凶。屋舍奇巧，走不過，凶遠行。種植新禾，有人求𦔳造大利。牛馬出入，多事。無水不吉，大凶。乾苦主病患。巧石口舌行過而坍，坍倒，他家凶事。人牛耕遷移。花木多發財，斷得大吉事，諸病。脩高。防外事。吉人大利，皆消助力。冬季夢平乾無草，修墻造屋，以木作梁，三重開廣，大吉，喜事；不吉，有大吉憂恐事。清水澄淺，有化爲無遠處倒他人。土築有喪，事，凶。康徤凶凶事，安樂破有虚驚。積水黑色。園攺屋吉，走不過大凶。凶防有災患。屋攺園凶。飛過遠行喜吉。,30172
卷之二十五,甘德圖,田囿橋城,田囿橋城,生靑草。口舌極高喜吉。耕種。有喜事，吉。春分夢置買大吉，得利。安坐，清寧石攺爲木，遊行上下，忽見忽無遊賞，作事得喜，大吉，諸不遂事皆成。遷移。木攺爲石，之兆。豆麥多得大吉財。殘缺作事不成。坍覆。大有凶惡。秋分夢稻熟，酒食喜事。攺造，得富，大吉。人扶走過高大吉，空平吉，大吉。修築吉，水草多凶，屈曲。有憂疑事。夏至夢耘耔吉，遊坐酒食吉。行過，坍毁，進關官事吉。車戽益財。無草木官病痊事。上擂鼓，大吉。放水出溝，内有曲流拆斷凶。兩城相望，不利，主財源大利。臥於上，訟有姻事，事至。禾盛。大吉，酒食。冬至夢荒旱吉，修攺遷移吉。行過三重出吉。積水。憂疑得壽，不祥入凶。甲乙日，夢耕耘，大吉。草木盛吉，登立欄楯高平吉事得成。荒凶。開復閉，凶，大吉。起造酒食。,30234
卷之二十五,甘德圖,田囿橋城,田囿橋城,丙丁日，夢大水，病痊得喜。多草木，肝旺。來去，上下缺，心事不足。火燎禾稻，得吉。身居其上。火旺心氣實，斷防火燭凶，有賊冦至。戊巳日，夢禾黍多，大吉。花木茂，進財向下行，大吉。門閉不利。荒蕪，脾胃虚弱。樹木蕭疎，無欄楯。少倚。家事傍伶仃，安吉之兆。庚辛日，夢大水吉，花枝出牆，在平地上，上多旂幟。防有陰不吉，名振私事發揚。壬癸日，夢中多積水，遊行酒食。危險難行，火光四照吉，内多竹。子凶，有好孫，事至。亥子日，夢大水吉，閉門身在走過，大吉。身入外吉，不能上凶。寅卯日，夢靑苗滿野，花盛開，大吉，石砌而平，高廣完固。大吉。高臺，有貴身安，大利人提發財。禾黍茂熟，携木柱生草。主家事不祥豐足。巳午日，夢寛廣吉。怪石作山，四面皆水，築砌初成，水清，細紋主壽吉，圖謀事有就吉。大吉。深邃，主有官事。變屈主財。傾陷凶逢破耗。,30298
卷之二十五,甘德圖,田囿橋城,田囿橋城,申酉日，夢犂鋤吉，幽深大利。下無水，病痊。完固大吉事成。無禾，污泥奇巧，有凶事。連接甚多，低吉，多有財至，不吉，喜吉主訟。方闊吉。辰戌丑未日。夢泥積如山，花落生子之兆。蜿蜒數里，兩門新舊主富。竹亂，大利。環洞甚多，不同凶。草蟲多。主疾。門半掩，不主大貴吉之兆。門單扇不利。沙磧不吉。奇石砌堦，洞塞不通，石砌成，大吉。深數丈，吉，生子大凶。上有灰沙，牛馬犬豕，坦平吉，亂飛兵戈之兆。耕耰。大吉。梁凹曲。不祥。,30349
卷之二十五,甘德圖,春夏秋冬,春夏秋冬,,30391
卷之二十五,甘德圖,春夏秋冬,春夏秋冬,春季夢。元旦大吉，主富。至夏日遊。七夕乞巧，冷烈逼人。貴，長年安康賞主富。穿針。主作不吉，小事先人侵害。立春發財。炎蒸。心旺難後易，脾胃初凶終。長至日慶迎春大吉，實吉賞，大吉，主壽。鞭春，主富。端陽賞玩秋凉。清吉。元宵張燈。龍舟。不利作事。大吉不成，防有病患。,30392
卷之二十五,甘德圖,春夏秋冬,春夏秋冬,夏季夢溫和大吉乘凉吉月夜蒙恩。寒夜行歩。清明祭掃酷熱。心事不寧。立秋日納吉。大吉，先人求食。避暑吉，凉得子曉行，大利。春夜行坐，旱暵不利九日。登高，寒威冽膚。安𬮈主貴，不利之兆。上元燈節，凉氣如洗。大吉病痊秋季夢迎春大利。晴明，大吉。中秋看月，除夕病痊。寒食，不吉。午日泛蒲貴人扶助之兆。守歲主壽。踏靑得財病痊大吉中。曉凉。大吉。冬季夢上巳日宴，曉晴吉利求財。新凉。清吉。臘八持齊會大吉。祛暑吉。睌霽。遇胄，大吉，病消。正旦大吉。至日不利。春分夢元日吟詩，黴氣蒸溼暮空吉。昏夜吉。大利發財，更防有疾。凉飈襲人，聽更漏吉。永晝大吉，吉。秋分夢二月二踏、四月八浴。七夕晴河爆竹。祛崇青大吉，主文章財佛，不吉，防大吉，死亡之。守歲大吉。吊變。立秋詩。零落。,30416
卷之二十五,甘德圖,春夏秋冬,春夏秋冬,病退，大吉。夏至夢人日戴勝，三伏七夕晒書。臘盡攺舊。大吉，諸大吉從新。芒種日遊事，亨之兆。大利。穀日咏詩。玩田疇十月朔日豐年之大吉。圍爐。兆大吉。大利，有災。冬至夢新年亨，吉。重陽，大凶。八月十八除夕送窮之兆大發財日。觀潮利干支俱闕。君臣父母附師友附兄弟。姊妹附宦祖、女師附。君父師兄，臣母友弟。春季夢皇帝入室，𩀱親竝坐，聖人爲師兄左手喜吉怒凶。大吉，有喜事，大貴，爵祿之弟。右手怒吉喜凶。榮得飮食之賜。父笑，神炁過旺。賢者爲師笑，有他人事。登朝富貴喜樂。母笑，陰血太盛，大吉哭，有疾病宜藥。后𡚱呼召，父哭氣病，常人爲師同坐，大吉。貴人夢之，大吉。母哭，血病主富。同立大吉。庶人夢之有病。父母臥。不利。佛老爲師同臥。身心不安。老年人夢之凶。父母死，病，大吉至。同胞死。手足。太子召見，父母打身師病。外事有病，不祥至。君臣父母、師友兄弟，大吉，有喜事得疼，大吉，有人扶持。師死。學問不成。死信傳言，財物遇貴人。祖宗再生，身作師，吉凶事。王侯得福大吉，有大吉，生子孫。師生講學打罵。凶中得吉。君衣白衣，之兆，大吉。姊妹笑，凶。得財父母飮食，師友嬉笑，姊妹哭。他家。公主有酒，父母存，大凶，多事，食者夢之。王子哭，虛防喪事，驚父母亡。師友哭。他人。姊妹相見得吉者，夢之事冥中求。跪拜，大吉。太監呼名，衣食，追薦祭祀。師友變形，姊妹相呼官事爲吉。爲女子。外人喚口舌爭訟。御史官事奸計吉。姊妹爭罵府縣官鬼神。女師父得凶財。爲禍喜事。夏季夢君賜物，大吉。雙親飮酒，先生教書，同胞同坐，后𡚱入門，吉，大吉。相打，吉。防有災。祖宗言語，相請大利。讀書，大吉。有位無人吉。爭訟防疾。兄弟入獄，不利。父黑瘦，精神。寫文書，官病至事。兩君相爭，不足。飲酒嬉笑，姊妹死吉。君臣父母、師友冕凶事。母病，不吉病患。姊妹笑，不吉。官入户，喪事。死而再生。先生責罵，相打，不吉。路中逢官，病痊，大吉。飮食口舌府大吉。痛哭。大吉。朋友死。不利。針繡防暗害。皇帝，袍衰，裁剪口舌紅黃。大吉。秋季夢天子出宮，父母衣白，更師吉，兄弟化爲大吉，吉。投師吉。女子凶。宰相坐，大吉。衣紅色，喪事。師友同行，兄化弟吉。太監同行同飮，占大吉。弟化兄。名失。冬季夢君賜酒食，父母同飮，師醉，喜事。兄弟赤身，大吉，大吉。師無衣，吉，大吉。君命召，貴吉。父出門，吉，師友朱衣同臥吉。賤凶。母出門，凶酒食。相罵吉王侯入門，祖宗出，汹女師進房，兄弟病不利。大利。祖宗裸，家喜吉不。姊妹見喜。府縣官至，安寧。師友遠去，吉。凶。死者再生，凶。姊妹出遠，太監入宮。喜事行不利。君臣父母、師友兄弟。春分夢朝拜天子，祖宗立，家道拜師，進長學問。兄弟打罵，吉，盛吉。師去，作事得力不遂。宰相同坐，拜父母吉。友人來，吉，打罵兄弟吉。祖考飲食。女人至，口失力舌。見皇后，大大吉，吉。友人死，得財作揖，分離。見官長吉。祖考打罵拜凶事。得力。秋分夢皇帝召大吉。祖考安寢，師立吉，兄弟赤身。后妃召吉，吉。師友拜揖吉宰相主發達。父母訓誨，有分離事，不吉。兄弟相爭。太監得財大吉，利吉。女師不吉，失利。宮娥吉。伯父興家大吉。拜女爲師妹，與酒食。武士大利。叔父。不利，大不祥，吉。夏至夢見君身安得吉。父母赤身，師友沐浴，兄笑弟哭。后妃召防，大吉，吉吉疾。太監至，官訟。祖考哭。口舌師教書，大吉。兄弟飮酒，疾病。祖宗父母、朋友分財，有喜事，或有好。府縣官有訟。衣綿衣，安，大吉人至，當身飮食者。事凶吉兆。姊妹哭凶。君臣父母、師友兄弟，父母求食。得利事吉。冬至夢天子入門，父母醉，有喜。拜師友有貴。兄弟哭，畋獵。大吉事吉。人事有喜。朝拜大吉貴者。父母病。心事師友出門，兄弟打身，陞爵賤不安吉，得扶持者得財。富者得官，貧者。祖宗求食，師友赤身，打兄弟，討力。得利吉，大吉。兄弟分財，拜見后妃。父母死，不利。朋送柬來。不吉。喜事至。祖考再生，口舌兄弟死。大吉。官入門房，大吉。朋友入門，兄弟哭，而生貴子，若入他。父授書，主貴。歌唱大凶。不哀。不吉。家，其家必得生貴人進秩。朋來慶，不吉。吏入户，官事。朋來弔大利。得吉。甲乙日，夢東方見君父加衣服，師得吉兄，左家吉事。春時吉，大吉事有慶，友好人相逢，弟右方吉事。后妃生子喜吉。母加衣，血氣。姊妹喜事。太監，官事和平。君臣父母、師友兄弟。丙丁日，夢帝王南行得吉。祖考、祭祀得吉。師友、南方喜事。兄弟、姊妹官入門。火、口舌燭。戊巳日，夢帝王太平安吉父，精神旺吉。師友宅安。兄弟，衣服攺易。內監田中事母，血氣安泰。女師。有喜事。庚辛日，夢天子命召父母，金銀財物。師怒，得財吉。兄弟吉祥。得財朋笑凶。姊妹針繡官府。兵家有喜事多事。壬癸日，夢君召水中得利。祖考、陰人事師友妻家多事兄，左手足病。官入門。大凶，弟右手足病。亥子日，夢皇帝冬時多事，祖得意，犬吉師生女貴兆。兄弟手足徤旺。官吏陰人生事父病痊，得喜友不祥。姊娣。親家喜事。寅卯日，夢帝王酒食父，肝經盛精氣旺。師友外吉事。兄弟，吉官吏不吉母血氣。女師有事。姊娣。他家事。巳午日，夢帝王蛇鼠怪異祖考、南方事。先生衣服得吉。兄弟罵大吉。官吏。大利。伯來吉朋至笑。不祥。甲酉日，夢皇帝虛驚得吉。祖考、墳墓吉，師得財。兄弟口眼官吏失財。父母死。吉友入户吉開合不常。太監肺經口舌爭不足，訟之兆。辰戌丑未。日，夢天子田土大吉。祖考、房屋事先生學成。兄弟、腹疾至。羣父母、師友兄弟官府。疾病。父哭。不利朋友田土事。姊娣財物出進。夫妻、妾嬖附子孫女壻媳婦附。眷戚族屬附鄰里。奴僕附。夫子眷鄰，妻孫戚里。春季夢竝坐大吉。繞膝，和順吉。妻親相喚，婦女相爭，相背作事凶。拜父。財祿得財憂，事至增吉。嫁娶未婚者夢。生男陞位吉。餽送紬段，對門相拜。之吉，旣婚者夢。媳入門大吉，紅色凶，主遷移，白色吉。之凶，男夢妻嫁。嫁女去。財耗。父黨尊長送酒食來他人者，身凶夢。贅壻入門招飮喜事，官訟凶至。再娶者，口舌，妻凶，𩹌爭訟。同行。曠野送飯，口舌居夢娶者得財。斑衣戲舞，憂散。送粥一碗。吉夢士老年增，妻再嫁壽子孫。母黨親同孝服凶。者失財茂盛，文防疾病；人利試臥，心事不寧。招飮，盡醉寡居者，夢之犬。啼哭。酒食至。送盒。婚姻大吉，吉。凶防，有人奪產。男化女孝服。送飯來。口舌送鮮花來娶妾，口舌不利。女變男得財相爭。得財，得貴子，吉。夫化爲妻，騎竹馬，名利送酒肉來哭。入門來。有口舌皆虚，凶官訟，伊家防奸謀，口舌有事。夫妻子孫眷戚鄰里。妻化爲夫，浴水盆中，自送酒肉。兒童相驅，大凶，病痊事吉。與親主憂訟，不事防明，凶。攺妻爲妾爭食。財散口舌凶，官訟。兒童嬉戲，失財。童子加冠，分錢財，凶，得酒食。以妾爲妻。名貴喜添。送衣來，得子來家汲水家口不寧凶。死，入報家得酒食，失脫凶財。相拜泣。主散凶分。送雙朶鮮，往彼取火，離，更有凶事。相坐讀書。花來士人得財吉聯捷。共行，失財家業平，人多物凶，盛吉利女人。相拜揖。主有。妻妾作揖，傾跌在地，孕貴遷移，子吉。作事反憂亊，口舌凶至凶。同飲至醉，送果口舌同臥。有酒食。女穿針遇憂事貴。送菜羮來，相罵詈。凶人扶病持吉。雙杯滿。送。得賢妻相助，吉。至児喫乳財遷移足。來借米，損壽。相對大笑。壽增大吉。舟中會飲，還債。遠信至。口舌溺水，大凶得財。借斗斛，得壽相對大哭。背負求謀有望。母黨親送借簮釵，不與酒食喜事。歌唱口舌凶。活物水族吉與吉，禽之凶。各分。籹物火燒髮，憂獸六畜凶。借裙襖。凶。夫妻子孫眷戚鄰里別離新落盆，大財路遇相揖，脫衣相打。女授男枕獨得吉吉凶。病至別離。頭生瘡，官訟。相對泣，有酒。揪髪揮拳。男授女鏡，不寧凶食，得人扶助吉。生子，生孫。赤脚相爭。父黨親携，執書爭論，相別而哭。試必爭先。手登山，大吉利。遷移出行。穿錦繡衣，出行之兆。歛財慶弔，執手相商。文名大震，財利。女親相訪，大吉。有憂，大長吉，防官訟疑事。同見官府簮花。妻頭戴帽，得酒食。送銀至增大利壽。上得貴得喜，百事。傷手足。有疾。送雉雞，士人。同看山水。成就病大利，大凶，大吉。簮花夫頭，大便得財講讀，文人大利。走上橋，作事。上名成利就大喜。立人頭上，平人不順口舌。之兆，大貴。送米至孝，吹彈口舌同浴事，遂服凶意病即痊。小便溼身，拍肩大笑。燒香拜神，得酒，官訟口不吉。口衣同，飲食吉，舌凶，酒舌。約同翫月，爭端禮佛。大吉共飮。茶分得子别。送筆來。大吉。夫妻子孫眷戚鄰里食殽饌，盡同送殯。得酒家道消食，吉亡之兆。夏季夢同行花下，懷抱得財吉。觀魚，得財解勸鬭毆。得喜吉。看盆魚，喜事。送時果得得福吉壽，又主和。食菓園林至同浴池中，合婚姻之事。家豐吉。浴荷池，遷，事業重移新門闌。送米粟來，相罵，哭泣吉，攺換增壽吉，大吉。得財吉。歌唱，口舌凶。脫衣相換。送酒殽來，赤身同坐。生男得財主有分婚姻諧離之事，得財吉。失脫。生女，口舌得錢，共分同席。吉。妻妾相爭，赤脚走，得失脫凶財。女人相嘲。失財，且有孝服。食乳疾病。送酒，與親憂事凶。共枕臥，大病。抛擲書本。疾病凶。兒童共食，至喪妻文書之兆，凶遠至。同臥一床，口舌凶。相跪拜，别離會聚飮食。憂事至凶。鄰童死，官訟。相扶出門，口舌，訟凶。裸身同晒，救鄰舍火，移失戸遷，脫且有。剃髪孝服凶曰中官陞，官訟，利進虚驚。官訟凶。踢毬遷移謀望，遇貴上吉。借薪炭。酒食。妻剪髮損壽。爭錢，憂事凶。同坐草中送醬。口舌夫妻子孫眷戚鄰里，喪夫之兆，大凶。脫衣露體，官訟疾病凶。乞醯得財吉。私奔。空房士子出身，大吉。送活鯉來，送手巾，圭憂。更防火燭賊盜。仆地不見。得財吉，疑不寧。失財，大凶之兆首，大凶之兆，急宜。設宴請客，相拜遷移。同浴。得子修省須大吉，得財防小口。鄰家生兒，相對笑，口之災舌。同步雲端，口舌相對哭，酒食。背負有貴人相。繞身。大吉士子。小兒啼哭相毆，得財扶吉進身求酒食財未遂。夫化爲妻，大笑。口舌送竹笋來，搬移同居，憂事至。不肯服藥，酒食財耗。滿髻簮花，官事費鑚營。妻送扇得財諸事門首立飲，夫發大難，產凶遂意失脫，財且得寵添丁。啼不休。憂事。寄頓家伙，送絲絹來，多災凶，官訟得壽。同鏡照面，手攀花得子相罵，酒食。折花相贈，和好，旺吉。執扇謀成事遂。交拳，得人得妻，或幇扶，產生貴。散髮同行。吉，吉子，大吉。必有大咎，宜祭。飮水井邊，雨中共傘，竝立大哭。祀解禳憂疑不謀，心稱得妻，寧凶遂，大吉得財。抱子授夫。羣兒嬉戲，同舟大風，見鄰人理夫妻子孫眷戚鄰里得大一門和酒食財，吉順悅豫，髮憂悶，不解謀望。食盡散去，之兆吉。同走馬虚不諧，凶驚。分離。兒坐蓮葉，疾病凶。戴孝入門坐懷，失脫上清貴顯達之兆。赤脚同行，主獲大財或添。各執一鏡生子必失脫，且丁口吉，非常人有追捕。照面，主分離家。相抱啼哭。逃亡之兆。持刀斬門，丁脫逃凶，損財凶。同拜神佛，官訟口舌失脫。相背立，作事。落井。驚恐吉，大不利，失財。反覆凶凶。同車得妻，大吉。糞塗門扇，共撲蜂蝶。蓬頭赤脚，饋生肉至，得財得喜諸事。名利不實。相爭不義之分離喪，稱心之財事凶。梳頭髮落，不宜輕取防招。送銅錢憂事。打罵。小兒尊長孝，禍害，凶服且陰。送珠子，有官訟，哭。人多疾病，難愈。童子戴冠，泣事凶。送鄰舍喪，棄子抱夫，吉送紅衣來。大吉。陰勝陽之兆凶。童子從人大凶。賀新娶，得財奪穿妻衣，腹中鑽出，送錦囊來借油。失脫不吉。重婚橫事相增壽，吉不祥加𡨚屈。鄰雞入户，見妻落上無伸，大凶之兆。送繡帶。得口舌，妻大凶。夫妻子孫眷戚，鄰里唇齒。翁姑孝服。童子頭生，得子几，皆吉。還衣，得財吉。或外父母有病，角士人奪魁元市。手招得財凶人改業興隆之。男女親，同兆入門。主有遠信。或牽連訟事至。秋季夢孀婦生產，懷雙胎子，作揖，吉汲井水，防盜。有憂疑喜事重，官訟口重吉。拜別。遷移。女人携幼舌不寧，凶。子死，失財哭酒食。入門口舌別夫再嫁。子跪孫立，大笑，官訟口舌。還簮得婚，大吉。陰人多士下，相奸，面和爭家長。揮拳。得人助力。兩相罵失脫。心怨更定無權防，失大不祥。送貂裘貴逅書來。生凶之兆：人吉，子必貞吉。簪花合𢀿，毆罵父祖，脫巾相換，討茶喫个離。口舌，凶入囹圄。遷移之兆，自拜妻，主受笞杖，分之兆老。共食肉，分離。送生肉口舌别，或逺年損壽，行凶。立飲，哭泣凶。借雨傘，防盜。手揪妻髮，歩梯成立家業。交杯相勸。借針線增壽急行，心事如麻。放風筝，有喜事，吉遠。借剪刀分離。疾病纒，信至身大凶。相罵，憂事口舌凶凶。奪枕家口不寧。落齒。失脫同舟出行，男女襍坐。夫妻子孫眷戚鄰里，與妻脫褲，挾弓矢，文酒食，憂事明至凶。疾病顯達，應至凶試聯捷。臥床說話。男女交盃，兩髮結連，大吉憂事凶，官訟息之兆。有他人牽連之。浴池水中，執書辨論。女人披髮，訟。門户疾病音信。文彫落之不寧，書至來不祥。兆端坐讀書，進門大哭。女人抱血，同席歡飲。大吉，得横財，吉。孩來陰人不明。口舌不寧，久不兒女雙拜，相抱喪妻事，或親失財人成𭂫。娠者將婚，姻諧得子。背立謀事結訟凶不諧。共食。失筯弄鼓𬫆口舌秉燭同行，走來坐床不吉。立雨中疾婚姻吉，上病大憂疑事且陰。罵夫。得酒食。捉蟋蟀，憂悶。同登高山，人多災凶。與夫書得至凶，諸事遂，喜意吉。月下相爭信言。鬥。秋蟲得財觀井，得財事多，反覆不諧。新衣授夫，天神送子，送白布，得財送鞋，遠行有獲。納妾之得貴人，兆吉力吉。親送活物，吉首戴珠冠，月下觀書失脫口舌家不。討鏡，分别不祥。哭泣凶，擇婚必寧之兆佳吉。鼓樂會飮。披蔴哭夫，食乳財至吉。送朱履。得他人憂壽事牽連。夫妻子孫眷戚鄰里，得大財吉。裸形奔走，父黨伯叔人口不安凶。同入一棺，大吉。送酒，生子得財。同舟出行，得横財，吉。弄泥丸。官之兆吉，疾病外訟染凶。妻失頭，有水。剃頭，憂事散吉。送一人頭同行，遇雪厄，凶。簮花，頭頂來士人試孝服，凶得捷平。相打，血沾。有喜事人獲，或酒食大財。送梯來，士人。衣得財吉。撒錢在地，送牛肉，失進歩吉脫。衣袂相連，破財。上門大罵，拉去看梅，孕子。禮神拜佛。官訟清吉。妻穿鳳鞋得陰人財物且。相打，落牙。同推車亨利。泥行，臨產喜從天，損人口，得女降吉，失財物。借斧，大吉有把。且防病至凶。脫衣晒臥，諸事阻持文人滯，不祥大貴庶。爲妻畫睂。日中士人出身。慶賀生誕，人興家。士子試平人事必利，市業更新。稱觴宴飲，新年賀拜，人得大吉，大吉、大吉，老喜、吉年者夢。同入寺燒小兒週歲婚禮，宴樂，之益壽。香無子，受戒之兆。雜陳書玩。口舌不祥。送麪來益壽。奉夫酒，喜至。令取作事不遂。送粉來，不祥。看妻朿繡。人口不圓之象。夫妻子孫眷戚鄰里得人扶持之兆。送餠食來。或作事酒食，至遇巧吉。冬季夢同燒香禮，飲酒，增福吉。同舟行水送冰來，得西神佛禮神凶拜。相打，血出吉，作事北方大成，謀爲財大吉。佛吉，破財遂大利之兆。見妻裸形，跪拜尊長，共立雪中，拳手相揮，臥機獨事家和事，大利，損人，凶敗露就，大吉之。携手相商。兆受憂人毒驚，恐打。疑不休，大凶。羣兒鬭草。憂事至，遇貴人，不吉，扶助吉。妻登梯，虚資財耗，驚費不吉。騎馬竝行，打失衣帽，共飲食。安吉。娶婦家慶有遠信，財耗散吉，南方來大凶。同浴。憂散事諧。女出嫁，破財。裸身同坐。送枕來，重婚。見生產得財新女，壻上疾病凶，不祥，大不祥。授夫枕，生離門得酒食，得好衣。披紅竝行。借刀去官訟。之兆，有意外雙親，俱大凶財吉亡之兆。寄頓錢帛，同臥地，官訟。抱子懷中，母黨親散。口舌不寧之兆。立至凶吉。萱有姻髪，同行堂送香防之事，吉。怒罵子孫，有恙，凶。牽衣看花凶，不利。相對大天疾病，酒食，大吉。與子共臥，圍爐共飮。主有憂疑事至。髻上雙鳳，和睦安諸事，吉寧吉且得妻。送柬帖來。夫妻子孫眷戚鄰里。釵成𩀱到老家豐。服藥，病宜祀神。脫鞋相贈，防官訟。足，大吉。行李出門，得壽吉。鄰女走入，夫妻共梳，人口耗散財帛。脫巾相贈，厨中遠信至，或洗門楣改，匱乏遷移，祖先求換，貴子之兆食宜祀。榮身之兆。臥牀凶。送書來，吉之吉文。妻執鏡照，登高仆地。人大利。鄰人走入，夫内助，有先吉後益，大吉凶之兆。送紬絹增壽臥房，但不宜急，宜禳，又娶妾解無妨。勸飲茶，重防失脫，婚或外鬼。執巾奉夫。迎新婦拜房，室内相求薦病更凶。得財大吉堂，家迫吉謀必成拜，分離不吉之兆。送筆墨，文書分授財物，埋兒土中。送出門，復分離，凶不吉來，憂疑不決之事。送藥餌得壽相爭，和合。升屋折梯，關心不。送珠串哭祥凶泣。共立。大水凶。父黨叔伯送小雞，口舌中得財吉。戴鬼臉嬉來，會恐有内變。送桃子得子同携燈進戲。大凶防，或外孝得女吉，痘疹夭至凶。房喜從外折來財自。兄弟相罵，男女相抱，外進，吉。坐盤盂中，訟凶，官訟凶。共坐，焚香大吉同，升屋有逃。送壺漿。喜至。夫妻子孫眷戚鄰里門庭清吉。打鞦韆，有亡之憂，災除吉虚。同衾共枕，驚不吉，事不實。拜佛，喜事至。禮貌相敬。𠮵和下，睦家道。奕棋不利小口。分錢爭嚷，官陞祿至，吉。豐足之亡失妻病，凶象吉之兆。冠帶整肅，相向哭泣。放竹爆吉同立大雨，婚姻事成吉。有危急，信至凶。臥星月下中，得財送粥湯來。夫穿妻衣，防有災，保禳吉。送竹一枝。有哭泣事，凶。災禍喪事至凶至。春分夢同坐吉，生子吉，相爭，酒食。相歌唱失脫。共飲吉。生女凶，共泣。洒食，借碗盞，官訟。秋分夢罵毆人口不寧。遶膝大凶同哭口舌。破財凶。同臥，憂事。共枕臥得壽吉。夏至夢生產，得大財吉。抱幼女求財同食果，得子取火家財耗凶。拜别。家破不得凶。冬至夢同登舟，疾翻弄文史，送茶婚姻成。共坐，食果行如飛不遷移，吉，吉。送書，遇貴實得妻，或得子財。恐有災至。啼哭財耗。送帕。主有亦可，喪服望吉。夫妻子孫眷戚鄰里。甲乙日，夢共鏡照面，女坐窻間，披髮同行，牽衣相商大吉。刺繡，人來，官文書吉求婚，捕捉之。分財帛，離或餽送，兆凶異，酒食吉。扯破衣袖。凶，兄弟分離凶。丙丁日，夢冠簮相加，背負有貴人扶。同騎馬上，粉碎巾帽男受官助吉，女受封，山事難成喪事凶。合門喜慶之兆。解衣保護，換帽分離。吉。戊巳日，夢男女理髮，共臥床凶。同席飲，洒燈燭，共坐，憂散喜得財，求謀有至吉望吉。送亐矢來，暗中同坐。得祿得病，至凶福吉。庚辛日，夢裸形同臥，墮河，大凶。送布疾病難痊。雲履相贈。日中女生貴子。男冠女髻，行李入門。士子登科，常人。男受榮，一門歡，有妻創業，大封大吉慶成立財，吉吉之兆。事業，大吉之兆。壬癸日，夢新衣授夫，赤脚行走，相跪拜，分離。同登高，虚驚。納寵吉得財。同床，分别同行水中。夫妻子孫眷戚鄰里。疾病傷夫凶。亥子日，夢夫奪妻髻，頭額破損，走看鄰妻自戴作事孝服官反常訟諸事。生產。口舌自招。内變外凶官訟𩁤，禍凶結凶。寅卯日，夢見妻髮，忽採花奉母，相罵有遠人相。白男孝服，添丁得訪，或陰人損財，大吉信至。壽大之兆不祥。相抱。貴人扶助。吉。巳午日，夢妻墮釵，夫分食，相爭脫冠。破家凶，喪子。━━━━━━━━━━━━━━━━━━━━━━━━━━━━━━━━━━━━━━━━━━━━━━━━━━━━━━━━━━━━━━━━━━卷之二十六━━━━━━━━━━━━━━━━━━━━━━━━━━━━━━━━━━━━━━━━━━━━━━━━━━━━━━━━━━━━━━━━━━,30483
卷之二十六,甘德圖,樓屋臺亭,樓屋臺亭,,32004
卷之二十六,甘德圖,樓屋臺亭,樓屋臺亭,春季夢見五鳳樓新造，大古高平方廣，圍圓聳峻。閣，大吉。房室珊頽，大吉，名人口和，振業興合之兆。獨坐高樓，人口散，財利失。壞一角，不吉。小而有致，吉。漏洞多大凶。草生吉吉人口興發。,32005
卷之二十六,甘德圖,樓屋臺亭,樓屋臺亭,夏季夢佛閣高大，堂屋破壞，高入雲霄，臨池吉生財。吉，大凶，主文人吉人，疾病，市人凶。彩畫奇巧，歩上高樓深邃吉，登上看晩，防有陰暗事來。梯，大吉。幽暗凶照。大吉侵擾。秋季夢登樓上望，風吹倒大凶，四面皆墻，斜仄欲倒。月妻孕，有訟至。垣不可瞭。不吉，傾廢家業。登譙樓，防小。屋無片瓦，望不吉，作之兆，事未遂。人算計，大凶。冬季夢三層樓新修造，舊屋半邊缺，不利。移動不祥有死。造，大吉，吉。圓如鏡。吉亡之兆。春分夢六經閣登堂屋關閉。臺四圍雕以綵絹，結臨涉獵。書事不達，大凶。欄曲折，大吉，亭不吉。史大吉仕宦夢之廳堂宏敞，所遇皆貴人作。亭以石磊，入詞林，進館閣。壯麗，大吉事，有倚靠，成吉主壽。士子夢之登雲。臺高入雲。梯歩月殿漢吉。秋分，夢佛閣金碧屋在水中，陷一角凶。雲氣繚繞，燦爛，大吉，不利。雨溼臺榭，覆于亭際。吉有吉，有貴，酒食人至。,32021
卷之二十六,甘德圖,樓屋臺亭,樓屋臺亭,夏至夢身在高樓屋舍，四面日光照耀。亭内有碑，歌唱撫掌，皆花木。吉主。臺上盆花文及扁額，或大笑凶人口繁，主夥子姓。盛開，大吉，有財。對聯題咏。家長衆多，在東南大吉，主喪服之兆，方來有貴人。樓傾倒，不吉。屋無墻垣。來臨，發財興家。主人死，少倚𠊓之兆，亡之兆不利。冬至夢樓上塑山屋在橋梁，花草滿砌。亭四角有水，人物画凶，無瘡癤着落之兆。鈴聲吉。樹木鳥獸屋破碎。大凶。不吉，事不成就。甲乙日，夢起造高樓，屋宇更新。臺有八角亭子，下有彩鏤花烏，生子得妻之兆，大吉。水急流，不文人登科，市人。被人扒坍，有一孔如斷大吉，主財利。發財，有大惡事至。井欄，吉。丙丁日，夢拆缷大樓屋，被火延。九重臺。登亭子，四面凶主死亡燒，財帛大進。最上一層𤫩瓏空洞，四角飛甍矮而溼，人防有不不吉，資不測之患，財不聚。俯瞰絶壑。伸越之兆，不吉。登臺竚足，之兆。大吉，爵祿特進。屋瓦生松，之外無餘火燒吉。,32073
卷之二十六,甘德圖,樓屋臺亭,樓屋臺亭,孤樓窄小甚多益財，吉地大凶，有不測之。士石中忽登臨不能，屋陷没土。殃須自謹愼修。有亭下有轉側作事不遂。中，但見屋省，可保無患。泉水流出，凶角微露。不大吉，吉。戊巳日，夢危樓上坐，屋上生草，白雲遮護。亭無四角，少幇助凶，主喪，不吉，主多憂凶亡、哭泣、喪事。及頂不利。欹仄，不吉。空無屏槅，上多土堆。亨達喪事凶之兆。庚辛日，夢彩画樓閣，室中無人，臺上萬花，以松柏作吉婚姻，凶，主成就遷移。攅簇。心事不寧亭大吉，主壽。壬癸日，夢水漂不利。屋下，水流一木支撐倒凶，吉，酒不利食。至亥子日，夢修整樓閣，屋基坍大凶。方闊，大利。精而小吉，大吉。寅卯日，夢碧瓦參差高大，風日登上嘯咏，在茂草中吉文人大利考。交貫其中。吉，不利。試常人大吉益資財。巳午日，夢人飮其上，屋被霹靂坍塌。领家敗業。亭造畝畝主口舌，未大吉文之兆，光顯燿中，大吉，宜于耕植。,32123
卷之二十六,甘德圖,樓屋臺亭,樓屋臺亭,申酉日，夢鐘樓上鳴，屋皆銅鐵石臺，吉，水環繞益財。鐘文人登科九流鑄成，大吉。四面百花大利，市人平平。相向。吉。辰戉丑未日。夢起造仕人高遷。屋在墳墓臺下有池亭。内臥不利。平人獲財吉，間吉主吉藏財。梁柱、門垣、梁柱、門垣。春季夢新杉大棟，壯固大吉，主國。金燦，見君之兆。城墻缺不吉。大吉，主老之兆，家中官爵疎漏。鐵柱。大吉。夏季夢朽腐在地斷，大凶家長危亡。高大吉，出貴人。高峻。不吉。人口損之，兆折不寧。秋季夢將松柏作合抱，大吉。破碎凶，半牖低圍，楝梁大吉，主壽。堅固吉。冬季夢雕梁有龍生出，芝菌朱色，大吉。危墻欲倒，鳳獸、馬等花草。主生子大。門扇兩樣。凶防人口損失。形大吉，主吉，不利，主大富，夫婦乖。折凶，主人張喪亡。春分夢兩木相接，點漆蟠龍，重門洞開，版築吉。梁柱、門垣。事有諧，大貴臨大士偶吉門之兆。秋分夢梁有燕巢綻裂凶。關閉不吉。土爲之吉。吉生子之兆。上大下小，有室無門，水激墻垣，椽大過于，似倒監者，凶，失妻，不利之兆。棟凶，尊卑凶，尊卑無分奴，無分父。門小不可。僕欺凌，子不和家，主之之兆，出入不吉，道不兆行運不亨。夏至夢斲木爲棟，有蟲蟻嚙。牕櫺疎豁，粉繪奇巧，大吉，文人科甲之大凶；小吉士子夢人陰中之益文。平人興侵損，思常人發家業之兆夢之家。業興。冬至夢正梁軟曲崩摧，大凶。半掩啾喞不明。籬垣斜曲，不利，家業不振。柱礎石如之事。臨水次吉。之兆盤大吉，主大貴日。照門。大貴。甲乙日，夢忽斷有聲，中空有人，一人門内檻下有水家長有災凶。鑽出。大吉撐立立，主奴僕逃走之流，流進則益財吉。有助兆出，退之兆，財凶。丙丁日，夢火焰附棟，屋柱甚多，荆扉外黃，墻上萱草，光照室内，不可數計。鸝相應。吉主茂吉，生財益壽。梁柱、門垣大吉，主吉助力，人事清，富貴，衆兆寧好友。蟲蛀。小人相扶助，侵害之兆。戊巳日，夢燕泥滿棟，屋無柱。不吉。門上桃符，瓦礫砌墻生財，大吉。炫燿。大吉，作事艱難。庚辛日夢持斧斫斷，一柱孤懸，重門深鎻，短垣𤫩瓏凶男子夢不吉之，肩重多孔，不吉，財難。短促。不吉，任女人夢之有。門上有銕。聚業未成之兆。孀居之憂，釘凶。壬癸日夢梁上珍寶，柱上生花，水湧入門，草生垣側，嵌成大吉士子文，大吉士財源進章日進，人文思益之兆。大吉日進，常人財帛。日增。亥子日夢繪畫奇巧，題寫詩句。門上金字粉墻，一帶吉，大吉。扁額，大利。院落深沉，截斷，凶必遭絕。柱下有水大吉。糧之吉厄。寅卯日夢巨木吉，雕刻山水。竹扉大吉。土墻，外飾，堂屋無棟，大吉。門有鳳字，不利。大凶，大吉。茅蓋垣吉。,32172
卷之二十六,甘德圖,梁柱門垣,梁柱門垣,巳午日夢新造上梁，石柱壯固，門户委曲，垣下青苔大吉興，主壽，吉隆旺相。點染。主利源。申酉日夢上有雲氣，兩木軿輳，户上有簾，垣有孔竇籠罩大吉主有主，貴姓相親。幕遮蔽。吉，圓者吉，方者凶。成家，或同夥作。門内有木屏，墻上画伴之兆，主清閑吉。獅子大吉。辰戌丑未日。夢梁画金勝華表，柱嵬新整高大，八字墻開，綵色炫燿峩聳。立大大吉，吉敞大吉。大吉士事業亨，子利試聲名振。常人進財帛。堦庭井竈堦庭井竈春季夢直而高阜，空曠吉，清深吉，修葺吉。大吉。幽雅吉。忽乾凶，坍頽凶。數級自下行上。石欄吉。者吉，不上者凶。陷下凶。夏季夢砌成大吉名利。荆莽，繁亂枯竭，大凶人口。突中烟出通事業就。不堪，行足散財帛，吉耗急宜。彎曲，吉凶，小人解禳阻碍可也。鍋破凶。堦庭井竈。秋季夢埇道堦兩，瀟灑潔淨，泛溢大吉，主發。敝壞凶。行樹大吉，吉，財興業。突中火起泥濘。不利作事。庭中積水。井傍有大大吉。遲滯清碧，利于士子，石不吉。渾濁，利于市人。井，上一笠子。大凶坑陷之兆。冬季夢下有流泉，庭中多古方闊吉。泥塗竈大吉。大吉，木不利。熱氣上騰，崎嶇不吉，廣吉，大吉。中多魚。吉。春分夢石甃齊整，隘窄心事不舒。枯竭，大凶。冷無烟火，大吉，寛暢吉，滿吉，不利。瓦礫多。不吉。秋分夢砌間多花，深遠吉，水涌出，大吉。釡中出魚草，吉生財。無烟突凶。坍缺。不利。夏至夢堦砌下蟲，花木滿蔭，蛟龍出井，砌竈完祀，蚓出不吉大利，主大吉，文有貴人，人奮起，神吉。曲折。吉，扶助平人獲財利。階庭井竈。冬至夢砌縫生苔，月照不吉，小人。見人鑿井。竈下水流。大吉侵損大利財，不吉至之兆。甲丙戊、庚、壬日。夢直長數里，雨過主有酒食。人投井凶。拆竈凶。大吉及蒙恩錫。乙、丁巳，辛癸日。夢平如砥吉，淨無一塵。雪入井中，彩畵目疾至祀。吉，病痊竈保之吉。子寅辰、午申戌日，夢。珍寶砌成，奇花滿庭，蓮花一朶，拆舊成新，大吉大吉。水面浮出。大吉。大吉。祀竈吉。丑亥酉未巳卯日，夢。沙泥。築不利空吉月映，大吉坍凶。,32309
卷之二十六,甘德圖,木葉花果,木葉花果,,32436
卷之二十六,甘德圖,木葉花果,木葉花果,春季夢松茂而靑，凋落凶。牡丹盛開。桃子大如大吉，主壽。茂密大吉不吉，少主家收成。斗大吉，主老人壽。竹密筍生。事豐隆。山茶花紅，生好子。主子孫大吉。蟲蝕小人大吉侵害。胡桃。大吉人口。梧桐樹上大凶。梅花不吉相合，幽隱之兆。鳯來栖，主貴。人摘去，不吉，不亨之兆。人送棗來。文人大利。柳絮不得不吉，受安逸人制縛。,32437
卷之二十六,甘德圖,木葉花果,木葉花果,夏季夢柏樹蒼翠，柳葉如拖鸎粟。花吉。蓮實大，吉不彫大吉人有。線，靑黃可鳳仙。花紅。杏子不吉，生子。凌霄之志，女子愛，大吉家業興發白。碧色，點痴騃不聰慧。夢之不祥恐有貝。葉如扇，染數般大吉。瓜子。不吉，孤獨。喪夫凶，有棄有佳人，刑妻尅之，憂家之念，天緣巧子之兆。銀杏大而出世遇之兆，之想子姓繁。榧子凶小人侵。高，蔭覆數葉上。秋蟲多之美，害之象。畝大吉，鳴不吉，生涯淡泊。桃花，生女之兆。人送藕來。槐樹内有葉，被風吹，大吉，作事諧和。蟻穴大吉，主家。亂舞。飄蕩，且得不寧美姻。庭，彝倫之，象之美。秋季夢老檜如龍，入桑林採葵花，大吉赤心。人送李子形大吉，主清高。又。葉飼蠶。吉之光少來，不吉，主有疾。主壽凶多，尅剝衆多。萱花盛，爲橘子吉。椿樗高大，之兆。人採去，凶主。食柿子。吉利。大吉，主父母壽。荷葉如蓋，有北堂之憂，于貨殖之輩。竹林深茂，大吉，主得好人。桂花盛開，食荔枝。大吉。大利覆庇。月色照耀。竹葉落下，大吉，士子利試。木葉花實成个字。大吉。冬季夢松柏凋死，木葉盡落。蓮花滿池，食櫻桃，大吉。不吉，主不吉尊長喪。香風襲。人送西瓜來。亡之憂。竹葉滿空，大吉，有吉，君子之。荆棘中走飛，大吉，交道義相勉。食甘蔗。大吉。凶，作事坎坷不。蘭葉植盆，花落如雨，晚景，安逸之象。得遂志中吉，吉。食橙子。不利。枯楊樹上蒲葉如劒，落花水中，生嫩枝，老出水吉，隨流而去。年復娶，大吉運少妻通之兆。春分夢連理枝大吉滿地苔錢，園中百花，荔枝滿盤。有好吉士人姻至，夢之大。爭放，主財大吉利茂。樹上有鵲，利靑錢盛，又主中選八心事多。食水梨吉巢吉家業座三台，端頭緒，成就之兆不一。食蓮子。大吉。樹在山間，芭蕉葉吉。春遊菜花主連連得子之。或山頂，大吉。人送茶葉滿地，黃如兆。樹被風吹來，大吉，作事一定。金色。大吉仕宦。人送芡實倒不吉，有不移，無主爵祿，人訕謗，攺易之，陞遷常來不吉，凡事虚假。之兆，象人田園，不就增置。樹葉花果。秋分夢松根下生蓮葉，上綴梨花，在雨食龍眼。大吉。出茯苓，如露如珠，不吉。中開，不吉，零落。食菱吉，拳如盎。大作事聚悲傷，吉散無常之兆。人送枇杷，主壽倏忽無定之兆。人携菊花來。不利謀事難成。竹木覆屋，葉積地上，至吉，清逸之兆之兆求。大吉，主得貴人。如裀。大吉，功名者，主富，不宜夢。手摘葡萄，蔭庇。葉在空中。此將有凶，動作東籬之艱辛之。竹木生屋，飛舞不下。隱三徑，兆之樂。中枝𠏉從不吉，飄泊不寧。芙蓉花映屋瓦透出之兆。水，大開吉。大吉，出人頭地。之兆。夏至夢門外古木荷葉飛空，頭戴茉莉，食糖毬大吉。叅天，大吉大吉，兄得貴，弟同芳。花太吉，所遇有管。送佛手柑。人覆庇之兆，鮑之交之兆，來大吉，有金手扶。城上樹木，紅葉題詩。雞冠花滿持貴福人助力。茂密，不吉，有冦。御溝流出庭盛開，大之兆，吉。盜之警，大吉，作士子早事有巧朝市人。啖桃子。得子疎竹吉合之緣，興敗得，大吉利息。木葉花實。冬至夢兩人以鋸栢葉在牕，採玫瑰花，食松子。大吉。截樹不吉。牖間，人取大吉，主富貴。石榴子。不利。松樹生腹食之，或自折梅貯瓶防口舌之憂。上大吉，公侯之兆。食之吉，中吉。啖楊梅吉。几席間盆採薇蕨，食夜合花，大吉。剖萍實食中小樹靑之凶，士有飢荒，之之，大吉。葱可愛。吉兆。食茨菰，不利。甲丙戊、庚、壬日。夢人送竹來。蘭葉植盆。玉簮花大吉。買橄欖、吉。吉主清節之人，中大吉，當有好友。木樨花，大吉。人送杏仁爲交友相遇。戴榴花吉。來當遇兩痴子。乙、丁巳，辛癸日。夢松根出土，溪澤中浮荷花盛開，送荸薺來。中人掘取萍滿水面，大吉，吉。之大吉，主財源盛大吉。以蓮花辦食柰子。不吉。梧桐樹風盛酒飮，大吉。吹搖動。不吉。子寅辰、午申戌日，夢。楓樹上生稻麥葉千紅菊花植。啖蘋果吉。菌子吉。頃如雲。大吉。盆中吉。丑亥酉未巳卯日，夢。杉樹在石秃木無葉，花墮井中，百果枯落，孔出大吉不利，少，不吉，大凶幇助。,32465
卷之二十六,甘德圖,木葉花果,木葉花果,,32695
卷之二十六,甘德圖,舟車書筆,舟車書筆,,32696
卷之二十六,甘德圖,舟車書筆,舟車書筆,春季夢遠行大吉。升上吉，人與士人進步手舉，大書臥内。凶，大吉吉。夏秊夢掛帆吉，爲人御吉滿，几吉。染硃，文名盛大。浪打作事無定。輪折，孝服動大。風翻吉，吉。凶凶。裝帙，吉，人取去婚姻牵輓。艱辛不就凶之兆。秋季，夢飛行大吉。乘不行謀事。月下觀覽竊得吉。行淺灘。事不就凶，有好姻，有綠吉。冬季夢夜行有不明事。駕馬遇貴且有。與人不吉。頴秃破耗陰人。至凶，酒食吉，有災凶。春分夢造龍船大吉。遠行，無一人送音信，生花，士子文章。渡江風順，伴訟至凶至，洒食吉，大進市人財利。大吉。過橋婚姻大獲，且就生秀異。之男。秋分夢乘坐翫月輪破壞，主兄。與人分事不。管拆裂。凶。佳人有弟分柝諧，凶緣吉不和凶。,32697
卷之二十六,甘德圖,舟車書筆,舟車書筆,夏至夢女人同行入朝，遇貴人大。附至大吉。人送來，酒食。吉吉之兆。至病人臥内，入門有遠客來。大凶，訪吉。冬至夢兩舟相觸，自執轡吉，捧入朝，文名手弄謀望難成。有貴人提挈。行軍陣。主大振吉凶，憂，或有貴。疑不人寄，寧凶信至。甲乙日，夢新赴水，婚得乗坐新車封固，有憂疑，凶。人來賣。大吉。妻財得貴子大志。丙丁日，夢陸地上行，火焚，住居不寧。投火中，家業尖頴生花。諸事艱凶，廢墜之大利，難遇訟兆，不吉文人。必屈大凶。戊巳日，夢掛帆吉，陷沙土，婚解。聞讀誦聲，人借去。謀無。盟事阻名虚利成凶滯，大凶不實凶。庚辛日，夢新造吉，乘白車，有喪。見人讀，有文。有管無頴。事凶，書口大凶，舌凶。壬癸曰，夢行泥中疾病。載物，胸膈病至。無文字吉，手弄得美妻，吉。不痊凶凶。墨塗倒凶。秃而不尖，沉水中，爭訟破損不吉。大字如盆。作事少利，凶兆。凶。行坦道。大吉，楪吉。,32753
卷之二十六,甘德圖,舟車書筆,舟車書筆,亥子日，夢泛江湖，遠乘坐不行，破壞，官訟凶。手執落地行。大吉凶凶。寅卯日，夢泛大江，得財行大路吉，人授書與人送筆來吉。我。得壽，有遠吉信至。已午日，夢夜行凶，駟馬駕遇貴。投火中。士人。枯無頴利不。大吉，利試平獲且有人得財憂事凶。申酉日，夢過關津，被裝金帛遠雕刻書籍，大揮口舌至凶。人盤訐破耗行，得財吉，疾病凶。凶。自壞喪妻凶。辰戌丑未日。夢空舟横渡，埋泥污中，盈架，人索不與。喪子凶，病發訟，得壽吉至凶。,32817
卷之二十六,甘德圖,刀硯鏡釵,刀硯鏡釵,刀硯、鏡釵春季夢舞刀吉，現古硯吉，明亮吉。成雙，吉。磨礪吉學問進。鑿而未成，缺半邊。大凶折，大凶，死亡之憂。益功名，作事遲，妻喪成就滯之兆。夏季，夢磨出鋒利，破碎凶。人與生貴子或珠寶，閃爍有光。吉，娶美妻吉，有盛筵會吉。刀硯、鏡釵洗滌災去喜增。塵垢，蒙昧大吉凶。秋季夢佩掛在身，磨墨如雲，古鏡明如兩段。夫婦分離。防盗失，大吉，作月諸事大凶，大凶事成，大吉。穿，士人大利登科。之兆，平人作事。成就大吉。冬季，夢人與己刀，墨溼，生意大吉。自照見形，戴在首生子。財帛，進酒食，至吉益之兆。磨不快。凶。春分夢手執剪刀，人借硯去，兩分喪妻。與人，各分主分離破財，凶，大凶。絹帛作袋一股大凶。失劒。孝服官訟。以硯赴火掩之，不吉，事不。長大異形，大凶。中焚。大凶發揚，不吉作事。執斧大吉，廢而不諸，事就緒。無光，大凶。孿曲不堪。有把柄，有執持，戴凶。秋分夢執刀傷人，墮地作兩懸掛壁間，分開家財暗損。大吉段凶日。照光影，大凶。剪折股凶。圓如環。吉，閃爍大吉。鐵釵吉。刀硯、鏡釵。夏至夢得斧鉞，大吉。磨硃，家事豐隆。磨刮無光，簇花成對，失柄。大凶大吉，名利不生子𩀱成，凶孕之兆。冬至夢女子持刀沉大水中，兩面俱有，女子滿頭傷夫。大凶，諸事不利，凶光大吉。揷釵甚多，人與銳刀，敲之有聲，半光半黯。不吉，事不歸一。得大財，大吉士，不士子名揚。甲乙日，夢以刀刈禾，手執硯行籹前，明亮墜地。凶。得大財，謀事得賢妻，獲大利，得就大吉。丙丁日，夢鑄造求謀未遂。落地下，事多。黑暗，孝服凶。藏匣中難產。凶更攺凶。磨亮。吉凶。戊巳日，夢入火鍜鍊，以匣藏之，出土中，得子奪入手中。大吉，不利。得財吉，大吉。庚辛日，夢斫去兩段，刻有文宇，紐上龜形，釵鈿甚多。凶，作事志大吉，男夢重，不遂婚女夢。再嫁。壬癸日，夢鈍，作事不遂半生，兩硯對合護心胷，病痊。各分一股。偃蹇事諧婚，憂解吉事多不就，大吉諧凶。亥子日，夢持兩把財大。掛壁間，事不。小而亮吉有。重裝飾。吉。獲吉，通道不財，進益用凶。刀硯、鏡釵。寅卯日，夢挿土中，大吉。人送硯來，兩人互照，落地不損。大吉。進得酒食，凶化吉，才思大吉。巳午日，夢斫傷自身，人奪硯去，分破大凶，妻喪。斷折。大凶。父母喪，財散口，或兄弟服凶舌凶，分離。申酉日，夢鞘中難出，刻成龍鳳，光芒照耀。男子戴頭凶。山水形大大吉，吉上凶。辰戌日丑未。夢藏衣服內，墮地碎喪子埋土中。名利路途拾取疾病凶，凶難成，西吉南方吉。耜網亐矢。春季夢鋤地財大發言。獲大鯉，主得。變射。吉中人，首應試。意外大奪元市財，吉人得利。夏季夢以鋤與人，張設溪澤，弦斷傷妻大凶，折，兄弟損傷。失利，凶中。大吉。秋季夢柄折，凶。收起憂事至凶。人授弓，酒食。大將賜三。至吉，矢吉。冬季夢新出硎，長壽。身入網中，張開發矢，求矢不得，大吉大凶官大吉，主訟不休人應試。惟弓在手，折齒。大凶大凶，夫妻拆散。,32846
卷之二十六,甘德圖,耜網弓矢,耜網弓矢,春分夢斷壞家破妻災。穿破魚漏，折兄弟參商。曲如鈎。大凶。大凶財耗，主有不散凶明之事。秋分夢以鋤與人，晒日中，酒食。强不可變頭，無鏃不吉。訟，至凶，宴樂吉，不利。作遲鈍事，不能無利。勝任。夏至夢人持鋤來，捕捉魚鼈，丈二大弓矢無羽，不利。貴人助口舌，至吉力吉，小口多。災凶。冬至夢斲鋤柄，大吉。結網大吉。送弓來，大吉。一矢兩鏃，網眼稀。不大凶，作利，事無成。甲乙日，夢手持兩把𭣣網無魚，弓掛山頭，矢幹破裂，遷移口，壽數短大，吉名大凶，舌或爭促凶振揚。毆凶四撒大凶，直不利。兩段。不吉。丙丁日，夢人與無柄日晒風捲，反張大凶。挿地上，不利。者，婚不疾病，纒成凶身凶。兩手持數横放一矢，斷紐凶碎成片片，亐而無矢在地上。大吉。折大凶，官訟散，不吉。大王字大，吉凶之兆氣兆。戊巳日，夢有柄無耜，江中設網，以錦作弓，手持百矢，憂事口大吉，舌至凶，囊吉吉。耜網亐矢。庚辛日，夢人奪去，失脫。破碎牽亂，斲木爲弓，空中飛矢，多災，大凶之兆。無綱領。不得貴子，大吉，吉啇獲利。壬癸日，夢投水中，凶作。張大海，大吉。寸寸斷大凶。中飛烏。大吉。事不成，諸事通，有遠達得子音至。亥子日，夢耜抛在野，兩人縴網，臨陣虜奪，連中三矢。傷妻喪，不吉，他子凶，人有事去，子嗣絕，大吉科，家道消甲之兆。勾連之大凶之三，塲得兆兆意無疑。寅卯日，夢鋤土種桂，網中巨魚亐埋土中，鴨脚箭在大吉，得子且美。躍上天大不吉，如吉，遇亂世。手中。吉。之兆奮起，夢之將之兆承平矣。巳午日，夢鋤園圃財至。山林中，有弓被火燒，矢投水中，喜𣸸吉網，凶有大吉武大吉，發惡事，士立功矢如流。以金銀鑄網掛樹杪，塞外乃無往，不高烏盡利。鋤主家業不吉人，狡兎死，永久大，無際遇，敵國破。吉之意。申酉日，夢得新鋤，大吉。身入網中，女人奪亐，箭入錢孔，增產之兆。一人割網。人口多大吉，中病凶選之兆。大吉逢凶化吉。辰戍丑未日。夢鋤野酒食冇財。網亂，不利。有兩弦不吉折大凶。耜網、弓矢、頭齒、手足、頭齒、手足。春季夢梳篦災散福生。落後，更生中指出血，啗污泥中。大吉壽而失財，大凶之兆得子。夏季夢生一角士人。門，牙落孝服。血滿，右手傷出血不宜。聯登平凶得大財，人發福，大吉出行防失脫。上吉之兆。出獠牙，大吉。多生一指，脚底生毛。有威服，有意外發財，衆之兆之，喜吉，大吉。秋季夢披髪入市，自落無血，生甲吉，得貴人。生痣。遷移吉。得財，父母力，大吉，死亡。冬季夢髮落主尊長喪。縫中出血，大指折，孝服。一足跛，出行服失防，失脫動之兆，財凶。春分夢頂生一目，滿口俱落，刀傷，兄弟有碍。左折外孝大吉，人離財散，大凶。右傷。妻喪。秋分夢頂出血得財落，主傷家子凶。出毛，不吉。右足損傷。吉，不宜遠行凶。夏至夢眉與髮齊，更生有酒食，吉。生癰疽得酒流血，喜事吉。多憂食吉悶凶。狼啖脚。大凶。人來換頭，諸事不成。,33008
卷之二十六,甘德圖,頭齒手足,頭齒手足,士人利試，大吉。冬至夢沐髮婚姻就諸。更生口舌官訟。生毛官訟至凶跛疾病。事吉凶。甲乙日夢生虱。灾至大凶。上唇齒落，被人砍去，生毛，官非口舌。破兩半，主鬼求食分。一手傷人凶口凶。離，大凶。掌生眼。利應。試，亦利商賈吉。丙丁日，夢髮生花，吉，出血破財凶。火燒，右手生瘡。疾病凶。文人，大利，吉。戊巳日，夢無耳兄弟喪亡。自折，陰人有悔。捧水酒食吉。穿繡鞋，得妻。凶，凶。庚辛日，夢裂縫或落，被人打落，合掌諸事和諧。赤脚，行孝服。大凶骨疾病大吉凶，下肉凋零至凶。離間無指。大凶。壬癸日，夢腫大遭枷杻之再生得妻。指天日得貴。洗濯得壽且有。刑財亦子，或爵喜，事破大凶，祿至官吉。忽破。吉，顯大吉。亥子日，夢髮赤酒食得新。長出口唇，杻械有官職大截落一指衣大吉，外大吉，吉，不利。頭、齒足。寅卯日，夢一人兩首嚙物，墮落，十指無甲，爪太長，得壽陰人有災，口舌因財得傷，妻喪添丁吉，禍凶子凶。凶。蟲蝕，大凶。多一足。不吉。己午日，夢割去耳孝服。露唇，外主遷。指生甲長，右足刖去。官訟凶，移尺有口，官訟不舌凶，明凶。申西日，夢梳洗生子得壽。女人齒落，兩手相連，出血，失財凶。大吉，傷夫凶，凶。辰戌日丑未。夢生瘡。失財多憂。童子生齒，兩手各少腫，不堪歩，大凶。多壽言。一指大凶，官訟，遭事不刑凶。十全。馬、牛、犬豕馬、牛、犬豕。春季夢大嘶草地，上山坡，大吉。咬主人，門内。化爲人形。官祿重，官位至，人走失凶。重至吉，財祿豐，大凶。夏季夢䭾財物行水，牛入門相咬。官訟不寧自死凶。野失脫凶敗，家失財，大凶。秋季夢飛行平地，生犢得壽吉。生小狗、陰人。猪入門。官事。遇貴有病鬼凶，大吉求食。冬季夢乘驄，月夜騎牛背，吹，羣犬登竈，豕死泥中。馬、牛、犬、豕行，有好姻緣，生貴笛，大吉，生貴子，上宅神，不憂事安，口舌至凶。女吉。春分夢馬去鞍，大凶。牛入房，夫妻犬變人，妻產。豕無首。大凶。男喪，妻别離，子危凶，女尅夫，孫損折。秋分夢走馬如飛，牛觝人，失財。食犬肉，官訟。豕入宅。有外。遇貴得凶凶財吉財吉。夏至夢馬咬人，大吉。牛入兵陣，呼犬主酒食。豕作隊行，有祿位，財利至中謀事費失脫不力，不利寧人口。災害凶。冬至，夢馬入室中，解牛索，訟解。犬咬衣，祖先。豕相咬，凶。尊長不病痊，吉寧更防。盜失凶。甲乙日，夢馬在田，得人。牛吼樹下，犬吠逐人，豕入園林。𦔳力應試，得凶遷移，亦意吉得酒食。丙丁日，夢馬鬥，家丁不寧。牛上山，遷移。犬化人，防小。豕無首。孝服。凶得祿吉人謀害，失財凶，大凶。戊巳日，夢馬成羣，主遠。牛無角，家主咬人，出血飼食。口舌紛爭。行吉損壽凶，鬼求食或得意。馬倒地，大凶。牛二尾，失外小財。馬、牛、犬、豕。庚辛日，夢乘金鞍，白宰牛，血流，殺犬損人丁凶。殺猪疾病陰人。馬大吉，文得大有悔，凶人科名財吉。之兆。壬癸日，夢馬蹄傷人，牛齕草，疾病。犬上床，大凶。豕入房户。財暗口舌凶，防火燭耗凶之災。亥子日，夢馬折足，事不。牛披錦繡，犬上屋宇，豕飛上天，成家長多災凶。行野。入試婚不諧，水大發，大利，主不善，傷禾凶。交易，終，凶，事成。寅卯日，夢快馬揚鞭，牛角有刀，野犬入門，豕上竈。宅神。試得意試得元，防盜至，見外祖，生意茂大吉先乏祀。巳午日，夢馬生角，人來。牛入火坑，犬自死，失財。豕臥日中，爭產爭得財吉，家不得衣食財，諸事興凶。不利凶。申酉日，夢牝牡交。得酒女人騎牛、犬咬門户，豕狂走，咬食，有財，至吉。入門。不宜失脫凶，遠行人，大凶，人丁損失。馬金籠頭，失財凶。犬食芝草，猪死更生，身披文繡，大吉，不吉，主壽。大吉。辰戌丑未日。夢。馬食芻，財至。牛入水中，犬二尾，尊長。豕入井中，大吉。酒食吉，喪服凶，財利吉。馬、牛、犬、豕、麟、虎、獅象、麟虎、獅象。春季夢初生，君聖臣賢。渡河去，險中毛五色光當門立，得財之兆，得安，大吉之兆彩，大吉大吉。在野文明之象。踞山嵎，官掌。夷人抱懷狂走。大吉。士子夢兵權興，生貴之吉，家大富，子吉叫吉。夏季，夢入園林，諸事入網病危訟至。叫吼，大吉。䭾物至，吉。未得凶稱心。脫牙不利。化爲牛，孝服。出林試得利財。滚毬大發財，吉。行市中。遠行失脫大大獲阻不祥。秋季，夢望月孕生貴子。咬人，虚驚。跳舞遠信至，吉。䭾物，行山士必聯捷，大吉。傷人。財至作事，吉難成凶。冬季，夢口吐光炫，騎虎行，作事。入宅中，得貴。人坐背上，人目文名難成，官人助吉。家丁安大顯，訟凶寧吉。家庭發福之兆。無尾。大凶。春分夢死，家破人離之兆。小虎食乳，兩相戲姻緣臥疾，病不痊凶。士人求得子發成年壽名終身貴吉增吉鬥大吉。無望凶。嘯松林中，飲水。孝服哭泣。一角。大吉財祿凶，增吉。,33159
卷之二十六,甘德圖,麟虎獅象,麟虎獅象,秋分，夢在火中，身榮。獵人逐之，走曠野，憂事。與牛負物貴家興，不吉官至，凶旺吉訟至。同行，遇貴吉。墮水池。失財，陷深穽中，出角失脫，大凶。官訟凶，身命不保凶。夏至夢隨人行走，忽變豹，指日吼文人大利。走入火中，得祿得登魁，大官訟疾夀吉，發吉病凶。身上無毛，人持刀殺。孝服凶之，口舌不寧。冬至夢牛化成麟，中箭陰小謀害。灰色無光，入宅中。火盗。士人出之兆，凶憂事虛驚，宜身大利，至凶祀祖先。牛身麟首，鬥曠野，諸事棲止樹木，女人騎坐。將來變化之兆，暢懐得酒食吉，大吉，陰人大病至。甲乙日，夢首一角防火。死，在林中，懸掛畫梁，負米行。遠行盜，大凶，妻死官陞，大吉，不吉，遷吉。丙丁日，夢進大門，福增。坐茂林中，入床帳内。昔負重物，祿至康泰之大吉兆吉，遠方貴，入相招行諸事稱心吉。身披文彩，變豹官位高陞。穿林，事多阻滯。灰色無牙。士子入官訟，憂試，大利，疑凶。戊巳日，夢行泥途，蹇滯。人伏其下，大火中，露行水中。得酒麟、虎、獅象、不吉，威震名高之兆形。出身進食，吉步大利。士人。庚辛日，夢羣獸圍繞，獵戸執戈，白身無光，鳴大吉。小人道長，凶。追逐凶喪之兆，焰憂事至。人與刷，身飛上天，文明白額開吻，夷人騎來。脫白挂綠之兆。之兆，尊長死，大吉；亡之兆，犬利遠吉方財至。壬癸日，夢升屋頂，防火。變牛官訟大凶。咬人得貴子，吉。落牙，子孫損折。災凶凶。亥子日，夢行水中，失名。走枯林中，戲弄小獅，化牛喪服大凶。失位不疾病凶，婚姻祥成吉。騰雲去，名失。坐高岡上，變石獅，諸事財散凶謀，望可不諧，凶成吉。口吐火光燭天。財增名顯。寅卯日，夢在大火中，負子過河，兩相戲婚姻坐，佛前家庭。現形。文人子貴，家諧士吉，寜泰名揚亨，大吉之兆。姓顯，大吉。巳午日，夢人哀哭之，生三子家，撮戲跳舞，立帝王宮道不通吉，諸事不行，大凶成大凶。殿前。官高祿厚。麟、虎、獅象乳虎食母，之兆，大吉。大凶。申酉日，夢生翼飛舞，落地窖中，吼吉，自死失財凶。利遠訟，凶行人。人飼食，得財身掛錦繡，化龍去，文名身帶火箭。珠玉。得財得子。之兆大禍立，大吉至凶。辰戌日丑未。夢走月下，孕得落爪蒂。子孫。佛坐身上，走泥途中，貴子絕，大囚，大吉，淹蹇，大大吉，不利。迎風大嘯，水上行不吉。藏牙地中。聲振名，財祿豐揚，主有足大吉。威權之兆尤利。武人吉。,33448
卷之二十六,甘德圖,鳳鸞鶴雁,鳳鸞鶴雁,,33572
卷之二十六,甘德圖,鳳鸞鶴雁,鳳鸞鶴雁,春季夢舞入朝，見君之象。銜書入户，立高松求名。作陣飛，遇貴。士人試，大喜至成，求利必捷，平上吉，遂大吉，食祿吉。人家豐吉。雙飛山頂，飛鳴在天，銜蘆飛，外財垂翅不吉陞官試必魁。犬獲吉，喪失大吉，元得子。之兆。立水邊失大吉財。孤鳴。喪子凶。,33573
卷之二十六,甘德圖,鳳鸞鶴雁,鳳鸞鶴雁,夏季夢鳴文名大振財大。鸞飛去，不吉。雙舞庭中，失羣大凶兄弟。發古防失脫，得美妻死亡，飛入雲中，在五色雲大吉之兆。孤飛遷移無定。功名吉，利未遂。中，舞文名振世。藏深林中，事不稱心，凶。大吉，疾病凶。秋季，夢鳳立梧桐，飛入深林，折足謀望不利。向南飛。得喜。此貴入接引門中，官訟凶，兄弟有，有酒食災，或妻吉。攺換之，生雛大吉，病凶兆。鶴宿不飛，宿蘆花中；鳳落枯林，不行不舞，有人餽中喪事，送食物，至夏至凶。冬季，夢鳳雙飛，姻事鸞孤飛，家消。頂白主財帛進。排空，謀事無成。成吉人散凶益凶。鳳入門戸，鸞鳴聲和，飲啄大吉。帶箭大吉秋試。有遠信士，文名至，貴人當大振。避烟霧，仕登科之宦兆。招引之兆，大吉。仙子跨鸞有山林之志士。入雲中，吉羽折人口分離。飛雲外。作子應試，事不吉商。損壽凶虚，而人求利，不實未遂。春分，夢食竹實，大靑鸞銜書凌空大吉。爭鳴，兄弟口舌。進得貴壽增信，子吉至吉。立大雨中，之端不利。銜詔書至。官訟憂事凶。,33592
卷之二十六,甘德圖,鳳鸞鶴雁,鳳鸞鶴雁,大吉承恩之兆。秋分夢鳳凰交大吉。羽折隊地，一鶴獨鳴，食穀野田，生貴子，訟，受刑妻喪凶之兆，人丁損中得財吉。跨鳳雲中。鶴食池魚。文名根子貴家，海内女亨吉。人夢之招貴姻。夏至，夢在大火中舞天際，貴人。立松上，迎雁入門，遠客。貴顯通扶助，吉達之兆。風舞官位，相訪高遷。鳳死，財耗人亡。帶箭落地，吉，雁字書空。凶家長命危凶，作事成敗不常。冬至，夢栖梧老人得壽口。吐光焰，獨立曠野，雁立沙中。少年文明之家口伶不祥淹蹇兆，大吉仃凶。甲乙日，夢百鳥朝覲君。銜書文人大利。化鷺，奪爵喪身。鳴聲哀，不吉。入任之老人，大凶兆，大吉益壽。宿蘆葦中。鳳毛脫落，舞白雲中，栖高松大得酒食貴。破家凶，大吉吉。北歸。哭泣不祥。丙丁日，夢鳳毛五彩，栖止山林，空中白鶴飛鳴，宜求名得。士人入退遜休，士人登財吉，詞林之致之兆科老人。兆大吉。仙女乗鸞得壽大吉。孤鳴。喪事至。鳳鸞、鶴、雁九尾大吉，福壽駢臻，大吉。入籠中。不吉。戊巳日，夢生雛，大吉，生貴。朱色如火，頂出血，得財𩀱雁飛夫婦。子之兆，大吉大吉，和美吉穴在大山，入網不利。逐飛燕遠行入雲中唳。成家不利，兄弟死，大吉亡之兆。庚辛日，夢丹鳳如彩繩繫足，事多。在水邊行，生雛，小口不寧。霞大吉，阻滯得酒食凶。鳳鳴高處，在樊籠中，孤立無侶，入屋不吉。陞官授身心不妻喪，凶職吉平寧急宜。繞舍鳴。有死。人財利遷移，可亡之憂，大進免咎。壬癸日，夢鳳折足，子孫。銜信來，有喜。孤立雪中，人送雙雁。伶仃不事，至有孝得妻進振之兆，服凶財吉。亥子日，夢迷烟霧中，自欲上天，一鶴橫空，食雁肉，口舌不吉，文人淹滯。捉矕。作事陞官陰人疾，虚花大吉病至。家不無益發達凶。寅卯日，夢入雞羣，下人。忽飛去，泆財。鶴舞碧霄，手擒一雁謀主官訟口舌。數百，鸞滿中名顯身得妾，榮之兆之。天舞，婚姻大吉諧好。高飛天際。諸事亨子宜出通，大吉，贅吉。,33652
卷之二十六,甘德圖,鳳鸞鶴雁,鳳鸞鶴雁,巳午日，夢向日鳴得貴月。下舞，得妻。逐人行，財不入籠中，官訟。子大吉大吉，求自至。覊身之兆，大吉大凶。銜芝草，入折羽。大凶。鵝與雁同門家長得壽吉。食魚。得財食小人，陰謀口舌。申酉日，夢入茂竹林，王母乗跨騎鶴，行市，浴水中，得新中玉堂、青𤨏之兆。入天門，身將中諸事衣吉，不利。大吉大貴，家日亨吉。人餽熟雁官訟凶。辰戌丑末日。夢飛入户内，在深草中雙舞，月明，帶箭飛疾病。疾病至憂，事至大凶，大凶中得妻，得至凶了之兆。藏茂林深，兩鶴分飛，銜蘆飛得酒樹中。憂事兄弟離食吉，至別之兆。龍蛇魚鼈、龍蛇魚鼈。春季夢現田中，見貴。纒人身，主得。鯉飛上天，伸項向天，人大利財帛，文人科大吉，試必魁甲之兆。元財大發，吉。咬人手。得平人，財錢利進益。龜作人言，入深淵，不吉。頭生角，變化。鱗甲鼓動。得財吉。諸事不崢嵘之士子入得遂兆，大吉泮登科。鼈無足。不吉。龍、蛇魚鼈。夏季，夢乘赤龍，大吉。咬手出血，遊大水中。龜蛇相向，陞職加，得財吉，人口和官，得財諧吉。大龍當門，蛇當門，訟至。人捕魚，得財金龜咬人。事有阻凶吉不吉手大吉。冬季，夢入井中，不利。蛇行水中，羣魚戲水，龜鼈入地出行謀病至望，仕者失財，上得貴子，大吉。穴中，財聚人安。宜潜不宜見。口吐珠大吉。躍水。大吉大士。春分，夢蛇化龍，風雲。大蛇入門，入水浴，羣大龜來家，際會之生貴子，兆妻生得財。魚攅體。得主人財多壽。貴子無大利，疑吉。秋分，夢噴水財源大進。蛇行厨竈食魚，口舌凶。龜鼈相觸，文士翰，主官事，藻如流，口舌且。魚在釡中。大吉。主人有大凶病凶。夏至，夢雲中現遇貴。蛟龍化蛇，雙鯉躍水咬人。大吉。人謀不吉，得妻，得，有望子，大吉。冬至，夢困水底，士人。蛇死，失財魚在陸地，打殺龜鼈。未，遇凶，不吉，失財凶。甲乙日，夢兩相鬥，士人。赤𧐖蛇入，魚吞餌，上，龜化虵，得新得官，常人得利，橱防火災，口舌鉤。得酒衣，有食，吉。酒食。龍蛇魚鼈。丙丁日，夢龍臥山坡，兩蛇交陰人。烹魚宰割咬指。貴人扶助。訟不休，口舌凶，陰人大吉，病纒身有災。戊巳日，夢黃龍現，得貴。虵入土穴，魚跳陸地，龜入懐中，人扶且不宜疾病纒。文人利多壽，遠行身凶試市人。得財吉。庚辛日，夢龍當門，有逺。虵入厠中，脫鉤去。病痊。龜鼈向人。信至口舌官得壽，吉訟凶，鳴，口舌官訟。壬癸日，夢飛龍上天，虵化龍，得夀入水捕魚，金龜入房，止利貴生貴子，得財，得貴子人不利，大吉。平人。亥子日，夢龍死，家中宅神。死虵在户，魚鱗光耀，龜來求食。不寧坟，孝服傷目，文人有貴人逺墓祖先，丁凶進歩，喜至妻得。不穩從天降孕吉，大凶，大吉。寅卯日，夢龍無角，仕人。赤虵懸掛，雙鯉跳躍，龜登几上淹滯，平官非疾人，失財，病凶。大水，生貴官陞祿，子得進吉。口吐珠大吉。生卵，凶財大吉。昻首大吉。囘顧。好友扶助。巳午日，夢張爪戲珠出角，士人利試雜細魚聚，龜鼈落坑，得妻生賈，得財子，大吉，孕男喜。遊水溝，小口塹，訟至災生凶。龍蛇魚鼈有災，口舌不寧。凶。申酉日，夢龍生子，得酒蟒蛇當門，朱魚戲萍，龜生死官訟。食目有貴人，遠喜至，吉來破財。藻間，文思凶倍長。諸事吉。辰戌丑未日。夢龍翻江海，蛇生足，諸事人分魚得財晒日中。大吉。財大發，不成凶，大吉遠商吉。捕鼠。官訟凶。附榖肉茶蔬酒榖肉茶酒春季夢飽食陳粟，與人共食，嘗新茗，得妻。飮酒不休。飯壽增祿，口舌得財吉，得壽得至吉，不寕財吉。喫粉粥得病。生肉，主分離凶。渴得飲，遇貴。飲美酒，得妻。菉豆粥，孕生羊羮主遠，晩年得方人子吉。生酒。孝服動凶。男吉來相會，有財吉。啖韭、芥，喜事。飲白酒漿，食生榖，口舌食犬肉，訟解。食薑。有憂事，不有財，吉。凶寕口舌凶。夏季夢人授飯，得財送雞羮來，飲茶不輟，與人共飲吉得財士得壽，得官訟，凶人利試財吉。穀肉茶酒。啖粽子。得喜。人餽猪肉，啖菜羮，得子酒味酸惡。得壽吉，得財吉，口舌官訟。夜食飽疾病。啖鵝頭，作事。食蒜及王。飲濁酒，憂事。憂事有始，無至凶，終不利瓜官訟，疾至病凶。與人共食鹿脯，滿盤飮濃茶。遇貴。人送桂漿，黄梁失財官陞，財人吉，人口旺吉，來生貴子，大吉。不寕。秋季夢多食麥麵，喫牛脯。得壽人惠一杯白酒，無味。哭泣被，得錢吉，得財吉，孝服凶，盜凶。食粉團，妻得食西瓜刀，啖冬瓜，壼飮酒漿，得孕財進益吉，豆得酒食盧，憂事關心凶。蛆蟲。有小人暗。啖餅餌，官訟。食獐肉。遠行人送陽羨害凶。不寕凶，有阻財不遂心。茶來，得祿大吉。酒美而甘。啖炒豆，口舌食猪肝，疾，得妻吉，病。憂悶凶凶。飲冷酒，遷移。不寕凶。冬季夢人送飯來，噉牛頭上，茶淡無味。飲橘酒、多壽。貴人加祿平人肉，試必鼎，口舌之元財得事凶。梅花酒。士人。得財吉，十倍大吉。多飲渴。未利試常人得財。榖肉茶酒與他人。新犬肉出蟲，解疾病危凶。酒不香。士人。米飯失財，口舌凶凶。與人相爭。淹滯，平人發財。人送新米，食鴨肉，一取瓜菜，不吉。酒成。川洪來。士人食祿平，人𨾏諸事稱心吉。食茄子，大凶。波沸湧勢。長財添丁，吉。食牛、羊、豕、絲𤓰湯，人不能遏。大富。啜熱粥，妻病。肺肝陰人小口。共食。有姻，大貴之事，吉兆只在。至凶多災凶，酉年內應。春分夢噉出芽豆，啖羊肝，病痊。食蘿蔔，生者。暢飲。得貴人力。得子，出行遇貴。啖人肉家吉，熟長者凶。酒缸中生，吉死刀兵，或自死牢。烹茶求謀。白花，孝服凶。甚飢，吞飯，食猩猩肉，費力不利。榨下取酒，不飽。官訟有遠方，凶財至大。採摘茶葉，與客共飲。榖生芽，疾吉，得財吉，有牽連病之害防。凶。食肉，化成剪韭。得財之，乃吉大利。啖大饅頭水，作事不遂，凶。割葱，葱孔開酒甕中，官陞遷應試利。肉上生毛，涕出如注，多金銀。喪亡。妻得大凶，哭泣之口舌凶，子吉兆大凶。秋分夢食水麪，哭泣。啖馬肉，得祿。食豇豆，口舌喫糟，病至凶。至凶增壽吉。喫扁豆，病除。與人共飲。榖肉茶酒，奪人手中肉，羮中出。人送果子酸酒，兄弟分離。飯得之吉，不得凶，蛆，大凶。茶得遠人凶，好信至。食蕎麥麪，喫野猪肉，渴不得茶。喫燒酒大利。官訟凶，口舌傷，諸事不生意，人丁凶，遂凶。角黍，自食，取熊掌舐菜羮中皆疾病官訟凶之，遇貴得寵吉。是。黃花吉。夏至夢啖鬆糕，老年持刀切肉，啖西瓜味酒中映月，增壽士人利試。與人失脫凶。極甘，謀望稱心。和杯飲之。大吉。人送猪蹄，吉文人，才思增女。口吐飯，官訟來吉，士人大利。喫生菜，不人孕，得利貴大利。口含飯，不與人爭。肉釡中菜羮，臨風飲遇貴。下咽有憂官訟凶事至。下鹽豉烹。人提携大利。人送糯米，啖團子，喜事大吉，主有把柄。與鬼神飲飯。有酒食至吉，遇貴吉，士人大利。冬至夢米團授人，肉在鼎中茶味色香，酒渾膩，如主有遷徙之事。據几，食啖俱美。有客至及膏，作事不利凶。食新米飯，凶疾病，吉人來，不祥之。天雨酒，就生貴子，事宜保得財士禳之。啖竹笋。老人飲之，主受皇恩。食麥飯吉。食雉肉、信益壽，少大吉，至年生子。榖肉、茶酒。六甲日，夢粉團如斗，啖驢肉肉，買得蒙頂，與人共斟，大與人共，尚在盤中。茶汲江水，壼中傾瀉啖，有財至吉動，官訟口舌凶。烹之作事無往。不竭，盃中一餅分半。羊豕雞鴨，不利，大吉之兆。泛溢不流。與人陰口有災。肉雜食，甚食地菌。有主富而瘡壽，大吉。多疾厄，口瘍之災，舌凶。六乙日，夢飯落溝塹，以刀劈肉食瓜，瓜中甕漏，酒空中，作事不遂謀望。砧几淋漓，水流不已。不吉，家道消乏。無成，大凶，主不利主之兆，凶人口分有腹疾。食栖粥。哭散之兆泣。六丙日，夢食索粉，主有。食肉，嘔吐，荼忽變酒，酒糟在盤哭泣不財散，茶從木，祥之兆，病凶酒從酉。中，爭取食。食豆醬，無食生鹿肉、酉爲金，金能伐之，取得大半者利。鹽味，作事士人利木有相于士人不成達平人尅之，義及公門。求謀不家豐，吉夢得此，人役有遂，凶兆有惡，爵守有食餛飩，不吉。食臘肉、事人謀害，職掌取多之兆，在得小半。阻病未丙日，得者利千痊。凶之猶可耕作貿。解以太易之人，陽丙火，有貨財。又能爍有米谷，其剛也。榖肉、茶酒。六丁日，夢啖饅頭，得衣。食生肉，人離。食園笋茶，飲菊花酒服吉財散凶得財，妻孕生子外財。粥無米，凶作。啖水雞肉，茶烹熟，客至吉。事不成，遠行有小財，吉。至共嘗，婚姻成吉。六戊日，夢炊飯不熟，犬肉自食，茶沸如湧，酒中生花，凶，喪妻不吉家吉，發財之憂，内陰私進丁。紅紫可愛。啖胡餠，得不明事遠。覆茶傷手。吉，文人大利。方財兎肉作羮。失妻凶。陰人有喜。六巳日，夢食粽子、得財虎肉作羮，啖黃虀，凶中。酒中着鹽，食稷米飯，大吉聲有吉作，不吉作名振作爲先難，事不順。女人得事亨達。後易子男人得財。分肉與人。食莧菜，作事。酒變成醋，有掌握，决成失吉機緣大吉物，須在活潑應。草中尋變不拘，乃得終歸于成就。六庚日，夢食蒸餠，大吉。啖魚膾，大吉。茶味如醋，飮茱茰酒，食胡麻飯，文人利不利失，大吉生涯茂財口舌。凶，疾病至甚危。茶結氷凶。穀肉茶酒。六辛日，夢食麪䬣𩞰，食牛羊乳，啖藜藿草。元旦送屠不吉事，無頭緒。酪大吉，蔬大吉，老人益壽。蘇至，大吉當遇。食豆腐，不貴人利。防災。六壬日，夢食飯摶，人口。喫肉鮮鮓，啖水芹菜，喫梅醬，吉。相合，大吉。中有蟲凶，大吉，文防人入泮。花辦在。酒。災病口之兆，登舌之事，科尚遲，中大吉。六癸日，夢啖靑精飯。人送胙肉，啖蓴羮，大吉。飲玄酒，大吉。大吉，文人利試，來福神助，宜隱不陽長力大吉，宜出陰消。老人增年。飲菊湯。吉。五子日，夢絶糧無食，覆肉羮，吉有。食椒漿，吉發。飮甘露酒。不吉，但貴人相財利，文士大守正，無遇之喜利。妨，後來必有利。肉在碗中，食芥辣，女子酒中有珍。食豆飯，吉。跳。大凶，主有喪，夫有死亡之憂，男珠凶哭泣之事。人有操守之氣。五丑日，夢飯中有玉，肉內出蛆，烹異茗，共酒，上生桂屑，大吉，爵，小人損位，陞士耗，不吉。他人飲。吉，主花得子，大吉。子進，平人，益財。喫野獸肉，有扶助之兆。酒傾不出。室女得有遠人凶，作事好姻來吉阻滯。榖肉茶酒。五寅日，夢日中炊飯，切肉成片，割菜作蔬，甕中吸飲，凶喪婦文士吉，大利事不明之兆，功名就，心不稱。釡內飯沸，喫犬肉一，飮龍團茶酒，中和水溢大吉，人口增財片，士子大吉，得貴。不吉求吉狀頭人助力利未遂。利進捷第之兆。酒竭，凶。五卯日，夢喫饘粥，吉事。喫殘肉羮，手摘薺菜酒在井中至求謀凶中成就有吉。作羮，吉有遠方。汲出。大吉，益財。食油包子，啖兎腦吉若人來，增壽扶𦔳。凶，目暗者，主有復。酒，清如鏡明之象，大吉。五辰日，夢摶沙作飯，啖野牛肉，以葱作蔬，酒清而冽，諸事不不吉，有遂，大凶小人謀。衆人爭啖，痛飲大醉。鬼送飯來，害之兆，士人不利，大凶、大吉，主富。士子大利魁元。喫生肉，凶，獨食主益財思。喫臭酒。得財可得爵利，吉祿可享。五巳日，夢五榖在穢手，調肉羮笋吉，酒在土坎噐中，不吉大吉文時未人當有。食薑不辛，中取飲，無通謀重任凶不遂，禁大吉，功成名遂。冷粥凶。榖肉茶酒。五午日，夢口含飴糖，朝廷賜肉，蔬菜祭先，酒中果子吉。老人大吉，大吉，主壽。益壽，少年安穩。生肉凶。菊花湯與酒在竹孔食飯多砂，食牛馬肉，人同飲，主有。中流出大吉。口齒不合，大利，主貴人扶，主壽富貴助，大吉，大凶作。酒初熟，與事多阻滯。客對酌。大吉。五未曰，夢喫豆飯，益財。人送八珍，喫武夷茶，送茱茰酒，大吉來大吉。遇有遠信貴提掇至，大利至病痊，大吉。食防風粥，之兆。飲木稚湯。士人生子，大利大吉。五申日，夢啖白梁飯，肉在器中，飲菖蒲酒，喫茉莉湯，被人奪去，凍結不開，老人益有小財壽，病去至吉。大凶，主不利訟康，寧有兄弟未消口。爭產舌不解之兆。酒生蛆凶。五酉日，夢食粗糲，惡食臭肉，忽服藥湯凶事。酒，磨墨臨飯有病至凶。轉香氣，吉去吉事臨。風大書筆。米麥襍飯，肉腐爛，生走龍、蛇大吉。心緖不寕凶。蛆蟲。小人文人進，侵損用平人。亨達。榖肉茶酒。五戍日，夢啖香粳飯，肉靭不堪，湯氣薫蒸，酒在缸甕，大吉友人來。咀嚼作事阻滯。滿室，如霧泛溢。大吉，發財。不吉，有憂事至。五亥曰，夢食豆屑，中啖生彘凶。烹茶不熟，飲竹葉酒，有雜物，不事有阻，大吉，主利幽人相。飲蜜湯。大訪吉。諸事和合。夢林玄解卷之二十五━━━━━━━━━━━━━━━━━━━━━━━━━━━━━━━━━━━━━━━━━━━━━━━━━━━━━━━━━━━━━━━━━━卷之二十七目錄━━━━━━━━━━━━━━━━━━━━━━━━━━━━━━━━━━━━━━━━━━━━━━━━━━━━━━━━━━━━━━━━━━,33754
