卷,部,類,條名,占文,行號
卷之首,總論,—,占繇,,1075
卷之首,總論,—,觀天地之會如分至有節建厭有位春秋之中曰分二分之日日出卯入酉晝行地上夜行地下皆一百八十二度半强故晝夜長短同也冬夏之中曰至夏至者陽極之至陰氣始至日北至日長之至日影短至也冬至者陰極之至陽氣始至日南至日短之至日影長至也建厭者日辰所會也斗柄所建爲陽建正月寅二月卯三月辰順數也日前一次爲陰建正月戍二月酉三月申逆數也陰建即月厭也厭對者正月辰二月卯三月寅亦逆數也四月陽建於巳破於亥陰建於未破於癸是爲陽破陰陰破陽故四月有癸亥十月有丁巳皆爲天地交會之辰也占夢者必考於其會始能按候而定吉凶,,1080
卷之首,總論,—,辨二氣之乘如制伐蔭義專及王相死休囚也幹尅支曰制支尅幹曰伐幹生支曰蔭支生幹曰義幹支比和曰專,,1100
卷之首,總論,—,王所勝者死相所勝者囚故春則木王火相土死水休金囚夏則火王土相金死木休水囚秋則金王水相木死土休火囚冬則水王木相火死金休土囚也,,1105
卷之首,總論,—,占夢者必究幹支生尅之情五行勝敗之實而後可迎其氣以詳之,,1109
卷之首,總論,—,審三辰之象如宿舍輪轉及五星所行合散犯守陵歷鬥拍彗孛飛流與日月薄蝕暈適背鐍抱珥虫蜺之類也宿舍者正月日躔娵訾於辰在亥二月日躔降婁於辰在戍之類而二十八宿輪環於日辰曆七元而始周也五星同舍曰合變爲妖星曰散寸以内光芒相及曰犯居其宿曰守相冒而過曰陵經之曰歷相擊曰鬥相偪曰拍光芒偏指曰彗氣四出曰孛自下而升曰飛自上而降曰流也日月無光曰薄𧇊毁爲食日旁祲氣曰暈將食先黑曰適形如背字曰背形如玉鐍曰鐍氣向日曰抱形點黑曰珥虹雄曰虫,,1115
卷之首,總論,—,雌曰蜺也占夢者必探宿舍所臨而五星之變日月之異皆不可不精察以爲推者也,,1125
卷之首,總論,—,貴賤有别帝王有帝王之夢臣宰有臣宰之夢聖賢有聖賢之夢常人有常人之夢以至工賈商農輿臺厮僕則有工賈商農輿臺厮僕之夢窮通榮辱成敗𧇊盈各緣其人而爲推測不得以至卑至賤者乃妄以尊貴之象加之耳,,1131
卷之首,總論,—,邪正有分凶人獲吉夢夢則吉矣德不足以當之雖吉亦凶胡可幸也吉人獲凶夢夢則凶矣天必有以佑之雖凶亦吉猶可避也至如中懷惡意夢得吉占是必所以速其禍實抱仁心而反罹凶兆是必所以玉其成君子當察人之爲邪爲正爲邪中之正正中之邪則吉凶如列瞭禍福如隨影也,,1138
卷之首,總論,—,吉凶有概凡夢鮮美開明之象皆吉污穢傾晦之象皆凶優俳戲弄之類雖吉成虚妖異幻妄之事雖凶必散若天清日麗宮宇莊嚴服飾新整等類吉徵也或天清而忽黯日麗而忽昏宮宇服飾初完好而忽頺敝則吉裏藏凶若塗濘水濁形體臭穢草木枯槁等類凶朕也或塗濘而忽開水濁而忽澄形體草木污朽而忽鮮潔則凶中帶吉以至吉之爲虚凶之可散占夢者皆當以類推之毋庸執泥,,1149
卷之首,總論,—,敬肆有端禍兮福倚福兮禍伏天道無常惟人自召故夢瑞而德益修者福必臻夢瑞而縱恣者福轉爲禍矣夢妖而驕益甚者禍必成夢妖而戒懼者禍轉爲福矣故夢之妖瑞視乎其人之德不德召感幾微轉移呼吸不可不愼豈執經而論哉,,1162
卷之首,總論,—,夢變凡一夢而種種傳變如俄見白日日出忽雨纔得懽笑笑者隨泣方登山而泛舟乃舟行陸地頃立地而升天若天包我闥又如一寢之夢或屢遷多化或屢夢不更或百物代至數事一時夢固多端記宜全備倘夢者不能詳其前後述其始終故占有不中非占者過夢者過也或夢審矣而占者不能連類博觀精𠫭通變故占有不驗非經之陋乃說之陋也是故占夢者必求其備審其變稽其徵候内考性情外推王相庻幾凶吉之符無毛髪之𤕤云,,1172
卷之首,總論,—,夢寄凡見夢而互相徵應如他人之夢忽見諸我巳身之夢反見於人故臣有忠良主得之夢子有賢貴親得之夢夫有悵木眩稚榮顯妻得之夢人有窮達友得之夢或共寢而夢各異或隔絕而夢實同逮至久不相見素不相識遠不相及之人本無緣感突如托夢甚有神靈昭現英魂嚀誡凡此之夢皆宜精詳細究得之意象之先乃可推其奥𣺌也,,1187
卷之首,總論,—,夢有不占占有不驗不占有五神未定而夢者不占妄慮而夢者不占寤知凶阨者不占寐中撼寤而夢未竟者不占夢有終始而覺佚其半者不占,,1199
卷之首,總論,—,不驗有五占夢之人昧厥本原者不驗術業不專者不驗精誠未至者不驗削逺爲近揉大爲小者不驗依違兩端者不驗,,1205
卷之首,總論,—,是非剖宗領竅何由洞本晰幾雖古法盡存尚難盡測故先師嘗戒數占,,1209
卷之首,總論,—,夢無晝夜必有吉凶凡人覺而興也形役寐而寢也神遊形有興𥨊神有歛觸歛則無夢觸則夢成古今一晝夜也晝夜一息也固有辨乎形神必無分於晝夜占夢者勿異視焉,,1214
卷之首,總論,—,怪異無占尋常有驗如所夢之兆雖奇誕可驚而原其情事眞屬荒唐迂謬者經固無占强占不驗又如夢甚平常似無足異而究其根由度其時勢非無關係者經縱無文比類而推則亦有驗不可忽也,,1223
卷之首,總論,—,仙神靈秘未可妄占凡泛常之夢不必用占惟精誠所感神靈所告者方爲可占或神靈指示姓名數目文字器皿之類如天機微露不盡泄漏者必俟後應乃見靈驗雖善占之士不可妄占姑識始末徐以待之又或冥𡨚報復夢旣無象機難懸揣也,,1232
卷之首,總論,—,玉璅煇遺,,1243
卷之首,總論,—,余間占夢占輒偶中聞者異之太守陰公,,1248
卷之首,總論,—,從問占書告之曰：曩入大學得一老父爲東道主其人無所不知且匿姓氏似畸人而隱者也因從老父請占夢之術老父爲紞指說遂獲審測而臆占之古法久湮實何嘗有書也乃爲略舉數言目以玉璅煇遺蓋悼長柳煇經之不傳耳原夫大易準乎天地猶藉蓍以成爻,,1251
卷之首,總論,—,靈案於圖書必倚甲而開兆,,1261
卷之首,總論,—,夢何倚藉實乃魂交,,1265
卷之首,總論,—,旣觸歛之惟神詎禛妖之罔驗,,1269
卷之首,總論,—,探其隱賾希夷揆厥屈伸合變,,1274
卷之首,總論,—,靜焉有端爲性兮爲病動焉有本爲想兮爲因,,1278
卷之首,總論,—,精縈者識冥冥之獨徹感化者睹氲氲之相迎,,1284
卷之首,總論,—,象幻棼而不測旨微窅以難推,,1288
卷之首,總論,—,且如一人之夢變傳須備姑隨一夢之中巔麓宜追,,1292
卷之首,總論,—,審萌朕之平奇後識應徵之迪逆,,1296
卷之首,總論,—,閟兹宣神明母執,,1301
卷之首,總論,—,問人兮品倫何定,,1306
卷之首,總論,—,問地兮隅道何垠,,1310
卷之首,總論,—,問時兮循環無間,,1314
卷之首,總論,—,問日兮飛走無停,,1318
卷之首,總論,—,體有殢兮訊所棲,,1322
卷之首,總論,—,心有祈兮叩所祝,,1326
卷之首,總論,—,情偶溢兮斲吾良,,1330
卷之首,總論,—,厲將侵兮馮吾轂,,1334
卷之首,總論,—,直叶不違兮疾剔篝而權趨權辟,,1338
卷之首,總論,—,比形得肖兮徐協象而揣合揣離,,1344
卷之首,總論,—,旁寓曲呈兮錯綜以詔,,1348
卷之首,總論,—,背極妄至兮虚實攸岐,,1352
卷之首,總論,—,顯兮怪兮稽曩古而無占邇兮逴兮貭今兹而有應,,1357
卷之首,總論,—,倪固萬遷理非一定是豈篋端可究眞非韋絕能窮,,1361
卷之首,總論,—,准之於理兮幽明齊眎,,1366
卷之首,總論,—,體之於情兮悲喜難通,,1370
卷之首,總論,—,文意義兮書點畫任縷剖而條分,,1374
卷之首,總論,—,數若目兮姓若名用掌陳而譜證,,1379
卷之首,總論,—,奚庸膠柱調音尤貴𠫭賢叩聖,,1383
卷之首,總論,—,觀兆易之凶吉决靈機之咎休,,1387
卷之首,總論,—,大覺希聞竊媿達天人之際小言略舉敢云闡造化之幽,夢之術非達乎天道人事之妙者不能精故謙言未至大覺不得指點大夢况夢乃神遇眞造化之幽幾非易闡明也,1391
卷之首,總論,—,先兮有幾窴中兮有窴,,1395
卷之首,總論,—,矧彼詭說疣辭寧足闚宗領竅,,1400
卷之首,總論,—,謹竢專工于來禩幸獲益損乎前賢,,1404
卷之首,總論,—,儻受之者重滋侮凟斯授之者輕泄蒙諐,,1408
卷之首,總論,—,━━━━━━━━━━━━━━━━━━━━━━━━━━━━━━━━━━━━━━━━━━━━━━━━━━━━━━━━━━━━━━━━━━,,1414
卷之首,總論,—,━━━━━━━━━━━━━━━━━━━━━━━━━━━━━━━━━━━━━━━━━━━━━━━━━━━━━━━━━━━━━━━━━━,,1416
卷之一,天象部,天,天地相合大吉,天地交暢于卦爲泰夢者君臣相得父母曰雙寧亨昌之象謀無不遂求無不利元吉,1435
卷之一,天象部,天,天地分開貞吉否凶,上下隔絶之象貴者夢此名位肅清常,1446
卷之一,天象部,天,天旋地轉吉,,1455
卷之一,天象部,天,天地黑陷凶,象,1463
卷之一,天象部,天,天日雲山朗霽吉,天下有山雲間有日萬物相恱喜氣奕奕天日朗曰霽大明中天之象也雲山朗霽瑞靄凝蒸之象也,1474
卷之一,天象部,天,天開大吉,,1478
卷之一,天象部,天,天開九重吉,天門者貴地也見居權要曰者一重一位循此爲推,1482
卷之一,天象部,天,天上登天貞吉,天行健君子以自强不息夢此者名上加名利上曰增利登天則七政五行皆屬于下安富尊榮之兆,1490
卷之一,天象部,天,渡天河大吉,,1494
卷之一,天象部,天,二天三天四天九天,夢二天者主得人覆庇夢三天者主有奇遇曰夢四天者主入空門夢九天者主證玄修,1500
卷之一,天象部,天,三十三天天內有天,夢登三十三天主意外超曰㧞夢天中有天怙冒重重,1504
卷之一,天象部,天,天衢歩吉,,1509
卷之一,天象部,天,上天鑿池吉,鳳飛振羽集天池鑿井逢源又失雌曰圖利問名君莫阻乘高盡力一生資,1513
卷之一,天象部,天,洞中窺天見光大吉,玄中之玄明光洞達當有棄暗投明曰之喜名利漸通官訟得白病者將瘥,1517
卷之一,天象部,天,升天立橋上見牌額大吉,所履者象爲雲梯所睹者象爲文㮄文士夢曰此攀龍附鳳在位者必官升極品之兆也,1521
卷之一,天象部,天,天上獲稻吉,此夢功名商賈交易宅舍酒食謀事田土曰婚姻諸事皆吉孕婦夢此必產麒麟之子,1525
卷之一,天象部,天,天上掘塚露棺吉,此爲貴人遇貴之夢也掘者非地露者曰爲官貴人得此天官之爵大昌之象,1529
卷之一,天象部,天,天晴雲雨散吉,重陰開憂疑解霽色來胸懷泰凡曰求功名謀財利先難後易之兆也,1533
卷之一,天象部,天,升天大寒受凍吉,此夢兵戈爭𨷵之兆,1537
卷之一,天象部,天,天上拜冕服王矦大吉,乘高遇貴福祿榮華躬爲抑折履獲亨嘉曰錫天之圭受神之祚王公氓庻雲衢得路,1543
卷之一,天象部,天,與天神言語吉,此爲堂陛賡歌之兆,1547
卷之一,天象部,天,騎巳上天大吉,,1552
卷之一,天象部,天,負人登天貞吉否凶登天貴之徵負人賤之役人非其人隕身阸也如,小臣夢負晉景公登天而遂以從塟爲與主俱殂曰之兆,1556
卷之一,天象部,天,金甲神捧巳上天大吉,捧上天履至尊也神披甲巨力助也作曰存不善懼神禍也德有所積𫉬天祐也,1564
卷之一,天象部,天,人推上天,,1568
卷之一,天象部,天,見狀元遊天街大吉,雲霄路貴人來見之吉瑞懷胎見主貴曰人接引之兆若夢同遊則同登之兆矣,1572
卷之一,天象部,天,兵馬遍天凶,此兆帝王夢之天下擾庻人夢之家庻曰變經商交易財利虚功名爭訟多浮泛,1576
卷之一,天象部,天,上天求妻兒六親吉,此夢遇緣𫉬慶之兆也升彼高明曰問爾陰小積善者慶凡事有緣,1580
卷之一,天象部,天,上天見父母貞吉否凶,利見大人在田在天于夢爲殃主入幽曰冥之府父子團圓矣追薦保禳無咎,1584
卷之一,天象部,天,與天女相會吉,牛郞織女鵲橋初渡天際奇緣曰婚姻有路相彼吉人佳偶至也,1589
卷之一,天象部,天,君臣朝天大吉,,1593
卷之一,天象部,天,抱子升天吉,此乃父子同登之兆若未得子者必產曰奇種瓊枝巳得子者必主公矦卿相,1597
卷之一,天象部,天,上天見聖眞求道,學問主有進益科試主有人扶問婚成孕曰生貴病宜禳求財吉凡事必有陰庇也,1601
卷之一,天象部,天,上天拜世尊諸羅漢吉,於佛有緣江河之上獲利平安主修行曰善果者得慈悲感應福壽無彊之兆,1605
卷之一,天象部,天,天上對奕,此夢對壘紛爭之象,1609
卷之一,天象部,天,天上坐大吉,此爲首掇魁名之象也天者至高之位曰坐其上高而過亢科第則吉餘宜愼之,1615
卷之一,天象部,天,天門張㮄,天門張㮄名冠皇都㮄上何人視曰其有無如蒙昧不明不爲佳兆也,1619
卷之一,天象部,天,補天,此兆文人佐主中興婦曰人傷夫再𬋕凡百皆祥,1623
卷之一,天象部,天,向天號泣貞吉否凶,蘭房如素有𡥉心者爲誠意所感必主得父母之,1627
卷之一,天象部,天,焚香祭天𤇆上達大吉,祭天祈寧而禱福也,1634
卷之一,天象部,天,天門赤色凶,此夢四方兵動之象天門者帝闕曰色赤者兵戈四方騷動一德能禳,1640
卷之一,天象部,天,仰卧視天,伏龍雛鳯待時奮發晩年榮貴吉昌之兆卧者身曰在地仰視者目暏天爲身倚實地得見天日之兆,1644
卷之一,天象部,天,登天欲上復墜落凶,上天名位得也復落得復失也常人則主曰延年作事謀望恐有阻隔難成宜守舊,1648
卷之一,天象部,天,天門開大吉,,1652
卷之一,天象部,天,臨天府謁天門吉,,1658
卷之一,天象部,天,天開見金殿森嚴大吉,天闕舒主國寧金殿呈主位登霞光燭身曰森嚴寵臨仕進夢此朝天闕歷金門之兆,1664
卷之一,天象部,天,上天升屋吉,此乃吉祥進爵之兆夢之者遷移宅舍更攺事業曰官位高陞功名顯達凡百事貴賤之人皆得亨佳,1668
卷之一,天象部,天,登天上月臺見羣仙大吉,歩雲梯登月殿名譽彰而無疑曰晤瓊姿會諸仙福壽綿而無算,1672
卷之一,天象部,天,攀天柱大吉,搴槎旦夕忽騰驤擎柱王家作棟梁曰閨梱必懷龍鳳種達人名譽德方彰,1676
卷之一,天象部,天,天靑色吉,,1680
卷之一,天象部,天,天上霞光燦爛照身大吉,寵光薦至災病全除,1687
卷之一,天象部,天,天壓巳身,,1692
卷之一,天象部,天,天開眼大吉,天舒目察世人也,1697
卷之一,天象部,天,天張口舌貞吉否凶,此夢大不祥爭訟不宜營謀不利作事不成家道曰不寧功名不遂婚姻有阻口舌紛紛愼之無咎,1703
卷之一,天象部,天,以舌餂天大吉,維彼成湯獲此佳祥命式九圍綏撫萬曰方非至德之聖人不可妄言此兆也,1708
卷之一,天象部,天,捧天大吉,此爲匡扶社稷之兆非大貴人不足曰當之也女子夢之當事貴夫育貴子,1712
卷之一,天象部,天,天缺一面,缺者西北位也往無攸利大臣夢此曰面去一畫爲回回天之力補天之功,1718
卷之一,天象部,天,背負天吉,,1722
卷之一,天象部,天,上天摘得蟠桃食大吉,瑶岩有奇種華食幾千秋俄從至尊處摘食海添曰籌孕婦夢之必產壽星老人夢之必綿永算大吉,1729
卷之一,天象部,天,天女裁衣吉,夢此者男逢美女情意相依夫得嬌妻身心相帖曰功名之士主宮袍傳御内衣錦看花回吉祥如意,1733
卷之一,天象部,天,巡天摸星大吉,此兆凡人夢之官爵必應台宿功名必曰獲魁元家門必藏金寶子嗣必產麒麟,1737
卷之一,天象部,天,袍服飄飛上天大吉,衣裾翩躚指日昇天此指文人脱白曰掛綠指日靣君有不假薦引之力意,1741
卷之一,天象部,天,天使賫袍笏至家大吉,,1745
卷之一,天象部,天,乘舟車上天,,1749
卷之一,天象部,天,天開見燭光大吉,,1754
卷之一,天象部,天,扶梯上天大吉,名位陞遷極品榮華之兆靑雲有路紫誥曰重來凡事夢此大吉之象惟病人不宜,1758
卷之一,天象部,天,天懸一鏡,,1764
卷之一,天象部,天,天樂合作大吉,此夢天籟和鳴之象父母順兄弟和夫妻合曰官訟解音信至聲名起技藝精無不吉利,1768
卷之一,天象部,天,一木破天,,1772
卷之一,天象部,天,天鼓大鳴大吉天嗚鼓朝堂會集之象夢此者聲聞帝閽名傳天,壤○王曆經曰君失德不從臣諫則天鳴在天則曰凶爲夢,1778
卷之一,天象部,天,天上張網身被𫉬貞吉否凶,天上網羅人間牢獄征戰爭訟病人商賈諸曰事夢此不吉惟應試投軍之類得取用之祥,1785
卷之一,天象部,天,天神授經書紙筆大吉,天授書筆皆吉兆也必當展經濟爲大手筆曰如夢筆生花也細推其意祥瑞不能盡述,1790
卷之一,天象部,天,仰觀天文甚親切吉,,1794
卷之一,天象部,天,天落錢凶,錢乃金屬金乃刑官于世爲利于夢爲貪從曰天而下天災可愼也急須修省以轉移之,1800
卷之一,天象部,天,上天得大珠,吉人夢此產貴子𫉬奇福兇人夢之曰受災殃遭天戮應試夢之當占大魁,1804
卷之一,天象部,天,天上杏花開遍大吉,,1808
卷之一,天象部,天,上天折蘭大吉,此夢紉瑞佩祥之象功名大貴財利富足得賢妻曰納美妾招秀女主應春秋之月必逢清貴之祥,1812
卷之一,天象部,天,身飛上天變鳯凰大吉,鳳凰鳥中王變之者人中鳳也丈夫定爲卿相女曰子必配王矦文人遇試必占魁元以文章名世,1816
卷之一,天象部,天,跨鶴升天吉,此象老人夢之福壽綿綿文人夢曰之秀發翩翩婚姻得成疾病罔痊,1820
卷之一,天象部,天,聞天雞唱,雞人初報玉皇宮傳道神仙第一峰曰提醒世間憧憧子一聲寒闕旭方東,1824
卷之一,天象部,天,乘龍上天吉,乘龍御天大爲貴象文士占龍頭武曰臣掛蟒袍之兆遇婚姻謀望俱吉,1828
卷之一,天象部,天,抱麒麟下天大吉,天上麒麟懷之下降乃大貴之象人若夢此曰必得奇異之子初仕夢此當遷𮙥補之職,1836
卷之一,天象部,天,登天跨犬,,1840
卷之一,天象部,天,白魚化龍飛上天大吉,此乃脫白衣錦之象也文士夢之蛟龍雲曰雨從此飛騰若富者夢之大非佳祥耳,1847
卷之一,天象部,天,天上蝦蟆吐彩吉,,1851
卷之一,天象部,日月,日月同宮大吉主爵祿榮耀,夢此者父母俱泰夫婦齊睂子孫孕育凡事向明,1861
卷之一,天象部,日月,日月生草吉,沾需子嗣昌盛也日旁有月爲明明上生草爲萌曰夢有萌兆,1879
卷之一,天象部,日月,日月交蝕凶,此兆,1885
卷之一,天象部,日月,日月雙吞入腹大吉,此夢必產大貴兒生大貴女王矦之種曰后𡚱之祥也主建勛猷享名譽之兆,1892
卷之一,天象部,日月,日月着身吉,,1896
卷之一,天象部,日月,日中天大吉,,1900
卷之一,天象部,日月,日初昇吉,此兆位將陞福將至業將興病將起曰子將生財將發壽將增人將到也,1907
卷之一,天象部,日月,二日十日或日無數,夢此皆羣雄並起天下不寧之象平人曰主陽精不固氣體虛浮必火症發也,1911
卷之一,天象部,日月,日出雲霞映射吉,孤陽初振彩霞生中有蘢蔥佳氣萌曰光射蘭昆運新轉驀然騰出鐵圍城,1915
卷之一,天象部,日月,日黑暗凶,夢此者諸事不佳國主弱家主昏奸邪欺蔽之兆,1919
卷之一,天象部,日月,日墜復昇吉,,1924
卷之一,天象部,日月,日鬪貞吉否凶,天無二日土無二王,1930
卷之一,天象部,日月,日出輕雲掩,,1938
卷之一,天象部,日月,日缺半輪凶,月有圓缺日無盈虧夢此者主至尊曰駕幸雙親身損諸事不利大不祥也,1942
卷之一,天象部,日月,雲開見日吉,此夢爲臣遇君僕得主訟有理商獲利曰口舌散疾病除凡事吉慶非常之兆也,1946
卷之一,天象部,日月,日沉水底,凶有孚在道以明何咎日昃之離不鼓缶而歌則曰大耋之,1950
卷之一,天象部,日月,掘地出日光赫赫吉,,1956
卷之一,天象部,日月,登山捧日大吉,登高山而捧旭日曰履帝居而輔聖君,1960
卷之一,天象部,日月,日蝕凶,此兆帝王夢之夷虜相侵官員同寮相妬曰平人椿萱憂患手足懷欺病者鬼神作祟,1968
卷之一,天象部,日月,日繞城營吉,,1972
卷之一,天象部,日月,山啣日大凶,日在上山在下夢此者主下人懷欺之曰兆臣弑君子弑父僕弑主大不祥也,1976
卷之一,天象部,日月,入日宮見聖眞大吉,步乹戶謁眞君爵位高陞名譽彰著也平曰人夢此事業隆盛羽流夢此道術精通,1980
卷之一,天象部,日月,神女授日吉,此爲孕獲麒麟枝生金玉之象夢之者必產曰王矦之子大吉祥也若捧日納口所孕尤奇,1984
卷之一,天象部,日月,一鬼負日,,1988
卷之一,天象部,日月,羣兒弄日輪飛轉大吉,係小子失丈夫係丈夫失小子隨有曰求得利居貞幹父之蠱有子考無咎,1992
卷之一,天象部,日月,抱日大吉,此夢位至公矦子生睿聖之兆,1996
卷之一,天象部,日月,日中考試對策吉,夢中考試又在太陽之宮無不美利,2001
卷之一,天象部,日月,負日而行大吉,,2007
卷之一,天象部,日月,騎日上天貞吉否凶,,2015
卷之一,天象部,日月,洗日色倍赤吉,,2023
卷之一,天象部,日月,日光入戶吉日光入戶主貴人來也求名有意外之𮞸謀財有,望外之獲産孕有奇異之祥凢百事皆近貴榮寵曰臨門又有日光自窻中照身者必生大貴之子如北魏文昭皇后是也,2030
卷之一,天象部,日月,雙日照戸,此兆主有貴者聯車而至喜氣重重曰福祿綿綿也孕者主得𩀱貴子女,2036
卷之一,天象部,日月,日出屋內,,2041
卷之一,天象部,日月,負日出井中吉,,2045
卷之一,天象部,日月,日華五彩大吉此爲富貴光華之兆也貴人夢之主權埶日隆文,章日進常人夢之主事業新榮壽命遐永病者痊曰孕生貴百事無,2051
卷之一,天象部,日月,吞日大吉,此夢仕者夢之必登相位文人夢之必擢曰魁元孕者夢之必生貴子此大吉之占也,2058
卷之一,天象部,日月,日宮設宴大吉,此夢宴赴瓊林之象仕宦者當蒙賜曰宴,2070
卷之一,天象部,日月,日食懷中吉,此夢士人主佩玉璽金章婦人必產龍見曰鳳種吉祥異兆也,2075
卷之一,天象部,日月,日墜頭貞吉否凶,太陽之精墜于諸陽之首,2080
卷之一,天象部,日月,日光照身吉,,2086
卷之一,天象部,日月,日墜庭中以裾承吉,,2093
卷之一,天象部,日月,雙手捧日大吉,,2100
卷之一,天象部,日月,日繞帷入衾吉,此兆貴于功名瑞于子女,2105
卷之一,天象部,日月,車載日入室大吉,兆主驟貴乘車駕馬榮顯門楣商賈𫉬財曰滿載而歸士人登第傳驛而至無不吉利,2110
卷之一,天象部,日月,日逐逃避,,2114
卷之一,天象部,日月,射日落地,,2118
卷之一,天象部,日月,見日內有文字,此夢文明之象功名遂志餘以文字之意曰推之當有别應或文學日進制作垂名,2122
卷之一,天象部,日月,日宮折花吉,日宮兆爲春宮折花兆爲折杏文人主登雲曰歩月婦人主配虎諧龍平人主生貴美之女,2126
卷之一,天象部,日月,乘龍逐日大吉,此夢士人夢之主辰年擢魁元近天子大展經曰綸宏濟蒼主王矦夢之極貴常人莫及之兆,2130
卷之一,天象部,日月,驅牛挽日吉,,2136
卷之一,天象部,日月,鳳鳴立日中大吉,嗚鳳立于當陽夢此者主朝廷之上有忠諫曰之臣其在常人亦雞巢之鳳凰主丹宂生雛,2144
卷之一,天象部,日月,日中烏飛出凶,,2148
卷之一,天象部,日月,日月飛旋,,2155
卷之一,天象部,日月,日照葵花吉,葵乃向陽之花葵心向官日光被葵君臣相曰得明良相慶也夢此者諸事必得忠心扶助,2162
卷之一,天象部,日月,日化龍吉,化龍變鳳皆爲貴象日乃雞穴西年生者夢曰之更吉人臣夢之遇明主人子夢之主親壽,2166
卷之一,天象部,日月,日生一𧢲,日一𧢲白字也,2170
卷之一,天象部,日月,月圓明亮大吉,,2176
卷之一,天象部,日月,月暗,月陰象暗陰中之陰也孕婦則吉,2183
卷之一,天象部,日月,新月如鈎啣大星,新月啣星兆主女主信老臣幼君侮宰職,2189
卷之一,天象部,日月,月墜落凶,此夢主國母凶憂之兆凡功名商賈交易諸事皆曰爲不祥病人孕婦尤爲不宜父母妻妾防有大悔,2194
卷之一,天象部,日月,登天奔入月吉,,2198
卷之一,天象部,日月,燒香拜月,此象男女夢之主有私情暗約凡𡚱𡣕妻妾當曰得夫主懽心事事隱暗之中必有際遇吉祥也,2202
卷之一,天象部,日月,月忽雲遮凶,,2206
卷之一,天象部,日月,登山擎月大吉,兆主乘龍嬌婿也功名秋㮄首經曰商秋利興酒食豐需子嗣榮貴,2212
卷之一,天象部,日月,林中明月吉,兩木成林兆戰爭太陰明耀氣豪英曰霜翎一矢將軍勝凱唱旋師四海寧,2216
卷之一,天象部,日月,山啣月,月在上山在下月爲山所啣上陵下替入山𫉬曰兎又爲月屬陰山屬陽陽克陰之象因人而占,2220
卷之一,天象部,日月,月出海中吉謀望無不遂心,婚姻成財利至孕貴子名譽起,2224
卷之一,天象部,日月,波底映月凶,月沉水底凶象也,2232
卷之一,天象部,日月,抱月大吉,,2238
卷之一,天象部,日月,挾入月中吉,,2245
卷之一,天象部,日月,射中月,,2251
卷之一,天象部,日月,月中見放㮄大吉,此爲秋闈㨗喜之兆也旣見其㮄曰有各無名誰名巳各必記之眞,2257
卷之一,天象部,日月,月中娶妻吉,主有王矦之女妻之太陰之府姮嫦曰居也得諧其偶天仙降也夢此皆利,2261
卷之一,天象部,日月,洒掃月宮,,2265
卷之一,天象部,日月,月入懷大吉,月爲貴徵懷爲孕象曰化家之裔弄瓦弄璋,2271
卷之一,天象部,日月,月光照身,,2278
卷之一,天象部,日月,捉月貞吉否凶,此夢獨利文人應主,2285
卷之一,天象部,日月,月中有身影吉,老人病者則身入陰虚之地不爲隹祥小人夢之曰月中有人爲肉主得酒肉之喜,2291
卷之一,天象部,日月,遊月宫,,2296
卷之一,天象部,日月,月繞房屋大吉夢此者問名將起,問利將通問婚女求男問信陰人傳官訟有人和曰疾病祈陰私之鬼祭月孛太陰眞君,2300
卷之一,天象部,日月,月穿入戶吉,主有美人私至娠姙夢之必招貴曰女亦主遠信至或遠人來顧之兆,2308
卷之一,天象部,日月,月入樓懸樑上貞吉否凶,此兆,2312
卷之一,天象部,日月,月墜井中大凶,,2320
卷之一,天象部,日月,帶鋤人坐月中,月屬陰鋤助金也坐安享意主陰人曰内助得力之象亦主國泰年豊之兆,2325
卷之一,天象部,日月,月裏美人折花喚大吉,美人仙娥也花仙桂也喚有名也文人夢曰此歩蟾宫攀秋桂平人夢此主得貴子,2329
卷之一,天象部,日月,月中鬼舞,,2333
卷之一,天象部,日月,吞月輪大吉,月入口者貴人入腹也大吉之兆又主曰文人才學日進表裏通明爲宇内名士,2340
卷之一,天象部,日月,兒從月中墮貞吉否凶,月主陰屬孕婦,2346
卷之一,天象部,日月,巵中飲月凶兆主虚花無實,此者功名不進商賈無利婚姻孕育皆爲空喜卯曰酉之期不,2353
卷之一,天象部,日月,衣帶駕空取月下大吉,繡帶翩翩高駕姮娥苒苒臨凡曰竚盻泠泠霄漢頻添馥馥生香,2360
卷之一,天象部,日月,月飛入袖大吉,此乃陰精入懐之兆也夢之者主曰得貴子賢姬名利亨通諸事大吉,2364
卷之一,天象部,日月,月華大吉,,2368
卷之一,天象部,日月,兩月相擊,王矦之府宫闈見妬士庻之家間室爭妍,2372
卷之一,天象部,日月,月入舩吉,,2378
卷之一,天象部,日月,登梯摸月大吉,登梯足上升摸月手得瑞平地升曰天必用雲梯文士飛騰平人遇貴,2384
卷之一,天象部,日月,開卷出明月吉,開卷見蟾宮蟾宮垂奇彩文人夢此曰取秋解占春魁平人夢之未爲不吉,2388
卷之一,天象部,日月,名字在月中,此夢名題桂籍之兆常人夢之當有大貴之人出曰于其地病人當主名登鬼籙須急保禳乃無咎,2392
卷之一,天象部,日月,珍寶裝成月吉,群仙拱壽玉萃瓊圍利名之美妻妾之娛,2398
卷之一,天象部,日月,入月取寶吉求名貴于卯酉兩月,求利宜于西北二方也,2403
卷之一,天象部,日月,月裏有花,元月魯不花中式浙闈第一方掲曉試官夢月曰中有花,2411
卷之一,天象部,日月,月中折桂大吉占,,2417
卷之一,天象部,日月,蚌化月貞吉否凶,此乃冊𡚱爲后易妾爲妻之兆也,2423
卷之一,天象部,日月,麟生月殿大吉,,2429
卷之一,天象部,日月,月裏栽蘭大吉,仙窟栽仙種天葩散畹香,2433
卷之一,天象部,日月,蒼龍繞月吉,,2438
卷之一,天象部,星斗,大星明朗大吉,大星公卿之應明朗祿位顯也革故𪔂新欽曰天治曆夢此者當有正人扶持成國成家,2448
卷之一,天象部,星斗,星行動吉,新求利轉方求名遊學官訟别訴病者禳星孕防曰墮婚不成行人歸音信至閨中夢之主有媒至寡居夢之主有子女來探也,2454
卷之一,天象部,星斗,星行列整,星宿分位大君得臣主人𣸸僕也兄弟協睦妻妾曰安順子孫茂盛士人文章進益平人財利充盈,2459
卷之一,天象部,星斗,星辰散亂,星辰者群工象也散且亂曠官越爼直職辭曰朝主大臣憂危之兆平人作爲紛擾不順,2463
卷之一,天象部,星斗,星芒光彩,此乃光芒絢彩文章盛進之象女人得之子有曰文譽夫當榮顯五星聚奎太史奏賢人聚是也,2467
卷之一,天象部,星斗,流星墮地凶,流星體不寧墮地命應傾其人非所當官非旦夕曰臨流星主賢士墮地者凋謝之象有光主享貴,2471
卷之一,天象部,星斗,接大星如虹,孕生睿聖曰勿妄覬也,2475
卷之一,天象部,星斗,星如月明大吉,吉曜弘朗運命亨嘉文士夢此台階之輔曰兆無不慶天子養老尊賢俊傑在位之應,2481
卷之一,天象部,星斗,大星揺動隕地大凶,有流星隕地者主體不寧官訟至飛災來宜謹避曰之如王璵道,2485
卷之一,天象部,星斗,星月雲霞吉,君君臣臣父父子子夫夫婦婦兄兄弟弟團圓曰康泰之兆夢此者當有秀貴子孫以文章名世,2491
卷之一,天象部,星斗,流星入口中否凶流星者飛殃也入囗者閑非也主官訟不得辨明,疾病不能脫體財利爭競必費口舌惟文人孕婦曰大爲吉祥行人,2495
卷之一,天象部,星斗,巨星入懐大吉,,2503
卷之一,天象部,星斗,掌列星文大吉,,2509
卷之一,天象部,星斗,吞星吉,碧落沉沉𠊓太陽台芒入口異膏粱,2516
卷之一,天象部,星斗,星流不落貞吉否凶,流而復舍兆應遷移病人有救曰遠行未歸懷孕未產求利虚浮,2521
卷之一,天象部,星斗,足履星樞歩,北齊高祖高歡夢履衆星而行寤而自喜後果曰代魏爲帝夢此主爵位崇高威權在手之兆,2526
卷之一,天象部,星斗,三星照戶大吉,,2530
卷之一,天象部,星斗,星墮卧内吉,,2536
卷之一,天象部,星斗,大人星○或云此星即穀星,主五榖約三十六星春如衣冠拱立夏漸鞠秋漸曰俯以求秋成也農事畢則隱矣夢,2542
卷之一,天象部,星斗,文昌星大吉,兆主文明才名大利女人曰夢此夫榮子貴大吉昌也,2549
卷之一,天象部,星斗,手執斗杓吉,此兆執掌朝綱權傾四海之夢也如夢執曰星者女配貴夫僕投明主亦壽命之兆,2558
卷之一,天象部,星斗,立北斗下,,2562
卷之一,天象部,星斗,衣裾燦列斗象,,2566
卷之一,天象部,星斗,━━━━━━━━━━━━━━━━━━━━━━━━━━━━━━━━━━━━━━━━━━━━━━━━━━━━━━━━━━━━━━━━━━,,2575
卷之一,天象部,星斗,━━━━━━━━━━━━━━━━━━━━━━━━━━━━━━━━━━━━━━━━━━━━━━━━━━━━━━━━━━━━━━━━━━,,2577
卷之二,天象部,風雲,忽起大風大吉,,2594
卷之二,天象部,風雲,天上有風,,2598
卷之二,天象部,風雲,狂風驟雨,霪雨烈風怒號傾注主朝廷有威命號令常曰人夢之諸事有阻驚險沉迷謀作顚連之狀,2602
卷之二,天象部,風雲,風忽止,,2606
卷之二,天象部,風雲,風走砂石吹塵垢,風者動象走砂石地不寧也移徙則吉○又曰主有憂事下害上小害大奸邪閉正之象,2611
卷之二,天象部,風雲,塞外風起貞吉,行師防賊兵盗刧商賈疑强人擄掠親友生風訟曰事更端尤主邊方有警報應在西北地秋冬時,2619
卷之二,天象部,風雲,風送雲開見三光,風捲雲去無踪也光明亮運通達也夢此者當去曰暗投明否去泰生父母兄弟之間有喜事彩色,2623
卷之二,天象部,風雲,風捲波浪涌,此夢事主更變之象也風捲無定準浪生有曰波瀾交易訟事婚姻百事湏防變遷反覆,2627
卷之二,天象部,風雲,熱極凉風忽至士人科選之兆,求利者宜審人世炎凉相看閨中定有遠信病中曰定遇良毉訟者,2631
卷之二,天象部,風雲,風披頭髪吉,櫛風之微創業勤辛應之以德順天而行曰爲亂爲理豪有𫝑乗苟或自逞虞召災迍,2638
卷之二,天象部,風雲,當風飲酒吉,臨風飲酒曠懷樂意也人若夢此解悶曰消憂吉祥之兆也文士臨試夢之大利,2642
卷之二,天象部,風雲,神人驅風吉,此乃乗權迸惡之兆夢此者必曰有忠良除奸佞國泰及家寧也,2646
卷之二,天象部,風雲,風伯,風伯主灑塵夢此主憂疑釋外侮消更曰有貴人扶持家政清睦小人𨓤避之兆,2650
卷之二,天象部,風雲,風母出九德縣似猨,夢此主來日風起亦主陰人暗損小人窺伺曰恐有訟事無端而興宜遠慮謹防之可也,2654
卷之二,天象部,風雲,風送父母入雲端,風送不寧雲端仙兆也父母病中不宜夢此如曰父母巳故者主二親冥中超昇成果現靈之應,2659
卷之二,天象部,風雲,仕女乘風上吉,,2663
卷之二,天象部,風雲,祭風,,2667
卷之二,天象部,風雲,乘風身如飛貞吉否凶,夢此兆者馮虛御風輕身上騰之象必曰主病内損外熱否亦飄揚浮浪不佳也,2671
卷之二,天象部,風雲,大風中卧吉,兆主安穩承平○盛暑中夢此乃乘風之令應作曰事便易寒冷間夢此乃侵侮之兆宜潛修自𠈃,2676
卷之二,天象部,風雲,風吹人衣,風飄飄而吹衣意優游以忘懷夢者謝職歸曰田之象○和風吉烈風凶憂疑時憂疑解,2680
卷之二,天象部,風雲,巾幘風吹落地,此夢士人主變儒冠進袍服貴人主曰解朝衣歸田里常人主有讌會飲食,2684
卷之二,天象部,風雲,風送霞帔披身上大吉,霞兮帔兮披兮覆兮不日騰驤名譽彰矣婦曰女夢之主夫榮子貴釋道夢之主功成果證,2688
卷之二,天象部,風雲,風吹屋動或宮門殿門閣門開,,2692
卷之二,天象部,風雲,風發竈火大吉,,2698
卷之二,天象部,風雲,風撼樓閣欲倒凶,樓閣崔嵬忽欲傾綠知意氣實無情曰人間應有移家兆更隄門戶少人撑,2702
卷之二,天象部,風雲,風送舟車行大吉,是夢也名成利就訟勝謀通○舟車得風送曰而行乃舟車籍風力主作事有好人輔助,2708
卷之二,天象部,風雲,逆風掛帆,此夢凶中藏吉轉移之力求名問利先難後曰易事有反覆音信覊遲行人阻隔官訟宜和,2712
卷之二,天象部,風雲,風翻㮄文,文人夢此題名金㮄病者夢此錄籍幽冥曰餘皆美兆○謀事恐有翻覆難成之意,2716
卷之二,天象部,風雲,風飄經史入帝都吉,文傳內府譽著皇都士人得第之象○曰平人夢此必有親戚故舊得第高擢,2720
卷之二,天象部,風雲,風吹刀劔動,,2724
卷之二,天象部,風雲,風起金穴,金屬商主刑穴生風刑獄事發財將曰散也○考試夢此爲神助進取之兆,2729
卷之二,天象部,風雲,風送桂香大吉,桂秋花貴徵也送香㨗信也孕婦得貴子閨女配曰貴夫凡遇三秋之期當有天綠奇合意外隹音,2733
卷之二,天象部,風雲,風吹雙荷花落一蘃,,2737
卷之二,天象部,風雲,風吹花謝凶,,2743
卷之二,天象部,風雲,狂風吹折大樹大凶,夢此者䘮大臣亡妻子傷勇將損良僕卑幼曰兆此殃家長殞君親行商虧本謀望有阻,2747
卷之二,天象部,風雲,風吹松響吉,過雲開錦綉松響奏笙竿曰耳聽好消息眼望㨗旌旗,2751
卷之二,天象部,風雲,風發虎嘯大吉,,2755
卷之二,天象部,風雲,風猛雁行散,風吹雁散主兄弟友生分離飄散之兆又曰曰夫妻本是同羣鳥大限來時各自飛,2759
卷之二,天象部,風雲,風中蝶舞凶,浪蝶乎林飛狂風乎披擊夢此乎浮踪曰飄飄乎寄跡游無定準寄食他鄉之兆,2763
卷之二,天象部,風雲,風送𩿾烏飛騰大吉,鵬飛九萬斯蒙休之夢言士人君子曰主前程遠舉常人商賈主獲利他州,2767
卷之二,天象部,風雲,彩雲生吉,,2771
卷之二,天象部,風雲,雲散亂,動作輕狂虚游無實凡事有初弗克有曰成之兆經商者防財物耗散同夥異心,2775
卷之二,天象部,風雲,祥雲四起,可望事可求嗣可聯婚凡事四面皆有喜氣不謀曰自至機括現成官訟未結行人即囘士女有所懷不期而合軍兵有警必嚴而治,2779
卷之二,天象部,風雲,紅雲黃雲黑雲從地而起,,2785
卷之二,天象部,風雲,雲遮星斗凶,星移霧掩斗轉雲迷朦朧昏蔽之象也夢之曰者羣臣竊柄婢僕專權文名不進諸事淹留,2789
卷之二,天象部,風雲,衝開雲路走大吉,衝雲衢開天戶羣英莫敢争先凌曰霄翀漢之象餘者夢此皆爲吉兆,2795
卷之二,天象部,風雲,洞中綵雲貞吉否凶,别一洞天雲行彩繞名登金㮄位列瑶池孕曰生貴子婚配良人羽流兆此必仙家之侶也,2799
卷之二,天象部,風雲,慶雲覆身大吉,,2804
卷之二,天象部,風雲,黑白雲繞身凶,黑者色玄主陰白者色素主刑繞于曰身非有凶喪之故必主兵革之災,2808
卷之二,天象部,風雲,呵氣化雲飛,氣吐虹霓萬丈筆掃風雨千軍文士名楊四海營曰謀利取兼金凡事佳祥之兆也女人主有酒食,2812
卷之二,天象部,風雲,吞彩雲大吉,五彩雲吞九重澤被騰驤富貴學問曰聰明如張逈夢之而精雅道是也,2816
卷之二,天象部,風雲,神女行雲,夢此者主有美人求配貴女投胎之象也高唐曰事何幻巫女在山陽了得行雲趣朝朝髩帶香,2820
卷之二,天象部,風雲,兒乘雲起大吉,雲瑞氣乗之上達也夢此者子位台垣孫榮桂闕曰富貴莫及兆應宋文丞相大父夢一兒乘紫雲車,2824
卷之二,天象部,風雲,登雲貞吉否凶,歩雲飛漢夢此者求名成龍求婚跨鳳求利騎曰鶴凡事皆有向上之兆惟病人兆之未爲佳美,2828
卷之二,天象部,風雲,剪衣成雲,此夢雲想衣裳天孫爲織之兆主懷思美女宻約曰私期如老病夢之雲爲烟氣剪衣起烟大非吉祥,2833
卷之二,天象部,風雲,雲成壽字吉,夢之者介景福綏睂壽年同日月福比山河孕者曰生子以此名之必非凡器乃富貴福壽之徵也,2837
卷之二,天象部,風雲,靑雲生履上,足上生雲雲色靑靑文人際會病隔紅曰塵○主商賈得利有遠行事驛馬星動,2841
卷之二,天象部,風雲,雲捧日大吉,捧者拱也兆主臣補衮闕子舞斑爛曰女子夢之孕懷奇貴婚配英雄也,2845
卷之二,天象部,風雲,祥雲滿室大吉,祥烟萃于高堂瑞氣靄于深闥産賢孫于鳳曰穴騰貴子于龍門萬事豐亨富貴福澤之兆,2849
卷之二,天象部,風雲,紅雲起庭中吉,雲之物游無定也紅之色喜隹祥也居官曰遷位在舍移家大財將發奇瑞當來大吉,2853
卷之二,天象部,風雲,升雲梯大吉,,2857
卷之二,天象部,風雲,筆硯生雲,雲生書錦繡錦繡壓羣英○主文士文思曰泉湧筆花墨霧名世不朽學問日進之兆,2861
卷之二,天象部,風雲,乘雲至佛國,夢此兆者仙遊近矣素奉佛教者誠意所曰感當得樂界之分○當了父母之香願,2865
卷之二,天象部,風雲,撥開雲霧見靑天大吉,撥雲開霧佳兆也文人夢此名成平人訟勝曰商賈利益病者立愈此爲破暗求明之象也,2869
卷之二,天象部,風雲,拂雲見書文大吉,舞袖翻雲拂雲展卷上達兆也雲映書文書曰文明朗招賢象也主胷中渣滓去清虛來,2873
卷之二,天象部,風雲,玉中雲出貞吉否凶,兆玉逢凶化吉利貞君子多識前言往行以曰畜其德美玉發光結成祥雲亦得君之應也,2877
卷之二,天象部,風雲,雲飛化金錢,間卜之兆○此夢春夏則吉有天降曰之福意秋冬則凶有天降之災意,2882
卷之二,天象部,風雲,雲中牡丹盛開,牡丹屬陰富貴花也茂于雲中産鸞凰爲后𡚱也曰結而易散秀而不實主有姚黃之客貿利求名,2886
卷之二,天象部,風雲,雲護魚蛇騰上天,,2890
卷之二,天象部,風雲,彩雲化鳯集左肩,,2895
卷之二,天象部,風雲,雲成龍馬狀,,2899
卷之二,天象部,雷雨,大雷大吉,雷有聲名譽傳也在易爲震文明號令震驚曰修省之兆得此夢者主名利之客譽起業興,2907
卷之二,天象部,雷雨,雷從地起大吉,平地一聲萬物啓萌英雄遂懐狂愚警曰省當遷移應之○應試首擢文名冠世,2911
卷之二,天象部,雷雨,雷收聲貞吉否凶,此夢收歛𨓤藏之兆凡事宜三思而後作無曰咎遷移交易婚姻營謀不利文士聲名不起,2915
卷之二,天象部,雷雨,雷電風雨貞吉否凶,此夢可驚可危可修可省可遷可避可忍可止曰湏謹愼方吉貴人得之或又見蛟龍主大吉也,2920
卷之二,天象部,雷雨,雷起四方大吉,雷主名起四方馳四遠也坐賈行曰商交易暢利騰蛟起鳯名譽蜚英,2925
卷之二,天象部,雷雨,雷聲喧震關塞外,威震邊關行師大利英才得志此爲名振華曰夷聲聞四海之兆也君相夢此主邊疆有警,2929
卷之二,天象部,雷雨,江上聞雷,,2933
卷之二,天象部,雷雨,雷電光燭身,雷電火文明之象光燭身榮寵之臨祿位至曰矣婦人夢之夫榮子貴婢僕夢之家長顯達,2937
卷之二,天象部,雷雨,雷燒鬚髪去大吉,此解慮除煩之意功名大利財源盛獲出行曰遇貴人疾病散口舌消出頭高皓馳辨蘇張,2941
卷之二,天象部,雷雨,雷擊頭碎凶,警人修省之象官不宜見病者未痊功名不曰利爲商遇盗行人被阻出行受欺大不祥也,2945
卷之二,天象部,雷雨,雷驚失飲食,靑梅之會先主紿曹孟德使之如在夢中而自獲曰勝算今夢合之爲口食失濟之兆不爲吉祥也,2953
卷之二,天象部,雷雨,懼雷掩耳,灌耳姓名傳掩耳姓名湮○夢于春夏曰主作事退怯夢于秋冬主外侮不侵,2957
卷之二,天象部,雷雨,雷震子大吉,子受皇恩之兆凡人夢之未得子者必産麒曰麟巳得子者主登科第平人夢之主驟富,2962
卷之二,天象部,雷雨,人與紙丸作雷響,此夢虚驚不實凡事多說而少成反有驚恐曰家宅不寧交易不就凡百行事防有災傷,2966
卷之二,天象部,雷雨,雷震殿宇貞吉否凶,遷官起宅大吉殿宇動者見地雷霆降者有田地曰動成田墾闢田園富而益富得産進業之兆也,2970
卷之二,天象部,雷雨,鬼驅雷電凶,驅雷逐電皆爲不祥鬼隨雷去曰者魁名不能遂志凡事失意,2975
卷之二,天象部,雷雨,雷火燒身上衣,脫白掛綠之兆功名遂志營謀吉病曰人即愈官事大勝交易利酒甘食珍,2981
卷之二,天象部,雷雨,雷起龍門大吉,,2985
卷之二,天象部,雷雨,雷神,,2989
卷之二,天象部,雷雨,謝仙,,2993
卷之二,天象部,雷雨,神告死雷斧,,2997
卷之二,天象部,雷雨,雷擊樓房被火焚吉,攺門闢戶離祖更業遷移宅舍之兆夢之曰者財利驟益事業興隆光前而耀後也,3002
卷之二,天象部,雷雨,雷神繞室行吉,此夢皇恩頒賜封妻蔭子之象女子夢之配曰榮夫官事夢之得權力病者夢之遇毉扶,3006
卷之二,天象部,雷雨,懼雷避棺中,文明迅烈趨之者吉避之者凶避曰而入棺君命居官當官兢凛之象,3010
卷之二,天象部,雷雨,雷車轟轉至家,白日門前神者車天公飊發入萊居曰此生須恨稀人識猶幸轟霆爲我驅,3014
卷之二,天象部,雷雨,雷打木折凶,此夢主損口亡丁急宜禳解少者夢之喪父母老曰者夢之亡長子僧道夢之俗家凶貴人主失高位,3020
卷之二,天象部,雷雨,卷冊作雷篆文吉,金榜題名錦心掞藻之兆功名早就出師大曰勝表奏丹犀大吉祥也讀書者慧益才高,3024
卷之二,天象部,雷雨,聞雷讀易,有驚恐宜懴悔凡事自省種福無咎病曰人夢此了愿祈神即愈商賈有驚宜備,3028
卷之二,天象部,雷雨,雷開地見金寳,,3032
卷之二,天象部,雷雨,大珠內作雷響,珠內雷鳴異寳傳聲防子孫之殃口曰腹之害○主作事意外變動不成,3039
卷之二,天象部,雷雨,雷電隨虹去凶,雷有聲虹有形聲隨形去不吉之兆也功曰名遺落病入膏盲商賈食本凡事不利,3043
卷之二,天象部,雷雨,騎虎驅雷吉,功名大貴經商獲利交易成病者速痊事曰業更新百事遇寅年月日必主亨昌也,3047
卷之二,天象部,雷雨,雷雨蛇奮起,穴中濳蟄忽達重穹旣變變而化化復烈烈曰而轟轟榮顯臨祿位至病人夢者非爲隹兆,3051
卷之二,天象部,雷雨,被霹靂打大吉,此夢得天之力有德能當惟曰正獲吉否亦爲殃不可妄貪矣君子得之主貴人助力,3055
卷之二,天象部,雷雨,雨大如注貞吉,,3059
卷之二,天象部,雷雨,陰雨貞吉否凶,陰雨爲憂疑沉晦之象夢此者貴賤懷愁曰男女多悔凡事宜小心謹愼以求趨吉,3063
卷之二,天象部,雷雨,紅雨肉雨毛雨血雨,夢紅雨主陰人有災夢肉雨主赤祥夢雨毛主曰有黨人之禍或主明日得錢如雨血主有大禍,3068
卷之二,天象部,雷雨,雨聲如音樂吉,未遇夢之必聞㨗報未娶夢之必得良姻曰官事夢之必主全勝商賈夢之必獲大利,3072
卷之二,天象部,雷雨,久晴得大雨吉,否極泰來之兆功名大貴行人未至經營曰利交易通暢行路遇相知婚姻有良媒,3076
卷之二,天象部,雷雨,雨金雨粟吉,,3080
卷之二,天象部,雷雨,大雨井溢獻出錦衣貞吉,此夢錦衣故里寵錫天恩求名曰大貴經商滿載吉祥榮顯也,3084
卷之二,天象部,雷雨,細雨,凡事不成官事少吉病者不能痊經營不遂曰志行人不至祿位不臨口舌不明出行不利,3090
卷之二,天象部,雷雨,半天晴半天雨貞吉否凶,此夢南順北逆東敗西成凡事半喜半曰憂之兆營謀作事當得去暗投明也,3094
卷之二,天象部,雷雨,行路逢雨吉,游䰟所依宻雲得雨凡人夢此口腹沾濡當曰得酒食宴樂逢雨而身不行者隔一日應,3099
卷之二,天象部,雷雨,雨中登山凶,人在山上此兆爲凶雨中豈吉乎此乃曰險阻不利之象病者夢之西歸近矣,3103
卷之二,天象部,雷雨,大雨池水溢大吉,凡夢池井漲滿皆大吉之兆主大富貴經曰商十倍事事吉昌宅舍安寧財源大利,3107
卷之二,天象部,雷雨,行雨吉,借神之力倚人之勢陰中曰得力親友相扶事皆吉祥,3111
卷之二,天象部,雷雨,大雨中朝君,臀無膚其行次且包無魚以杞包瓜含章有曰隕自天遇而不遇之兆或霖雨蒼生之應,3117
卷之二,天象部,雷雨,雨中耕田吉,此夢大有之象天相吉人不求自至論財大利功曰名貴人相扶病人遇仙醫出仕者當雷州之任,3121
卷之二,天象部,雷雨,抱子雨中走隨父母行雨中凶,抱子者喪女亡兒小口災殃不祥之兆也隨父母曰行必主老人幼口損折之事諸凡謹愼修省爲上,3125
卷之二,天象部,雷雨,雨中遇師雨中現鬼,,3129
卷之二,天象部,雷雨,大雨淋身,,3135
卷之二,天象部,雷雨,披髪雨中行凶,朿髪者吉披髪者凶此夢陰私相擾鬼神見曰咎之象還愿無咎○主作事舛錯不利之象,3140
卷之二,天象部,雷雨,祈雨吉,太陽當空萬物皆亨此夢女子得之婚姻曰成男子夢之守孤獨病人夢之不藥而愈,3144
卷之二,天象部,雷雨,祈晴,陰巳盛陽欲開商羊舞祝融來疾曰,3148
卷之二,天象部,雷雨,迎婚逢雨吉,此夢乹坤將合忽逢潤澤夫婦必白頭相守父曰子必綵舞承歡兄弟必手足相扶吉祥之兆也,3153
卷之二,天象部,雷雨,雨中厮打否凶,此争恩奪寵之兆官事不明交易未定曰病者宜禳○主有失脫是非之咎謹之,3157
卷之二,天象部,雷雨,大雨中考試吉,應試逢雨不爲亨利夢中得之乃吉徵耳曰功名大利○蛟龍得雲雨春秋兩闈大利,3161
卷之二,天象部,雷雨,天雨忙奔欲尋躱,避難趨吉未爲不祥求名須扶病人投醫曰婚姻託媒出行擇伴訟事和解諸事皆吉,3165
卷之二,天象部,雷雨,雨中舞,此乃水裏狂游之象雖樂帶憂雖安藏險曰主凡事得意中須防失意樂不可極矣,3169
卷之二,天象部,雷雨,受雨入口以手承雨,雨入口飢餒之兆惟病者服藥則爲天醫曰賜澤其疾可痊也夢手承雨露隹祥立至,3173
卷之二,天象部,雷雨,在雨中飲食,錦衣玉食君恩賜宴之象在任必陞曰官致仕必起𠮥常人夢之亦皆吉利,3177
卷之二,天象部,雷雨,雨中戴帽,夢戴帽者爲加冠遷位大富貴也若値求曰名之時又爲不得出頭以沾恩潤之象,3181
卷之二,天象部,雷雨,雨溼衣凶,病禍臨身憂愁多悔此夢訟事不宜興争曰闘不宜勸病人不宜問交易不宜作保,3187
卷之二,天象部,雷雨,雨溼街道行脫履吉,脫離濘滯出步而行仕宦夢此旦夕高遷之曰兆病者愈經營利凡在禍患者皆得脫也,3191
卷之二,天象部,雷雨,大雨破墻屋凶,敗國亡家之兆○又曰士君子曰夢之主沾恩澤除舊更新之應,3195
卷之二,天象部,雷雨,雨中庭水泛大吉,此夢財利盈箱經商滿載萬事豐殷吉祥之曰兆也庭爲井井中有泉泉爲貨貨者財也,3199
卷之二,天象部,雷雨,坐獄中見大雨吉,此夢獄中夢之遇赦病中得之有良毉又獄禁錮曰之地値大雨不出之兆必待貴人力以應雨乃出,3203
卷之二,天象部,雷雨,張傘遮雨,,3207
卷之二,天象部,雷雨,雨中乘舟車大吉,簇我軿輪重羅覆身甘霖垂澍名利咸亨泛曰彼小艇載重帆輕零零四灑身世非眞也,3211
卷之二,天象部,雷雨,門外雨成波浪吉,此夢禹門浪激之兆士人得第仕宦得官常曰人得橫財婦人得孕無事不有吉祥來臨也,3215
卷之二,天象部,雷雨,硯上雲起成雨下吉,勺水起蛟之兆求名大貴交易有成婚曰姻必就營謀遂志○考試大利謀望成,3219
卷之二,天象部,雷雨,雨中使兵器凶,此象英雄困頓文不能施武不能展名不能曰揚功不能就也○洗兵欲韜兵也歛藏之兆,3223
卷之二,天象部,雷雨,赤雨凶,赤地千里災荒不雨兵火離散之象行人曰遇難作事遭阻也○夢此主有血光之災,3227
卷之二,天象部,雷雨,雨晴吉,虹銷雨霽彩散雲衢之象求名遇貴問利將亨官曰事主解憂事主散家道中興凡事否極㤗來也,3231
卷之二,天象部,雷雨,雨打書籍貞吉否凶,此兆夢于應試前後,3235
卷之二,天象部,雷雨,天雨落紙成文字吉,雨者水也水成文爲波也落于紙上曰爲伸紙揮毫也主文思波瀾之夢,3241
卷之二,天象部,雷雨,雨珠凶,,3245
卷之二,天象部,雷雨,雨水入宅化金銀,此爲驟富驟貧之兆諸事雖吉不能悠遠曰交易反覆宅舍遷移亦憂中生喜之兆,3249
卷之二,天象部,雷雨,雨下庭中捕魚吉,諸事遂吉功名得貴商賈得利訟事得勝曰婚姻得偶交易得就出行得食病人得愈,3253
卷之二,天象部,雷雨,雨中鶴舞雨中鷄鳴,,3257
卷之二,天象部,雷雨,雨中螢火貞吉,周羅星斗隱隱熒熒蔽野徹生如蟻如雲曰空中霖沛乍滅乍明孤陽未絕衰處謀興,3261
卷之二,天象部,雷雨,天大風雨龍騰起吉,飛龍在天利見大人功名顯貴頭曰角峥嶸衣錦還鄕吉祥之兆也,3265
卷之二,天象部,雷雨,大雨騎馬折花大吉,折杏攀花題名金榜金勒紫衣燈燭煇煌曰此爲登科佳配状元歸去馬蹄輕疾之兆,3269
卷之二,天象部,雷雨,雨點變花貞吉否凶,此夢孕婦夢之必産貴女男子夢曰之必得美妾披錦簪花之兆也,3273
卷之二,天象部,雷雨,雨中花鮮美花謝落,,3278
卷之二,天象部,霞電,明霞起大吉,,3286
卷之二,天象部,霞電,落霞光散凶,此兆曰暮無光夢之者晩景凄凉桑曰榆飄落作事不終疾病不吉之兆,3290
卷之二,天象部,霞電,彩霞光映身貞吉,霞照身寵臨名遂也孕婦生賢子處女配曰良夫臣𪧛恩寵降文士藻思多無不亨吉,3294
卷之二,天象部,霞電,吞霞,,3298
卷之二,天象部,霞電,霞照衣裾大吉,衣錦榮身之象有大喜慶生賢子得良曰友作事利謀望有益貴人靑盻之兆,3302
卷之二,天象部,霞電,桃杏開花襯霞色貞吉否凶,映祥光而桃艷襯瑞色以杏芳曰幹功名而得遂求婚媾以爲良,3306
卷之二,天象部,霞電,電光威閃,,3311
卷之二,天象部,霞電,電落山中吉,此乃憂煩解散之兆病人速愈官事緩口舌曰散若婦人夢之主墮胎或落澗中必生貴子,3315
卷之二,天象部,霞電,電光照人吉,功名榮交易利作事好出行遇貴人病者得良醫曰官事勝宅舍寧行人至酒食豐孕生子事無不吉,3319
卷之二,天象部,霞電,捉筆作書放電光大吉,,3323
卷之二,天象部,虹霓,天邊虹起,,3333
卷之二,天象部,虹霓,絳虹一名美人虹,夢之者主荒餒之象○又恐有私淫之曰禍女奪男權陰操陽柄室家欠正所致,3338
卷之二,天象部,虹霓,虹升天,,3343
卷之二,天象部,虹霓,虹斷貞吉否凶,夢此兆者謀事阻隔壽命不長凡夢虹者曰以紅赤爲吉黑白爲凶斷者大不祥也,3347
卷之二,天象部,虹霓,吞虹霓,虹霓雲雨乃現夢中食之孕婦主産剛强之曰兒文人主伸英雄之氣壯士主生戰陣之威,3352
卷之二,天象部,虹霓,赤飊起大吉,,3356
卷之二,天象部,霧露,黑霧迷身開復合大凶,黑霧瘴厲也惡氛也易曰迷復凶也有災曰青用行師必有大敗作事亦主阻隔難成,3364
卷之二,天象部,霧露,大霧中行貞吉否凶,霧中行行雲之意夢此者凡事皆有潤澤曰至如疾病未痊憂悶未散訟事難明失物不見求望不眀,3368
卷之二,天象部,霧露,霧迷宫室,此夢霧迷宮室乃烟繞屋宇之象家門防有囘祿曰之災也急須設醮祈禳保安轉𥚟爲福修省爲上,3373
卷之二,天象部,霧露,黃霧塞天凶,霧塞者天地不明日月不現夢之名不成利不就曰事隔絶也貴人主邊疆有警奸佞僣竊諸事不祥,3377
卷之二,天象部,霧露,手持布帛化大霧,朝非雲氣暮非烟來亦無踪去亦然曰嬴得妖氛九里布却令掌握有威權,3381
卷之二,天象部,霧露,露霧昏迷否凶,此爲蒙昧不明之兆凡事曰不祥不宜進前切須愼之,3385
卷之二,天象部,霧露,露溼衣吉,露者仁瑞之澤濃露溼衣吉祥之兆行路逢酒曰食婚姻佳偶商賈得財皇恩雨露喜慶異常,3391
卷之二,天象部,霧露,露滴花開吉,逢恩遇澤之象功名得際官事得助病者得曰毉經商得利交易得就出行得食怨女得夫,3395
卷之二,天象部,霧露,行露草中,,3399
卷之二,天象部,霧露,月明露下,此象不問男子婦人夢之者必有私情事曰至如夢甘露主沾恩澤生賢子家事殷庻,3403
卷之二,天象部,霧露,吸露貞吉否凶,餐靈受澤之象陽虚陰盛陽現陰消文士胸懷虚曰曠道人體骨清高病者必逢良劑下人必遇恩膏,3407
卷之二,天象部,霧露,露中行走衣履溼,,3412
卷之二,天象部,霧露,霜露消,,3416
卷之二,天象部,霧露,滴露成珠貞吉否凶,陰結爲陽虛變爲實柔轉爲剛小人夢之幻曰妄君子夢之吉昌露潤萬物成珠萬事有成,3421
卷之二,天象部,霧露,取露磨墨硯水溢,主文章進益毉理神明○天澤龍池相濟曰而麟髓佐之夢此者神明之妙所出也,3426
卷之二,天象部,霧露,露垂巾帽吉,,3430
卷之二,天象部,霜雪,霜露降下大吉,露降霜敷皇恩被澤士人夢之寵臨曰祿至常人夢之貴助賢扶佳祥兆也,3438
卷之二,天象部,霜雪,露結成霜霜成雪,,3442
卷之二,天象部,霜雪,踏霜早行,履霜堅氷陰氣始凝趨利乃吉徤愼則亨霜曰以殺物早踏行亦遇事坎坷謀爲艱難之兆,3446
卷之二,天象部,霜雪,筆頭霜結不可解凶,此象文人筆凛秋霜其餘兆此不可輕易曰作書慎之無咎作事不諧憂疑不釋之兆,3450
卷之二,天象部,霜雪,雪珠大下,雪成珠六歸一方爲員花結果但堅而易曰消夢此象者望有小財至防有小憂來,3454
卷之二,天象部,霜雪,雪飄吉,兆主病除煩解訟息憂消若經商夢曰之不能聚財謀望夢之不得遂願,3458
卷之二,天象部,霜雪,雪消貞吉,無煩無惱是天仙睍蜆來時陰氣濳曰縱是膏肓有𥪡子朝看勿藥自安痊,3462
卷之二,天象部,霜雪,大雪下大凶,此兆大不祥夢之者椿萱辭世手足曰分張夫妻喪偶子嗣遭殃切宜禳解,3466
卷之二,天象部,霜雪,山上雪堆,積憂聚悶之象商賈得之艮爲山山色如銀曰銀聚成堆大獲財利也父在堂恐有憂服,3470
卷之二,天象部,霜雪,雪積關隘不得進凶,文人夢之功名不遂武士夢之征曰戰難勝諸事有阻隔病者不爲殃,3474
卷之二,天象部,霜雪,有人雪中相訪貞吉,雪中三顧乃起臥龍此爲君臣相遇朋友相曰投陰陽會合之象,3480
卷之二,天象部,霜雪,冒雪歸吉,初九不出戶庭无咎六三不節若則嗟若曰无咎九五甘節吉往有尚初困終亨之兆,3484
卷之二,天象部,霜雪,雪中舞貞吉否凶,戲舞斑衣之兆老者夢之必生孝子順孫少曰者夢之必獲瞻父依母亦疾病脫體之象,3488
卷之二,天象部,霜雪,行䘮遇雪,兆主重喪大爲不祥若貴人夢之行喪之反爲赴曰官遇雪之反爲被澤必主遷權赴任占不一律也,3493
卷之二,天象部,霜雪,人呼看雪吉,天花瑞徵也呼名揚譽也賞心樂意禎祥之兆曰也陽春白雪寡和之調呼看則屬和有人也,3498
卷之二,天象部,霜雪,臥雪地大凶,雪而在地是爲陰地臥其中是爲陰中之陰曰夢此者文士虚名商人虚利家庭更有孝服,3502
卷之二,天象部,霜雪,雪落身上大吉,夢此兆者文士披綵武士更袍經商曰獲利婚姻成偶交易暢利諸事皆成,3510
卷之二,天象部,霜雪,雪人凶,,3514
卷之二,天象部,霜雪,吞雪,窨心汲齒之兆夢此者功名商賈諸事曰枉費勤勞防有閑非口舌六日内見,3518
卷之二,天象部,霜雪,雪飄體上成珠絡吉,天降佳祥之夢人若得之功名異路珠玉橫生凡曰事不謀自至病者雖纒身而無覊絆不爲凶也,3522
卷之二,天象部,霜雪,雪成宫殿凶,粉宫銀殿豈爲吉兆夢此者不宜遷徙曰不宜興造有親在堂恐有制服之變,3526
卷之二,天象部,霜雪,玩雪大吉,天花亂墜何紛紛幽人宴賞誰爲賔曰錦上添將成地六拈來詞句兆瓊林,3530
卷之二,天象部,霜雪,庭中積雪凶,兆主家有凶喪孝服臨身之夢宜禳解爲吉然積曰雪終消雖在庭中必不能久占作事有始無終,3534
卷之二,天象部,霜雪,擔雪送人吉,擔天花負地力獻良朋貢貴戚慶賀之兆也曰若夢人送至大吉雪花六出爲魁花應魁名,3538
卷之二,天象部,霜雪,煑雪凶,,3542
卷之二,天象部,霜雪,燃雪燈,雪見火消無剰也夢此者家道日減經營失利諸曰事不祥莫能盡述惟陰暗憂病之事又爲佳祥,3548
卷之二,天象部,霜雪,雪裏行舟,雪裏行舟與陸地行舟何異凡事難成也曰蓋雪本瑞物以之行舟不能寸進之兆,3552
卷之二,天象部,霜雪,大雪耕田,農家夢之當主田禾豐熟收穫倍曰常春耕時夢不吉秋成時夢有收,3556
卷之二,天象部,霜雪,弄雪化牛羊貞吉否凶,雪化牛羊成大𪔂文士夢之頭𧢲峥嶸魁曰名天下于丑未年月應兆居六六之數,3560
卷之二,天象部,霜雪,聚雪成玉石,吉夢也文人主懐竒抱瑾女子主孕鳯胎龍曰玉石堅固之物以雪聚成恐亦虚貴不久,3569
卷之二,天象部,霜雪,賦雪詩吉,,3573
卷之二,天象部,霜雪,梅花化雪飛,梅化雪凡作仙成雪陣舞層玄天香花𤼵曰之象梅暗香雪呈瑞此夢功名懐孕皆吉,3577
卷之二,天象部,霜雪,雪中現靑蓮花貞吉,兆主與佛爲緣化生彼土雪屬陰夢曰花原屬空花此夢必有空門之願者,3581
卷之二,天象部,霜雪,雪壓榖菜倒凶,榖爲食菜爲羮人之本也雪壓爲欺曰糓寒菜凍夢此者主有小人侮弄也,3585
卷之二,天象部,霜雪,燕子飛雪中貞吉否凶,玄禽兮春鳥舞雪兮飛高孕婦必生貴子曰秋元必獲春魁若父母有病不宜兆此,3589
卷之二,天象部,霜雪,雪作鵞鳬水上遊,鳬鵞性喜水水結成雪雪化爲鳬爲鵞以水曰濟水浮游無定虚泛無實凡事謀望不眞,3594
卷之二,天象部,霜雪,狗奔雪地吉,,3598
卷之二,天象部,霜雪,雪凍驢不行,,3602
卷之二,天象部,霜雪,雪成蛾吉,女子夢之招賢夫産秀女男子夢此納美妾曰買良婢借問廣寒曾有種人間留得雪蛾名,3606
卷之二,天象部,霜雪,蟹噴泡作雪吉,瑞吐虹霓之象蟹者解也甲也士人曰夢此主解首攅花黃甲驚濤之兆,3610
卷之二,天象部,氷雹,水結氷吉,財源結聚之象婚姻就交易成功名亨諸事曰吉昌水着點成氷凡事須争一點不可忽也,3618
卷之二,天象部,氷雹,氷觧,,3622
卷之二,天象部,氷雹,氷擁成山,易成易敗乍辱乍榮山勢崔峩可觀而氷山曰見日即消太陽一顯羣陰自伏不可恃之象,3626
卷之二,天象部,氷雹,立氷上與氷下人語,,3630
卷之二,天象部,氷雹,氷上行走,,3634
卷之二,天象部,氷雹,硯水爲氷,硯水成氷揮毫閣筆士人夢之功名不曰克大遂若婚姻事必成凡事小就而巳,3639
卷之二,天象部,氷雹,簷水滴成氷,此雖淹留濡滯之象而交易有成官曰事和解疾病夢之不吉婚姻有成,3643
卷之二,天象部,氷雹,敲氷渡舟吉,水解木通之象氷散爲水水生木木爲舟曰舟行水路往無不利凡事猛力向進爲上,3647
卷之二,天象部,氷雹,卧氷上否凶,此夢未爲吉祥陰消陽陷訟事夢曰之防陷縲絏病人夢之恐歸泉壤,3651
卷之二,天象部,氷雹,吞氷,入口消鎔此夢商賈徒自飱風宿露不能獲利曰謀事枉費勤勞病者夢之爲解煩消熱之兆也,3655
卷之二,天象部,氷雹,渡河水忽合吉,此兆婚姻夢之大吉宅舍安寧交易有成曰出行得遇凡事多成少敗吉祥之夢也,3659
卷之二,天象部,氷雹,弄氷作鏡照人影,鏡中之物但見而不能取何况氷鏡乎凡事曰皆不實若主試應試者夢之當有知人之遇,3663
卷之二,天象部,氷雹,梅梢結氷成珠吉,清香寒徹韻幽玉視我仙肌謾光燭曰夜明鼂采綴夭心未造暮齡綏景福,3667
卷之二,天象部,氷雹,伐氷出魚吉,王祥卧氷出魚救母今若夢之父母有病漸曰愈婦人有孕主生孝子經商有意外之望,3671
卷之二,天象部,氷雹,天雨氷塊亂打身貞吉,此夢婚姻大吉凡事恐有陰人相犯陰鬼相纒陰曰事相擾病者急保禳無咎訟者用貴人扶助方勝,3675
卷之二,天象部,氷雹,雹落田禾吉,此爲結實豐有之象農家大利餘者夢此事皆曰有獲也亦陰脅陽所致禾稼受傷夢之吉少,3679
卷之二,天象部,氷雹,雨雹凶,此乃傷殘花草之象夢此者萱親染患蘭曰女被殃諸剚防有損傷大宜修德轉移,3683
卷之二,天象部,烟火,烟雲四起吉,烟氣生四方名利馳四遠也夢此者功名顯曰家業興商滿載訟獲勝凡事興發通達之象,3691
卷之二,天象部,烟火,烟迷山徑不得路凶,此夢名譽不著謀望不通商賈不利壽命不長曰官訟不勝音信不來疾病不愈淹留不進之象,3695
卷之二,天象部,烟火,滿屋烟迷目,迷目不明也滿屋不寧也滿屋烟迷曰咫尺不見或奸邪掩閉或火燭之虞,3699
卷之二,天象部,烟火,口中氣出如烟吉,口吐烟霞胸藏雲霧文人大吉平人口舌消曰散經云邪氣客心則夢見烟火亦宜愼之,3703
卷之二,天象部,烟火,衣上烟起吉,烟從衣起名從身傳財從身發病從身曰生君子有當體之榮小人有切膚之患,3707
卷之二,天象部,烟火,吞烟貞吉否凶,主口舌紛争包承小人吉大人否亨包羞曰傾否先否後喜防有疾病臨身火光之禍,3711
卷之二,天象部,烟火,竈中烟大𤼵吉,此爲家業興隆之夢兆主衣食饒足富貴吉祥曰也又曰烟雲繚繞欝勃炎蒸百事昌熾之應,3716
卷之二,天象部,烟火,筆底烟氣騰雲上大吉,英雄捉筆烟雲生矯矯絶跡龍蛇騰曰驚眸閃眼抵不匝一天長嘯離成羣,3720
卷之二,天象部,烟火,出獵烟迷,,3724
卷之二,天象部,烟火,松頂放烟吉,,3729
卷之二,天象部,烟火,烟中鴉亂飛貞吉否凶,惡聲之鳥亂飛烟中災禍重重口舌官非之象曰兆應介子推白鵶繞烟之事又爲高隱馳譽也,3733
卷之二,天象部,烟火,空中火大發吉,火光大發陽氣所乘夢此者威聲大振家曰業大興經商獲利官事大勝諸事大吉,3738
卷之二,天象部,烟火,火光繞天吉,十人得朋名利交成易曰火在天上曰大有君子以遏惡揚善順天休命,3742
卷之二,天象部,烟火,野火凶,此夢盗賊蜂起奸佞羣生家國不寧之象曰火乃王氣見于其方則勝見于他地則衰,3746
卷之二,天象部,烟火,山上大火起吉,山上有火易卦爲旅旅覊旅也商賈夢此客曰邸興發官宦夢此祿宦高遷凡事尊光之象,3752
卷之二,天象部,烟火,老人送火至大吉,陰衰陽盛至尊垂恩之兆婚姻主女求男閨婦曰主夫遠歸病者主壽祿長家業主添丁進口,3756
卷之二,天象部,烟火,鬼神口吐火焰貞吉否凶,此夢鬼有鬼氣神有神威文人必中魁選平人曰家有虚耗病人當祀焰口鬼王餘防虚驚險事,3760
卷之二,天象部,烟火,身行火中吉,火者陽屬闢邪除穢也夢者主病曰即瘳身即發名即成貴人扶也,3765
卷之二,天象部,烟火,火驅車輪轉如飛,兆主氣轉新運轉亨利轉殷位轉陞家曰轉豐業轉興此爲恩綸飛報之夢也,3769
卷之二,天象部,烟火,火裏烏亂飛大凶,此兆帝王夢之邊關亂士庻得之家庭變夫婦失曰羣父子飄零紊亂災荒之象更防有火燭之災,3773
卷之二,天象部,烟火,取水澆火,水火旣濟豫防之象事事謹愼戒懼曰無咎心氣虚腎氣壯坎旣升離宜降,3777
卷之二,天象部,烟火,火滅凶,夢此者主家亡財散病入膏盲訟困縲絏不曰祥莫大焉仕宦夢此當有見幾明哲之思矣,3781
卷之二,天象部,烟火,見臍中火光起,董卓謀逆臍燈市耀夢臍有火是爲腹曰有光明惟正則生貴子不德必遭奇禍,3785
卷之二,天象部,時令,賀年吉,元旦令辰也夢此者不論往來主益壽延曰年之兆元吉凡考試經商皆有年相慶,3793
卷之二,天象部,時令,元宵賞燈大吉,此夢上元之節觀燈之會登元之兆也文士大吉曰餘者家業豐隆氣運亨通婚姻諧合骨肉團圓,3797
卷之二,天象部,時令,清明祭掃祖塋吉,耀祖榮宗之兆清明爲良辰令節展思曰一本得意者之爲也夢此見前人有光,3801
卷之二,天象部,時令,遊春遇雪,,3805
卷之二,天象部,時令,觀龍舟貞吉否凶,此兆非有虚喜必有虛驚浮而不實險而曰不害凡事皆宜小心謹愼應在木鄕午運,3810
卷之二,天象部,時令,大熱避暑入山凶,暑氣炎令也避之就寒氣也貴人曰兆此解組歸山若夏令夢之無妨,3816
卷之二,天象部,時令,穿針乞巧吉,人間乞巧天上佳期渡銀河入金穴也夢曰此者婚姻配偶財貨豐盈兆應七七之期,3820
卷之二,天象部,時令,中秋玩月大吉,此夢文章秋捷家室重圓之兆文人功名曰遂至女人孕秀女貴子也諸事吉祥如意,3824
卷之二,天象部,時令,重九登高吉,重九九重也登高高登也貴人夢此位佐九曰重士人夢之名高天下經商厚望訟事全勝,3828
卷之二,天象部,時令,登高雨阻,夢此兆者功名不能上達取利不能盡獲曰訟事息解病人漸愈立朝宜功成身𨓤,3832
卷之二,天象部,時令,寒凍吉,主炎運將囘否極泰來之兆寒爲歲曰之終凍爲陽之伏惟經商疾病不吉,3836
卷之二,天象部,時令,風雪中汗淋揮扇,風有令雪有光汗出不返扇以恩榮主上人曰恩命寵光不期而至謀不及謀望不虚望也,3840
卷之二,天象部,時令,除夕換符,此兆文人夢之攺門换閭光前耀後常人曰得之除遷居移舍事事隆盛氣運重新也,3844
卷之二,天象部,時令,━━━━━━━━━━━━━━━━━━━━━━━━━━━━━━━━━━━━━━━━━━━━━━━━━━━━━━━━━━━━━━━━━━,,3852
卷之二,天象部,時令,━━━━━━━━━━━━━━━━━━━━━━━━━━━━━━━━━━━━━━━━━━━━━━━━━━━━━━━━━━━━━━━━━━,,3854
卷之三,地理部,地土,地平曠大吉五方五色土居,中央至哉坤元萬物資始生生息息其利無窮夢曰此者富厚福,3875
卷之三,地理部,地土,賜茅土之地,,3898
卷之三,地理部,地土,地陷,,3902
卷之三,地理部,地土,地氣冲天,氣有五色紅黃逢良善靑黑遇强徒白主刑曰患赤主兵戈,3909
卷之三,地理部,地土,地開裂大凶,此夢土崩之象主公矦疾病主常人家業衰替人曰口不寧兄弟分居母妻有變奸雄鼎踞諸事不祥,3914
卷之三,地理部,地土,地高下不平,不平履險也夢此者主疾病訟不勝姻曰不成利不獲諸凡作事必艱難勞困也,3918
卷之三,地理部,地土,地動吉,兆主遷居移業攺舊圖新女人有悔,3922
卷之三,地理部,地土,京師吳越洛陽蜀川秦隴燕趙北戒南戒,,3927
卷之三,地理部,地土,居地土中大吉,物生于土人居土中處生地也,3931
卷之三,地理部,地土,人以地來降,梁武帝夜夢中原牧守以地來降曰吾爲人曰少夢此夢甚佳及矦景歸帝欣然納之,3936
卷之三,地理部,地土,掘地出土貞吉否凶,掘地人陰出土事動兆此者被人辱侮與曰人口舌易地轉土之象病者須告土保禳,3940
卷之三,地理部,地土,地下入地,純坤之卦利用陰私夢者恐有深入地曰府一重一罪之災急宜解禳鎭壓也,3945
卷之三,地理部,地土,入地見天日大吉,,3949
卷之三,地理部,地土,伏地聽雷,陽氣濳藏陰欲通震來𧈅𧈅喚東風曰側聽耳根消息到驀地一聲驚卧龍,3953
卷之三,地理部,地土,地凍吉,,3957
卷之三,地理部,地土,下地見鬼神貞吉否凶,地下冥府鬼神皆陰象夢此者西遊近矣諸事不曰祥若見鬼神而蒙釋放或許延壽算又爲佳兆,3961
卷之三,地理部,地土,地忽長桂花大吉,,3966
卷之三,地理部,地土,地下有蟻成陣,,3971
卷之三,地理部,地土,卧地上,,3977
卷之三,地理部,地土,立地上與地下人語,兩陽隔陰下陰有陽上陽有陰,3984
卷之三,地理部,地土,地上交合吉,陽之英兮陰之精陰陽媾兮地之靈曰兆生子兮開大業凡人夢兮私事成,3991
卷之三,地理部,地土,堂前地陷凶,,3995
卷之三,地理部,地土,掘地得金銀珠貝,平人主財名遂志女人主得奇男異女曰也,4001
卷之三,地理部,地土,地上行舟凶,,4006
卷之三,地理部,地土,將文書埋地,,4010
卷之三,地理部,地土,開地坑大凶,,4014
卷之三,地理部,地土,埋兒入地貞吉,埋兒得金天感其孝意外之福永言有道曰有子應試當得科第吉有子病夢之凶,4018
卷之三,地理部,地土,地生柳,,4022
卷之三,地理部,地土,滿地𤓰菜,此乃結實蔓衍之兆也夢者名利殷曰服子嗣森森田園暢茂婚媾通亨,4026
卷之三,地理部,地土,地上有宂見䑕入,子年月日必主遷移宅舍若曰病者屬本命生辰大爲不祥,4030
卷之三,地理部,地土,開土,,4034
卷之三,地理部,地土,開土見棺屍,病者最不吉訟者尤不祥惟農圃得此稻曰黍豐熟菜麥全𭣣也止見棺吉若見屍凶,4038
卷之三,地理部,地土,人自土中起吉,,4042
卷之三,地理部,地土,食土到地大吉,此夢主福祿綿綿無限有源之象貴賤男曰女老少得之者無不福至祿增亨昌大利,4046
卷之三,地理部,地土,夫妻同土中,寢則同室死則同穴豈爲佳祥哉曰若病者夢之須防不測愼之愼之,4050
卷之三,地理部,地土,塟棺木入土吉,此夢仕宦者官居地官營運者隨地曰得財爭訟和解疾病不祥功名大吉,4054
卷之三,地理部,地土,土塊大吉,土生金利象也人與塊得業也夢此曰者主創大業獲大財出行得酒食,4058
卷之三,地理部,地土,取土吉,兆主不意之中横獲財利謀望有成曰遷移大吉行路拾遺物婚娶得妻財,4062
卷之三,地理部,地土,行上土堆大凶,土堆塚墓之形也行于其上非吉兆曰也夢此者主病不瘳諸事不利也,4066
卷之三,地理部,地土,吞土,非穀非肉莫煿莫烹𠰸之語塞咀之舌曰耕夢此者宜謹愼省畏修德以囬之耳,4070
卷之三,地理部,地土,人送土至以衣包土,,4076
卷之三,地理部,地土,土傳頭上血,此夢黃來掩赤陰氣成凝之兆得曰圡得衆下人上附占主大昌也,4080
卷之三,地理部,地土,宅中土漸高起大吉,土漸高名位陞家業豊交易貴營謀曰利貴人來疾病除諸事興盛隆𤼵,4086
卷之三,地理部,地土,入土中吉,身入土安穩象也,4090
卷之三,地理部,地土,攢土上宅大吉,貴人食祿千鍾經商獲利無窮,4096
卷之三,地理部,地土,運土石入家大吉,土乃厚重爲富之徵石乃峻大爲曰貴之象運入家庭富貴逼人矣,4101
卷之三,地理部,地土,空中起土貞吉,夢此兆者祿位高陞喬遷新厦之占萬物曰生于土空中起土者空手成立之兆也,4105
卷之三,地理部,地土,團土作彈丸貞吉否凶,丸泥封關英雄偉志孕婦得子謀事望空求之曰得遂與人爭競有小利病人恙入泥丸愼之,4109
卷之三,地理部,地土,打土成鹿大吉,此夢仕宦得之必祿享地卿曰之兆庻人夢之無往不利,4114
卷之三,地理部,地土,魚跳土上凶,,4118
卷之三,地理部,地土,泥放寶光大吉,此夢地有光榮之象文人大貴市人巨富羽曰流證道緇服開山田家豊足凡事詳有土色,4122
卷之三,地理部,山水,山行大吉,,4130
卷之三,地理部,山水,須彌山,,4138
卷之三,地理部,山水,崆峒,爲山之望入夢乃財物虚花之占崆爲空峒爲同曰主營求不得客伴不祥惟修煉家兆之主得道,4142
卷之三,地理部,山水,大小鐡圍,極樂大千世界之地非曰奉信空教者兆此不祥,4146
卷之三,地理部,山水,遊五嶽人鳥蛾睂天下名山,凡夢登名山巨鎭俱高明顯達之象宜以曰方向時地及查古先聖跡而推兹不概詳,4150
卷之三,地理部,山水,開山,,4154
卷之三,地理部,山水,空山曠野,空曠乃利達之象山野乃往來之途曰兆主逺人來至凡事疏豁亨嘉也,4159
卷之三,地理部,山水,奔二山,此夢陷于囚獄者遇赦困于征戰者得曰脫病于床褥者逢醫事有扶助大吉,4163
卷之三,地理部,山水,上山捧日吉,,4170
卷之三,地理部,山水,山色雲籠,朦昧不明象也夢此者臨事必須謹愼斟酌曰徐待分明無咎一曰山出雲雲行則雨施吉,4178
卷之三,地理部,山水,升山墜地升至半山,,4183
卷之三,地理部,山水,山上流泉貞吉否凶,山上有水君子反身修德利見大人夢此曰官高祿顯獲利身殃必有扶助事貴也,4187
卷之三,地理部,山水,靑山大吉,少者夢之靑春佳偶才名遂吉病者返曰老還童壽無涯矣客旅夢之思鄉所致,4194
卷之三,地理部,山水,山有赤氣起吉,暑氣蒸人五穀生炎雲峻嶺突崚峋曰神移心膽遊旌指君子占之事得亨,4198
卷之三,地理部,山水,土山壞山谷崩裂山忽變平地平地成山,,4202
卷之三,地理部,山水,山上喚名,山頂相呼寵臨祿至利獲婚成英傑賢良神曰交心契山鳴谷應身濳一室名聞四達之兆,4206
卷之三,地理部,山水,上山恐懼貞吉否凶,靖共爾位受祿于天貴人夢之祿位至平曰人夢之福壽增惟婦人夢之非爲佳祥也,4210
卷之三,地理部,山水,山林中行吉,此兆商賈大吉餘皆獲利茂盛禎祥之夢高曰處行似吉以人配山仙也以人配木休也凶,4215
卷之三,地理部,山水,山上與人相見吉,,4219
卷之三,地理部,山水,登山欲墮人推上,屈而得升曰急中有救,4223
卷之三,地理部,山水,在山穴中大吉,兆主文士位躋帝居,4229
卷之三,地理部,山水,高山上有深阬凶,此夢爲危爲陷若露若藏不論富貴貧曰賤男女老幼僧俗凡兆之者必大不祥,4234
卷之三,地理部,山水,山上拜古人廟,維山有神維人有靈神靈之交係有所矜曰審其誰氏斯判妖禎凡夢得焉匪爲惡徵,4240
卷之三,地理部,山水,負山有力,此兆任大位握大權食大祿獲大曰利諸事亨通暢利威福赫奕也,4244
卷之三,地理部,山水,上山人扶手脚大凶,人在山上爲凶扶手扶脚爲曰何徵兆不病而西歸有期矣,4248
卷之三,地理部,山水,手拍山大吉,掌有權山有埶在位加官平人遇貴婦人主曰得榮華福祿之子僧人主住持興旺之基,4252
卷之三,地理部,山水,抱物上山,孕婦夢之大吉論財利高山從下而曰上更抱物懐中此先難後易之占,4256
卷之三,地理部,山水,遊山,,4260
卷之三,地理部,山水,環山奔吉,夢主國運中興家業重整婚事還成訟者復曰勝,4265
卷之三,地理部,山水,𬨶見高山吉,隱隱峰巒嵬嵬睇盻好事多成圖謀風便曰主凡事成就如雙親在堂主多壽之兆,4270
卷之三,地理部,山水,掛絲山上,此兆病人曰不宜夢之,4274
卷之三,地理部,山水,卧山上,,4280
卷之三,地理部,山水,鑿山開路吉,亨通進歩之兆夢此者文人曰上達啇賈運泰諸事吉祥,4284
卷之三,地理部,山水,山中飲澗,山下有泉蒙非我求童蒙童蒙求我再三凟瀆則曰不告于此飲之學問進益財利亨通但不可大望,4288
卷之三,地理部,山水,登山頂飲食吉,山頂絶高之地位登之以飲食其兆當共天位曰治天職食天祿非官卑祿薄者比百事皆吉昌,4292
卷之三,地理部,山水,山上掛冠,此夢居官主罷職居商主曰歸家乃安寧休息之象,4296
卷之三,地理部,山水,居住高山大吉,夢此者主益壽延年加官獲利文人曰異日當卓越人羣𣗳立不小之兆,4300
卷之三,地理部,山水,見山開户有宫殿,,4304
卷之三,地理部,山水,上山登塔,此夢高上登高土人得此連科及第位居曰極品若僧人夢此圓寂病人夢此昇天也,4310
卷之三,地理部,山水,驅山,此象主遷居移舍變產曰更業病人尤不宜夢此秦始皇驅山岳擬塞東溟嘗役鬼移之山𫝑欲動有人叱鬼以身扼崖石使不得去今崖上有肩披簪冠跡以手摩拭作古桂香云祖龍木仙枉用力駕海欲驅山下石神人倚住不與行留得巖前隱仙跡兆此奇夢更動異常,4314
卷之三,地理部,山水,山上穿井,,4318
卷之三,地理部,山水,山上對陣,,4324
卷之三,地理部,山水,山穴中得大筆,夢主壽𣸸永算士進長才應試大利立劵有曰益閨閤之中文廻蕙錦淄黃之客篆印靈機,4328
卷之三,地理部,山水,坐山上彈琴吉,美哉巍巍乎高山伯牙絶調鍾子知音主有曰知巳之遇文人有四遠馳聲同方向道意,4332
卷之三,地理部,山水,山中捕魚,,4336
卷之三,地理部,山水,上山讀書吉,聲傳空谷天恩頒赦,4343
卷之三,地理部,山水,山化銅錫金銀寶物凶,夢此者業消財散謀利曰成虚更防刑責不吉也,4348
卷之三,地理部,山水,耕山大吉,石田可耕衣食豊盈就此老農詢之占夢曰厥夢維何曰麥與禾堪以療飢神非形栖,4352
卷之三,地理部,山水,走馬上山貞吉否凶,凡仕宦從險中祿馬高擢商賈從險曰處獲利嬴餘凡事先難後易之占,4356
卷之三,地理部,山水,上山見羣牛吉,上山陞位也羣牛聚力也士人夢此頭角崢曰嶸女人夢之夫榮子貴餘者夢此皆爲吉兆,4363
卷之三,地理部,山水,山上斫木,,4367
卷之三,地理部,山水,泰山崩大凶,兆主至尊崩至親䘮若身曰居高位者則應在本身,4371
卷之三,地理部,山水,峰巒挺秀,峰巒山之頂也忽然挺出接雲漢也夢曰此者文人大貴應舉必居羣英之首,4375
卷之三,地理部,山水,丘陵頓高起,丘頓高陵忽起夷狄侵邊盜賊犯境也,4379
卷之三,地理部,山水,大水澄清大吉,夢此者貧而富賤而貴氣運亨通諸事曰吉祥士人清明在躬志氣如神亦致之,4384
卷之三,地理部,山水,飲水不止,飲不止利無窮水爲利飲爲通利通達來縱縱商曰賈夢之宜賽五路財帛有生有靑龍招利之事,4390
卷之三,地理部,山水,天下大水,,4394
卷之三,地理部,山水,水流汪洋,兆主氷泮河航新婚喜慶之兆財源曰來名譽溢憂事消凶事去壽命長也,4398
卷之三,地理部,山水,見流水有波聽流水有聲,,4402
卷之三,地理部,山水,水中見日月貞吉否凶,此夢功名,4408
卷之三,地理部,山水,水面雲起風起吉,波紋雲起文明之象,4415
卷之三,地理部,山水,水上虹升吉此蛟騰龍起之象,孀居子秀無子亦有意外寵榮也,4421
卷之三,地理部,山水,洪水,洪水大泉也,4429
卷之三,地理部,山水,溝渠水流大吉,此兆溝渠之水常流而不斷曰者夢主壽與山高福同流水,4439
卷之三,地理部,山水,水長浸城郭,論何城郭辨其吉凶守城之官邏城之曰卒或兆此者虞有不測之冦驟臨城郭,4443
卷之三,地理部,山水,水有岸吉,水有㟁舟有倚也夢者主有倚𠊓夾助吉祥曰亨通之兆水有岸爲洲當爲沙洲之主也,4447
卷之三,地理部,山水,水邊見女子,水邊女字爲汝女與子字爲好夢者事事曰佳美吉昌之兆也水邊相映主好事多端,4451
卷之三,地理部,山水,僧浴水中吉,此夢除煩去垢之兆盂蘭浴佛男女曰夢之當持齋受戒必有佛力扶持,4458
卷之三,地理部,山水,落水鬼,人落水爲鬼鬼落水曰思人夢者宜細詳之,4462
卷之三,地理部,山水,水上立,,4468
卷之三,地理部,山水,水上行走大吉,水上行神相佑也文人主有寵臨祿至曰必獲奇貨大財凡事貴人扶助之象也,4473
卷之三,地理部,山水,水中相毆鬥大吉,濡兮沫兮亭洶湧兮傷兮殘兮罹骨肉兮爲曰恩波兮寵光豈攘澤兮競良主奪寵爭恩也,4477
卷之三,地理部,山水,浴水中大吉,浴者淨也去舊垢更新運也夢主文章上曰達利獲無窮諸事咸亨如經商遠行愼之,4481
卷之三,地理部,山水,溺水,,4485
卷之三,地理部,山水,流水繞身,,4489
卷之三,地理部,山水,墮水中半身濕,沾濡恩濊,4496
卷之三,地理部,山水,衣被水濕,,4505
卷之三,地理部,山水,水中取菓食,此兆必得倘來之物意外之財,4512
卷之三,地理部,山水,水中拾釵貞吉,吉祥之兆未易之占釵者貧人娶曰妻荆釵裙布水中拾者諧魚人也,4518
卷之三,地理部,山水,水中浣衣帛吉,,4522
卷之三,地理部,山水,家中大水大吉,兆主兒女添增之夢財利生基業盛官訟曰解散疾病無傷壬癸之日主有喜客臨門,4526
卷之三,地理部,山水,大水驟至屋欲浮貞吉否凶,屋欲浮産欲去家欲移也夢者王曰驟貧驟富居處不常遷徙則吉,4530
卷之三,地理部,山水,以門作舟泛水中吉,家門飄蕩身得濟渡夢此者棄祖離家孤身曰撑立起業開基前阻後通先危後安之象,4535
卷之三,地理部,山水,水中流觴,王右軍集友蘭亭流觴曲水今人曰夢之主暮春之日有酒食宴會,4539
卷之三,地理部,山水,爭錢落水凶,金主刑落水無形也夢曰者刑消訟息安寧象也,4543
卷之三,地理部,山水,水中得金銀凶,虚利虚名無有實益之象兆主交易不成曰口舌之禍惟捕魚之人又當大獲財利也,4549
卷之三,地理部,山水,水洗古書,,4553
卷之三,地理部,山水,坐水中作文詞吉,詞源不竭物豈池中文人大利,4560
卷之三,地理部,山水,水中遇仙子,兆如龍宫遇龍種,4565
卷之三,地理部,山水,水面鷺鷥,絲絲織得水紋敉針線拈來大異常,4571
卷之三,地理部,山水,𧺆馬水上貞吉否凶,此夢火行水上坎離得位主有虚驚而無實曰禍,4577
卷之三,地理部,山水,水流如燕尾大凶,兆主夫妻分散父子分離親友曰分别臣叛奴逃大不祥之夢也,4583
卷之三,地理部,山水,入水捕蛇吉,水底源頭也,4587
卷之三,地理部,山水,水中大魚躍起,此爲魚化飛升之象,4594
卷之三,地理部,山水,蓮開池水清吉,池靣紅妆澄清映水,4599
卷之三,地理部,山水,井水流溢大凶,禍起穽中罹之者窮,4605
卷之三,地理部,山水,滄水使者,,4613
卷之三,地理部,山水,溪水流汨汨大吉溪水源源通達之兆文人夢此功名立效常人夢,之財利立到閨中夢之逺來音耗病中夢之壽增曰耋耄主事事遂懷也,4617
卷之三,地理部,巖石,登巖上石大吉,石巖巖位赫赫夢此者官上加官利中得利曰崇高富貴矣而得享盤石之安大吉之兆,4628
卷之三,地理部,巖石,入丹巖碧嶂求仙貞吉否凶,仙風何處宅丹崖洞府飄飄落綘霞曰寄語離塵烹煉客人人開得不凡花,4632
卷之三,地理部,巖石,峰巖嶮㟓,此夢氣運淹蹇營謀不利諸事阻絶不通曰之兆也凡遠行經商防陸路山徑之險,4637
卷之三,地理部,巖石,大石安地吉,家業安康壽源永固諸事佳祥無憂清曰泰之兆也經商營運本厚無虞次吉,4641
卷之三,地理部,巖石,大石柱大吉,此夢父母享年子孫賢秀貴爲棟梁曰,4645
卷之三,地理部,巖石,石人,夢在家者吉在野者凶又在家門爲鎭在丘墓曰爲𣗳表有虚名無實用作事有名無實之兆,4650
卷之三,地理部,巖石,移大石入屋宅大吉,大石人家必有大貴人至舍也營謀必獲曰大利家業必增大財吉慶佳祥之兆也,4654
卷之三,地理部,巖石,手弄小石吉,小石瓊瑶也夢此曰者多子多女多孫,4658
卷之三,地理部,巖石,定柱礎,家宅安人口寧財利穩基業成更主得撑持,4664
卷之三,地理部,巖石,進砂石大吉,砂裏有金石中有玉金玉兼進富而且貴之曰象夢者男子有堅貞之侶女人有剛介之夫,4669
卷之三,地理部,巖石,砂飛眯目,砂爲碎石眯目視不逺也,4673
卷之三,地理部,河江,至黃河源黃河清大吉,,4683
卷之三,地理部,河江,龍門,,4691
卷之三,地理部,河江,河神巨靈人名,夢此者皆大曰吉之兆也,4693
卷之三,地理部,河江,河水砂石吉,此夢男主文章進益女主妊孕佳祥凡交易曰多金疾病逢醫爲人師者當多得高足大吉,4698
卷之三,地理部,河江,開通河渠溝洫,諸道開通流動氣運更新交暢營謀作事無蹉曰遂意寛懐除暢凡仕宦文人商賈進益無量,4702
卷之三,地理部,河江,入河飲水大吉,,4706
卷之三,地理部,河江,河中水涸貞吉,河無水魚不生舟不行,4710
卷之三,地理部,河江,過河水吉,需有孚光亨貞吉利涉大川,4719
卷之三,地理部,河江,長江,順流者吉逆浪者凶,4727
卷之三,地理部,河江,江水瀰漫大吉,家豊國泰氣運亨新出仕進取有乘長風破曰巨浪之意經商身主財利盈滿如意之兆,4733
卷之三,地理部,河江,江中石柱起吉,江中有岩中流砥柱夢此者當有台元之位,4737
卷之三,地理部,河江,江水如血,水性清白如血者變火色也主有血曰光之災或火症𤼵諸事不祥宜禳解,4743
卷之三,地理部,河江,波浪湧凶,此爲驚疑憂困之象商賈爭訟乘舟曰駕馬皆有驚恐凡事宜謹愼無咎,4747
卷之三,地理部,河江,波濤洶湧舟如飛貞吉否凶,驚恐飛揚之象夢此者險而有助曰無咎主心氣虚腎氣旺肝氣乘也,4751
卷之三,地理部,河江,問渡,命運將通意外扶濟之兆遇時訪道女子夢曰之當有丈夫遠信至有疾遇醫有訟官剖,4756
卷之三,地理部,湖海,遊五湖,,4764
卷之三,地理部,湖海,湖中雲起吉,此夢水生雲霧雲映波光祥瑞之兆也利曰外益利喜中生喜婦人夢之主有閑氣,4768
卷之三,地理部,湖海,湖中大戰,,4772
卷之三,地理部,湖海,湖水冲天起,此夢文人得之連登甲曰第祿位高遷平人驚恐,4777
卷之三,地理部,湖海,海上坐盆,齊後主高緯母夢于海上坐浴盆日入曰裙下遂有娠五月五日生後主于邸舍,4783
卷之三,地理部,湖海,泛海張帆大吉,,4789
卷之三,地理部,湖海,海水忽涸凶,海水難竭夢之者當有奇異之災不祥之曰事惟好酒者夢之當主戒飲延年吉兆也,4793
卷之三,地理部,湖海,海中日昇,海日高陞平人文士仕宦僧道九流天不平曰地高升横財𤼵祿太陽起于太陰之兆也,4797
卷之三,地理部,湖海,浴池照影見鱗角,成龍魚化之象文人夢此題名金㮄折桂蟾宫貴曰人夢此位登極品如鄭獬得之而選鼎元之類,4801
卷之三,地理部,城市,登城大吉,,4809
卷之三,地理部,城市,城上雲霞起吉,,4817
卷之三,地理部,城市,上廣陵城,,4824
卷之三,地理部,城市,雷電環城貞吉否凶巡守夢之防,有驍騎猛將猝然攻城凡事當小心謹愼不可忽曰也,4830
卷之三,地理部,城市,城毁凶,城郭傾毁家庭變異之象若夢此曰者蕭牆禍起門屏災至不祥難述,4837
卷之三,地理部,城市,修築城垣吉,重修基宇再整門牆之兆夢此家業亨曰通商賈獲利遷移宅舍攺業更基也,4841
卷之三,地理部,城市,見大將守城,兆主他人得𫝑之夢容入乃吉見拒則凶惟曰王者夢之主有干城之助餘夢此俱不爲利,4845
卷之三,地理部,城市,城門開無數鬼出,,4849
卷之三,地理部,城市,城外軍至,兵冦至城門閉𭣣歛固藏之象也夢此者士不宜曰官居不宜遷商不宜市訟不宜爭修省祈禳可也,4854
卷之三,地理部,城市,城上哭貞吉否凶,此夢平人主遠行女人主孤宿訟者夢之曰防坐謫戍之科貴人夢此主城垣失守,4859
卷之三,地理部,城市,身卧城樓,城樓不寧之所宿其上者勞辛象也夢此兆曰非佳美若貴人夢此戈横戟動身被刀兵,4864
卷之三,地理部,城市,城上懸頭以手取吉,頭者首也取之大吉文士夢此必登魁首戰士曰夢之必錄首功商賈夢之交易必成首獲大利,4868
卷之三,地理部,城市,登城飲酒凶,城垣禦冦豈高人雅士遊玩飲宴之地乎曰夢者主家業消散若兵戈亂時夢之乃吉,4872
卷之三,地理部,城市,遊城見宮殿樓臺吉,升之高環之轉旣壯麗亦巍絢遊其都當移椽曰莫安土之别縣黃冠士成仙苑靑衿子登金舘,4876
卷之三,地理部,城市,上城彈琴吉,兆主高士知音良朋盟契,4880
卷之三,地理部,城市,城上拾玉帶三條大吉,夢此士人位列三公常人子嗣連登伯曰子貴仲子賢季子秀翩翩三鳳齊鳴,4886
卷之三,地理部,城市,滿城旌旗軍器,兵臨將守之象,4895
卷之三,地理部,城市,城外四面掘深溝,藏隱高深四方環護夢此征戰爭訟諸事曰不宜懈怠賈人不能遠出內外隔絕之占,4901
卷之三,地理部,城市,城上有棺吉,城者高阜也棺者官也仕人主遷官高職曰平人主財利充盈疾病必愈大吉之占,4905
卷之三,地理部,城市,城上金碧如寶石,此夢成金成玉財利環圍平人夢之富足光彩貴曰人夢之官祿寵要僧人夢之化城說法佛力扶持,4909
卷之三,地理部,城市,城外有城,城外城廓也凡夢此兆諸事皆有就緒皆有曰防護主郭姓之人際遇會合成其美事也,4913
卷之三,地理部,城市,入地下有城圍凶,地下之城冥府鉄圍也但見而不入或入而得出曰猶可若夢入之病者西遊訟者幽囚大不祥也,4917
卷之三,地理部,城市,城上種松柏楓檜,松者成公柏者成迫楓者成風檜者成會各因曰其種隨事詳之老者夢此佳城種𣗳凶兆無疑,4921
卷之三,地理部,城市,鳳鳴城上貞吉否凶,兆主其地有聖賢出世鳴非其地生不逢時曰耳鳳鳴于城文人聲聞四海商賈財利四集,4925
卷之三,地理部,城市,騎馬環城走吉,遊街帝都之兆文人夢此掛名魁首跨曰馬遊街武士夢此戈鳴戟動走馬邊彊,4930
卷之三,地理部,城市,持兵器攻城門貞吉否凶,此夢攻破則得利弗克則失意其功名商曰賈爭訟征戰俱按此推之吉凶可知矣,4934
卷之三,地理部,城市,大蛇繞城吉,匝蛟龍于棘闈卧英雄于外閫文士變曰化有待經商腰纒萬貫病人不吉之兆,4939
卷之三,地理部,城市,龜出城,兆主城中有高年之叟命數巳絕辭世而去曰也門有龜成𨵜凡事當拈𨵜者必主吉兆,4943
卷之三,地理部,城市,身鎭關隘,身鎭關隘當大任也夢此兆者主曰官高位顯平人則主受人重托,4947
卷之三,地理部,城市,虎牢關,穆天子射猿擒虎畜之東虞是曰曰虎牢秦以爲關兆主兵戈起,4951
卷之三,地理部,城市,塞外草枯,,4955
卷之三,地理部,城市,入市交易大吉,市井居商寓賈送往迎來入貨出貨長利生曰財福地也于中交易獲利之夢主家業富足,4959
卷之三,地理部,城市,市中𤇆火起吉,此兆商賈夢之生涯隆盛利帛盈箱,4963
卷之三,地理部,城市,市買海中貞吉否凶,海市奇觀珍寶所聚夢中市買浮曰名虚利文士夢之主文思進益,4968
卷之三,地理部,城市,行閙市中吉,,4973
卷之三,地理部,城市,鬼市交易,此夢經營無利仗托非人交易欺誘疾,4979
卷之三,地理部,城市,爭市厮毆吉,商賈經營之兆,4988
卷之三,地理部,城市,賀人開市肆,賀人開張市舗彼實我虚不爲佳曰美,4993
卷之三,地理部,城市,市街撒污,夢街市有污污及于身獲利大吉曰若夢自撒之失財散利未爲佳美,4998
卷之三,地理部,城市,市買牛羊肉吉,丑未二支年月日時望外之利不得曰而辭或有酒食或有口舌爭𧢲事,5002
卷之三,地理部,城市,往市裏買冠袍求珠寶異物,,5006
卷之三,地理部,城市,市中易筆大吉,此夢易人利頴主文章進益功名顯貴女子夢之曰子嗣聰明若以筆易物科塲落魄不祥之兆也,5010
卷之三,地理部,城市,市中虎闘否凶夢主虚驚無害,忍而謹愼女子夢之主兩家爭聘二子爭雄男子曰主有官訟,5014
卷之三,地理部,城市,市中樓房高煥吉,,5021
卷之三,地理部,城市,乘舟過市坊,,5028
卷之三,地理部,城市,市買米榖歸入倉吉,米積陳倉豊餘充足家曰業興隆永壽安康之兆,5036
卷之三,地理部,城市,入市被犬咬頭吉,,5040
卷之三,地理部,城市,市合大吉,市之合夢之悅貴之占富之業事之成曰謀之决告君子非誑說喜慶來不終月,5045
卷之三,地理部,城市,過市中人紛碌吉,酒食豐需之兆女子夢之主來日天雨曰有客至家供以酒食財利亨通之兆也,5049
卷之三,地理部,城市,遊市飲酒吉,,5053
卷之三,地理部,城市,從市中出夫妻入市,,5059
卷之三,地理部,城市,以書籍易琴吉,文章遇合知音見賞之夢也二王相並一曰木孤撑貴人夢此縱横如意解愠阜財,5063
卷之三,地理部,橋路,上橋吉,,5071
卷之三,地理部,橋路,駕橋升天貞吉否凶,駕接銀河之象文人夢此雲路天梯病者曰夢此仙航鬼歩商賈夢此得良伴有大利,5077
卷之三,地理部,橋路,橋跨大河大吉,揷地成虹跨大河擎天作柱有恩波曰權高萬姓歌周渡不用憂虞福澤多,5082
卷之三,地理部,橋路,橋上人接引吉,此夢名成利取病愈婚合訟勝商利主諸事曰有扶持救濟交亨之象私期暗約不謀而至,5086
卷之三,地理部,橋路,人携自手上橋梁,兆主妻妾懷孕育貴子作棟梁生秀女成鸞曰鳳富貴佳祥之夢也兼有貴人提㧞之兆,5090
卷之三,地理部,橋路,渡過高橋貞吉否凶,久病遇良醫之兆若半渡曰之間或折斷或身墜大凶,5094
卷之三,地理部,橋路,橋上呼喚吉,,5101
卷之三,地理部,橋路,造新橋吉,橋成事濟也夢之者往來和曰合福德康寧喜生祥降也,5105
卷之三,地理部,橋路,橋上飲食,下虚上險不得家食之兆主家業飄零浮踪浪跡曰也若現居官位者則爲高登王路曲賜天祿之兆,5109
卷之三,地理部,橋路,橋下過吉,夢此者光彩明亮河水順流諸事大曰吉若暗昧不明水混風波不祥也,5113
卷之三,地理部,橋路,脫履過橋欲動,夢此者文士足下生雲指日高升遷舊曰移新疾病退喜事逢平人主逺行之兆,5117
卷之三,地理部,橋路,橋上有亭樓否凶,虹形蜃氣虚浮無實之徵夢者主交易不成婚姻曰難就豎造不久家宅不寧事事小心謹愼無大咎,5121
卷之三,地理部,橋路,橋上開肆凶,酒肆之中不論賢愚貴賤有錢爲客夢此曰者妻女懷私口舌交至勤苦勞辛之象,5125
卷之三,地理部,橋路,乘車上橋馬飛𧺆,,5129
卷之三,地理部,橋路,持鎗立橋吉,此夢乘高有威凡人得𫝑之兆武士主戰勝曰論功文人主應試報㨗平人百事有利大吉,5135
卷之三,地理部,橋路,金銀造成橋,,5139
卷之三,地理部,橋路,𧺆過獨木橋吉,,5143
卷之三,地理部,橋路,清水橋,,5147
卷之三,地理部,橋路,登橋折花否凶,士人夢此廣寒攀桂登雲象也,5154
卷之三,地理部,橋路,竹橋凶,此夢浮動不寧之兆,5160
卷之三,地理部,橋路,驅羊上橋吉,此象主未運亨通未年富貴,5165
卷之三,地理部,橋路,群鵲聚成橋大吉,,5170
卷之三,地理部,橋路,橋成大蛇橫跨起貞吉,騰蛟起蜃跨海升天之象,5178
卷之三,地理部,橋路,橋被火燒橋濟渡處也火,聲熖物也火來尅木其下有水人不能行主逺行曰未歸遠信不到也,5184
卷之三,地理部,橋路,橋上生草,主凶年之象病危者之占愼之愼之橋生曰草罕人行也當主行事不成中多阻隔,5195
卷之三,地理部,橋路,橋壞折凶,兆主口舌相爭官訟相連經商流落病者,5199
卷之三,地理部,橋路,橋斷忽接,橋兩截不得渡斷復接運轉通凡百事𮕩曰而再興敗而再成隔而再通絶而再續,5205
卷之三,地理部,橋路,橋柱折毁大凶,柱折則橋傾往來絕矣老者夢之損曰子孫少者夢之喪父母諸事不祥,5209
卷之三,地理部,橋路,道路平闊吉,路濶宜藏市塗平利渉塵紛紛貿易子曰兆此滿懷春主營謀得志財利稱心,5213
卷之三,地理部,橋路,路險隘貞吉否凶,險者陷也隘者狹也夢此險阻艱難之象主來日曰有虚驚閑氣憂事相侵宜小心謹愼方得安寧耳,5217
卷之三,地理部,橋路,路絕得通大吉,兆主阻復通失復得負復勝死復生散復聚曰往復來商賈出行大利囚獄之中更爲吉占,5222
卷之三,地理部,橋路,路迷,,5226
卷之三,地理部,橋路,大路裂陷凶,此夢商人失財利士人䘮功名訟者陷牢圄病者曰久床褥男女夢之婚姻不美往來隔絶主凶兆也,5230
卷之三,地理部,橋路,人指路吉,兆主大吉凡事有薦引扶助謀成曰利就亨通遂志進前達逺之象,5234
卷之三,地理部,橋路,見路四通大吉,兆名兮四馳兆利兮四達文人大吉平人大利若曰有可危之事者急須走避當得亨通無阻隔也,5238
卷之三,地理部,橋路,岐路難進,此夢主謀事不决營利曰不明憂疑不進之象劉迅大賈也將往漢沔貿易舟泊江于忽夢路岐不能前進遂止舟不行是日晴明忽起風濤同行蚤𤼵者皆𮞸覆溺兆貴靈悟如此,5242
卷之三,地理部,橋路,小路幽暗多轉曲否凶,氣運不通事多險隔愈轉愈幽再謀再失曰輾轉崎嶇萬事窒塞若忽然明亮者大吉,5246
卷之三,地理部,橋路,行路漸高亮大吉,此兆文人夢之位漸高運漸通市人夢之業漸興曰家漸隆謀成訟勝事事吉昌或忽低暗者不佳,5250
卷之三,地理部,橋路,路中得財吉,,5254
卷之三,地理部,橋路,門墻路缺陷,牆缺者有出入路陷者無往來主諸事曰不成之象富家夢之主門戶衰基業壞,5260
卷之三,地理部,橋路,去路不得囬凶,浪跡浮踪之象夢之者夫妻分别親友分離曰運不亨名不通病不愈商不歸大不吉也,5264
卷之三,地理部,橋路,開路吉,爲各足兩家同富兩人異途老人夢之防有䘮殯曰之行,5268
卷之三,地理部,橋路,灑掃道路,,5274
卷之三,地理部,橋路,街道泥濕荆棘凶,吉商客之家防有小人𥨸刼路途之上大宜小心曰勿忽,5280
卷之三,地理部,橋路,大道中來往大吉,踏大道履坦坦往來和合謀事暢滿曰夢此凡百大爲亨昌吉利病人即愈,5286
卷之三,地理部,橋路,遊行郊野吉,郊野稀人曠達之所遊行其間夢主曰高人有疎酒之懷女人有尋春之樂,5290
卷之三,地理部,橋路,郊外烽煙大起,奸雄竊起盗賊羣興之象帝王夢之邊塞不寧士曰庻夢之家宅不寧兵將夢之防有猝然之宼也,5294
卷之三,地理部,橋路,出村沽酒,信步離家逐野光逺帘高挿指漁郞曰濁醪沽得春無限遍地風光萬斛香,5298
卷之三,地理部,橋路,村中相毆罵,近鄰相扶相助若素與鄰家有隙者又主有口舌曰爭鬥三日内應,5302
卷之三,地理部,橋路,空野無人,凡事謀望落空疾病難痊曰婚姻不成遠行驛馬動,5308
卷之三,地理部,橋路,坵墟掃去荆棘吉,此夢運道中興才學漸進家業先衰後旺文𠙵章先鈍後通在朝除奸去佞在路剪盜鋤惡,5312
卷之三,地理部,橋路,丹行見兩㟁漸起貞吉否凶,此夢夾㟁舟行兆主兩鄰欺侮岸漸高舟愈下也曰夢者文章未達病人未痊牢獄未出諸事愼之,5316
卷之三,地理部,田園,置田地大吉,貴人夢此祿位高陞市人夢此家業中興曰婦人夢此子嗣翩翩老人夢此福壽綿綿,5325
卷之三,地理部,田園,種田寛大大吉,此兆年豊國泰人慶家寧位遷祿曰厚事業殷盛亨通吉祥之夢也,5329
卷之三,地理部,田園,天神下種田地吉,天種神栽育貴秀獲金珠凡曰事扶助興隆之象夢此大吉,5333
卷之三,地理部,田園,海邊耕田,,5339
卷之三,地理部,田園,見人種田吉,人種田土生谷谷者祿也祿隨位授文曰人夢此主位祿來臨之兆餘亦爲祥,5346
卷之三,地理部,田園,自耕田吉,兆主出行之夢經商有財帛親友往來主酒曰食豐需平人夢此妻妾懷胎家業豊盛也,5350
卷之三,地理部,田園,田中大哭貞吉否凶,于田號哭大舜之孝當有不明曰之事急宜解禳符鎭無咎也,5354
卷之三,地理部,田園,賣田,,5359
卷之三,地理部,田園,繞田拍手大笑大凶,拍手空手無存也懽笑反爲哭泣也夢曰此者家業散凶悲哀將至大爲不祥,5365
卷之三,地理部,田園,平地開田,此夢滋財育利之兆白地開田曰夢之者主氣運亨通家業益增,5369
卷之三,地理部,田園,耕田雨下吉,,5373
卷之三,地理部,田園,山中農田耕稼,此夢不耕于土而耕于山爲處高豐碩之兆曰艮止生𤼵之占但農家夢之主歲旱歉𭣣也,5377
卷之三,地理部,田園,田中枯骨凶,,5381
卷之三,地理部,田園,田邊飲酒貞吉否凶,主酉日有雨西方水至歡呼大樂也,5386
卷之三,地理部,田園,田中大水至,此兆夢于春秋凡事有不求自至曰吉祥亨遂,5393
卷之三,地理部,田園,田旱,田旱土無水也,5398
卷之三,地理部,田園,張惟田間卧凶,帷者羅象田間獵地夢此者不宜征戰不曰宜官訟不宜商不宜病不宜遷移動作也,5406
卷之三,地理部,田園,田中鑿井吉,,5410
卷之三,地理部,田園,行舟田中㟁移走否凶,田乃五穀之所產岸乃田之疆界也舟曰行田地圩岸傾頽大水滔天之象也,5414
卷之三,地理部,田園,掘田得金銀寶石吉,掘者耕也寶石金銀結實豐盈象也夢曰之者諸事獲利農家夢此其瑞異常,5418
卷之三,地理部,田園,田中圍獵凶,主天下兵荒之象農夫夢此曰更爲不宜兆主禾麥無𭣣,5424
卷之三,地理部,田園,耕田讀書大吉,且耕且讀務本之象必曰名利𩀱全大富大貴也,5428
卷之三,地理部,田園,使喚工人種作田,,5432
卷之三,地理部,田園,𭣣田禾吉,,5436
卷之三,地理部,田園,驅牛犂田畆吉,,5440
卷之三,地理部,田園,田中群䑕凶,鼠乃耗粮食粟之物田中豈宜群聚哉此夢曰主散財生禍子年月日夢此不宜置買田產,5444
卷之三,地理部,田園,見田間龍掛下,見龍在田利見大人天下文明之象曰得此夢者身離泉石牧民于天下也,5448
卷之三,地理部,田園,田中生草吉,,5452
卷之三,地理部,田園,入菓園吉,此夢食之不盡曝之不禁種種結秀樹𣗳芬芳瑞曰,5456
卷之三,地理部,田園,上天遊園貞吉,遊踪于上苑玩景于天關士人曰夢此登龍門女子夢此配豪閥,5461
卷之三,地理部,田園,山園菓木茂盛吉,,5466
卷之三,地理部,田園,園中遇鬼凶,,5470
卷之三,地理部,田園,花園宴叙否凶,,5474
卷之三,地理部,田園,園中鞦韆,,5478
卷之三,地理部,田園,遊園遇美女吉,穿花踏翠䄄尋芳驀然遇粲彼麗姝仙天緣意曰外至夢此者主有無媒之姻契野合之奇逢也,5482
卷之三,地理部,田園,園中遇男子贈物吉,投桃贈玖表情留意也女子夢此曰秦晉偶伉儷諧孕賢良產俊傑,5490
卷之三,地理部,田園,遺釵鈿園中大吉,此夢女子兆之主失財利獲姻緣曰一憂一喜意外吉祥不可詳述,5494
卷之三,地理部,田園,園内坐地抽百草,,5501
卷之三,地理部,田園,園中亭榭新焕吉,新者變換也煥者光明燦爛也士人曰夢之攺門闢戸易舊更新富貴象也,5505
卷之三,地理部,田園,園中讀書彈琴玩月歌舞吹彈貞吉,,5509
卷之三,地理部,田園,園中登假山峻巧,假山人力也雖秀而不峻雖巧而不久曰夢者主目前小有所就當無遠大之圖,5513
卷之三,地理部,田園,園池内乘船遊玩,此爲房中走馬之象浮而不定樂而曰不暢夢此者宜記其事當有後應也,5517
卷之三,地理部,田園,遊園垂柳朿人衣,,5521
卷之三,地理部,田園,園内黃鸎啼聲巧,此夢主黃衣語細妻妬妾婢閨怨之象也曰内有怨女外有曠夫姻緣不偶伉儷未諧,5525
卷之三,地理部,田園,園中横生梧桐,,5529
卷之三,地理部,田園,園中剌繡,女工之事作于玩遊之地夢者主心事曰未遂力倦神縈幼女夢之主針線情工,5533
卷之三,地理部,田園,入園門犬吠,吠犬嘮嘮驚阻奸邪之象夢者主曰有野鬼相侵須祀祖解禳爲吉,5537
卷之三,地理部,田園,園地瓜菜滿吉,菜者𡙡也瓜者菓也𡙡菓盈園納曰聘之兆也男女夢之速遂良姻,5541
卷之三,地理部,田園,園池金魚跳起吉,池中仙種水面靈花鮮妍文彩之曰象士人夢此占鰲頭奪錦標也,5545
卷之三,地理部,田園,園牆頽蕪凶,此夢荒蕪衰敗之兆主家園傾廢墻戸凋零曰女人夢之防小口災殃急須書符解鎭無咎,5549
卷之三,地理部,田園,園池中鴛鴦飛吉,鴛鴦交頸夢裏分飛還在園中不散夫妻夢主男曰女相思之情神魂凝結成兆懽會不出一月之中廣南吴信卿情士也遊學黔中落魄無倚一日旅寓無聊散步至一園中見池水清潔解衣濯足仰,5553
卷之三,地理部,田園,種圃吉,老父之事福壽之徵主曰有蔬菜酒食旬日始應,5559
卷之三,地理部,田園,入林木中凶,林中樹木雜亂爭戰之曰兆也夢此者家國紛爭,5563
卷之三,地理部,墳墓,新塚吉,陽之旣陰之初鬼之始人之終夢曰此主凡百憂虞之事皆得散去,5572
卷之三,地理部,墳墓,塚墓高大吉,夢之者兆主家業豊隆曰子嗣昌賢大吉之占也,5576
卷之三,地理部,墳墓,塚上火起貞吉,塚屬陰火屬陽陰中陽旺當有曰子孫𤼵達之兆也夢者大吉,5584
卷之三,地理部,墳墓,塚中騰起雲氣吉,瑞氣騰于隹城祥雲覆于先宅曰夢主產貴子賢孫光耀前後也,5592
卷之三,地理部,墳墓,水泛塚凶,此象先人不寧于九泉祖業飄零之曰占防有小人偷竊仇家興訟愼之,5596
卷之三,地理部,墳墓,高山造墓,鑿峻嶺以爲塋夢主陰私之事艱險曰費力文人主耀祖榮宗子孫貴顯,5600
卷之三,地理部,墳墓,塚中有金甲神,夢主陰宅有神靈守護上帝曰有子嗣來錫須修德以當之,5604
卷之三,地理部,墳墓,墳塚甚多,,5608
卷之三,地理部,墳墓,見墳中人起,身遇文人之兆亦主出潜入見進取有成曰家業再造若陰人起防有小人竊偷之禍,5612
卷之三,地理部,墳墓,祭掃坟墓吉,此夢士人文章日進平人孝行宜曰修女子主丈夫逺歸凡事清吉,5616
卷之三,地理部,墳墓,卧塚中凶,塚者幽居也身寢其内歸陰曰兆也若病人夢之解禳無咎,5620
卷之三,地理部,墳墓,掘塚見一人頭吉,武將功高文臣貴顯文家曰首占市物爭先夢者大吉,5624
卷之三,地理部,墳墓,坟上坐飲食,此爲子孫祭祖之象病者夢之大凶曰又主骨肉間有口舌是非訟事自息,5628
卷之三,地理部,墳墓,塚中得衣冠貞吉否凶,士人夢之朝中之冡宰餘皆富貴曰之詳疾病者夢之恐往冥途矣,5632
卷之三,地理部,墳墓,塚有窓戶,夢此者文士主心靈平人主有曰光明通達之象病人當薦祖先,5637
卷之三,地理部,墳墓,塚門開,陰戶開張諸事不祥開而有棺吉也開而曰無棺凶也主作事落空功名無望之兆,5641
卷之三,地理部,墳墓,埋車騎入塚穴埋書籍入塚穴,,5645
卷之三,地理部,墳墓,高枕睡塚上,憂散清寧之象夢此者憂散煩除曰安居無事老病之人又爲不吉,5649
卷之三,地理部,墳墓,掘塚獲財寶古器,夢主繼先人之業獲陰人之曰財享冥中之祐遇意外之緣,5653
卷之三,地理部,墳墓,墳上掛劍吉,土山橫一劍玉字也夢者佩玉之曰兆也女人夢之主產大貴之子,5657
卷之三,地理部,墳墓,塚空穴,主官事來臨身爲仕宦者主曰失職凡事虚損多凶少吉,5661
卷之三,地理部,墳墓,塚墓明亮貞吉否凶,明者吉暗者凶主陰事白訟事曰理功名顯達百事通利之兆,5665
卷之三,地理部,墳墓,塚上𣗳生花樹枯折,夢生花者主文人大貴市人大利孕婦曰育貴子○夢枯折者主䘮大臣亡長子,5670
卷之三,地理部,墳墓,塚上生蓮大吉,及第連科之兆常人夢此利曰益壽綿婦人夢此連生子嗣,5674
卷之三,地理部,墳墓,墓中棺自出吉,,5678
卷之三,地理部,墳墓,卷之三終━━━━━━━━━━━━━━━━━━━━━━━━━━━━━━━━━━━━━━━━━━━━━━━━━━━━━━━━━━━━━━━━━━,,5682
卷之三,地理部,墳墓,━━━━━━━━━━━━━━━━━━━━━━━━━━━━━━━━━━━━━━━━━━━━━━━━━━━━━━━━━━━━━━━━━━,,5688
卷之四,人物部,帝王,登帝王之位吉,,5705
卷之四,人物部,帝王,傳位,,5711
卷之四,人物部,帝王,封王吉,,5717
卷之四,人物部,帝王,立太子吉,,5725
卷之四,人物部,帝王,爭位,,5731
卷之四,人物部,帝王,奪享,兆主幽冥之中各爭血食夢者宜各追所本報曰功報德勿得視爲虚幻而匱乏享獻乃獲休祥,5738
卷之四,人物部,帝王,授地,,5744
卷之四,人物部,帝王,朝見帝王,,5754
卷之四,人物部,帝王,帝王降吉,爲福澤爲祐庇曰爲胤嗣爲祈望,5762
卷之四,人物部,帝王,帝王邀請,,5766
卷之四,人物部,帝王,帝王求宅求塟求食,,5776
卷之四,人物部,帝王,隨侍帝王,,5780
卷之四,人物部,帝王,迎送帝王貞吉否凶,迎之至孕貴嗣送之去少福庇詳其地曰有何帝王古跡可占神靈來往之幾,5786
卷之四,人物部,帝王,帝王召語怒責,,5791
卷之四,人物部,帝王,帝王賜誥勑詩文器物,,5797
卷之四,人物部,帝王,入帝王宮殿貞吉否凶,,5801
卷之四,人物部,帝王,帝王問對,,5812
卷之四,人物部,帝王,伏羲吉,,5825
卷之四,人物部,帝王,女媧氏大吉,夢之者主其人有補天奇績建業北方文曰成五彩天子之祥人臣之極非凢兆也,5831
卷之四,人物部,帝王,神農吉,,5835
卷之四,人物部,帝王,黃帝吉,,5841
卷之四,人物部,帝王,陶唐帝堯吉,,5848
卷之四,人物部,帝王,有虞帝舜吉,,5854
卷之四,人物部,帝王,大禹吉,,5859
卷之四,人物部,帝王,少康貞吉否凶,恢復故都克纘祖服千古中興非君誰屬夢曰之者非大禎占防有不寧之患衰病相侵,5865
卷之四,人物部,帝王,夏桀大凶,桀雖人主無道亾國殘賊匹夫形于夢寐主曰先樂後憂若孕婦兆之必產敗家亾身之種,5870
卷之四,人物部,帝王,成湯吉,,5874
卷之四,人物部,帝王,太甲,前凶後吉之祥見于兆者曰當攺過自新三年後騐,5878
卷之四,人物部,帝王,武丁吉,,5882
卷之四,人物部,帝王,紂凶,殘虐之君曰荒淫之兆,5889
卷之四,人物部,帝王,后稷大吉,積功累仁世耕世耘有邰家室王矦子孫夢者後曰世昌榮農家兆之不惟田禾大稔兼有賢德之嗣,5893
卷之四,人物部,帝王,西伯文王吉,,5897
卷之四,人物部,帝王,周武王吉,弔民伐暴陳範明倫順人之心纘祖之緒貴曰者夢之主有征戰之事創業開基之象也,5901
卷之四,人物部,帝王,宣王貞吉否凶,,5905
卷之四,人物部,帝王,幽王凶,此惑于婦色誤天下而殺其軀之君也恐曰有烽烟戎冦之警否則沉迷困苦之妖,5912
卷之四,人物部,帝王,平王凶,見之者定主遷曰移亦衰替之兆,5916
卷之四,人物部,帝王,齊桓公吉,,5920
卷之四,人物部,帝王,晉文公貞吉否凶,,5925
卷之四,人物部,帝王,越王句踐,,5931
卷之四,人物部,帝王,赧王,,5936
卷之四,人物部,帝王,秦莊襄王,夢見王者他鄕曰得濟故國重榮,5940
卷之四,人物部,帝王,秦始皇帝吉,,5944
卷之四,人物部,帝王,項王凶,其力拔山其氣蓋世西楚稱伯江東羞曰歸夢之者宜祭賽其神可免强厲之禍,5948
卷之四,人物部,帝王,漢高祖吉,,5952
卷之四,人物部,帝王,高皇后凶,,5957
卷之四,人物部,帝王,文帝吉,,5961
卷之四,人物部,帝王,武帝,,5965
卷之四,人物部,帝王,元帝凶,優游不斷之君雖有文才無足稱也兆見之者曰柔懦之主必爲群小所排蒙昧不明之象也,5971
卷之四,人物部,帝王,孺子嬰,孺幼也嬰孩也子者父母之所生受制莽賊國祚曰幾移見之于兆主育秀兒祿而不壽不吉之占,5975
卷之四,人物部,帝王,光武皇帝吉,,5979
卷之四,人物部,帝王,獻帝大凶,,5985
卷之四,人物部,帝王,蜀先主吉,,5990
卷之四,人物部,帝王,蜀後主凶,,5996
卷之四,人物部,帝王,晉武帝貞吉否凶,,6002
卷之四,人物部,帝王,簡文帝凶,受制權臣位纔二年而卒雖無失德而亦曰不足稱也于夢見之主抑鬰不伸壽亦促,6009
卷之四,人物部,帝王,東昏侯凶,寶卷淫佚無度窮奢極欲嬖幸𡚱宦迄曰于䘮身兆之者有敗亾之禍修省則吉,6013
卷之四,人物部,帝王,梁武帝,,6017
卷之四,人物部,帝王,隋文帝,兆之者幼臻顯秩長成大業成名赫奕曰但多逆子究爲所戕兵傳不能永久也,6024
卷之四,人物部,帝王,煬帝凶,,6028
卷之四,人物部,帝王,唐高祖吉,,6035
卷之四,人物部,帝王,太宗貞吉否凶,,6041
卷之四,人物部,帝王,中宗凶,人夢見之應爲母氏所棄權歸外家後雖得復然巳必放浪無度不足稱守成也更防有點籌之婦,6047
卷之四,人物部,帝王,明皇玄宗,,6051
卷之四,人物部,帝王,後梁太祖凶,兆見之人必貌陋心險于衰亂之世曰定能成功立業撫有疆宇當生逆子,6056
卷之四,人物部,帝王,後唐莊宗貞吉否凶,英雄絕世前明後昏兆見之者騐當曰如是或有父兄之讐必主報復在邇,6060
卷之四,人物部,帝王,後晉祖吉,,6065
卷之四,人物部,帝王,後漢高祖吉,,6069
卷之四,人物部,帝王,宋大祖吉,,6073
卷之四,人物部,帝王,仁宗吉,,6077
卷之四,人物部,帝王,徽宗道君皇帝,,6081
卷之四,人物部,帝王,南渡高宗貞吉否凶,,6086
卷之四,人物部,聖賢,見聖賢古人,,6097
卷之四,人物部,聖賢,聖賢古人降謁至家,,6108
卷之四,人物部,聖賢,自稱某聖賢古人,,6137
卷之四,人物部,聖賢,送迎聖賢古人,,6143
卷之四,人物部,聖賢,隨聖賢古人行或與坐臥,從前哲而歩趨主文行之進益曰或衰年而兆此必晩景之熹微,6157
卷之四,人物部,聖賢,謁聖賢古人廟,,6163
卷之四,人物部,聖賢,某聖賢古人求宅或求塟,,6172
卷之四,人物部,聖賢,聖賢古人求食求衣,,6184
卷之四,人物部,聖賢,某聖賢古人怒責或告語或講論,,6190
卷之四,人物部,聖賢,聖賢古人賜某器物請某器物,,6213
卷之四,人物部,聖賢,聖賢古人贈遺詩文或召作詩文或以簡籍相授夢召作詩文者宜詳作何詩文可推厥兆,者宜精探員測甚有幻妄之應不足爲占矣,6219
卷之四,人物部,聖賢,聖賢古人來托生,,6242
卷之四,人物部,聖賢,見某聖賢古人毆刺或被毆刺,主幽冥之中古先神靈有所譴咎如係巳身素所曰敬奉者又主陰力助祐凢被毆被刺見血者吉無血者凶不傷者吉折斷者凶亦宜詳是何聖賢古人以辨禍福也,6248
卷之四,人物部,聖賢,聖賢古人爲祟,,6256
卷之四,人物部,將相,紀后吉,,6268
卷之四,人物部,將相,后夔吉,典音之領一而巳足名輔中天分猷曰半局文士夢中見之知音有遇之兆,6272
卷之四,人物部,將相,皐陶吉,,6276
卷之四,人物部,將相,鯀,,6283
卷之四,人物部,將相,后稷吉,,6288
卷之四,人物部,將相,龍逢,,6293
卷之四,人物部,將相,比干,,6298
卷之四,人物部,將相,伊尹吉,,6302
卷之四,人物部,將相,傅說吉,夢𧶘于帝見夢于人曰咸有一德魚水同心,6306
卷之四,人物部,將相,庻秀吉,,6310
卷之四,人物部,將相,伯夷叔齊貞吉否凶,,6316
卷之四,人物部,將相,泰伯吉,,6322
卷之四,人物部,將相,太公望,,6329
卷之四,人物部,將相,周公旦吉,有大勲勞享王者祭有土一方仲尼志之恒曰形夢寐今兆之者必非無志當時世務者耳,6334
卷之四,人物部,將相,管仲,,6338
卷之四,人物部,將相,鮑叔,夢之者必疎財仗義周濟親友曰以是見知于人爲名卿上大夫,6344
卷之四,人物部,將相,子產吉,兆之者必柄國家之政推惠愛民行必端謹謙下曰爲賢士所欽重女子兆之必爲慈母得佳兒女,6348
卷之四,人物部,將相,晏嬰吉,,6352
卷之四,人物部,將相,柳下惠,,6356
卷之四,人物部,將相,老子吉,其人猶龍孔子稱之夢見之主益算知禮曰能自成一家以清凈爲宗仕者主爲侍御,6362
卷之四,人物部,將相,伍員,子胥在楚則烈在吳則忠父子之義凡弟之曰情鴟夷無目千古如生夢者凢百主有神助,6366
卷之四,人物部,將相,太宰嚭凶,夢太宰嚭者主其地有惡鬼爲祟或心術曰之隱形于魂交急宜自反以求其福也,6370
卷之四,人物部,將相,范蠡吉,,6374
卷之四,人物部,將相,卞莊,,6379
卷之四,人物部,將相,孔子吉,,6384
卷之四,人物部,將相,顏囬,,6390
卷之四,人物部,將相,曾參吉,,6398
卷之四,人物部,將相,閔損,夢之者德進名高家庭骨肉閒主孝曰友著聞少年兆此主有喪毋之厄,6403
卷之四,人物部,將相,原宪吉,貧如水介如石古之畸士人之吉占曰不論賢愚夢此人者主富貴亨通,6407
卷之四,人物部,將相,卜商,文人夢之宜曰習詩宜爲師,6411
卷之四,人物部,將相,子路,,6415
卷之四,人物部,將相,子貢吉,,6419
卷之四,人物部,將相,宰我,,6423
卷之四,人物部,將相,子游吉,,6427
卷之四,人物部,將相,公冶長,,6431
卷之四,人物部,將相,樊遲,兆爲農圃叟夢得智仁占曰常人忽見此身作馬牛牽,6438
卷之四,人物部,將相,司馬牛,以兄爲惡憂無兄弟不憂不懼訒言是契夢之者曰防有䦧墻之變然終無大故餘以缄口愼言爲吉,6442
卷之四,人物部,將相,陽虎凶,陽虎貌惡心奸囚主執政而實類大聖夢之曰者防有外是心非之變凢事須小心謹愼也,6446
卷之四,人物部,將相,屈原,,6450
卷之四,人物部,將相,伯牙,夢此人者主有知音之遇或將絕調之悲高曰山流水湯湯巍巍身是何人兆此爲靈午,6454
卷之四,人物部,將相,百里奚吉,五羊皮食牛兒圖伯顯歌扊扅夢者文爲令尹武曰建牙旗平人夢此經商得利倚主營生之兆也,6458
卷之四,人物部,將相,李牧吉,北邊良將也夢中曰形之助力添威,6462
卷之四,人物部,將相,孫臏,,6466
卷之四,人物部,將相,孟常君占,,6470
卷之四,人物部,將相,蘇秦,,6475
卷之四,人物部,將相,張儀,,6481
卷之四,人物部,將相,子思吉,,6487
卷之四,人物部,將相,龎涓,,6492
卷之四,人物部,將相,樂毅,,6496
卷之四,人物部,將相,馮煖吉,,6500
卷之四,人物部,將相,田单吉,火中設策騎刼丧師盡復齊地公子中之英杰也曰夢者復仇復業志遂名成常人夢之防火盜之侵,6504
卷之四,人物部,將相,藺相如吉,完璧兮報主謙㳟兮睦寅有容有節如曰夢見之出使不辱君命友結刎頸之交,6508
卷之四,人物部,將相,春巾君吉,夢之者爲時名宰輔授地錫爵曰在荆襄之間後必血食萬世,6512
卷之四,人物部,將相,范雎,逃魏西奔得志于秦乃因蔡澤之說力辭相位兆曰之者始事艱難後必得志能納善言各位可保,6516
卷之四,人物部,將相,孟子吉,爲聖之亞接道之傳上下今古功在乾坤文士于曰夢中見孟子者主道學有傳文才超越氣象軒昂,6520
卷之四,人物部,將相,公孫丑,,6524
卷之四,人物部,將相,樂正子吉,夢之者德位兼隆無不吉利凢在交與之中曰防有比匪之夫文人臨試擬主司命題爲要,6528
卷之四,人物部,將相,莊周吉,,6532
卷之四,人物部,將相,淳于髠,滑稽之口强辭奪理妄議聖賢夢見之者主小人曰自任爲是傲侮正人鹵莽無知大言不慙之應也,6536
卷之四,人物部,將相,吳起凶,兆見之其人必貪位固寵沽名釣譽曰多行不義之事究當客死異鄕戒之,6540
卷之四,人物部,將相,王翦吉,夢之者主晩年奮翮學人曰雄視文壇介士威行邊塞,6544
卷之四,人物部,將相,陳渉,,6548
卷之四,人物部,將相,呂不韋,名爲大賈實爲大盗以呂易嬴機謀淵奥夢見之曰者防閑人暗中謀繼其宗祀買妾當察其所從來,6552
卷之四,人物部,將相,李斯貞吉否凶,夢之者主顯名異邦威權赫奕然不克曰令終父子難保宗族受殃非佳兆也,6556
卷之四,人物部,將相,趙高凶,奸僞之徒喪人身亾人國帝王夢之防肘腋曰有奸常人見此遇午年月日爲有虚名虚利,6561
卷之四,人物部,將相,范增,,6565
卷之四,人物部,將相,張良吉,夢之者益智延年軍陣得此主有探謀之臣曰遇戰必勝山林得此必爲𤇆霞侣脫俗成仙,6569
卷之四,人物部,將相,蕭何吉,,6573
卷之四,人物部,將相,韓信貞吉否凶,韓淮陰乞食出𦜮拜將登壇後以疑望受戮曰夢之者主生子英雄多謀先貧後富之兆也,6579
卷之四,人物部,將相,陳平,兆此人者主遇事曰紛雜逢人狡詐,6584
卷之四,人物部,將相,彭越,,6588
卷之四,人物部,將相,酈食其凶,以口舌得禍殞身曰䘮命非佳兆也,6593
卷之四,人物部,將相,樊噲吉,奮勇鴻門排闥禁死兆之曰者勇冠三軍功蓋一世,6597
卷之四,人物部,將相,黃石公大吉,,6601
卷之四,人物部,將相,甪里先生吉,,6605
卷之四,人物部,將相,叔孫通,夢之者爲春官爲司理常人見之曰有知禮之名或行冠婚䘮祭之禮,6609
卷之四,人物部,將相,陸賈吉,先暌後合之兆𤼵蒙啔新之符夢之者能以文學曰佐寛弘之主化行一世彬彬濟濟爲昭代各儒,6613
卷之四,人物部,將相,王陵,兆之者必遇明聖之君以忠直自任曰爲賢宰輔常人夢之須防北萱之憂,6617
卷之四,人物部,將相,周勃吉,夢此君者主以忠𫝗曰持身能濟國家大事,6621
卷之四,人物部,將相,劉章吉,朱虚矦復漢業于累卵之日平諸呂于反掌之曰間兆見者非復祖宗基業則能以一身除外難,6625
卷之四,人物部,將相,李廣吉,夢之者才高遇蹇主得神助奇力武人騎曰射精超功冠三軍之士位居平等之儔,6629
卷之四,人物部,將相,周亞夫凶,主以紀律動貴人身膺顯任第晚年恐有曰不測之禍當見幾而作常人兆之主餓死,6633
卷之四,人物部,將相,賈誼,遇而不遇志不得伸治安之略未展曰而梁傳殞星如來入夢必與之符,6637
卷之四,人物部,將相,晁錯凶,夢之者多智而譎有口辯能以策動王矦曰然必爲人所忌當死于非命戒之念之,6641
卷之四,人物部,將相,董仲舒吉,學究天人志追賢哲正誼明道直斥利功曰孔孟之傳庻幾不絕爲大儒者乃夢見之,6645
卷之四,人物部,將相,汲黯吉,明主欽服權貴畏威兆之者直聲扼天下曰彈劾奸宄特蒙主眷必爲朝廷耳目之寄,6649
卷之四,人物部,將相,李陵凶,背君降虜身死絶域夢之者負不忠曰不孝之名客死異鄉大凶之兆也,6653
卷之四,人物部,將相,東方朔吉,,6657
卷之四,人物部,將相,司馬遷,,6661
卷之四,人物部,將相,轅固,功名晩成祿曰位不久之兆,6665
卷之四,人物部,將相,司馬相如吉,兆此君者主得俊慧傾城之女不因曰媒妁而通文士兆之當以辭章得幸,6669
卷之四,人物部,將相,衛靑吉,,6673
卷之四,人物部,將相,霍去病吉,貴人相親疾曰病痊可之兆,6677
卷之四,人物部,將相,灌夫,兆之者宜戒性戒酒不然則以此曰二者之故必招殞身覆宗之禍也,6681
卷之四,人物部,將相,趙廣漢,摘奸𤼵伏明敏如神仕者夢之必爲曰賢京兆平人夢之有人發其陰私事,6685
卷之四,人物部,將相,卜式吉,因富得貴之兆□天子歡悦爵祿曰驟加但後必見疎位終不失也,6689
卷之四,人物部,將相,韓安國吉,夢之者有人引曰薦功名必成,6693
卷之四,人物部,將相,公孫弘,曲學汗世布被矯潔兆之者能節儉則家豐能曰從順則位顯苐不能免直臣之議後世之譏也,6697
卷之四,人物部,將相,丙吉吉,夢見之翼保幼主于患難之秋不宜自曰矜其功然日後之貴顯不可言盡也,6701
卷之四,人物部,將相,霍光吉,麒麟首位石柳瑞興漢室安危子孟一人夢之者曰非求祠祀則願托生當王位極人臣禍延後裔,6705
卷之四,人物部,將相,蘇武,遠客還曰鄕之兆,6709
卷之四,人物部,將相,趙充國吉,夢兆之者主基業曰有成固守不墜,6713
卷之四,人物部,將相,疏廣,,6717
卷之四,人物部,將相,吉,二公入夢宜辭爵歸致則令名不替美譽永曰垂林泉之樂享用無窮也亦主爲人師傅,6719
卷之四,人物部,將相,韓延壽,能以德化下恩信固結卒以鑄刀之罪棄市曰故夢之者于小事能加謹焉則無不吉矣,6723
卷之四,人物部,將相,劉向吉,,6727
卷之四,人物部,將相,匡衡吉,勤學之符台鼎之兆曰其位易高居之不久,6731
卷之四,人物部,將相,王莽凶,兆此人者夜行遇毒外家有變平曰人之家夢之來降主有孝服動也,6735
卷之四,人物部,將相,楊雄吉,心通大易之理節靖炎祚之衰夢之者當主曰六書敏妙意外奇才女子兆之主生貴子,6739
卷之四,人物部,將相,馮異吉,兆之者當佐中興曰之主兼文武之材,6743
卷之四,人物部,將相,鄧禹吉,杖策而來功化雲臺曰形之於夢位躋三台,6747
卷之四,人物部,將相,馬援吉,夢主孕生貴秀否亦神有所求或爲建祠曰或爲立像或爲修葺殿宇或爲春秋設祀,6751
卷之四,人物部,將相,嚴光吉,爲客爲友志不在魚夢曰之者主有山林之樂,6755
卷之四,人物部,將相,卓茂吉,有含容巽順之德爲人所愛慕者曰乃得兆見此君主來天子之宣,6759
卷之四,人物部,將相,耿弇,士欲建業須堅其志志旣堅則事無不成亦曰當應天順時不可妄爲也兆耿公者省之,6763
卷之四,人物部,將相,班固,負盛名而身不依于正士人兆之雖奇才絶曰學位列清貴未免受權奸之累弗克美終也,6767
卷之四,人物部,將相,班超吉,勲名成于塞外封矦志在投筆才兼文武抱負非曰常異日必專權閫外久任邊疆者乃能夢見此公,6771
卷之四,人物部,將相,苐五倫吉,兆之者嚴厲中有温和剛柔相曰濟享福介壽守正不囬之徵也,6775
卷之四,人物部,將相,竇憲,恃椒房之親大肆奸横雖討虜著功終不曰能保其身家兆之者宜安分自守則吉,6779
卷之四,人物部,將相,巨無覇凶,巨無覇貌狠力雄能聚毒獸形之于夢寐必曰有爪牙𧢲毒之害山野行動切宜愼之也,6783
卷之四,人物部,將相,楊震吉,夢之者主爲清白曰吏子孫多賢達吉,6787
卷之四,人物部,將相,何武,夢之者令人去後思曰念不置死必以節,6791
卷之四,人物部,將相,劉寵吉,兆之者必得曰一注大財,6795
卷之四,人物部,將相,郭泰吉,居入顧之首而不罹党錮之禍得明哲保身曰之道兆見之患難自免而盛名不致損也,6799
卷之四,人物部,將相,李膺貞吉否凶,受其接引爲之登龍門士人夢之𤼵高第曰望重于時防爲小人嫉忌難免刑獄之災,6803
卷之四,人物部,將相,梁冀貞吉否凶,貴戚之家兆之修德則吉不則有大禍不止一曰身一族也如積善之人夢之主子孫富貴者衆,6808
卷之四,人物部,將相,李固,,6813
卷之四,人物部,將相,杜喬貞吉否凶,兆之主爲正人君子爲忠節直臣曰朝野倚望但逺奸佞則吉否凶,6818
卷之四,人物部,將相,竇武凶,,6823
卷之四,人物部,將相,鄭玄吉,博雅精敏之儒作經籍羽翼兆之者才學曰進益思致靈通孕婦夢之主產名儒之子,6827
卷之四,人物部,將相,孔融吉,七子一人建安表表文祠蔚會丰範孤超曰文人夢之則貴于身平人夢之則貴于子,6831
卷之四,人物部,將相,王允凶,有忠無義兆見之主曰夫妻相背令名不全,6835
卷之四,人物部,將相,范滂貞吉否凶,夢之者主產于賢母防有朋曰黨連及之禍而令譽自傳也,6839
卷之四,人物部,將相,蔡邕吉,名傅後世神示先幾曰感于知巳式孕清姝,6844
卷之四,人物部,將相,諸葛孔明吉,開誠布公鞠躬盡瘁三顧感知一死不惴曰綸巾羽扇鼎足吴魏靈兮見夢國家之瑞,6848
卷之四,人物部,將相,董卓凶,播遷天子殘虐黔黎宜其殞身郿鄔碎首落曰陽也如兆之當鍳其爲人而深自戒省也,6852
卷之四,人物部,將相,曹操,曹瞞眞亂世之奸雄豈治世之能臣哉曰夢之者主所居有古塚宜移徙以避之,6856
卷之四,人物部,將相,呂布凶,英雄無敵才淺謀疎夢之者事主不一姓曰奔馳無巳徒負虚名久當爲人所困也,6860
卷之四,人物部,將相,孫權吉,兆見之者能承先緖雄㨿一曰方賢才爲用可與守成者也,6864
卷之四,人物部,將相,關雲長吉,,6868
卷之四,人物部,將相,張飛吉,,6872
卷之四,人物部,將相,左慈,道術之家見于夢曰際定主幻技精高,6876
卷之四,人物部,將相,龎綂吉,,6880
卷之四,人物部,將相,周瑜貞吉否凶,有才之士夢之必少年夭折志不曰克酬女人見之俊兒誕生之兆也,6886
卷之四,人物部,將相,張遼吉,文遠爲魏之猛將然恂恂如君子夢之者曰必剛毅中有溫柔之德猶能以義自守也,6891
卷之四,人物部,將相,呂蒙,三日刮目兆之者曰有進學之士來見,6895
卷之四,人物部,將相,趙雲吉,,6899
卷之四,人物部,將相,魏延凶,主遇譎詐之人以術御之必爲我禽曰病人見夢主有二十七八女鬼相侵,6904
卷之四,人物部,將相,黃忠吉,晩年遇主白曰首𣗳勲之兆,6908
卷之四,人物部,將相,陸遜吉,見之于夢乃少年有成建曰功立勲父子相繼之兆,6912
卷之四,人物部,將相,姜維吉,膽大如斗氣可吞牛夢之者曰上膽氣倍人必作三軍之帥,6916
卷之四,人物部,將相,楊修吉,兆之者生曰子爲神童,6920
卷之四,人物部,將相,鄧艾吉,夢之者主其地有祠宇未新急宜修葺以慰其神曰或夢艾來降當生子口吃而貴且存機頴也吉占,6924
卷之四,人物部,將相,司馬懿吉,多陰險柔而剛身爲公子孫曰昌夢者陰謀克遂後裔興隆,6928
卷之四,人物部,將相,羊𧙖凶,兆見之音疾病淹淹壽算不曰永想慕丰裁令人悲涕耳,6932
卷之四,人物部,將相,索靖吉,有先見之明曰者必夢兆之,6936
卷之四,人物部,將相,王渾凶,此翁來兆主同列嫉妬爭曰執是非以謙讓勝之則吉,6940
卷之四,人物部,將相,阮籍吉,竹林賢友放誕清高之士夢之者主山林得曰趣詩奕傳名平人見于夢者防有萱堂之厄,6944
卷之四,人物部,將相,劉伶貞吉否凶,頌酒德歌酒功夢者飲量日洪主其家于曰酒中得利素性嗜酒者慮有亾身之禍,6948
卷之四,人物部,將相,山濤吉,兆之者幼年有人簡㧞或典試𣗥曰闈得羅賢才名士隨所處而占之,6953
卷之四,人物部,將相,稽紹,忠臣之血爭光日月夢之者主英靈不泯見于同曰氣之投否則防有血光之災車馬之間大宜謹愼,6957
卷之四,人物部,將相,杜預吉,業春秋左傳者夢之主精通其理曰世爲武臣者夢之主水戰大利,6961
卷之四,人物部,將相,石崇吉,夢石崇降主曰生富貴之子,6965
卷之四,人物部,將相,謝靈運貞吉否凶,主生子年少有才文翰風流超超絶曰世第恐祿位不固以疎簡取殃也,6969
卷之四,人物部,將相,謝玄,如夢見之必著績水濵能以虛聲諕人使人曰畏而不敢即藝士兆之主以奕名擅一時,6974
卷之四,人物部,將相,祖逖吉,起舞于中夜擊楫于中流勵志中興夢之者主曰有恢復之圖文人夢之先着一鞭名居人上也,6978
卷之四,人物部,將相,王戎吉,,6982
卷之四,人物部,將相,陶侃吉,見于夢者主勤于王事身躋高曰官或其家產忠勤廉儉之子也,6988
卷之四,人物部,將相,謝安吉,安石望係蒼生酋夷機警談笑而𨚫百萬之師曰風流人傑也貴人夢之出入將相子嗣齊賢也,6992
卷之四,人物部,將相,王羲之吉,夢之者翰墨精工平曰人當產佳兒之兆,6996
卷之四,人物部,將相,檀道濟,,7000
卷之四,人物部,將相,畢卓吉,放達之士主居銓司昭代風流曰人物也兆之者必高曠之士,7004
卷之四,人物部,將相,王敦凶,昆仲不和陰蓄異志主兆見之若不曰悛攺事旣不成宗族受殃大不祥也,7008
卷之四,人物部,將相,卞壼吉,孤介自持廉潔爲守不與時依違使人曰畏而敬之品地若此方能兆公于夢,7012
卷之四,人物部,將相,𢈔亮吉,登樓醉月兆見之人必爲風流台曰輔第恐才智有餘而識見不遠耳,7016
卷之四,人物部,將相,温嶠,夢之者功成于外謀智過人旅中兆曰之家有萱堂之難平人兆之得美妻,7020
卷之四,人物部,將相,石勒凶,除奸佞遇異僧擅專國政征伐曰四方目中無人者必兆見之,7024
卷之四,人物部,將相,符堅,前興後衰之兆見之者須納人曰言順天時否則敗亾可待也,7028
卷之四,人物部,將相,劉裕凶,,7032
卷之四,人物部,將相,姚萇吉,蠻夷之雄兆之于夢創業易成曰興隆三世邊將夢之當備巽虜,7036
卷之四,人物部,將相,王猛吉,,7040
卷之四,人物部,將相,沈約,夢見休文爲詞壇領袖曰士人則多病之兆也,7047
卷之四,人物部,將相,任昉吉,兆之必爲王公上客以清介文曰章擅名常人夢之生賢達之子,7051
卷之四,人物部,將相,敫皓,,7055
卷之四,人物部,將相,高歡吉,如公來兆主興業于坎方雄才偉略世無其曰匹人民欽服朝野瞻仰南靣稱孤之劵也,7059
卷之四,人物部,將相,侯景凶,朝秦暮楚反覆不常背義忘恩其心不良曰人或夢之知非吉祥宜修宜省庻免災殃,7063
卷之四,人物部,將相,楊素吉,夢之者成不爲王敗不爲冦無心富貴而富曰貴逼人生子當爲將相之臣但主不得令終,7067
卷之四,人物部,將相,韓擒虎貞吉否凶,勇略冠世僚佐忌功夢其神降主生虎兒平曰人兆之防遇虎災神靈庇祐當脱其厄也,7071
卷之四,人物部,將相,李宻貞吉否凶,見之于夢者必爲一時曰之傑但恐不成大業,7076
卷之四,人物部,將相,王通吉,,7081
卷之四,人物部,將相,李靖吉,,7085
卷之四,人物部,將相,魏徵吉,先否後泰君明臣良言無不盡謀無不忠曰能見諒于英主則魏公入夢之後騐也,7089
卷之四,人物部,將相,尉遲敬德吉,,7093
卷之四,人物部,將相,房玄齡吉,德位兼隆夢之者生子必爲曰學士瀛洲首選凌烟標列也,7098
卷之四,人物部,將相,杜如晦吉,王佐之才文學之士夢之者曰知明主策名天府利貞,7102
卷之四,人物部,將相,長孫無忌吉,兆公者爲貴戚之臣篤㳟匪懈以事一人曰芳聲不替麟閣標名女子夢之主大貴,7106
卷之四,人物部,將相,褚遂良,,7110
卷之四,人物部,將相,李世勣貞吉否凶,受託孤之寄而左袒武曌雖有美行其曰何取焉兆見之者墜其聲名子孫不振,7115
卷之四,人物部,將相,張藴古吉,,7120
卷之四,人物部,將相,主,,7123
卷之四,人物部,將相,薛仁貴吉,跨大海而東征致高麗之喪氣勇冠曰三軍名留千古夢者主發膽勇之祥,7126
卷之四,人物部,將相,狄仁傑吉,,7130
卷之四,人物部,將相,王勃貞吉否凶,夢之者文曰而不壽,7134
卷之四,人物部,將相,駱賔王凶,有才有學而不得以才學顯終身寡曰遇之兆也士人未顯者有刑獄災,7139
卷之四,人物部,將相,張柬之吉,夢之者有囬天轉運之功猶剝之遇復其曰勲不可及也當自愼𢙢終爲人所排也,7143
卷之四,人物部,將相,婁師德吉,兆見之者主有曰人暗中薦引,7147
卷之四,人物部,將相,張昌宗凶,女主嬖倖之人遇其兆者主遭淫亂之難喪身亾曰家貽及宗黨戒之哉平人夢之或主生美貌之子,7151
卷之四,人物部,將相,武三思凶,草去根存唐室之禍所由萌而更熾也此人見曰夢主閨室之中有私淫之事凢百須隄防隱禍,7155
卷之四,人物部,將相,姚崇吉,唐家名相業望日臻令名垂世曰幽靈見形主生子位極人臣,7159
卷之四,人物部,將相,宋璟吉,夢之者與賢輔齊名心曰貞金石德譽傳千古也,7163
卷之四,人物部,將相,虞世南吉,士人兆之讀書中曰秘爲玉堂貴客,7167
卷之四,人物部,將相,袁天綱吉,夢之者主遇精明風鑑之士指迷登覺幼曰童夢之聰慧過人女人夢之主生仙子,7171
卷之四,人物部,將相,李淳風吉,先生世傳爲謫仙故夢之者主明鉴今古曰預知禍福否則爲太史令司朝廷正朔,7175
卷之四,人物部,將相,張九齡吉,千秋之鏡一代之師曰夢之者兄弟聯芳,7179
卷之四,人物部,將相,安祿山凶,羯奴奸賊牛腹藏春傾人之國千載罵名夢曰者主其人身家不靜防宅有異人伏于左右,7183
卷之四,人物部,將相,李白吉,斗酒而詩百篇尺階而氣自遒捉月月何在曰騎魚魚不遊形之于夢主生天才逸發之子,7187
卷之四,人物部,將相,陸贄吉,宣公忠正人所罕及見重于君奏議頻入曰望高台輔位遜宰執能兆之者德建名立,7191
卷之四,人物部,將相,韓休吉,此公入兆非以直諫動曰主畏必爲群小所忌,7195
卷之四,人物部,將相,郭子儀吉,夢之者必富貴功名卓絶千古男主多曰婿女主生兒文武全才福壽兼隆之兆,7199
卷之四,人物部,將相,顏杲卿吉,寸舌寒敵膽雙眸耀史書常山一片月今古動曰人思夢之者主其神求妥急宜祭奠以慰忠魂,7203
卷之四,人物部,將相,張巡吉,作一方之保障受四靣之敵開曰夢此勁骨忠肝豈非同心合調,7207
卷之四,人物部,將相,顏師古吉,博極群書志安社稷文人夢之主胸羅故曰典業建鴻模帝王夢之主得安邊之佐,7211
卷之四,人物部,將相,顏眞卿吉,兆見顔先生主受小人之制宜砥節礪行以正自曰持則品槩操守庻幾亞于先生而名亦可與齊驅,7215
卷之四,人物部,將相,許遠吉,主與同心之彦共濟艱難爲曰人臣者靖㳟之節永播靑史,7219
卷之四,人物部,將相,魚朝恩吉,威權重大者夢之宜曰自韜晦以保令終,7223
卷之四,人物部,將相,元載貞吉否凶,胡椒八百他物稱是奢侈若此籍没曰何疑夢之者當節儉損抑則吉否凶,7227
卷之四,人物部,將相,李泌吉,山人夢之徴聘立至見禮于君芥曰拾靑紫士子夢之主得書詩千卷,7232
卷之四,人物部,將相,李光弼吉,見公于夢必獲曰大盜靖大亂,7236
卷之四,人物部,將相,李林甫凶,逢迎取悅笑裏藏奸壞人曰家國兆之必遇此等之人,7240
卷之四,人物部,將相,楊國忠凶,,7244
卷之四,人物部,將相,高力士凶,兆之主陰人用曰事僕侵主權,7248
卷之四,人物部,將相,盧𣏌凶,藍靣鬼也夢其人曰降主生子不臧,7252
卷之四,人物部,將相,李晟吉,忠義感激斬北國賊社稷以安令終而殁夢之曰者主身都將相子嗣蕃昌唐李之姓必產麟兒,7256
卷之四,人物部,將相,柳宗元吉,柳矦見夢文曰星降祥也,7260
卷之四,人物部,將相,韓愈吉,學貫六經之奥文起八代之衰夢見之曰者主士人文學絶羣孕婦必產儒彥,7264
卷之四,人物部,將相,裴度吉,夢之者主始貧終富先賤後貴曰出將入相更產緋衣小兒也,7268
卷之四,人物部,將相,張旭吉,夢之者筆機飛舞書法妙絕不臣曰天子不友諸矦超凢入仙之品也,7272
卷之四,人物部,將相,杜甫吉,春日兆之有踏青之約平時兆之曰詩思超卓紀律莫踰名位亦顯,7276
卷之四,人物部,將相,柳公權吉,兆之者正直無曰私忠心不貳,7280
卷之四,人物部,將相,朱泚凶,叛君僭號肆掠帝都𫝑崩逃竄彭原受誅曰君王兆之乘輿可虞豫綏將卒庻可免夫,7284
卷之四,人物部,將相,白居易吉,,7288
卷之四,人物部,將相,陽城凶,兆之者必受人譏議曰出仕者主言事受謫,7292
卷之四,人物部,將相,李德裕凶,,7296
卷之四,人物部,將相,牛僧孺吉,,7301
卷之四,人物部,將相,鄭綮吉,名傳歇後識炳幾先宰相之占達人之兆曰亦須詳見夢者何人何時何地以斷吉凶,7306
卷之四,人物部,將相,羅隱凶,,7310
卷之四,人物部,將相,史思明凶,,7315
卷之四,人物部,將相,黃巢凶,見巢入夢士子不能登曰第商賈防遇盗惡兆也,7320
卷之四,人物部,將相,李克用吉,如兆見之身膺重寄曰多英嗣子孫大貴顯,7324
卷之四,人物部,將相,李存孝吉,百戰百勝世之飛虎幼䘮椿曰庭長爲上將此夢之兆也,7328
卷之四,人物部,將相,桑維翰吉,兆之者主得一古硯士曰人則志必酬之符也,7332
卷之四,人物部,將相,史弘肇吉,好武而不好文生魯曰喭之子則有是夢也,7336
卷之四,人物部,將相,陳搏吉,一舉不第遁而入山服氣辟榖飴酒延年睡躭百曰日隱于華山垂三十年見之于夢羽流道行超凢,7340
卷之四,人物部,將相,趙普吉,乘時賢相以半部論語佐天下干太平仕宦曰夢其人主君臣遇合魚水投歡堂簾合德也,7344
卷之四,人物部,將相,曹彬吉,,7348
卷之四,人物部,將相,㓂準吉,夢之者主行曰師不戰而克,7352
卷之四,人物部,將相,王欽若凶,此奉佛弟子也仕宦夢之曰蒙帝寵邊疆夢之有盗至,7356
卷之四,人物部,將相,范仲淹吉,先天下之憂而憂後天下之樂而樂爲人物之第曰一必神靈之不爽夢之者身貴子奇佳祥莫迹,7360
卷之四,人物部,將相,司馬光吉,形先賢于夢兆必史學之專工主小兒有頴敏曰過人之資或所著論往事有所疑義故來見告,7364
卷之四,人物部,將相,歐陽修吉,,7368
卷之四,人物部,將相,韓琦吉,,7373
卷之四,人物部,將相,文彦博吉,文翁入兆爲天下異人華夏共仰德曰位崇隆籌添海屋大富大貴之符也,7380
卷之四,人物部,將相,呂端吉,小事糊塗大事則否眞宗之立其功爲首故夢曰之者當愼大畧小則囬天捧日之勲可立奏也,7384
卷之四,人物部,將相,楊業吉,兆之者主威行夷虜曰勇敢無匹謀事有成,7388
卷之四,人物部,將相,李沆吉,兆公入夢主能知人能用曰人識見明遠爲時重臣,7392
卷之四,人物部,將相,呂蒙正吉,,7396
卷之四,人物部,將相,張齊賢吉,先抑後伸于遇之中似乎無遇榮及曰他人爲明主輔兆見之者知必同之,7402
卷之四,人物部,將相,富弼吉,仕者見之主奉使外國克光君命德望曰遠欽武臣兆之主出鎭邊封著名絕域,7406
卷之四,人物部,將相,呂夷簡凶,順父出母陷君失德雖有他善無足取焉兆之曰者或夫婦乖睽或順成人過二者所宜愼也,7410
卷之四,人物部,將相,蘇老泉吉,士人夢之主中年學就曰餘人夢之主生兩才子,7414
卷之四,人物部,將相,程顥吉,先生見兆主明理學接道綂爲奕世大儒帝曰王夢之興學挍重儒臣四海文明之象也,7418
卷之四,人物部,將相,程頥吉,先生見兆主伯仲以道學名世仕宦兆之曰主司學挍必于河内之地得英俊之彦,7422
卷之四,人物部,將相,張載吉,,7426
卷之四,人物部,將相,周濂溪吉,,7433
卷之四,人物部,將相,王安石吉,夢安石至者必誕貴兒享榮封若將曰相夢之主風俗移易海内不寧之兆,7437
卷之四,人物部,將相,蘇軾吉,長公仙才也人夢之才思超群女子夢曰之主娠奇男若仕宦者主名著睂川,7441
卷之四,人物部,將相,蘇轍吉,見頴賔于夢主弱曰冠以文名著天下,7445
卷之四,人物部,將相,丁謂凶,夢之者主遇曰邪鬼宜禳之,7449
卷之四,人物部,將相,趙抃吉,事有後悔直道不阿曰功業自著見之者吉,7453
卷之四,人物部,將相,包拯貞吉否凶,龍圖見夢主斷疑難之事或有𡨚鬼求伸曰如夢此公相招則閻君之凶訊即至矣,7457
卷之四,人物部,將相,韓世忠吉,,7462
卷之四,人物部,將相,蔡京凶,,7467
卷之四,人物部,將相,高俅凶,,7472
卷之四,人物部,將相,張叔夜貞吉否凶,,7477
卷之四,人物部,將相,宋江吉,,7485
卷之四,人物部,將相,李綱吉,,7490
卷之四,人物部,將相,宗澤吉,,7495
卷之四,人物部,將相,趙吉,,7500
卷之四,人物部,將相,胡寅吉,以正論匡時爲世曰所敬畏者兆之,7506
卷之四,人物部,將相,張邦昌貞吉否凶,,7510
卷之四,人物部,將相,岳飛吉,,7516
卷之四,人物部,將相,秦檜凶,,7520
卷之四,人物部,將相,胡安國吉,文人見于夢寐宜習曰春秋必名高天下也,7525
卷之四,人物部,將相,劉豫凶,,7529
卷之四,人物部,將相,朱子吉,學集一代之成幼學夢之主異日必成大曰器道德冠世宜釋奠以祀則學識日進矣,7535
卷之四,人物部,將相,文天祥吉,鼎甲之兆顚沛之占忠心正曰氣非常人所得形之夢也,7539
卷之四,人物部,將相,范祖禹吉,通明經史忠誠許君曰品詣如是必兆于夢,7543
卷之四,人物部,將相,劉子羽吉,忠臣之子文武兼才孝友足稱報國盡忠曰來之于夢主生賢良之子主受託孤之寄,7547
卷之四,人物部,將相,兀术吉,,7551
卷之四,人物部,將相,趙孟頫吉,宋太祖之苗裔元世祖之大臣王右軍曰之弟子凢夢之主精良筆硯馳譽丹靑,7557
卷之四,人物部,將相,耶律楚材吉,縉紳夢之邊壃不虞曰九流夢之能知七政,7561
卷之四,人物部,將相,薩天錫吉,凡夢之者皆主曰貴顯美譽之徴,7565
卷之四,人物部,將相,梦林玄解卷之四,,7573
卷之四,人物部,將相,━━━━━━━━━━━━━━━━━━━━━━━━━━━━━━━━━━━━━━━━━━━━━━━━━━━━━━━━━━━━━━━━━━,,7577
卷之四,人物部,將相,━━━━━━━━━━━━━━━━━━━━━━━━━━━━━━━━━━━━━━━━━━━━━━━━━━━━━━━━━━━━━━━━━━,,7579
卷之五,人物部,后𡚱,太任大吉帝王夢之主生明聖之子賢人夢之必育天挺之,英女人夢之占亦如是惟常人與雜役見夢反爲曰不祥或主以女匹人,7598
卷之五,人物部,后𡚱,邑𮊢大吉,,7605
卷之五,人物部,后𡚱,姜后吉,,7609
卷之五,人物部,后𡚱,呂后,,7613
卷之五,人物部,后𡚱,戚𡚱凶,,7618
卷之五,人物部,后𡚱,壽陽公主吉,,7622
卷之五,人物部,后𡚱,鄧太后大吉,主登政府或宰大邑以文著名曰士人登第賢才顯達總佳徵也,7626
卷之五,人物部,后𡚱,李夫人,,7630
卷之五,人物部,后𡚱,班媫妤,,7635
卷之五,人物部,后𡚱,趙飛燕,,7642
卷之五,人物部,后𡚱,馬太后吉,,7646
卷之五,人物部,后𡚱,伏后凶,,7650
卷之五,人物部,后𡚱,甄后凶,,7654
卷之五,人物部,后𡚱,潘𡚱,,7659
卷之五,人物部,后𡚱,長孫皇后大吉,,7665
卷之五,人物部,后𡚱,徐賢𡚱大吉,,7672
卷之五,人物部,后𡚱,武曌凶,,7679
卷之五,人物部,后𡚱,韋后,,7687
卷之五,人物部,后𡚱,楊貴𡚱凶,,7691
卷之五,人物部,后𡚱,梅𡚱貞吉否凶,兆之者少年得意中年有阻弗克終始如願凢曰一見兆即宜早爲善計毋至失時乃生怨悔也,7697
卷之五,人物部,后𡚱,杜太后吉,,7702
卷之五,人物部,后𡚱,高太后大吉,,7706
卷之五,人物部,后𡚱,孟太后吉,,7710
卷之五,人物部,賢德,孟母吉,,7720
卷之五,人物部,賢德,曾母吉,,7724
卷之五,人物部,賢德,敬姜吉,,7728
卷之五,人物部,賢德,王陵母吉,,7733
卷之五,人物部,賢德,陶侃母吉,,7737
卷之五,人物部,賢德,錢維妻吉,兆之者主𫉬大財曰富冠天下吉象也,7741
卷之五,人物部,節孝,共姜,,7749
卷之五,人物部,節孝,秋胡妻,,7754
卷之五,人物部,節孝,孟姜女,,7758
卷之五,人物部,節孝,緹縈吉,,7765
卷之五,人物部,節孝,曹娥貞吉否凶,兆之者主聰俊過人孝聞遠播,7772
卷之五,人物部,節孝,代戍女,,7778
卷之五,人物部,節孝,綠珠吉,,7786
卷之五,人物部,節孝,瑞筠,,7790
卷之五,人物部,節孝,謝小蛾吉,,7795
卷之五,人物部,節孝,李烈婦,,7799
卷之五,人物部,節孝,無𩀱大吉,,7804
卷之五,人物部,節孝,銀瓶吉,,7808
卷之五,人物部,才俠,鍾無鹽吉,,7816
卷之五,人物部,才俠,虞美人,,7820
卷之五,人物部,才俠,寡婦新,,7825
卷之五,人物部,才俠,昭君凶,,7832
卷之五,人物部,才俠,曹大家吉,,7836
卷之五,人物部,才俠,蔡琰,,7840
卷之五,人物部,才俠,薛濤大吉,,7845
卷之五,人物部,才俠,紅線,,7849
卷之五,人物部,才俠,宋若萃若昭若憲若華若倫吉,,7854
卷之五,人物部,才俠,李易安,,7858
卷之五,人物部,才俠,袁大捨,,7862
卷之五,人物部,才俠,孫夫人吉,兆之者乃子孫賢明之徵老年夢之主得女孫必曰貴顯未娶者夢之主有才慧之姿共諧佳偶也,7867
卷之五,人物部,才俠,韓蘭英,遷出自望外濳伏者協夢卜乎動聖明之物色致曰弓旌之下賁皆其徵也,7871
卷之五,人物部,才俠,花蘂夫人吉,,7878
卷之五,人物部,才俠,謝希孟吉,,7894
卷之五,人物部,才俠,朱淑眞,,7898
卷之五,人物部,寵嬖,妹喜大凶,,7907
卷之五,人物部,寵嬖,妲巳大凶,,7913
卷之五,人物部,寵嬖,西施,,7917
卷之五,人物部,寵嬖,趙陽臺,,7922
卷之五,人物部,寵嬖,虢國夫人,,7929
卷之五,人物部,悍妬,買臣妻,,7937
卷之五,人物部,悍妬,蘇若蘭,,7942
卷之五,人物部,悍妬,十一娘吉,,7951
卷之五,人物部,悍妬,韓佣胄妻,,7957
卷之五,人物部,悍妬,長舌婦,,7964
卷之五,人物部,悍妬,賈雲華,,7970
卷之五,人物部,淫奔,卓文君,,7978
卷之五,人物部,淫奔,紅拂吉,,7983
卷之五,人物部,淫奔,歩非煙,,7987
卷之五,人物部,淫奔,崔鶯鶯,,7992
卷之五,人物部,淫奔,姑德吉,始邪終正夢之者不憑媒妁得配仙姿雖有淫奔曰之醜䆒以節烈自居誕賢予育秀蘭亦此兆之徵,7997
卷之五,人物部,淫奔,陳妙常,,8001
卷之五,人物部,名妓,小蠻貞吉,,8010
卷之五,人物部,名妓,樊素否凶,,8014
卷之五,人物部,名妓,鄭康婢凶,仕宦受不臣之愬庸人有箠撻曰之苦此夢之兆也修省爲吉,8018
卷之五,人物部,名妓,秦若蘭貞吉,,8022
卷之五,人物部,名妓,柳翠翠吉,,8026
卷之五,人物部,名妓,輕雲貞吉,,8034
卷之五,人物部,名妓,紅綃吉,,8038
卷之五,人物部,名妓,李慧娘否凶,,8042
卷之五,人物部,名妓,步揺凶,兆之者生子不壽曰生女聰俊而品下,8046
卷之五,人物部,名妓,琴操貞吉,,8050
卷之五,人物部,名妓,朝雲吉,,8054
卷之五,人物部,佛仙,見諸佛諸仙僧道,,8062
卷之五,人物部,佛仙,諸佛諸仙僧道至家,,8068
卷之五,人物部,佛仙,見諸像,,8109
卷之五,人物部,佛仙,自稱佛仙僧道或身爲佛仙僧道,,8126
卷之五,人物部,佛仙,迎送佛仙僧道,,8147
卷之五,人物部,佛仙,隨佛仙僧道行及侍立宴會共坐卧同舟車,,8182
卷之五,人物部,佛仙,訪謁佛仙僧道或來訪謁,,8209
卷之五,人物部,佛仙,佛仙僧道有所求索,,8221
卷之五,人物部,佛仙,與佛仙僧道言語喜怒講說,,8239
卷之五,人物部,佛仙,佛仙僧道賜餽器物及服食毉療,,8247
卷之五,人物部,佛仙,佛仙僧道授經冊傳道,,8322
卷之五,人物部,佛仙,佛仙僧道教誦經符呪,,8336
卷之五,人物部,佛仙,佛仙僧道誦作贈授詩詞歌賦文字,,8346
卷之五,人物部,佛仙,僧道托生,,8382
卷之五,人物部,佛仙,釋迦佛大吉,此佛祖也兆之則明心見性可悟上曰乘爲佛弟子智慧日增西土生蓮也,8388
卷之五,人物部,佛仙,彌勒佛貞吉否凶,,8392
卷之五,人物部,佛仙,一,,8398
卷之五,人物部,佛仙,如來吉,開大法眼轉大法輪爲佛教祖爲禪曰門師夢之主心通內典名註禪宗,8401
卷之五,人物部,佛仙,普門大士大吉,,8405
卷之五,人物部,佛仙,文殊菩薩吉,若人兆之主生曰慧女得無碍財,8409
卷之五,人物部,佛仙,普賢菩薩吉,,8413
卷之五,人物部,佛仙,定光吉,兆見如來主得含曰利證無上菩提,8418
卷之五,人物部,佛仙,地藏王吉,兆見菩薩志願得就恢弘曰事業博施濟衆之象也,8422
卷之五,人物部,佛仙,羅漢,像不一兆不同隨夢詳推吉凶可知長睂主壽降曰龍伏虎主生英雄之子夢金身者帝王出世之徵,8426
卷之五,人物部,佛仙,三清吉,,8430
卷之五,人物部,佛仙,上帝玉皇大吉,兆見天帝乃大貴之符或尊居九五曰或首班仙陛垂紳正笏佩玉鳴珂,8436
卷之五,人物部,佛仙,玄天上帝吉,位崇北極攝伏群魔夢天尊者威鎭坎方令行曰天下病者兆之愈可之後須躬詣金殿進香,8440
卷之五,人物部,佛仙,天地水府三官吉,,8446
卷之五,人物部,佛仙,茅山祖師,兆之者主證仙果羽化飛㫒曰將相夢之主食邑三易也,8452
卷之五,人物部,佛仙,東岳聖帝,赦罪之尊生死之案來現于夢主有罪當赦或當曰决急宜詣殿祈禱則吉者不必言而凶亦可解也,8456
卷之五,人物部,佛仙,文昌帝君大吉,文名日熾學問有成平歩雲梯先登月曰窟谷桃浪宴瓊林文昌示夢之符也,8460
卷之五,人物部,佛仙,武曲魁星大吉,,8464
卷之五,人物部,佛仙,壽星貞吉否凶,,8468
卷之五,人物部,佛仙,韋馱吉,護法之尊兆之者有化緣僧曰至或施錢刀布帛證成善果,8475
卷之五,人物部,佛仙,金剛吉,堅强不壞夢之者必益算長年疾病得愈,8479
卷之五,人物部,佛仙,善才貞吉否凶,主生俊異之兒聪慧過人但恐壽曰折宜寄易姓名則可保福智也,8484
卷之五,人物部,佛仙,龍女吉,得大珠或投師亦主得,8489
卷之五,人物部,佛仙,目連尊者,慈親有難必夢見之如巳故者曰主欲超度須作善事以資冥福,8494
卷之五,人物部,佛仙,和修尊者吉,胎息六年心明十七轉妙法輪曰遊摩空國兆之者主生慧兒,8498
卷之五,人物部,佛仙,阿難吉,兆之當懴悔佛前證無上道必益福利曰女人夢之主有佛緣得見如來妙相,8502
卷之五,人物部,佛仙,脇尊者,,8506
卷之五,人物部,佛仙,慧可大師,頂如五秀之峰胸有三乗之典是心是佛是心曰是法夢之者防有不虞之誣囹圄之凶無咎,8510
卷之五,人物部,佛仙,法融禪師,兆此禪師于夢者當主學富心曰明百烏啣花三生解結之祥,8514
卷之五,人物部,佛仙,俱胝和尚,夢之者主童子得慧女人曰𫉬福當于一指之間悟焉,8518
卷之五,人物部,佛仙,船子和尚,,8522
卷之五,人物部,佛仙,支公,𫉬駿馬選山林之勝談空說曰玄無出其右皆此兆之徵也,8526
卷之五,人物部,佛仙,佛印吉,主能㸃悟能了塵緣,8530
卷之五,人物部,佛仙,老子,,8535
卷之五,人物部,佛仙,東王公吉,,8540
卷之五,人物部,佛仙,西王母吉,,8545
卷之五,人物部,佛仙,彭祖大吉,夢之者主其人多子多妻多壽修曰道之人當得延齡之術爲王者師,8551
卷之五,人物部,佛仙,王子喬吉,子喬有周靈王世子好吹笙作鳳凰嗚遊伊洛上曰嵩山後不知所之夢此主聲馳鳴鳳子貴非常,8555
卷之五,人物部,佛仙,鐵拐先生吉,李仙之兆必資人扶持之力或有曰足疾之苦者當遇異人醫療也,8559
卷之五,人物部,佛仙,尹喜吉,,8563
卷之五,人物部,佛仙,鬼谷子吉,凝神守一朴而不露縱横之師易卜之祖見之者曰數學精微或有靑溪人至或家有邪崇宜禳壓之,8569
卷之五,人物部,佛仙,王次仲吉,夢見之者主字學高妙文曰人主變化飛冲吉徵也,8573
卷之五,人物部,佛仙,鍾離權凶,,8577
卷之五,人物部,佛仙,劉海蟾大吉,,8581
卷之五,人物部,佛仙,藍采和,,8585
卷之五,人物部,佛仙,呂純陽吉,朝北海暮蒼梧去來蓬島揮黃鶴醉酒壚遊戲人曰間夢之者主遇仙得奇術修眞傳道神通度世,8589
卷之五,人物部,佛仙,韓湘子貞吉否凶,兆之者主善音律飄飄欲仙人不可及曰女人夢之産仙子常人夢之主叔貴,8593
卷之五,人物部,佛仙,張果老吉,暮年豪興不減少時且福壽兩全而曰瀟洒自如乃能于夢中會見此老,8598
卷之五,人物部,佛仙,麻姑貞吉否凶,夢之主林木茂盛子女凋曰殘凢事有桑田滄海之變,8602
卷之五,人物部,佛仙,何仙姑吉,一塵不染姿容雅淡有仙風道骨曰者能夢見之亦主生聰俊之女,8607
卷之五,人物部,佛仙,劉晨阮肇吉,,8611
卷之五,人物部,佛仙,紫姑仙吉,主仙女臨凢欲擇曰所托故來入夢也,8615
卷之五,人物部,佛仙,張道陵,,8619
卷之五,人物部,佛仙,安期生,謫仙溷世人不能識恐其曰自昧故于夢中指迷耳,8623
卷之五,人物部,佛仙,許眞君吉,,8627
卷之五,人物部,佛仙,葛洪貞吉否凶,與翁夢會乃丹客來謁之徴士子夢之可棄儒業,8631
卷之五,人物部,佛仙,孫眞人吉,如兆眞人必爲世之名醫能不以利爲計則功曰德所致必生顯達之胤身享榮華克終壽考,8638
卷之五,人物部,佛仙,張仙吉,夢仙來兆圡爲人以孝友聞于時頴敏曰過人無子者夢之龶得子賢而且繁,8642
卷之五,人物部,佛仙,毛女吉,,8646
卷之五,人物部,佛仙,蕭史吉,吹簫好道弄玉成交鳳鳴竒跡龍乘仙曰遨形,8650
卷之五,人物部,神鬼,見神鬼,,8659
卷之五,人物部,神鬼,自稱某神鬼,祐助或有所責譴或有所指示或有所告報詳是曰何神鬼見何形,8703
卷之五,人物部,神鬼,爲神鬼化神鬼,,8715
卷之五,人物部,神鬼,神鬼來降或至家入室,夢之者主誕生富貴之嗣元吉𤼵祥之曰占惟不德之人積惡之家反此爲殃,8728
卷之五,人物部,神鬼,謁神鬼或來謁,夢之者往謁彼者昌彼來謁者凶亦須詳曰是何神鬼往謁何象來謁何言以判吉凶,8740
卷之五,人物部,神鬼,神鬼延接送行或來請來謝,夢延接者主其人有大福德夢送行者主陰曰中有所祐護夢來請者不祥夢來謝者無咎,8756
卷之五,人物部,神鬼,神鬼行住來去,,8764
卷之五,人物部,神鬼,神鬼交合配偶,夢之者非有夙緣必有陰禍否曰則荒唐幻合之夢也豈爲吉占,8771
卷之五,人物部,神鬼,神鬼求祠地祭祀衣服器物,,8779
卷之五,人物部,神鬼,神鬼與言語爭論,,8814
卷之五,人物部,神鬼,神鬼訴告囑託,,8846
卷之五,人物部,神鬼,神鬼與器物借器物,,8861
卷之五,人物部,神鬼,神鬼怒責,,8875
卷之五,人物部,神鬼,神鬼呼召,巳者主指授其凶其吉須推召巳何爲如以冥司曰事相託則生人,8890
卷之五,人物部,神鬼,神鬼勑命追攝,,8919
卷之五,人物部,神鬼,神鬼征戰討除,,8956
卷之五,人物部,神鬼,𨶒王凶,陽數將盡故來兆夢無問男曰女老少見之者皆大不祥,8984
卷之五,人物部,神鬼,龍王大吉,御世之兆也市人夢之必𫉬奇珍異寶富冠海内曰大吉,8988
卷之五,人物部,神鬼,天曹猛將,士夫夢之掌銓選武將夢之封公矦農人曰夢之田禾熟五六月見兆當有旱蝗之災,8994
卷之五,人物部,神鬼,楊山太尉貞吉否凶,兆之者主有癰疽瘡癤之災祈之則曰解如仕宦夢之主成開渠水利之功,8998
卷之五,人物部,神鬼,王靈官,兆之于夢必眞武見責宜許曰武當香愿并祈祀靈官則吉,9003
卷之五,人物部,神鬼,金龍四大王貞吉否凶,行人夢之宜防風波之險賽神乃曰吉士子夢之則科第聯登之兆也,9007
卷之五,人物部,神鬼,泰山神,,9012
卷之五,人物部,神鬼,嫦娥吉,夢見之者主得長生之術士人夢之高攀仙曰桂獨歩蟾宫更諧美麗佳人永成連理也,9017
卷之五,人物部,神鬼,風佳貞吉否凶,舟行有警作事須相時度勢而行,9021
卷之五,人物部,神鬼,雨師吉人如見之則功當,亦與之同也非居台鼎之列其爲牧民之宰乎吉曰象,9027
卷之五,人物部,神鬼,雷神,,9034
卷之五,人物部,神鬼,電母吉,兆之者主得賢内助光曰明正大爲女中丈夫,9039
卷之五,人物部,神鬼,織女貞吉否凶,夫妻遠隔會少離多之象或生仙曰姿之女巧藝絕人或得奇錦裳服,9043
卷之五,人物部,神鬼,郡邑城隍,,9048
卷之五,人物部,神鬼,五方聖即五福顯靈神,,9053
卷之五,人物部,神鬼,天𡚱吉,兆之者必事女主保有富貴女子夢曰之主大貴孕者夢之生女爲后𡚱,9060
卷之五,人物部,神鬼,江河水神,,9064
卷之五,人物部,神鬼,洞庭神今,,9068
卷之五,人物部,神鬼,五路通達司吉,,9073
卷之五,人物部,神鬼,馬福總管吉,,9077
卷之五,人物部,神鬼,東厨司命,如夢見之恐有火災或眼目曰痛損禳解防愼庻無患也,9083
卷之五,人物部,神鬼,土地否凶,爲一境之福神保庻民之樂業忽來現夢則人口曰不寧家宅不安急宜禳之可免或主遷移動圡,9087
卷之五,人物部,神鬼,子孫娘娘大吉,,9091
卷之五,人物部,神鬼,天醫吉,,9095
卷之五,人物部,神鬼,天救孩童司,夢之者宜防小兒之災雖見凶危曰終必無事須禮祀之可無虞也,9099
卷之五,人物部,神鬼,井泉童子凶,井者阱也泉者水也訟事恐有縲絏之難常人防曰有失脫之憂或主小口落井之厄宜愼之無咎,9103
卷之五,人物部,神鬼,鍾進士馗凶,利武士不利文人病人兆之早曰治後事平人須防失跌之災,9107
卷之五,人物部,神鬼,靑龍吉,,9111
卷之五,人物部,神鬼,招財吉,文士兆之才思進益啇賈兆之曰𫉬利遠方或進得力人口也,9115
卷之五,人物部,神鬼,無常凶,無常一到萬事皆休我形欲離彼得見我彼即我曰之魂魄魂升魄降長大無踪雖在夢寐亦非吉象,9119
卷之五,人物部,神鬼,方相開路吉,兆之者主暗中神助運道亨通士子名曰顯達商賈利豐隆老年夢之歸山何疑,9123
卷之五,人物部,神鬼,魑魅魍魎,爲人如鬼如蜮變詐百出取憎于人而曰猶自以爲得計者此夢之所繇來也,9127
卷之五,人物部,神鬼,夜义凶,兆見之者主生怪異之子或遇奸詭之曰人亦主鬼魅相侵疾病來擾宜告遣之,9131
卷之五,人物部,神鬼,━━━━━━━━━━━━━━━━━━━━━━━━━━━━━━━━━━━━━━━━━━━━━━━━━━━━━━━━━━━━━━━━━━,,9140
卷之五,人物部,神鬼,━━━━━━━━━━━━━━━━━━━━━━━━━━━━━━━━━━━━━━━━━━━━━━━━━━━━━━━━━━━━━━━━━━,,9142
卷之六,人物部,彛倫,彛倫類,,9159
卷之六,人物部,彛倫,君臣父母夫妻兄弟子孫師友,,9162
卷之六,人物部,彛倫,登天,,9171
卷之六,人物部,彛倫,天賜,,9180
卷之六,人物部,彛倫,雷打,,9187
卷之六,人物部,彛倫,登山,,9192
卷之六,人物部,彛倫,溺水,,9201
卷之六,人物部,彛倫,爲僧道,,9206
卷之六,人物部,彛倫,爲神,,9211
卷之六,人物部,彛倫,爲官,,9220
卷之六,人物部,彛倫,爲奴𨽾,業凋踪跡飄零骨肉離散謀名不遂營利徒勞如曰夢巳亡故者主冥司受苦,9229
卷之六,人物部,彛倫,鬻買,凡夢五倫親屬中人買曰于人者吉賣與人者凶王導夢人以百萬錢買其子悅潜爲祈禱者備矣尋掘地得錢百萬意甚惡之一皆藏閉及悅疾篤導憂念特至不食積日恱竟卒,9236
卷之六,人物部,彛倫,同坐卧,,9242
卷之六,人物部,彛倫,喜笑,,9249
卷之六,人物部,彛倫,悲泣,,9254
卷之六,人物部,彛倫,迎别,,9263
卷之六,人物部,彛倫,殺毆,,9274
卷之六,人物部,彛倫,疾病,,9287
卷之六,人物部,彛倫,生死,,9298
卷之六,人物部,彛倫,䘮塟,,9324
卷之六,人物部,彛倫,告托,,9333
卷之六,人物部,彛倫,索食,之占凡夢索食者當隨其所索何物如索五榖禾曰黍不豊如索酒肴宜清心寡慾如索菓子孫殃如索葷食當持齋奉佛又同飲食如同亡者飲食大凶同生者雖無咎亦主閑氣又或與我飲食者詳是何飲食非錫以福則貽以殃宜細推之,9356
卷之六,人物部,彛倫,求衣服,,9367
卷之六,人物部,彛倫,求宅舍,,9372
卷之六,人物部,彛倫,與器物,凡五倫親屬中人與物如夢君與物錫贈之兆臣曰與物貢獻之兆父母與物授深之兆子女與物甘,9383
卷之六,人物部,彛倫,乘舟車,,9394
卷之六,人物部,彛倫,文詞,,9403
卷之六,人物部,彛倫,花木,,9426
卷之六,人物部,彛倫,鳥獸昆虫,,9431
卷之六,人物部,彛倫,祖先,,9451
卷之六,人物部,民庻,爲農,,9471
卷之六,人物部,民庻,爲工,,9485
卷之六,人物部,民庻,軍器工,,9505
卷之六,人物部,民庻,樂器工,,9509
卷之六,人物部,民庻,僱工脚夫,,9515
卷之六,人物部,民庻,酒作,夢中學做酒家工鼎鼐譋和建異功曰若是貪杯無别事自醲自飲自經營,9519
卷之六,人物部,民庻,爲商賈,,9525
卷之六,人物部,術技,醫士,,9533
卷之六,人物部,術技,星士,,9540
卷之六,人物部,術技,卜士,,9549
卷之六,人物部,術技,陰陽地理,,9556
卷之六,人物部,術技,相士,,9560
卷之六,人物部,術技,書算,,9567
卷之六,人物部,術技,繪畵,,9572
卷之六,人物部,術技,博奕,,9581
卷之六,人物部,術技,投壼,,9589
卷之六,人物部,術技,蹴踘,,9593
卷之六,人物部,術技,鞦韆,夢此者主身有遠行夢見人鞦韆者主逺行曰客至女子夢之主酒食宴樂喜慶歡娛之事,9599
卷之六,人物部,術技,𩀱陸,,9603
卷之六,人物部,術技,擲骰,夢擲得純色者吉主有財彩餘主事多反覆小曰人不足之占婦人夢之主得夫懽又有秀孕也五竈楊平義夢與人擲骰方下手窩中不見一色未幾而妻病卒,9613
卷之六,人物部,術技,牙牌貞吉否凶,夢之者貴人遷擢平人進歩如曰夢拈得亡牌者兆爲諸事不成,9619
卷之六,人物部,術技,葉子,夢主人叢競勝手有威權兆應四旬六曰六之數定有小遇小喜獲利大吉,9624
卷之六,人物部,術技,請仙,,9628
卷之六,人物部,術技,召將,,9632
卷之六,人物部,術技,學射御,曰中的行道之象御世成功之兆,9637
卷之六,人物部,夷蠻,見夷虜戎蠻,夢之者主臣下奴僕懷有貳心曰出外遠行防有異變非爲吉占,9646
卷之六,人物部,夷蠻,夷蠻進貢大吉,此夢如見夷國蠻邦進獻寶物者曰主國家祥瑞四海安寧之兆也,9650
卷之六,人物部,夷蠻,夷狄入國至家,夢見夷狄入國者主有兵戈騷動曰見夷狄入家者主有盗賊𥨸登,9654
卷之六,人物部,夷蠻,與夷狄交戰,夢戰勝者凢事有氣戰敗者曰凢事無力兆主有小人之侮,9660
卷之六,人物部,夷蠻,與夷狄交易貞吉否凶,夢此者主商人獲寶平曰人疫厲遠行吉利之兆,9664
卷之六,人物部,夷蠻,身變夷狄居皮幕凶,夢此兆者罪流裔土身繫囹圄之象官訟曰大凶餘人夢之急宜解禳鎭壓可保無咎,9669
卷之六,人物部,夷蠻,身入夷地,,9673
卷之六,人物部,夷蠻,拜見番王,夢者市利業興惟大貴之人不宜兆此曰主耻辱屈身之事征討之日尤爲不祥,9678
卷之六,人物部,夷蠻,配靼婆爲婿,夢之者主得佳偶士人兆之當有異曰人之遇意外之緣老而無妻者凶,9684
卷之六,人物部,夷蠻,與夷狄爭位,,9688
卷之六,人物部,夷蠻,與夷人同騎,夢此者兆主内人與外人通情合謀午命生人曰午年月日必有所應貴人兆大平人兆小耳,9694
卷之六,人物部,夷蠻,見倭人入𡨥貞吉否凶,夢此横財驟富之兆惟貴人曰孕婦不宜得此爲不祥耳,9700
卷之六,人物部,夷蠻,與倭泛海航入倭國,此夢舟中敵國之象凢商賈合夥者須防異曰心變故謹愼爲佳如求不義之財兆此大吉,9705
卷之六,人物部,夷蠻,倭人作書畵,夢之者文士聰明平人口舌富曰貴夢此不宜交易立劵契也,9709
卷之六,人物部,夷蠻,稱夷蠻入朝,,9713
卷之六,人物部,優妓,身是優人搬戲,夢者主明日有閑非閑氣曰身心紛擾門户不寧之占,9721
卷之六,人物部,優妓,人教作戲凶,夢此爲小口災侵平人涉訟之象凢曰事須防自生爭𨷖小心忍耐可避也,9725
卷之六,人物部,優妓,塗面爲優人,夢見人塗面爲優者主他人心變凢事防有欺侮曰誕詐夢自身塗面爲優者主有災病至有耻辱事,9729
卷之六,人物部,優妓,優人迎拜,此夢文人身貴富家有宼曰女子夢之主有亵侮之臨,9733
卷之六,人物部,優妓,演戲身衣冕服凶,夢者兆主外孝服動内虛曰驚事老人夢此當有疾至,9737
卷之六,人物部,優妓,見優人來别,此夢文人不吉名落聲銷之象平人夢曰之又爲虚耗去財利滋愁除邪散大佳,9741
卷之六,人物部,優妓,群優歌唱過門,夢之者如不入門主有讌會行樂之喜曰如人門主有盗𥨸之虞旅邸夢之不吉,9745
卷之六,人物部,優妓,優人騎馬乘車,富貴非曰眞之兆,9749
卷之六,人物部,優妓,見提傀儡,夢之者主陰小有曰人提掇病人爲凶,9753
卷之六,人物部,優妓,門首弔傀儡大凶,夢主家有横禍曰之至大凶兆也,9757
卷之六,人物部,優妓,與妓相别吉,此夢陰非遠棄之象凢事得理疾病曰脫身其占爲浪子回心花凋蝶散,9761
卷之六,人物部,優妓,呼妓陪席飲酒,口舌悲哀破財招禍無曰因見夢者尤爲不祥也,9765
卷之六,人物部,優妓,見妓拜迎,夢主事有小喜身有小災一憂一樂惟途曰路夢之當主交易獲利行樂費財之象,9769
卷之六,人物部,優妓,挾妓遊山,,9773
卷之六,人物部,優妓,妓同寢,主疾病臨身陰私相擾之象夢者㥯宜解曰鎭如妓係素所愛慕者又爲想夢無妨,9780
卷之六,人物部,優妓,諸妓歌樂列侍凶,夢主憂悲之事邪祟相侵群陰羅網百口曰喧爭事宜戒性病者防凶破財䘮丁之夢,9784
卷之六,人物部,優妓,妓索物,此夢暗中耗陰中消美中不美宜曰詳所索何物圓通推測方有靈准,9788
卷之六,人物部,優妓,娼妓倚門迎巳入,夢此主妓擅專家凢人兆之歡合之門迎曰而入之主事事有緣惟官訟之時不吉,9792
卷之六,人物部,優妓,與妓女相毆,夢主得情助𫝑門戶昌榮氣象之兆也技藝曰之人爭長奪色老者得之主有虚症不祥,9796
卷之六,人物部,優妓,買妓歸家凶,陰禍來曰臨也,9804
卷之六,人物部,優妓,與妓爲夫妻大吉,夢此者夫妻昌吉也未配者主得技藝美色曰之妻如素愛𤇆花之人夢爲直叶妓女合心,9808
卷之六,人物部,優妓,身作樂工,主有憂悲事如手有瘡患者曰不口即愈又有大吉之占,9812
卷之六,人物部,優妓,見人爲樂工,夢主明日其人所在有大曰風起丹行宜備不可忽也,9816
卷之六,人物部,優妓,見歌童歌舞,夢主小口喧爭是非反覆意曰外之悲少陽脉病便溺之災占,9820
卷之六,人物部,奴𨽾,身爲人奴𨽾,,9828
卷之六,人物部,奴𨽾,人投作僕,夢主得人助力添丁進口之象女子夢之主得曰庸兒不爲佳瑞老者夢之病至貧者夢之得財,9833
卷之六,人物部,奴𨽾,見人作僕被鞭朴,此夢主其人不祥不作冥曰中鬼卒當爲陽世囚夫,9837
卷之六,人物部,奴𨽾,被奴僕欺侮凶,陽消陰長上替下陵之象夢者防曰内有異心家有二主私小之應也,9841
卷之六,人物部,奴𨽾,身作婢吉,,9845
卷之六,人物部,奴𨽾,婢女詬罵,夢主小口不寧之占或主其婢曰有變兆爲陰氣吹于家門口舌,9849
卷之六,人物部,奴𨽾,賣奴婢,此夢賣奴爲主人失助羣力解散凢事少曰扶少佐無威無𫝑也如賣婢者又爲吉祥,9853
卷之六,人物部,奴𨽾,買人爲僕,,9857
卷之六,人物部,奴𨽾,身爲隸卒,,9862
卷之六,人物部,奴𨽾,見他人是𨽾卒,夢主其人有死䘮之厄詳是曰何人身居何地吉凶自見,9866
卷之六,人物部,奴𨽾,被𨽾卒呼叱鞭撻,此兆藉人力得人助夢之者凢事必有扶曰庇如身至冥府見冥王使冷叱撻者大凶,9870
卷之六,人物部,奴𨽾,人召作𨽾卒,此夢平人小遇如身係貴人當曰有冥司之苦必非福德之報,9874
卷之六,人物部,奴𨽾,隸卒忽作官吉,,9878
卷之六,人物部,奴𨽾,𨽾卒前驅導,此夢貴人吉平人凶文人曰兆應將來主有顯榮之象,9882
卷之六,人物部,老幼,見老人大吉,,9890
卷之六,人物部,老幼,自身忽老,,9906
卷之六,人物部,老幼,見小兒,,9910
卷之六,人物部,老幼,身化小兒,夢之者不論男女中年夢之主業消財退老年夢曰者主疾病死亾凢人夢此爲僧削髪以應之可解,9929
卷之六,人物部,男女,見男子,,9937
卷之六,人物部,男女,男子化女凶,,9946
卷之六,人物部,男女,見女子,阻財退夢與婦人同坐食主喜吉夢與女人厮毆曰主失財夢見婦人厮毆主訟事閑氣奸情夢見女人曉敉事散晚籹者事成夢與女人姦好者凢事皆凶夢與女人陰謀主營謀不遂夢見女子觀天象星斗雲物者主凶事至,9950
卷之六,人物部,男女,夢占女子化男部大吉,夢之者主陰轉爲陽主作事遂意曰疾病除口舌散凢事無不吉利者,9968
卷之六,人物部,男女,━━━━━━━━━━━━━━━━━━━━━━━━━━━━━━━━━━━━━━━━━━━━━━━━━━━━━━━━━━━━━━━━━━,,9977
卷之六,人物部,男女,━━━━━━━━━━━━━━━━━━━━━━━━━━━━━━━━━━━━━━━━━━━━━━━━━━━━━━━━━━━━━━━━━━,,9979
卷之七,形貌部,身體,身體類全現巳身大吉,人之相貌誰能自知自知之明徵祥備矣曰君子得之榮顯小人得之康健當默識之,9995
卷之七,形貌部,身體,身飛吉,,10003
卷之七,形貌部,身體,身生羽翼大吉,,10007
卷之七,形貌部,身體,畵兩翅在身大吉,兩翅者二支也又兩次也有吉無凶曰夫翅非翼也翼似飛鳥翅似飛蛾,10011
卷之七,形貌部,身體,身生一翼一翅,無佐者吉或左或右有人助之爲飛爲逸吉曰有兩人相輔而夢一者必失一個人也不吉,10017
卷之七,形貌部,身體,身上生甲吉,,10021
卷之七,形貌部,身體,出身露體無掩閉,,10025
卷之七,形貌部,身體,婦人出身吉,,10033
卷之七,形貌部,身體,自訪巳身無覔處凶,,10037
卷之七,形貌部,身體,身臥魂飛,,10041
卷之七,形貌部,身體,身體光滑吉,孽散災消憂除愁解利茂名登病瘳運泰曰諸事皆祥遂吉貴人夢之主德隆譽廣,10046
卷之七,形貌部,身體,身短異平日,,10050
卷之七,形貌部,身體,一身長大如泰山大吉,此夢名重天下之兆也曰,10055
卷之七,形貌部,身體,身大如天,,10059
卷之七,形貌部,身體,身中又生一箇人,,10064
卷之七,形貌部,身體,斫半身坐頭上,,10068
卷之七,形貌部,身體,身軀扁薄凶,扁者貶也精血不足之象侍中上曰官夢巳身扁薄其年貶爲典簿,10072
卷之七,形貌部,身體,身小如兒童,老年夢此再世生身少年夢此學問不足病曰人夢此不祥脩行得道者夢此是體中嬰兒,10076
卷之七,形貌部,身體,一身二叚,文人應試伊尹命題曰武將臨期身首異處,10080
卷之七,形貌部,身體,一身變爲三,此三生同會一時三魂各分一處曰因詳此夢動靜語言以驗吉凶,10084
卷之七,形貌部,身體,身掛立高牆中,,10090
卷之七,形貌部,身體,身陷入地吉,半身在上者是出頭之象得土之兆吉夢也曰或夢橫或夢俛或夢没入土中皆爲大凶,10094
卷之七,形貌部,身體,一身都是鬼大吉,隸卒衆多之象眼見許多鬼衆魁同寅者乎巳身曰在中大干衆位其爲元之兆乎兆此者金㮄第一,10098
卷之七,形貌部,身體,身忽黑凶,身若紅黃光彩富貴之兆身忽昏黑暗昧灾禍曰突至疾病臨身不祥之夢急宜保禳解鎭无咎,10102
卷之七,形貌部,身體,遍身華彩如虹大吉,此文明之象又爲金光爲好光景爲美觀爲美麗曰得華服之兆但丙丁日天火日夢之宜防火燭,10106
卷之七,形貌部,身體,洗身被跌,洗者去穢交新也跌者阻隔遲緩也曰夢者宜細推當土几事延緩之象,10110
卷之七,形貌部,身體,積薪起火焚身大吉,,10114
卷之七,形貌部,身體,疥癩瘡癤滿身不沭凶,爲人子者夢之父母有災平人夢之爲人曰來損之之兆小兒童夢之須防即日眞應,10118
卷之七,形貌部,身體,遍體生毛吉,毛者血氣之餘肺主皮毛蓋肺之餘氣曰也夢生毛爲文明之象又爲掩閉之象,10122
卷之七,形貌部,身體,遍體生鱗吉,春屬木其蟲鱗于臟腑爲肝之餘氣生鱗乃曰血氣有餘之兆又爲化龍之象其吉可知,10128
卷之七,形貌部,身體,遍體無皮凶,兩人皮是彼也波者水之皮也皮有病爲疲也曰無皮露肉肌也皮膚父母也無父是無衣也,10132
卷之七,形貌部,身體,詳玩五體吉,惟善養者得有是夢若非用心調理者則是曰一時之惑耳若夢他人玩我者囚多吉少,10136
卷之七,形貌部,身體,體濶大吉,濶者活也病人夢濶不死訟事夢濶必得意曰女人有孕夢濶生男少年夢濶爲肥壯之兆,10142
卷之七,形貌部,身體,半邊形體不見貞吉否凶,是左癱右瘓之象若人遇難夢此者是半曰隱遯也急以正心調理之道亦可移吉,10146
卷之七,形貌部,身體,體分成二身,一人兼兩人之事棄產成家曰一國作二國之王分京各主,10151
卷之七,形貌部,身體,體上有誌吉,此夢身羅星斗之象士人顯名女人育貴曰隨其誌之所在及所見而詳之不可拘一,10155
卷之七,形貌部,身體,體熱如火,貧者得衣孤獨有喜曰病寒者生病勞者死,10159
卷之七,形貌部,身體,遍體生瘡疥吉,夢瘡是昌盛癩疥是有所倚賴生癬爲宣曰明都吏夢生瘡出血以舌舐之選爲倉官,10167
卷之七,形貌部,身體,遍體蓬塵灰土,主被辱曰,10171
卷之七,形貌部,身體,五體皆斷凶,股肱心臂不相接此夢主分離之兆曰名利廢交友無情病體劇作事無成,10175
卷之七,形貌部,身體,光彩倍常大吉,神清氣旺故有此夢病者得之非佳兆也曰若他人夢見病者光彩不比平日大凶,10179
卷之七,形貌部,身體,肥吉,貧人夢肥財來致富富人夢之族富家財曰長旺冲齡夢此大吉病者夢肥無藥可治,10183
卷之七,形貌部,身體,痩,夢痩者骨力强壯之象少者夢之家貧無患老曰者夢之老窮富貴者不祥女子懷胎夢大凶,10187
卷之七,形貌部,身體,長大吉,長者長也爲衆人之長爲長利爲長旺大吉曰爲長壽爲才長爲德長爲長策病夢變長凶,10191
卷之七,形貌部,身體,方吉,方者方也爲方正爲得方爲有方爲方曰法爲有事有防惟病人夢方者必死,10195
卷之七,形貌部,身體,圓大吉,,10199
卷之七,形貌部,身體,半隱半露凶,胸藏背出不爲祥露尾藏頭定有殃曰鬼魅眞情從此現仙遊借意莫思良,10203
卷之七,形貌部,身體,如木偶人貞吉否凶,此爲偶然也求名利者夢此當是有人提挈曰衣錦榮歸之兆病者夢此是筋絡枯槁也,10207
卷之七,形貌部,身體,如老季景象貞吉否凶,一少年病後夢身如𦒿耋兒孫滿前果大壽曰一豎子夢巳身老皮皺鬚鬂皓然未旬卒,10212
卷之七,形貌部,身體,隱入字紙內,此夢學者之美䜟也,10217
卷之七,形貌部,身體,丈量尺寸,數有定也富貴壽祿所係多則吉少則不曰吉若病者夢此其數與年歲相同者大凶,10222
卷之七,形貌部,身體,稱輕重吉,,10226
卷之七,形貌部,身體,與人比并大小高低,大吉小凶高吉低凶曰,10232
卷之七,形貌部,身體,剛健勇猛,,10236
卷之七,形貌部,身體,懶惰凶,,10240
卷之七,形貌部,身體,寒如臨氷履雪凶,覺來眞冷是睡不安甦後安和心事驚疑有曰大災出行在路須防盜賊或家中有事耳,10244
卷之七,形貌部,身體,寒顫大凶,主有虚驚若在清閑燕安之際夢此曰者須防疾病又防孝服口舌之灾,10248
卷之七,形貌部,身體,剝瘡蓋吉,主得錢財若夢瘡蓋失落是克剝曰錢糧之象又爲灾悔消除之兆,10252
卷之七,形貌部,身體,倒立凶,頭在地下足反在上夢醒安然者其禍小若曰心中不安者須防水火之灾或下欺上者,10256
卷之七,形貌部,身體,横跌着地凶,仰吉俯凶夢痛大凶曰或因疼痛夢之不妨,10260
卷之七,形貌部,身體,立在空中四懸不着實凶,無所倚歸之象曰,10264
卷之七,形貌部,身體,跌入水中,此乃神歸腎腑之夢夢後七日曰内防有火災水厄過旬無忌,10268
卷之七,形貌部,身體,見配偶作二形凶,夫夢女其妻有外意曰婦夢男其主有二心,10272
卷之七,形貌部,身體,不出身體見腑臟骨節,,10276
卷之七,形貌部,頭額,頭額類頭頸香馥大吉,,10284
卷之七,形貌部,頭額,看見頭頂吉,,10290
卷之七,形貌部,頭額,頭長大,,10294
卷之七,形貌部,頭額,斷頭而行大吉,見羣龍無首吉天德不可爲首也曰兆主喜慶來至平人主事無頭緒,10299
卷之七,形貌部,頭額,換頭大吉,求名進取必居第一平人覔利頭等交易若曰病人夢此無藥而瘳未病夢之夢後得病死,10303
卷之七,形貌部,頭額,引劒斷頭大吉,頭斷未嘗無劒引尤吉惟臨敵交戰爲絕兆病人曰見之爲無病徵女子夢之主孕育生男亨嘉之兆南唐烈祖周宗請之烈祖曰夜夢人引劒斷吾首宗下拜賀曰當冊立居數日而内禪,10309
卷之七,形貌部,頭額,尋頭吉,無頭光景之兆曰,10313
卷之七,形貌部,頭額,斫頭大吉,,10317
卷之七,形貌部,頭額,頭被人斫落大吉,,10321
卷之七,形貌部,頭額,斫取人頭吉,取者獲也頭者首位也夢此者文人曰首㮄武士首功諸事進達之兆,10325
卷之七,形貌部,頭額,一頭三面,兆主交易契劵得成之占曰作事有光彩當敵防伏兵,10329
卷之七,形貌部,頭額,變豹頭貞吉否凶,君子豹變小人革靣曰,10333
卷之七,形貌部,頭額,頭變龍形大吉,,10338
卷之七,形貌部,頭額,頭化作鳳凰吉,鳳凰頭上客百烏盡知音此夢文官曰入相武將封矦女戴鳳冠老而育稚,10342
卷之七,形貌部,頭額,頭痛吉,,10346
卷之七,形貌部,頭額,頭上有火星,少陽從心中出爲夢中火太陽寒水得之而濟曰火點冲天是吉祥富貴火星落地子孫殤夭,10350
卷之七,形貌部,頭額,頭中出水滴凶,此夢血枯水狼籍點水便成氷髪渝多曰污穢不祥孰甚焉又爲火災當自警戒,10354
卷之七,形貌部,頭額,藏頭,此夢文人夢之掛冠歸里曰諸事宜小心不宜出頭,10358
卷之七,形貌部,頭額,戈擊頭墜凶,,10362
卷之七,形貌部,頭額,頭頸斷復聯大吉,乾坤交接震兊和洽曰死而復生貧窮再富,10366
卷之七,形貌部,頭額,頭忽平扁,,10370
卷之七,形貌部,頭額,頭𧢲峥嶸吉,,10375
卷之七,形貌部,頭額,頭生兩𧢲大吉,,10379
卷之七,形貌部,頭額,頭生一𧢲,,10383
卷之七,形貌部,頭額,頭生羊𧢲大吉,解字也平人主事曰解散惟貢士爲祥,10387
卷之七,形貌部,頭額,頭顱生草,頭出草木有生發也夢此者士人加冠貴人錫曰纓病人不祥女人主有草頭之姓匹配良緣,10391
卷之七,形貌部,頭額,頭上䪿門忽開大吉,兆主逺行䪿者性也性開情達之象愚曰者智多憂者豫惟守藏庫者宜防失脫,10395
卷之七,形貌部,頭額,頭中無腦貞吉否凶,空虚之象病者夢無腦是陽虚必曰死诸事皆凶惟訟者夢見大吉,10399
卷之七,形貌部,頭額,將首與人凶,此夢以我之頭爲人之頭乃交易曰不成之象文人應試不得首薦,10404
卷之七,形貌部,頭額,自求其首吉,眞無首䰟去求頭在頸何須如此向來事曰事無頭緒今日求來眞有𧼈求得大吉,10408
卷之七,形貌部,頭額,梳頭大吉,法通道合得理有儀凡夢之時値多慮多曰憂今朝暢快事當難蘇難省今後清安,10414
卷之七,形貌部,頭額,人坐其首坐人首,,10418
卷之七,形貌部,頭額,被人斬首持去,,10426
卷之七,形貌部,頭額,持巳首吉,,10435
卷之七,形貌部,頭額,持三首大吉,此夢文人得之聯報三元武士得之三戰三曰勝官宦得之位列三台平民得之利獲三倍,10439
卷之七,形貌部,頭額,生出兩首凶,,10443
卷之七,形貌部,頭額,以首承日大吉,首爲乾日爲離離在乾上大有也曰日者天之子天子之下一人也,10447
卷之七,形貌部,頭額,首變似虎大吉,虎屬寅同寅協曰㳟大貴兆也,10453
卷之七,形貌部,頭額,首變蛇,爭訟口舌百事不利如合曰夥作事當爲衆人之長,10459
卷之七,形貌部,頭額,頂刅吉,危而得安之象刅者忍曰也凡事宜忍耐爲佳,10463
卷之七,形貌部,頭額,露頂出門凶,此夢無冠之象曰又失財之占,10467
卷之七,形貌部,頭額,頂顱光大吉,頭上光明而廣大此夢文人大貴常曰人不利病人不祥高年主有老運,10471
卷之七,形貌部,頭額,頂尖,小人吉大人凶曰,10475
卷之七,形貌部,頭額,頂中生出童子大吉,上人寵生男兒一人得兩人之曰壽又爲修煉家嬰兒姹女之象,10479
卷之七,形貌部,頭額,生鳥獸于頂顱大吉,,10483
卷之七,形貌部,頭額,點額大吉,德占天罡名傳國史夢人點我額驗曰在尊重名號士中首甲平民得利,10487
卷之七,形貌部,頭額,額上加頭如獸面大吉,夢此者官爲顯長將爲帥長吏爲衆曰人之長必封王矦大爵世襲公矦,10493
卷之七,形貌部,頭額,額上生蠅吉,,10497
卷之七,形貌部,頭額,安耳于額吉,,10501
卷之七,形貌部,頭額,額中生一目大吉,文人爲一目數行之象曰是天門開也主貴壽,10509
卷之七,形貌部,頭額,額上生唇舌凶,,10513
卷之七,形貌部,頭額,額生長毫大吉,顙出長毫是夢中天庭豪邁必成功曰文明俊傑多榮顯短短粗毛便見凶,10517
卷之七,形貌部,頭額,拍額吉,自拍巳顙心中快也人來拍之得人力也拍人曰之顙將誨之也如此夢者必得進取必能去病,10521
卷之七,形貌部,頭額,掩額露頭面貞吉否凶,假寤佯羞隱風厭雨革㡭曰奸陰厲態覆蔽昆儕妙情,10525
卷之七,形貌部,頭額,額上㸃珠粒吉,此珠冠冕旒之象曰兒童夢之防跌,10530
卷之七,形貌部,頭額,額上生一癤吉,男得美名女爲貞潔曰,10536
卷之七,形貌部,頭額,被人剌額凶,逺行防盜安居慮疾曰刺之者誰詳審可測,10540
卷之七,形貌部,頭額,額上畵山吉,主遠行也女子夢曰之爲畫眉之象,10544
卷之七,形貌部,頭額,額上生五彩吉,增爵增福壽增一紀曰,10550
卷之七,形貌部,頭額,額上書名大吉,求名求利與求人必得高明曰若行邪路作非爲必然被戮,10554
卷之七,形貌部,頭額,額上畵朱圈大吉,上人取用之兆曰佛收病者之夢,10558
卷之七,形貌部,頭額,易去頂骨吉,愚者智智者愚貧者富富者貴頂骨名曰天靈夢中換易天易之也欺心者凶,10562
卷之七,形貌部,頭額,𧢲上掛刀凶,主䘮服生𧢲本非佳掛刀何所用刀用爲曰𧢲掛刀增一點甬字也宜以人地推之,10567
卷之七,形貌部,䪿腦,䪿門開復合大吉,諸事皆吉貧窮孤曰苦當合同心之儕,10575
卷之七,形貌部,䪿腦,劈開䪿門入藥大吉,諸病皆除之兆多曰愁慮者有樂事至,10579
卷之七,形貌部,䪿腦,破䪿門腦流出凶,腦者胎中之寶夢此者祖業散亡非命之曰兆若與人爭門者夢之攺惡從善則吉,10583
卷之七,形貌部,䪿腦,䪿門不動腦流如雨大吉,大貴之兆金蟾之象曰,10587
卷之七,形貌部,䪿腦,開䪿見腦復掩閉大吉,夢之者主因禍得福曰之象再離再合之占,10591
卷之七,形貌部,䪿腦,人啖巳腦吉,以寶保人曰,10595
卷之七,形貌部,䪿腦,鹽腦,,10599
卷之七,形貌部,䪿腦,取得人腦,兆得財寶曰,10603
卷之七,形貌部,䪿腦,寫字腦頭上,字吉則吉字凶則凶曰,10607
卷之七,形貌部,䪿腦,腦出復入凶,大怒不寧之兆曰,10614
卷之七,形貌部,䪿腦,腦從口中出凶,禍從口入腦者于我爲至貴于人爲至柔貴曰出則賤柔則愈弱矣女子又爲煩腦消除,10618
卷之七,形貌部,面目,面目類面大頭長與身軀等大吉,頭高額闊天倉滿盈九竅清潔大聖賢明曰億兆百體莫見其形夢形似是南山壽星,10625
卷之七,形貌部,面目,面額忽異平日大吉,,10633
卷之七,形貌部,面目,面生三口大吉,貴升一品之象天三生木地曰八成之口一夢三百事大嚞,10637
卷之七,形貌部,面目,面變如鬼形吉,陽上升曰神陰在下曰鬼鬼形魄之本來也曰夢中見之晝夜相反非變之眞是吉非患,10641
卷之七,形貌部,面目,見人面醜如鬼凶,夢中人是誰其人必不祥同伴與曰交遊必有非心在或彼有天殃,10645
卷之七,形貌部,面目,面生黑疵凶,夢疵在何處以相法詳之有曰凶無吉但輕重大小不同耳,10649
卷之七,形貌部,面目,面色靑黑黃痩凶,病恙驚憂不祥之兆曰,10653
卷之七,形貌部,面目,面赤吉,赤紫黃皆喜色夢之必有喜慶夢如醉如怒曰紅似赤而嫩爲怒爲䘮紫而無光三者皆凶,10657
卷之七,形貌部,面目,面上有金錢凶,爲生瘡爲失物爲被人曰欺侮若夢瘡𤸱者反此,10661
卷之七,形貌部,面目,面塗垢凶,王儁如凉州夜宿市肆夢塗泥面上窹問兄曰宻宻曰塗有難如之何果遇難儁爲賊所掠,10665
卷之七,形貌部,面目,洗去面垢吉,,10669
卷之七,形貌部,面目,面色枯槁凶,枯者苦也稿者蒿也夢此者業曰消減病殞命諸事苦百憂集,10673
卷之七,形貌部,面目,引鏡自照變醜面吉,自知之兆以自巳目睛于夢中鏡照本來美好而曰變成醜狀明鏡不能自照夢照見者自知之明也,10677
卷之七,形貌部,面目,面帶假臉吉,詐昧佯羞之象得人覆庇之兆夢中假臉,10681
卷之七,形貌部,面目,妻面變常大凶,此爲夫妻反目之象又爲鰥寡别曰離之兆若義夫夢之爲破財之兆,10687
卷之七,形貌部,面目,見人面變,我有喜人行禮我有災人情曰哀若是𡨚家債須防覿面來,10691
卷之七,形貌部,面目,麻面忽光顏色不變貞吉否凶,此夢乃蒙羞被辱之象若夢光彩曰異常爲大吉兆病人夢此大凶,10695
卷之七,形貌部,面目,人面生麻,不光兆曰,10701
卷之七,形貌部,面目,半面醜美吉,半得半失虚浮見喜之象左爲父兄長老左曰親隣友右爲弟侄幼輩右隣仇讐以此詳之,10705
卷之七,形貌部,面目,掩面凶,掩者羞愧散藏也夢此兆者曰必有幽昧之事至懼見人也,10709
卷之七,形貌部,面目,面忽長吉,相知久長延齡未央酒肉快樂心中怏怏曰夢長夢短眼見更移無榮無辱無變無疑,10713
卷之七,形貌部,面目,面籹粉,男子夢之主愧耻不祥曰女人夢之主榮華都麗,10717
卷之七,形貌部,面目,面塗墨大凶,夢見自巳主自巳身危曰夢見他人主他人心惡,10721
卷之七,形貌部,面目,洗面有蓬垢不凈凶,有禍難逃有過難隱有仇曰難辟有病醫必當問卜,10725
卷之七,形貌部,面目,面生鱗甲凶,遇難曰,10729
卷之七,形貌部,面目,面骨露出無皮肉如骷髏大吉,,10733
卷之七,形貌部,面目,臉上畵花文凶,君子兆之大凶小人兆之反吉曰若夢半邊花臉一事或得或失,10737
卷之七,形貌部,面目,臉帶護鬚凶,奸邪盜賊之占曰,10741
卷之七,形貌部,面目,用𥿄糊於臉上,詐詭隱避對敵不宜夢此須防曰奸細如病人見夢大爲不祥,10745
卷之七,形貌部,面目,面上生毛,,10749
卷之七,形貌部,面目,自光照天大吉,光明千丈博學之象曰威權萬里高爵之徵,10753
卷之七,形貌部,面目,一目吉,細視十行逺觀千里若問財利曰滿眼金錢得此夢者富貴極矣,10757
卷之七,形貌部,面目,三目吉,,10761
卷之七,形貌部,面目,四目大吉,照見四方之象曰,10765
卷之七,形貌部,面目,目中有剌凶,有盜賊奸細來臨之兆曰若夢他人有刺拔之吉,10769
卷之七,形貌部,面目,見人瞽目吉,彼見地獄我看天堂我見他他不見我他聽曰我我不聽他此夢中人也覺來以此詳之,10777
卷之七,形貌部,面目,目中有血大凶,眼中涙流如血情乖意蹇之象若爲子者夢曰之爲泣血之兆無父母者夢之身死非命,10781
卷之七,形貌部,面目,目昏不見人物大凶,昏昏黑黑家何處杳杳冥冥身可危若曰此夢中另有吉祥之兆不過小疾耳,10785
卷之七,形貌部,面目,怒目視人吉,使人畏懼之象貴人夢怒主太平平民夢曰怒主生意病人夢怒肝氣旺有吉無凶,10789
卷之七,形貌部,面目,𥄑目而視凶,夢中𥄑目視人者必有疾病災患若見曰他人𥄑目視巳是彼有非情切須防慮,10793
卷之七,形貌部,面目,目生花大吉,,10797
卷之七,形貌部,面目,目中又生一目凶,旱蝗災眚家事曰顚危病患重重,10801
卷之七,形貌部,面目,懸目凶,懸目而視心事急切夢中有此出自心曰經絡伍胥懸兩目于吳城不宜夢此象,10805
卷之七,形貌部,面目,兩眼垂珠凶,珠似淚心哀珠淚曰流夢主哭泣之兆,10809
卷之七,形貌部,面目,兩眸高出似蟹眼吉,烏瞦出睚外龍睛之象夢此富貴顯榮之兆曰若遇難時有此夢必其目力所到禍患解脫,10813
卷之七,形貌部,面目,睛墜凶,主凶喪晴者精之主旣墜其精何以曰得生夢此者其難免號咷之惨乎,10817
卷之七,形貌部,面目,黑白異色,世亂身强黑者白家寒身困白者黑曰睛黃病體靑大吉口舌强梁滿眼赤,10821
卷之七,形貌部,面目,兩眼金光照土星吉,買田取僕之兆鼻者中央之正于五行屬土又曰爲財物之主金光照鼻是費金用以成家也,10825
卷之七,形貌部,面目,睫瞼生長毛吉,,10829
卷之七,形貌部,面目,眼瞼無毛凶,,10835
卷之七,形貌部,面目,睛入鼻孔中吉,志在山林之象鼻者山根主壽夢目睛曰歸于中是無心于左右也有吉無凶,10839
卷之七,形貌部,面目,納寶入眸子吉,,10843
卷之七,形貌部,面目,人引鍼剌眼吉,目審蒼黄辨好惡見高卑夢人以曰鍼刺之不祥若病人夢之大吉,10847
卷之七,形貌部,面目,眼無瞦凶,瞦眸子也眼無瞦差訛曰不識也驕不顧人之象,10851
卷之七,形貌部,面目,摘人眼珠納自眼中吉,此兆目倍明名倍升利倍取運曰倍亨家倍豊壽倍增夢主兼吉,10855
卷之七,形貌部,面目,出眼眵吉,夢此心中有不悅之人巳遠不喜曰之物巳消若患目疾者夢此即愈,10859
卷之七,形貌部,面目,換眼吉,以龍眼換之文貴以虎眼換之武榮以鵬鶚鳳鸞曰眼換之皆貴兆以鷄犬鬼眼換之賤者之占也,10863
卷之七,形貌部,面目,瞳睛兩重大吉,此大貴之兆睛光重叠可以細端詳可以遠眺曰望聖似虞帝勇似覇王夢此是前生氣脉也,10871
卷之七,形貌部,面目,洗眼大吉,目凈心喜眦清貌揚學文夢曰之生智慧作事夢之得光明,10875
卷之七,形貌部,耳鼻,耳鼻類洗耳大吉,洗耳聽佳音見美信諸事得明之兆功名曰聞捷報商賈獲家書憂疑盡洗枉屈得白,10884
卷之七,形貌部,耳鼻,耳聾貞吉否凶,耳聾聲不聞音不辨不知逺近响寂吉凶禍曰福夢此兆者不祥病者夢之肺氣不足也,10890
卷之七,形貌部,耳鼻,修耳吉,去穢濁進聰明也夢人修巳耳或自曰巳與人修耳者當有相識語言得合,10895
卷之七,形貌部,耳鼻,執持大耳吉,夢此者必于有事之秋爲人解紛之兆不然曰則是與人生息得財耳似錠錠大元寶也,10899
卷之七,形貌部,耳鼻,耳旁兩重土凶,,10903
卷之七,形貌部,耳鼻,耳中蛇吉,,10909
卷之七,形貌部,耳鼻,三耳四耳吉,攝行相曰位之兆,10914
卷之七,形貌部,耳鼻,被人割耳去凶,五刑也耳以觀貴賤斷貧富能曰察聽知律呂也夢受刑不祥矣,10920
卷之七,形貌部,耳鼻,耳内生長毫吉,肺氣盈腎水旺故有此夢曰當時消息好到底嵗年增,10924
卷之七,形貌部,耳鼻,耳上生龍𧢲凶,龍在耳上聾字也龍無耳以𧢲聽夢曰巳應此夢他人耳生𧢲者必有非心,10928
卷之七,形貌部,耳鼻,耳無孔凶,耕植歲大旱行人信不至兒童學不長,10932
卷之七,形貌部,耳鼻,中流血污肩大凶,爲人子家中有變曰爲人父自巳身危,10938
卷之七,形貌部,耳鼻,耳内生出肉凶,家人受辱曰,10942
卷之七,形貌部,耳鼻,耳内生舌大吉,甜言美語朋相契傾聽良詞樂在中曰表裏心苗和腎水情諧志協幸遭逢,10946
卷之七,形貌部,耳鼻,兩耳垂乳旁大吉,爲人臣爲人友惟汝言是聽好修行曰奉佛教得自在安閒生男生女之象,10950
卷之七,形貌部,耳鼻,移耳頂上吉,主遠行有威可畏有信可通虎比將曰才馬比君子夢中形像何若乎此,10954
卷之七,形貌部,耳鼻,移耳口下,口在上耳在下以手移之揖字也久無交曰友夢之必有客至廣交天下謙尊而光,10958
卷之七,形貌部,耳鼻,脩耳見丹砂大吉,此身榮家富延齡再度子孫昌茂災病無曰憂之夢也凡夢脩耳不拘痛泥血皆吉,10962
卷之七,形貌部,耳鼻,耳生兩顴鬂在耳後吉,顴權也權乃稱錘便宜行事爲權曰夢此者月下有佳音有遠信至,10966
卷之七,形貌部,耳鼻,鼻長大吉,中年發達之兆人之生也三十日壯四十日曰强鼻主富其運在四旬外夢見長大佳兆也,10970
卷之七,形貌部,耳鼻,鼻上有長毛貞吉否凶,鼻上長毛非富貴之兆也夢者主名曰不遂財不聚惟老年夢之又爲壽徵,10976
卷之七,形貌部,耳鼻,鼻上蝇集凶,,10981
卷之七,形貌部,耳鼻,被人截鼻吉,其人天且劓無初有終得曰此兆有禍必輕有病必療,10987
卷之七,形貌部,耳鼻,易正鼻大吉,,10991
卷之七,形貌部,耳鼻,鼻孔𤇆出吉,土中飛霞光騰大地之兆也文曰人夢此大貴常人夢此大利,10995
卷之七,形貌部,耳鼻,鼻腐爛凶,鼻準齊而豊起富貴之兆腐爛大曰凶也夢者臣僕𮞸殃田土失脫,10999
卷之七,形貌部,耳鼻,增一鼻貞吉否凶,土星人靣之主也增者贈也夢者寵臨曰祿至陞遷之兆出行大吉尊位得圭,11003
卷之七,形貌部,耳鼻,鼻涕入口中吉,口舌消散是非解釋之夢涕自鼻中出曰將來嚥入喉明朝多酒食爭訟各含羞,11008
卷之七,形貌部,耳鼻,洗鼻大吉,只洗鼻不洗兩顴口耳是外靣無事但清曰心肺之象除去憂疑取來香馥大吉之夢,11012
卷之七,形貌部,耳鼻,鼻塞凶,氣不通也胃口肺門壅閉污濁必値臭穢曰故有此夢不然則是心中藴結遭惡境也,11016
卷之七,形貌部,耳鼻,鼻内生長毫吉,肺氣充盈之象夢曰主英豪輔弼之占,11020
卷之七,形貌部,耳鼻,鼻上生𧢲大吉,,11024
卷之七,形貌部,耳鼻,鼻齃内生牙大吉,兩虎排牙威曰振千里之象,11028
卷之七,形貌部,耳鼻,鼻無兩孔吉,夢此者氣通暢象應曰虎豹大吉無息者凶,11032
卷之七,形貌部,耳鼻,鼻口相聯吉,,11036
卷之七,形貌部,耳鼻,鼻中無息,當有朋友相愚曰,11040
卷之七,形貌部,耳鼻,鼻孔乾,平安夢乹當有恙病中夢乹藥曰未良遠行防雨露酒醉亦無傷,11044
卷之七,形貌部,耳鼻,鼻柱傷大凶,大痛無聲之兆此夢主闘毆刼殺家曰破難存爲人母者夢之子孫夭殤,11048
卷之七,形貌部,耳鼻,鼻在顴側大吉,左輔右弼之象曰,11052
卷之七,形貌部,耳鼻,鼻上有火星凶,家人离散曰,11058
卷之七,形貌部,耳鼻,鼻上放光如燈吉,威權萬里光輝千丈平曰民夢之須防灶下火災,11062
卷之七,形貌部,耳鼻,鼻上有黑㸃凶,陰人起禍之象曰,11066
卷之七,形貌部,耳鼻,鼻赤吉,酒醉鼻頭紅先知兆夢中曰,11070
卷之七,形貌部,耳鼻,鼻上裝粉,得白之兆曰,11074
卷之七,形貌部,耳鼻,鼻煩垂於唇下大吉,,11078
卷之七,形貌部,耳鼻,鼻梁破碎,無事破敗有財難保父母喪亡田園被刧曰若夢有血不過失財血流垂地身死人手,11082
卷之七,形貌部,耳鼻,━━━━━━━━━━━━━━━━━━━━━━━━━━━━━━━━━━━━━━━━━━━━━━━━━━━━━━━━━━━━━━━━━━,,11091
卷之七,形貌部,耳鼻,━━━━━━━━━━━━━━━━━━━━━━━━━━━━━━━━━━━━━━━━━━━━━━━━━━━━━━━━━━━━━━━━━━,,11093
卷之八,形貌部,睂髪,睂生目下吉,,11110
卷之八,形貌部,睂髪,睂忽白大吉,福壽白睂之兆諸事得白子曰孫有喜病者夢之壽增一紀,11114
卷之八,形貌部,睂髪,落一睂貞吉否凶,眼如日月睂若祥雲雲護日日附雲日月無曰雲則不能光華矣斯乃夭折孤貧之夢也,11118
卷之八,形貌部,睂髪,兩睂盡落吉,額,11123
卷之八,形貌部,睂髪,睂分四叚凶,左睂斷男有灾右睂斷女有禍曰冲齡應在父母𦒿耋應在子婦,11130
卷之八,形貌部,睂髪,畵睂吉,高年夢之得延齡童子夢之得賢傅女子夢曰之良人貴貴者夢之得美姿病中夢之痊可,11134
卷之八,形貌部,睂髪,剃睂吉,眼見光鮮此夢安曰閑富貴之兆也,11138
卷之八,形貌部,睂髪,兩睂聯如一畫,兆主憂愁思慮高平華蓋眼前光景一曰片繁霞臉上儀容夢睂聯結懐抱難開,11142
卷之八,形貌部,睂髪,披髪戴冠吉,髪被無愁結也整冠新氣象也兆曰主通亨夢巳巳就人夢人人助我,11148
卷之八,形貌部,睂髪,被髪遊市㕓中吉,爲商爲賈利獲千金爭鬥詞訟彼屈我伸曰功名際會宰令高升貧窮孤苦閙熱康寧,11152
卷之八,形貌部,睂髪,披髪不出戸庭,同居不睦夫婦反目曰若修煉大方爲吉夢,11156
卷之八,形貌部,睂髪,披髪爲厲凶,惱恨傷神之象夢他人若是曰其實即至兆應于渾良夫矣,11160
卷之八,形貌部,睂髪,露頂披髪蓋面大凶,,11164
卷之八,形貌部,睂髪,割髪與人貞吉,夢主受刑被刼之兆但看所與者爲誰耳兩情曰濃故有此夢授人以法又主師徒傅受之占,11168
卷之八,形貌部,睂髪,人理其髪爲雙髻,,11172
卷之八,形貌部,睂髪,髪忽散,髪亂如麻心萬結有計難梳曰不能梳理爲私情無簪可替,11176
卷之八,形貌部,睂髪,編髪自撥亂凶,夢之主獨夫之兆曰,11180
卷之八,形貌部,睂髪,緶髪吉,早諧秦晉徐合姮娥曰主與人爲敵之兆,11184
卷之八,形貌部,睂髪,髪白落凶,少者夢之主憂憾壯者夢之曰主疾病老者夢之主衰朽,11188
卷之八,形貌部,睂髪,剪髪大凶,,11192
卷之八,形貌部,睂髪,髪斷又聯短髪接長,病幾死而復生事將敗而再續斷又聯也男曰再娶女再𬋕戰敗降敵捕捉逃賊髪接長也,11199
卷之八,形貌部,睂髪,髪白再黑吉,壽永無疆𡨚沉難雪曰,11203
卷之八,形貌部,睂髪,髪盡白吉,夢之者主多愁多曰壽得白得光之象,11207
卷之八,形貌部,睂髪,頭髪上指如魁星大吉,髪屬血血屬肝肝主怒怒髮冲冠之象夢者曰武戰勝文章戰捷童豎將來貴女子得貴夫,11213
卷之八,形貌部,睂髪,髪根骨頭破碎凶,天綱破萬事凶國破家亾身死人手其兆大曰凶子夢父母祖宗應驗妻夢應夫僕夢應主,11217
卷之八,形貌部,睂髪,半邊髪撒亂,撒亂難梳洗必是憂愁夢此夢左爲男右爲曰女皆應子孫遭祻疾病若後鬂撒應絕嗣凶,11221
卷之八,形貌部,睂髪,頂上皮碎髪根浮痛,不得見人之兆曰,11225
卷之八,形貌部,睂髪,髪内有蛆虫吉,夢見生蛆與生虱皆是生財好消息曰若夢蒼蝇蚊子刺必有小人相拮榾,11229
卷之八,形貌部,睂髪,髪披至足,清理者大吉曰結亂者大凶,11233
卷之八,形貌部,睂髪,髪黑吉,人爲士髪乃草木草木茂曰盛土得氣也福壽之徵,11237
卷之八,形貌部,睂髪,髪再生,,11241
卷之八,形貌部,睂髪,剃髪,,11245
卷之八,形貌部,睂髪,髪垂顙齊睂大吉,男子應得美婦女子應得良人老曰者應子孫多壽出家者夢之不祥,11251
卷之八,形貌部,睂髪,開一竅在髪際下吉,天開于子乾龍出穴學者大貴商賈大曰富生貴子農夫得豐年女子得寵愛,11255
卷之八,形貌部,睂髪,髮藏𧢲内凶,鬥無法曰,11259
卷之八,形貌部,睂髪,髠貞吉否凶,髪髠本非嘉何况夢中兆子憂父母女憂曰夫老年一定血乾枯惟有蒙枉禍反爲吉,11263
卷之八,形貌部,睂髪,自看後大吉,此夢主生貴子之兆成家立業子孫英俊作曰事有厚名買賣得利若夢見後髸衰敗者凶,11270
卷之八,形貌部,顴顋,顴骨聳突大吉,兩顴高聳威振天關今夢見之曰一時權盛應驗當權有榮反辱,11279
卷之八,形貌部,顴顋,兩顴露骨凶,骨露無面皮當權夫其體左露東與男曰右露西和女國事非一身夢見在心理,11283
卷之八,形貌部,顴顋,顴上生蝴蝶凶,,11287
卷之八,形貌部,顴顋,顴上生瘡癤吉,當權昌盛之兆又曰爲目下從權之兆,11291
卷之八,形貌部,顴顋,顴上占梅花吉,主壽徵少年夢之有喜事貧人曰夢之有濟遇病者夢之得康健,11295
卷之八,形貌部,顴顋,顴上生人頭大吉,威振天下曰,11299
卷之八,形貌部,顴顋,顴化出魚頭大吉,當權才力有餘之兆功名遂曰財利博病體蘇求子生男,11305
卷之八,形貌部,顴顋,兩顴有睂毛吉,睂壽無疆之兆又曰爲良媒得權之象,11309
卷之八,形貌部,顴顋,被人穿顋,夢主爭鬥被辱詞訟曰被囚餘者倣此而推,11313
卷之八,形貌部,顴顋,兩頰生長毫,,11317
卷之八,形貌部,顴顋,胲落,人無胲不能飲食不食曰不祿也夢者宜細詳之,11324
卷之八,形貌部,顴顋,顧間肉起吉,頥養也兩頥肥壯爲得善養也曰夢此者得肥甘美酒有吉無凶,11328
卷之八,形貌部,口齒,口大如斗大吉,,11336
卷之八,形貌部,口齒,口生準上吉,,11340
卷之八,形貌部,口齒,口變小貞吉否凶,當有小口舌之兆,11351
卷之八,形貌部,口齒,凈口吉,口淨氣清之象,11358
卷之八,形貌部,口齒,人出其口,,11363
卷之八,形貌部,口齒,步入他人之口吉,,11371
卷之八,形貌部,口齒,人跳入巳口,夢此者必有曰獄中人擾之,11375
卷之八,形貌部,口齒,口内生蓮花吉,,11379
卷之八,形貌部,口齒,口中粉碎,大禍將至急宜解禳鎭曰壓四日或四旬後見,11383
卷之八,形貌部,口齒,二口吉,兩口善言此夢一口在上一口在下曰是呂字爲佳音一正一偏爲多嘴,11387
卷之八,形貌部,口齒,口中出毫大吉,,11393
卷之八,形貌部,口齒,人唾口中吉,唾人之津英也得人之精氣曰夢者文章進逵才名遂志,11397
卷之八,形貌部,口齒,口啣頭髪大吉,髪者法也夢此者爭訟得勝陷人囹圄曰前程爲刑曹爲司寇脩行得道之象,11401
卷之八,形貌部,口齒,見人口中有毛吉,嘉慶喜吉之兆曰,11405
卷之八,形貌部,口齒,口流涎凶,貪盃之象夢見巳身精氣曰之不足夢見他人來索食,11409
卷之八,形貌部,口齒,被人掩口不能言,爲人禁閉氣不曰得吐聲不得揚,11413
卷之八,形貌部,口齒,口吐火熖凶,此夢心火炎薰寒氣欲盡曰主舊仇巳解心病將生,11417
卷之八,形貌部,口齒,納金入口,,11421
卷之八,形貌部,口齒,口中有鳥飛出,南方朱雀本唇舌何處飛來多折折曰如今飛去到天涯小過爻中第一節,11425
卷之八,形貌部,口齒,口内一片木凶,,11429
卷之八,形貌部,口齒,口内生杏花大吉,文士登科室女配貴上官蒙曰寵平天遇達求財得求子多,11433
卷之八,形貌部,口齒,燕飛入口大吉,瓊林賜宴之兆,11437
卷之八,形貌部,口齒,蜂集口齒凶,,11445
卷之八,形貌部,口齒,被打嘴吉,夢見他人手偶丁自巳口曰他人手出力加我我大吉,11449
卷之八,形貌部,口齒,啣墨大吉,學者夢博學能文訟者夢墨爲黙字之曰兆主和息,11453
卷之八,形貌部,口齒,啣玉吉,貴者夢之善諌上從富者夢之曰良言人信,11459
卷之八,形貌部,口齒,啣氷,天寒水冷氷清玉潔得此夢者身安病曰痊,11464
卷之八,形貌部,口齒,啣睂,睂入口中其長可知,11469
卷之八,形貌部,口齒,啣鬚,多心之象夢主口舌平和曰,11474
卷之八,形貌部,口齒,啣自巳手足在舌,兄弟股肱在我口中事必周旋曰言必信從見血得利傷損則凶,11478
卷之八,形貌部,口齒,啣巳肉具吉,肉具陽物也相火會精命門所係曰此夢屈身之象屈身以求直也,11482
卷之八,形貌部,口齒,啣稱紐掛垂在手,委權掌印此夢爲百事稱心之兆衡在曰兩頰手中得權貴人相府貧遇大財,11486
卷之八,形貌部,口齒,咬人手足凶,他人之手足我得以扶持曰夢咬之者交爭之象也,11490
卷之八,形貌部,口齒,咬人貞吉否凶,口仕他人後他須慮我傷我去曰傷仙也不見他來背我我先知,11494
卷之八,形貌部,口齒,齒咬人頭大吉,文明名盛戰爭必𫎣求財得利曰用人得合胎孕生男病遇良醫,11499
卷之八,形貌部,口齒,齒中被劒斷舌凶,,11503
卷之八,形貌部,口齒,齒牙被人㧞去大凶,,11507
卷之八,形貌部,口齒,齒牙露,此爲爭訟之象夢此遷移交易經營諸事切宜忍曰耐無咎是唇不衛齒有訟事而鄰人不來救護,11511
卷之八,形貌部,口齒,齒大如乕牙,夢此者得猛將出曰賢臣𭣣義僕也,11515
卷之八,形貌部,口齒,牙落無血,,11519
卷之八,形貌部,口齒,洗齒吉,去穢也夢者主口舌散除是非曰消解有仇不爲害有過不爲灾,11524
卷之八,形貌部,口齒,擊落齒牙血出凶,破財之兆親丁有災而費曰肉裏之錢也若母病無救,11528
卷之八,形貌部,口齒,齒長大吉,此爲位高爵尊壽曰長嗣盛之夢也夏文正永興人十四歲家疫癘死者十又三人負土營墳廬墓夜夢齒長九寸後爲都尉遷五官中郎將壽年八十有七,11532
卷之八,形貌部,口齒,齒落更生大吉,更生兆復生也夢此主椿萱康曰泰蘭桂登賢晚景榮華之兆,11536
卷之八,形貌部,口齒,齒揺動凶,揺動不寧之兆父母有憂子孫將曰危產業將散遷移行動有凶無吉,11540
卷之八,形貌部,口齒,換齒貞吉,夢者父母寄居異姓子孫承嗣曰他業但須知所換爲何齒耳,11544
卷之八,形貌部,口齒,齒增多,,11548
卷之八,形貌部,口齒,人授齒裝自巳口中吉,病者夢之遇良醫罪死夢之得大赦曰逺行夢之逢異人獨夫夢之胤賢嗣,11556
卷之八,形貌部,口齒,刷凈齒牙吉,主有美味至當有秀兒生曰,11560
卷之八,形貌部,口齒,牙黃,有繁襍事曰,11564
卷之八,形貌部,唇舌,唇薄吉,主人信其言之兆曰,11572
卷之八,形貌部,唇舌,人割去嘴唇吉,夢人持刀去兩唇鼻頦齒舌無傷損是非爭曰閧皆歇息但前鄰徙去獨居無畔亦不妨,11578
卷之八,形貌部,唇舌,唇尖被人割碎凶,夢見人來割我必因財利交乂唇尖破碎難曰說話或是親丁或近隣禍匪他人即巳身,11582
卷之八,形貌部,唇舌,攺換唇皮吉,夢此兆者氣運新酒食豊需舊時所處更換曰好諸難消除若利口者夢之恐有難說難詳,11586
卷之八,形貌部,唇舌,見人張唇凶,此有人訕𧩂𮗸誚呼呌生事之象曰但看其唇作何狀貌便知前兆,11590
卷之八,形貌部,唇舌,糊嘴唇吉,掩蔽唇舌富者不與人爭利貧曰者爲大吉之兆傳曰以糊子口,11594
卷之八,形貌部,唇舌,舌長吐彩吉,氣吐虹霓之象夢之則文章進達曰功名顯貴諸事亨隹禎祥之夢也,11598
卷之八,形貌部,唇舌,多一舌,口舌紛紛爭訟連連權奸蜂起宜預防曰之文士主善文辭兆有二古人助力,11602
卷之八,形貌部,唇舌,割去舌頭凶,舌屬心心爲國主割傷心國無主則朝亂曰家無主則財散身無主則命危此夢不祥,11606
卷之八,形貌部,唇舌,舌上生毛貞吉否凶,鸚鵡能言舌有毛無方揷入水魚力夢舌如曰鸚鵡者不論大小吉凶凡百事無法替代耳馬亮知江陵府任滿當代夢舌上生毛解者曰毛生舌上剃不得也君當復任巳而果然,11610
卷之八,形貌部,唇舌,舌生蓮,文人大士曰,11615
卷之八,形貌部,唇舌,無舌吉,無舌無聲也心不出聲不與人爭惟無曰爭故藏于内而不露其苗故夢無舌,11621
卷之八,形貌部,唇舌,舌上水流,,11625
卷之八,形貌部,唇舌,舌上書貴字凶,桂薪玉粒能得幾何舌子生字曰無可奈何日用不足所貴在何,11631
卷之八,形貌部,唇舌,吐舌舐巳目凶,犬舌舐鼻蛇舌舐額夢曰舌舐眼主泣淚之占,11635
卷之八,形貌部,唇舌,舌生兩尖,兆主蜷蛇事多唇舌之象曰,11639
卷之八,形貌部,唇舌,三舌吉,一口三箇舌誰人說得過便有快刀來曰到底割不破若人破此象决不閉口坐,11643
卷之八,形貌部,唇舌,挿凈舌黃吉,禍去禍來主脾家有恙曰五榖之苗可以愈之,11647
卷之八,形貌部,鬚鬂,人理巳鬚緶髻,,11655
卷之八,形貌部,鬚鬂,鬚髪相結如織縷吉,上下同心之象夢此遇難曰成祥有怨難解病者無妨,11659
卷之八,形貌部,鬚鬂,以鬚結舌吉,仇怨閉口爭訟紏結血氣和平諸事皆畢曰若有志諌諍遊說者夢之爲無言之象,11663
卷之八,形貌部,鬚鬂,鬚化龍大吉,龍形變化人莫見知曰夢鬚化龍大貴何如,11667
卷之八,形貌部,鬚鬂,鬚從口中生聯口外頦下吉,語言難忍必不得巳之兆,11671
卷之八,形貌部,鬚鬂,無鬚睂大吉,孔丘無鬚睂爲諸矦所敬蓋初冠時未有曰鬚之年也夢此主上下光輝兆在目前,11676
卷之八,形貌部,鬚鬂,鬍鬚吉,夢鬍鬚者有貴賤之分清而疎長而光潤者曰不貴則富濁而濃短而黃赤者非佳兆也,11680
卷之八,形貌部,鬚鬂,與以帝鬚大吉,,11684
卷之八,形貌部,鬚鬂,鬚長過身大吉,鬚過身有餘之兆也夢此櫃有餘曰金倉有餘粟財帛豊盈壽年餘永,11688
卷之八,形貌部,鬚鬂,添鬚吉,鬚乃丈夫福壽之徵也夢此陞曰官添祿益壽家豐交易主益利,11692
卷之八,形貌部,鬚鬂,鬚髯盡白大吉,,11696
卷之八,形貌部,鬚鬂,人剃髭吉,此夢削篆替職之兆士人夢之大魁首甲貴人夢曰之他人代政窮居𮞸難者夢之有禍必輕病即愈,11700
卷之八,形貌部,鬚鬂,鬚鬂飄揚如旌纓吉,鬚若纓名顯鬂冲冠譽揚曰,11704
卷之八,形貌部,鬚鬂,鬚鬂忽落凶,此兆子孫亾妻孥殞父母殃曰比肩殂家業凋零血衰病重,11708
卷之八,形貌部,鬚鬂,鬚鬂赤蓬如鬼神吉,威振邊關名揚四海大吉之兆曰也病者有此夢不吉宜禱禳之,11712
卷之八,形貌部,鬚鬂,鬂上穿珠大吉,士人夢見象垂纓必得大貴曰女子夢見如鳳冠必得盛服,11716
卷之八,形貌部,鬚鬂,鬂長連鬚吉,上鬂下鬚兩髭聯之朋友賔客曰我權浹之少年夢之年高似之,11720
卷之八,形貌部,喉項,喉嚨放大頸骨粗大吉,,11728
卷之八,形貌部,喉項,𠰸喉閉塞凶,夢者有患生于門戶塞不通也有患不通太曰過則危矣禍臨患至時乖運蹇恐難防耳,11734
卷之八,形貌部,喉項,喉斷又連吉,𠰸喉乃人命所關斷不可復屬而今又連曰再通之象也夢者無中生有死裏得生,11738
卷之八,形貌部,喉項,喉啞凶,啞者語不明萝此者當有暗昧不曰明不可言于人者其口舌之事乎,11742
卷之八,形貌部,喉項,見人𠰸㗋斷,,11746
卷之八,形貌部,喉項,㗋嚨直下至大腸如管大吉,此夢從心竅來仕宦出将入相農商千曰頃良田老弱康寜自在嬌姿快樂安閒,11753
卷之八,形貌部,喉項,項忽肥壯貞吉否凶,項者出入升降之道爲關爲路爲澗源爲柱曰夢此象者官爲柱國民爲富翁惟病不宜,11757
卷之八,形貌部,喉項,項忽長吉,延頸高眺之象悠遠久長之兆官祿位久任曰事煩劇出行逺方病者身康有患者不妨,11762
卷之八,形貌部,喉項,項割兩斷大吉,,11766
卷之八,形貌部,喉項,項斷頭連吉,夢中頸斷頭垂半邊百讐斷截無用憂曰煎前項事情不提起一片功名上九天,11770
卷之八,形貌部,喉項,項被剌無血凶,骨血不見之兆此夢非安閒無事者所夢曰也宜防姦邪小人賊盜相侵病崽不祥,11774
卷之八,形貌部,喉項,項生瘡癤吉,行業昌盛之兆貴人夢瘡瘡似華彩華彩在曰門之象乎民夢癤節氣高病中夢之諸毒散,11778
卷之八,形貌部,喉項,項生一口凶,口生頦下入無門出無權曰夢者防口舌瘡癤之患,11782
卷之八,形貌部,喉項,金珠滿頸吉,,11786
卷之八,形貌部,喉項,項污泥凶,此夢頸上污穢泥土曰爲爭鬥疾病之象,11792
卷之八,形貌部,喉項,項堅如木石吉,,11796
卷之八,形貌部,喉項,項生羽毛鱗甲吉,似鶴齡長鴻雁高翔猩猩能言麟豸冲天蛟曰龍名重蛇蟒穿山此夢必得壽得爵得利,11802
卷之八,形貌部,喉項,項骨疼痛貞吉否凶,夢主虛驚曰,11806
卷之八,形貌部,喉項,項無吉,,11811
卷之八,形貌部,喉項,頸骨高起吉,項骨起者頭高之象也士人夢此名舉,11817
卷之八,形貌部,喉項,頸後垂及脊大吉,,11823
卷之八,形貌部,皮毛,皮上生皮貞吉否凶,牧童夜臥炕側夢巳身肌膚光細膚上又生曰一重肌膚達旦嚴寒主翁以敝羊裘賜之,11832
卷之八,形貌部,皮毛,皮上無毛凶,,11837
卷之八,形貌部,皮毛,皮中無肉貞吉否凶,主家資有餘安居無辱曰,11841
卷之八,形貌部,皮毛,沭浴傷皮露骨吉,骨露乃剛强之象有此夢主幹事出力離邪歸正曰除舊布新之兆出仕得貴顯治家,11846
卷之八,形貌部,皮毛,肌上畵乕輔翼,,11853
卷之八,形貌部,皮毛,肌膚如剌繡,,11859
卷之八,形貌部,皮毛,肌膚被火燒壞凶,此夢主親丁受禍曰爲宦官所殘虐,11863
卷之八,形貌部,皮毛,膚全鱗甲大吉,,11867
卷之八,形貌部,皮毛,㧞一毛得一毛,,11871
卷之八,形貌部,皮毛,㧞毛不落貞吉否凶,晏居閒處者百事不利曰危難多事者一錢不費,11885
卷之八,形貌部,皮毛,一毛入口吉,得小利微之兆或曰有小事相擾不妨,11890
卷之八,形貌部,皮毛,汗毛長吉,人身三百八十四竅皆有毛毫毫多者貴福曰多禍少無毫者氣不足也夢長是吉短不祥,11894
卷之八,形貌部,手足,手足交長大吉,,11902
卷之八,形貌部,手足,增一手吉,增手者添力助此兆王矦得之國有忠賢庻曰人夢之必有勇僕賢弟又爲委權掌印之兆,11906
卷之八,形貌部,手足,見人手多,此兆爭名奪利夢之必有所曰得取時値廣衆祿擾之所,11910
卷之八,形貌部,手足,手上生花吉,花出掌中姻緣配偶之兆文人美譽孕婦曰夢之生淑女經營多利幼豎夢之生瘡癤,11914
卷之八,形貌部,手足,兩手大如席大吉,上掩閉風雨下靠好安曰身捧物多得比例勝人,11918
卷之八,形貌部,手足,露手骨凶,□□掌握空虛曰,11922
卷之八,形貌部,手足,兩手挈人頭大吉,,11926
卷之八,形貌部,手足,無左右手凶,無佐也家無族君無曰相作事難交易凶,11930
卷之八,形貌部,手足,手忽小吉,掌細指尖百事做得此加官遷位財旺家成曰不費撑持之兆小生意者夢之有大主顧來,11936
卷之八,形貌部,手足,手指出血吉,指主執拿點畫肝主血曰得此象怒氣平財物旺,11940
卷之八,形貌部,手足,拍手,快志歡呼之象鄰和族睦左右相挾功成名曰遂意暢心寛之兆不德之人又主家貧墙閱,11944
卷之八,形貌部,手足,手背汗泥凶,兄弟宗族受累生疑曰,11948
卷之八,形貌部,手足,手埋地下凶,俯伏之象夢此者必有家事難明曰不能安居自立若病人夢之大吉,11952
卷之八,形貌部,手足,刀去手足大吉,,11956
卷之八,形貌部,手足,盥手濯足大吉,主兄弟自新之象,11961
卷之八,形貌部,手足,洗隻手隻足吉,此夢半喜半愈且歡且怒少凶多吉,11970
卷之八,形貌部,手足,兩手足齊折大吉,手足皆折只好坐定折屈曲也曰鞠躬盡性之象夢者獨占高魁,11976
卷之八,形貌部,手足,折一手一足大凶,,11980
卷之八,形貌部,手足,手上生疔毒吉,兄弟𣸸丁之兆夢之有難即消曰有事即安更得金寶是非皆吉,11984
卷之八,形貌部,手足,手長至足大吉,手過膝貴形也夢此必得股肱相曰佐富貴徵祥出將入相萬貫千廂,11988
卷之八,形貌部,手足,掌中草不脫大吉,,11992
卷之八,形貌部,手足,合掌吉,夢此事事佳祥姻緣成契兄弟曰怡怡家庭康泰諸禍消除,11996
卷之八,形貌部,手足,掌裂放光彩,權增威必當大任儒文夢之曰必主兄弟同進科甲連登,12000
卷之八,形貌部,手足,兩拳漸大吉,加官遷職祿位陞高之兆文人夢此大貴常曰人夢此必得貴人委託武將夢此糧足兵强,12004
卷之八,形貌部,手足,拳有金丸子吉,聖妃夢此得寵生子女人兆之曰產麒麟男子得寶病中遇良醫,12008
卷之八,形貌部,手足,被人縛拳牽去凶,夢此征場被虜爭訟被囚營謀被曰人欺𫝑利俱失臨事愼之無大咎,12012
卷之八,形貌部,手足,指折大凶,指者手之枝宗支所系此兆子曰侄𮞸殃孫枝殞滅無血大凶,12016
卷之八,形貌部,手足,持刀自落十指節,,12020
卷之八,形貌部,手足,添四指吉,,12024
卷之八,形貌部,手足,指痛,指連心枝倚木枝動則木哀指痛則心曰疚矣大象孫枝有病心體不寧之兆,12028
卷之八,形貌部,手足,指甲長數尺凶,無權執掌之象學者夢之廢業武士夢之乏糧曰田夫夢之年荒老者夢之死期將至宜解禳之,12032
卷之八,形貌部,手足,綑縛手足,被人制伏之象有事無害曰,12036
卷之八,形貌部,手足,掌中有土洗不落大吉,,12040
卷之八,形貌部,手足,被人斫擘吉,得外財見大利曰,12044
卷之八,形貌部,手足,折臂吉,,12048
卷之八,形貌部,手足,斫臂凶,傷害肱膂之象曰災及佐佑之兆,12052
卷之八,形貌部,手足,臂生鱗甲大吉,臂生鱗甲蛟龍麟豸之形夢曰此必至大貴又產奇男異女,12056
卷之八,形貌部,手足,身中無兩臂大凶,如鳥無翼不能飛騰執曰物利名不遂大爲不祥,12062
卷之八,形貌部,手足,臂上有釘吉,挿釘在臂是肘腋不動揺也曰此夢有佐佑者同心協力,12066
卷之八,形貌部,手足,肐膊上肉長如山,肉長身發也身發則名高利旺矣曰若衰弱無力之人夢之須防瘇毒,12070
卷之八,形貌部,手足,肘腋生赤毛凶,赤屬火慙怒容色赤毛獸形夢曰此者親近用力之人有非心也,12074
卷之八,形貌部,手足,足在手上,置身無地倒立横行之象曰主尊甲倒置兄弟爭言,12078
卷之八,形貌部,手足,足走如飛,,12082
卷之八,形貌部,手足,足長凶,知足不辱身高安止之兆曰,12088
卷之八,形貌部,手足,足斷復連凶,,12092
卷之八,形貌部,手足,人以足踢巳足吉,,12098
卷之八,形貌部,手足,足生瓜大吉,趾生瓜似龍形才名壓衆英夢此曰通達萬變名利無窮子嗣翩翩,12102
卷之八,形貌部,手足,足趾添長,人若樹足若根根長則枝茂枝茂則曰開花結實矣夢此者孫子福壽之徵,12106
卷之八,形貌部,手足,增一足大吉,鼎立之象凡百事可以撑持曰,12110
卷之八,形貌部,手足,足污泥大凶,被辱之兆曰,12114
卷之八,形貌部,手足,足蹈土中吉,夢此必得立身之地土生萬物脚曰踏于中是地可容也雖危無患矣,12118
卷之八,形貌部,手足,一足長一足短,求人難求巳不易正行偏正曰立不得坐不安寢不如意,12122
卷之八,形貌部,手足,刀斫足吉,男夢得利女夢成衣曰道途夢之須防盜賊李桓與弟概赴試㮄將放同卧概忽驚呌覺曰夢人以刀斫我足今猶痛甚㮄出後軍吏遇于途拜云大名木𠊓旣昨誤書槩字司怒刮其下木修攺無異得免責焉奇應如此,12126
卷之八,形貌部,手足,脚落凶,寒病之象夢此時運不通達謀曰爲不成就殃及子孫凶兆也,12130
卷之八,形貌部,手足,脚上生瘡大吉,此夢大利商賈無謀不遂之曰兆子侄富貴高坐安之象,12134
卷之八,形貌部,手足,傷脚血出吉,文名入太學威武冠三軍曰民得魚鹽利懷胎育俊英,12138
卷之八,形貌部,手足,脚底穿破凶,夢此兆者主謀事枉辛勤而曰不遂經營徒碌碌而難成,12142
卷之八,形貌部,手足,股大如身軀凶,上體痩弱之象下人欺主之曰兆凡夢下體胖大皆非吉祥,12146
卷之八,形貌部,手足,趾壯凶,,12150
卷之八,形貌部,手足,刀割去趾貞吉否凶,剕刑也其凶兆在兒童下人曰若有惡奴逆子反爲吉夢,12155
卷之八,形貌部,筋骨,筋骨堅勁吉,,12164
卷之八,形貌部,筋骨,筋如線骨如麻,精液虛損故有此夢曰,12168
卷之八,形貌部,筋骨,筋骨寸斷凶,夢之主宗支有奇禍曰,12172
卷之八,形貌部,筋骨,筋骨朽腐凶,,12176
卷之八,形貌部,筋骨,持筋與食,一人病弱醫莫能療夢有人如天王者持筋曰緶促令食之筋甚堅韌力食袤丈遂有巨力,12182
卷之八,形貌部,筋骨,㧞出筋無骨凶,此夢主勞傷力盡財曰𫝑消乏不祥之兆,12186
卷之八,形貌部,筋骨,遍身骨長,骨起發達也夢此者功名大貴藝業曰清高女人主執掌內事有力有權,12190
卷之八,形貌部,筋骨,人取骨,,12194
卷之八,形貌部,筋骨,人正其骨,,12198
卷之八,形貌部,筋骨,㧞出歪骨大吉,心正而志高故有此夢,12204
卷之八,形貌部,筋骨,露骨,夢者骨骼露在皮肉之外柔見剛之象出身之曰兆也骨者身之主露出在外主有直諌眞情,12209
卷之八,形貌部,筋骨,骨骼巳成皮肉未滿貞吉否凶,威權剛健曰,12213
卷之八,形貌部,筋骨,骨肉傷殘大凶,宗支親族有大禍曰,12218
卷之八,形貌部,筋骨,━━━━━━━━━━━━━━━━━━━━━━━━━━━━━━━━━━━━━━━━━━━━━━━━━━━━━━━━━━━━━━━━━━,,12223
卷之八,形貌部,筋骨,━━━━━━━━━━━━━━━━━━━━━━━━━━━━━━━━━━━━━━━━━━━━━━━━━━━━━━━━━━━━━━━━━━,,12225
卷之九,形貌部,肩脇,兩肩生于耳上似無項大吉,體壯身强爵高祿重曰,12243
卷之九,形貌部,肩脇,斫肩吉,警醒宜守之兆其人干係必重有禍必輕求財曰大得道路小心若病中此夢有神明救解得瘥,12250
卷之九,形貌部,肩脇,肩生桃枝開一花,桃花滛賤美玩也夢者得美妾生美曰女壽增長若孕婦夢之生女不生男,12254
卷之九,形貌部,肩脇,荷擔肩上吉,任重之象夢此爲冡宰爲元帥曰爲族之長爲邑之主諸事大吉,12258
卷之九,形貌部,肩脇,立人肩上元吉,此夢爲人所尊而獨立不懼曰者大貴之象其矦王之兆乎,12264
卷之九,形貌部,肩脇,肩上立人吉,,12268
卷之九,形貌部,肩脇,肩突出,肩者肱之本其象爲佐輔之人夢曰此其兆必佐輔我者有突出之情,12272
卷之九,形貌部,肩脇,兩肩受打痛極大吉,,12276
卷之九,形貌部,肩脇,肩上生癰疽吉,癰疽者毒氣所聚此夢乃兩間氣聚曰壅積不散佐輔躋躋富貴充足之象,12280
卷之九,形貌部,肩脇,肩背生虫蛆吉,此生氣旺動之象蛆者裸蟲之屬曰人爲裸蟲之長夢此者萬貫金錢,12284
卷之九,形貌部,肩脇,蛇盤肩腹大吉,蟒衣之象若高年曰衰病者夢之不祥,12288
卷之九,形貌部,肩脇,削去兩肩凶,兩肩被削如失左右手幇貼無人昆曰丁有難二體旣傷家國其何能保,12292
卷之九,形貌部,肩脇,肩脅開闊平硬大吉,寛和舒暢之象夢者心事平順筋絡疏曰通快爽開懷𮞸逢剛健諸事得調大吉,12296
卷之九,形貌部,肩脇,肩無力凶,扶助者少也諸事皆不祥惟病者夢之不妨曰若父母兄弟有患而夢巳無力眞惡夢也,12300
卷之九,形貌部,肩脇,脇肋高聳,左肋高右肋低男強女弱曰右脇高右脇低弟盛兄衰,12304
卷之九,形貌部,肩脇,加增肩骨吉,兆主添益人口夢中增兩骨醒來骨髓充盈曰自巳生精家内增添婢僕更得人來助力,12308
卷之九,形貌部,肩脇,肋骨細短凶,此夢氣虚力減財損用不足家資曰窮敗病加增藥失其方諸事差誤,12312
卷之九,形貌部,肩脇,脇作鳴吉,脇本無聲聲在肺經夢魂振動有禍必輕曰行人音信學業長成病宜調理爭戰摧城,12316
卷之九,形貌部,肩脇,脇破出月大吉,月爲太陰金象也婦人夢之孕曰秀貴也文人夢之顯貴高明,12320
卷之九,形貌部,肩脇,劒决左脇大吉,,12324
卷之九,形貌部,肩脇,脇被鎗剌貞吉否凶,鎗屬金金爲財利夢脇被刺協力受利之兆曰惟不宜詞訟出行不宜爭闘諸事皆吉無咎,12328
卷之九,形貌部,肩脇,脇肋下生翼吉,人生翼將上達夢脇下似飛虎文士曰登科武士得助孕婦生賢病者得逸,12333
卷之九,形貌部,肩脇,脇肋鳥飛凶,閒暇無事意亂心煩旁人調謊或有移遷若曰在病鄕魂飛麗天惟女子夢之必有喜事至,12338
卷之九,形貌部,肩脇,肋盡折凶,肋不可折盡折無救曰其故可知其情難究,12344
卷之九,形貌部,腹背,劍剌入腹大吉,劍剛且利夢人腹而寤無傷身受刺而心惕曰勵刺者柬也此兆有謀盡忠有計盡義大吉,12352
卷之九,形貌部,腹背,腹上生毛凶,,12356
卷之九,形貌部,腹背,剖腹見五臟分明大吉,人身生于五陰死于五福得道于六賊失于六曰根腹剖六根凈臟明五陰清清且淨大吉兆也,12360
卷之九,形貌部,腹背,擊肚腹作鼓聲吉,天下太平之兆夢此當有喜事至若有曰應者夢之病入腸胃爲蠱膈之象可治,12364
卷之九,形貌部,腹背,腹上有草吉,草者乙木爲天乙爲文稿爲春芳學者曰有此必成貴士若啇人遠行夢之凶,12370
卷之九,形貌部,腹背,䑕入腹中凶,夢者主偷盜明投暗病大凶曰惟孕婦爲產男祥瑞兆也,12374
卷之九,形貌部,腹背,腹上生松大吉,,12378
卷之九,形貌部,腹背,腹大垂吉,腹大而垂安享富貴之象學者包藏萬曰卷充盈有餘老者排羅八珍甘㫖如意,12382
卷之九,形貌部,腹背,被人破腹吉,腹被人開五臟俱見如遇曰知心者夢爲禎祥之兆,12386
卷之九,形貌部,腹背,腹上有星宿文貞吉,滿腹文章育秀婦產賢兒佳祥燦曰爛夢無光輝則似瘡痘疤之象,12390
卷之九,形貌部,腹背,水入腹中凶,流動不安之物而入藏垢納汙之中夢者主曰寄跡山川扁舟江海也孕婦夢之尤爲不祥,12395
卷之九,形貌部,腹背,滌腹,此兆弗利于涉川更防水火曰之災滌水入臍必生蟲膈,12399
卷之九,形貌部,腹背,腹開穴見二小羊凶,此夢爲腥羶污穢之象惟出家之人夢之曰主得道爲人所信重大吉餘人夢之不宜,12403
卷之九,形貌部,腹背,腹生楓吉,,12407
卷之九,形貌部,腹背,腹上置書籍吉,博學廣識之象但看夢中曰是何書便見醒來何所用,12411
卷之九,形貌部,腹背,腹中蛇出大吉,兆主文士巳㮄題名平人曰破財女人主其年生子,12415
卷之九,形貌部,腹背,少腹大于腰腹大吉,少腹者小腸膀胱之處與心經爲表裏子曰孫性命所係夢見比上不同後福廣厚也,12419
卷之九,形貌部,腹背,少腹開穴凶,陽不足也此男變爲女之象玉莖曰受損之兆夢此必爲他人所欺,12423
卷之九,形貌部,腹背,少腹浸入水中吉,腎旺則夢大水腎虚則夢水涸水侵小肚潔曰淨和樂無意中得財物之夢娶婦得妻財,12427
卷之九,形貌部,腹背,人剌背大吉,,12431
卷之九,形貌部,腹背,背負重石,負荷非輕之兆此夢立功任重爲人所憑曰諸矦覇仕令尹平安有事關係宜盡力,12435
卷之九,形貌部,腹背,背裂凶,國有艱危家有變異爲臣盡忠爲子盡義曰𩹌寡親丁孤獨奴婢丐流夢吉百路無忌,12439
卷之九,形貌部,腹背,滿背生瘡痛難忍凶,,12443
卷之九,形貌部,腹背,背上縛一木凶,夢此是休囚困苦之象曰諸事不利宜急解鎭,12447
卷之九,形貌部,腹背,背上生目能視吉,能見後人曰,12451
卷之九,形貌部,腹背,背有童子在兩𮪴中凶,,12457
卷之九,形貌部,腹背,背上有虫行吉,夢此多勞多怨多利多財虫生意生意出曰于背後勝于目前諸事皆吉惟病不宜,12465
卷之九,形貌部,腹背,蝇集背凶,蒼蝇紫蝇翼鳴美聲輕小華形喙食易盈曰奸邪小人品類陰情夢背集蝇後禍難明,12469
卷之九,形貌部,腹背,背負羊車吉,羊車本是絡中形背脊巍巍向玉庭曰引氣上昇由命穴夢見神隨延九齡,12473
卷之九,形貌部,腹背,背上有一童子吉,後有賢孫良裔之兆曰,12477
卷之九,形貌部,腹背,背生草吉,主肝氣有餘曰,12481
卷之九,形貌部,腹背,背骨斷凶,人譬屋背脊猶棟棟折屋不能安夢此父母亡曰子侄死身殞命大不爲祥謹愼解鎭可以轉禍,12485
卷之九,形貌部,腹背,鵲鳴背上凶,薦者朱雀之屬經曰飛鳥遺曰之音不宜上宜下此之謂也,12489
卷之九,形貌部,腹背,背有龜文吉,龜者兆靈之物夢此主位列三公曰榮顯草反壽增一紀痼病皆除,12493
卷之九,形貌部,腹背,背上生蚕蛾,瘡癤災殃體氣不泰禍曰事紛紛啾喞抱悶之兆,12497
卷之九,形貌部,腹背,背上瘤吉,夢者必有重負不能脫去囊曰中有物之象覊留逺行之兆,12501
卷之九,形貌部,乳臍,生四乳吉,男夢生四乳主娶賢妻美妾曰女夢生四乳必產貴子賢孫,12509
卷之九,形貌部,乳臍,擊乳作金𬫆聲大吉,,12513
卷之九,形貌部,乳臍,被人割乳,乳者汝也血肉不可割傷夢者曰喪親丁少孕育失產業有母災,12519
卷之九,形貌部,乳臍,食人乳吉,血氣有餘之象曰親丁發達之兆,12523
卷之九,形貌部,乳臍,乳上生髪吉,生人之祿大吉主福壽軿臻酒曰食豊需病患消除事事佳祥,12527
卷之九,形貌部,乳臍,乳流出無數,乳人子之食也此夢主充足有餘之兆曰衣食盈餘壽命無窮產婦夢之不祥,12531
卷之九,形貌部,乳臍,乳鳴蛙吉,子呱呱而生之兆病曰者夢之宜禱禳鎮壓,12535
卷之九,形貌部,乳臍,蟻出乳中吉,蟻能宂泥鑽土攢虫運骨微生也出曰者災去也夢此病去患除吉祥之兆,12539
卷之九,形貌部,乳臍,乳上裝翠寶貞吉否凶,錦衣玉食曰,12543
卷之九,形貌部,乳臍,乳生杏花吉,兆此者驗于榮歸曰女夢著于産孕,12548
卷之九,形貌部,乳臍,犬來食巳乳,男夢被人訟官必主和議女夢曰生男必易長成人應在申戌候,12552
卷之九,形貌部,乳臍,蛇入臍中吉,逶迱躋躋必然龍舞鳳翔笑傲旋旋蚤得靑蚨曰白兎中饋豐奢舍身塗炭外財尅剥積福倉敬,12556
卷之九,形貌部,乳臍,臍出𤇆吉,少年夢之當有新婚之喜曰,12560
卷之九,形貌部,乳臍,臍上草生凶,草生苗不長苗長草不曰生此田園荒蕪之兆,12564
卷之九,形貌部,乳臍,針剌臍吉,,12568
卷之九,形貌部,乳臍,以䋲穿臍,文人隱士得盛明幼學遇明師善訓乎人有曰好人相結女子爲丈夫寵愛生意獲大財,12572
卷之九,形貌部,乳臍,臍生小羊吉,貧者夢之富富者夢之貴貴者夢之加曰陞女子夢之有喜至有恙者夢之疾瘳,12576
卷之九,形貌部,乳臍,無臍,兆主飢餒曰,12580
卷之九,形貌部,乳臍,臍水出吉,腎水有餘之象水旣盈必流出水旣曰出中必燥夢此氣旺神清災消病除,12584
卷之九,形貌部,乳臍,虱叮臍吉,虱者半風之象此兆風土曰和諧受人囑託得人利益,12588
卷之九,形貌部,乳臍,日入臍大吉,,12592
卷之九,形貌部,乳臍,臍穴見𡹝凶,夢此防腹疾曰,12596
卷之九,形貌部,腰腎,腰繫金銀大吉,夢此兆者文人大貴女曰人夫榮腰纒十萬之象,12604
卷之九,形貌部,腰腎,被人以刀斷腰,兩截功名再試再曰㨗作事有頭無尾,12608
卷之九,形貌部,腰腎,腰間火起吉,水火旣濟運旺氣足陽有曰餘陰有補家資充情意快,12612
卷之九,形貌部,腰腎,腰汗出吉,,12616
卷之九,形貌部,腰腎,腰間掛五臟,藏財漏泄之兆五臟在五體之内夢掛腰外是曰肌膚不能包藏之象家資暴露積蓄散失也,12620
卷之九,形貌部,腰腎,洗腰腹見臟腑吉,心緒分明之象夢此者惡去善來禍曰消福至隱者顯昏者明受𡨚者得白,12624
卷之九,形貌部,腰腎,腰生虱吉,人氣生虱此夢生生不巳氣旺財來又曰爲腰間盤繫錢財之兆主凡事有水色,12628
卷之九,形貌部,腰腎,鬼入左腰腹内大吉,大得遂志之兆選舉魁甲功曰名覇王商賈萬倍胎孕公矦,12632
卷之九,形貌部,腰腎,腰腎水流,地火明夷之象夢水得金水流出爲費財利曰此兆陰有餘精不固火上升時虛度病痊可,12636
卷之九,形貌部,腰腎,腰腎螃蠏行,世亂兵强之兆腰是山坡腎是溪流曰滿身甲胄如螃蠏遍體横行似夢中,12640
卷之九,形貌部,腰腎,腎成玉石子吉,若滿腰玉石掛在囊中此氣足精固慾火曰不動夢之諸恙皆除男子夢之主得子,12644
卷之九,形貌部,腰腎,犬咬去腎囊凶,鬼賊相侵之夢須防盜賊失曰財敗産傷生之禍無血大凶,12648
卷之九,形貌部,腰腎,剌腎囊,,12652
卷之九,形貌部,腰腎,被人割腎去,仕宦不祥曰,12656
卷之九,形貌部,腰腎,兩腎突出凶,矢脫驚危之兆必有急事至曰若夢出復入則疑難無大咎,12660
卷之九,形貌部,腰腎,鳳凰喙腎吉,夢者姻緣晚諧功名後得子曰嗣美賢諸事佳慶但不在前,12664
卷之九,形貌部,腰腎,腎囊明亮忽大如斗,此乃富貴之兆也夢此者食祿曰千鍾駟馬高車不明者不吉,12668
卷之九,形貌部,心胸,以刀開心大吉,刀者肺之氣持刀者肺之神肺爲心之華曰益夢刀開心心竅通也諸難解百憂去,12676
卷之九,形貌部,心胸,取人心肝吉,,12682
卷之九,形貌部,心胸,見人心肝成犬豕吉,大點獸頭呼朋引類干係經心來逐去遂曰立業成家庸常賤輩夢此當于戌亥生子,12686
卷之九,形貌部,心胸,心變鳥,飛動之物能翀雲漢夢心變之文人曰大吉經商尤美詞訟等出有變不常,12690
卷之九,形貌部,心胸,心如明月大吉,虚心應太易清光照天下羣星隱而萬物曰仰瞻浮雲散而一腔如晝聖人之夢也,12694
卷之九,形貌部,心胸,人抱腹心吉,得賢佐爲妾得夫愛曰爲臣得君寵爲君爲客得扶助抱病得神醫初學得師傳,12698
卷之九,形貌部,心胸,心腹空吉,虚心受教空肚飽餐夢見此者曰士爲顯官孕生忠孝衰弱平安,12702
卷之九,形貌部,心胸,心中有羊凶,未爲羊木庫未夢此爲肝火攻心當曰有疾病至心中一羊恙字也防之,12706
卷之九,形貌部,心胸,雷擊破心大吉,,12710
卷之九,形貌部,心胸,取心水中洗吉,洗心滌慮毓德撿身曰之象天乙來慾火去,12718
卷之九,形貌部,心胸,水入心吉,心火炎炎水被𤎅一番滋潤一番焦火凉水煖精神伏過攺災除病患消,12724
卷之九,形貌部,心胸,懸心𬃩上大吉,志意高掛之象夢此私情隔絶曰姻緣不諧功名高遂諸事大吉,12728
卷之九,形貌部,心胸,手摩心大吉,摩者轉輾調理之象夢手爲兄弟新朋曰此兆病除鬰開灾消仇解諸事皆吉,12732
卷之九,形貌部,心胸,指畫心裂吉,裂者陽不足夢指爲子侄親丁此曰夢是攺過自新之象有吉無凶,12736
卷之九,形貌部,心胸,心痛凶,夢主親族遭殃知巳受厄病者夢曰之恙入胞胳平人主有人謀害,12742
卷之九,形貌部,心胸,頭上戴人心肝吉,交情宻切之象自頂他人意人心曰在我頭親朋結戴一同出入之兆,12746
卷之九,形貌部,心胸,開心納藥,藥納百病去心開萬事全才深有學智愈曰無譴上智脫離平白地下愚移到碧雲天,12750
卷之九,形貌部,心胸,以寶易人心吉,人心至寶也以假易眞利巳之曰象也夢者文思暢順經商獲利,12758
卷之九,形貌部,心胸,心上生禾苗,苗生于心心種發也文人益才思婦曰人夢之孕貴育秀生花結實之兆也,12762
卷之九,形貌部,心胸,無心大吉,,12766
卷之九,形貌部,心胸,鑿破心胸,心中有利器目下遇恩榮學者夢之大吉天曰下文章第一訟者夢之大凶傷心禍患相冲,12770
卷之九,形貌部,心胸,胸忽裂大吉,裂破舒開也主文思日加懷抱寛宏爲臣盡忠爲曰子盡孝齊家盡禮交友盡義正所謂忠烈士也,12774
卷之九,形貌部,心胸,人脚踏胸腹上凶,,12778
卷之九,形貌部,心胸,胸忽開吉,胸開舒展懷抱夢兆諸事咸亨曰,12782
卷之九,形貌部,心胸,剖胸納巨鑑大吉,剖心見誠信納鏡得高明應舉入太學曰,12787
卷之九,形貌部,心胸,胸中出錦繡紈綺,此兆文人夢之文章錦繡才名上達孕曰婦夢之生貴育秀腹患痊可宿𡨚伸舒,12795
卷之九,形貌部,心胸,胸前懸鏡吉,大將登壇之象一方善政萬里兵權英雄曰逞志有知人之哲高土幽居無刻剝之虞,12799
卷之九,形貌部,心胸,胸前心坎大如斗大吉,夢之得心寛意樂窮居陋巷將來改曰換門閭博學多聞此去高揚令譽,12803
卷之九,形貌部,心胸,胸光如水晶吉,胸中靈秀之象曰,12807
卷之九,形貌部,心胸,胸掛虎形吉,君子成虎變曰小人假虎威,12811
卷之九,形貌部,心胸,胸旁出火熖吉,,12815
卷之九,形貌部,心胸,胸露骨無膚,肌膚損失心膂暴露大曰老子孫亡幼輩親遭禍,12819
卷之九,形貌部,心胸,胸生逆鱗大吉,龍形也夢巳身有逆鱗其貴無上其曰富有下若夢他人須認其爲誰不可犯,12823
卷之九,形貌部,心胸,胸旁竅開如穴吉,夢毫竅開者耳聰月明才敏志遂胸中曰心爲胞胳左穴怒消右穴憂散佳祥之兆,12827
卷之九,形貌部,心胸,胸藏筆吉,筆能書寫計文策武救生主曰殺夢胸中有筆者詞章都麗,12833
卷之九,形貌部,心胸,胸變婦人乳吉,柔能制剛之兆男乳屬陰女乳爲陽男曰乳微女細乳高大此乃弱勝强邪勝正陰勝陽之夢,12837
卷之九,形貌部,心胸,菜生胸脇,夢此者主無味中曰有味不生處有生,12841
卷之九,形貌部,臟腑,盛臟滿盆見五色大吉,文章華麗之象辭由臟中出盛滿成器夢曰見五色光精釆異常置之盆中當以上達,12849
卷之九,形貌部,臟腑,自灌水入臟吉,水者金之子臟者百物收藏之處夢此曰者金自外來而收藏于居室之内也,12853
卷之九,形貌部,臟腑,臟中取筆貞吉否凶,筆在臟中書數能通六藝曰窹寐取出醒來要作千言,12857
卷之九,形貌部,臟腑,五臟出在地凶,五臟離腹爲氣散在地曰,12862
卷之九,形貌部,臟腑,無五臟大吉,士夫有府尊之職庻民有鄕曰村之樂女子有才郎之慶,12870
卷之九,形貌部,臟腑,洗臟腑吉,藏府一空胸曰腹一清之象,12874
卷之九,形貌部,臟腑,拾臟腑,夢巳身臟腑在外而拾得之主恢復舊業曰夢拾得他人之臟腑主獲外財更虞世亂,12878
卷之九,形貌部,臟腑,割分臟腑,此夢主分開曹局曰,12882
卷之九,形貌部,臟腑,臟腑在雲中,此夢主生痰病積求化選者夢之大吉學文者夢之主才高德盛靑雲吉白雲凶,12886
卷之九,形貌部,臟腑,臟腑缺少一二,,12890
卷之九,形貌部,臟腑,虫生臟腑中吉,生意綿綿金錢曰堆積大富之兆,12894
卷之九,形貌部,臟腑,照見五内,,12898
卷之九,形貌部,腸胃,納腸入腹大,夢此者兆主文章益進曰利取殷殷諸事佳祥,12906
卷之九,形貌部,腸胃,腸中火起吉,心腎之火會于脾下陽位胃煖故有此夢若患曰痢者夢之藥力使然也文士夢此熱𠂻之占,12910
卷之九,形貌部,腸胃,以腸繫人吉,懼人走脫曰,12914
卷之九,形貌部,腸胃,見人易肚腸吉,肚腸變易𡨚仇觧散恩人反叛若夢道路曰之人不曾識認者諸凡作事必豫防之,12918
卷之九,形貌部,腸胃,掛腸在兵器貞吉否凶,此亂世之事因利丧生之景若夢高曰掛鎗尖懸干衆人頭上大貴兆也,12923
卷之九,形貌部,腸胃,腸結陰物凶,人之陰物少陽相火也結者閉曰結之象有氣不舒有志不遂,12928
卷之九,形貌部,腸胃,烏鴉喙巳腸,烏屬朱雀爭啖在口舌夢者父母有曰殃子孫有悔妻孥鬪口鄰里閧訟,12932
卷之九,形貌部,腸胃,腸成絲貞吉否凶,相思牽擾之兆絲出自天虫經綸曰萬象通夢之文名得遂姻緣成配,12936
卷之九,形貌部,腸胃,腸出化虹升吉,曰文人夢此氣吐虹霓女人兆曰此孕生雄俊老年夢之凶,12941
卷之九,形貌部,腸胃,斷腸凶,腸斷難續悲哀難忍也離鄉背井骨肉飄零恩曰義隔絕惟分財與嫁夫爲父母者夢之大吉,12945
卷之九,形貌部,腸胃,人易腸中物貞古否凶,窮苦憂愁之際曰蘷之則吉也,12949
卷之九,形貌部,腸胃,腸遶城關大吉,,12954
卷之九,形貌部,腸胃,被人抽腸臟去凶,腸臟延命者也去之不能生也夢之曰被盜欺侮惟應選考試爲大吉徵,12958
卷之九,形貌部,腸胃,掛腸山上大吉,志在高岡之象有是則天下之人曰皆仰而望之矣忠臣孝子之夢,12962
卷之九,形貌部,腸胃,抽取人腸吉,夢象主得人之長曰,12966
卷之九,形貌部,腸胃,洗滌腸胃吉,洗滌去穢也夢此者曰王棄舊更新之兆,12970
卷之九,形貌部,腸胃,胃脘開豁吉,此夢兆主時運通曰達情意暢快之象,12978
卷之九,形貌部,肺肝,肺上生花吉,此兆士人夢之文思生花孕婦夢之產曰女如花禎祥之夢也富人夢之主花費,12986
卷之九,形貌部,肺肝,肺出成雲霞,,12990
卷之九,形貌部,肺肝,肺生兩翼吉,夢主金氣有餘金無餘氣故七政九竅惟金曰無二,12996
卷之九,形貌部,肺肝,掘地得自巳肺腑大吉,貧人夢之偶夢大財富貴者夢之頓長,13001
卷之九,形貌部,肺肝,換易肺腑,,13007
卷之九,形貌部,肺肝,肺肝如石吉,肺主金秋如石肺虚如蜂窠肝主木春如花肝虚曰如泡影心如堅石心如槁木則有此夢福至病痊,13019
卷之九,形貌部,肺肝,以刀割人肺肝吉,金木刑人夢者以象推之利曰在於他戰勝攻取之象也,13023
卷之九,形貌部,肺肝,被人刺肺肝大吉,針刺起死爲生夢人來刺我我見其所刺彼曰無欺隱我有靈感禍消病除福臨利亨之兆,13027
卷之九,形貌部,肺肝,肺肝被虎食凶,身陷虎口之兆夢此者曰牢獄疾病征戰皆不利,13031
卷之九,形貌部,肺肝,照見人肺肝吉,所見者誰人恩仇顯易我所照者非曰鏡反見爲難我旣知人人莫我欺矣,13035
卷之九,形貌部,肺肝,取肺肝納巳腹吉,彼之呼吸在我腹中我以氣血曰爲彼出入兩人一心受納無二,13039
卷之九,形貌部,肺肝,換人肝肺貞吉否凶,肝主呼肺主吸夢中何人我往换易呼曰吸由我出入皆然女子夢之必生貴子,13043
卷之九,形貌部,肺肝,剖肝見珠,肝乾也珠淚也夢子父有災夢夫婦生疾曰珠在巳肝淚出痛腸之兆又爲收淚之象,13048
卷之九,形貌部,肺肝,肝化蝴蝶飛,夢之者病人歸曰冥怒氣消乎,13052
卷之九,形貌部,肺肝,膽忽大吉,膽大無驚恐有折磨也夢此者心曰下而小做事無退縮處世有作爲,13056
卷之九,形貌部,陽臀,銀針刺入馬口吉,關元有出無入溺出于此而精亦從此出針炙所曰不及夢銀針刺入是金氣旺盛得助剛强之兆,13064
卷之九,形貌部,陽臀,玉莖飲酒吉,夢此當得嬌妻美妾良朋曰俊僕有歡樂大暢之遇,13068
卷之九,形貌部,陽臀,𨯅刃斫開肉具大吉,文人作顯宦武士立大功商賈得大利娶女曰遇良媒娠姙生貴子災病得切巳者救之,13072
卷之九,形貌部,陽臀,肉具長垂過膝凶,無所容身之兆必有乏用缺食多愁多曰怨其象柔弱而無配其驗驚憂而有耻,13076
卷之九,形貌部,陽臀,玉莖生寶相花大吉,,13080
卷之九,形貌部,陽臀,玉莖忽長吉,未知牝牡之合而𤽭作生育之源精神之本夢此曰此長大家隆業盛親丁有喜資財暗長交游宻切,13084
卷之九,形貌部,陽臀,臀被責痛吉,兆主前後有人出力有禍曰必輕宜自省攺過無咎,13088
卷之九,形貌部,陽臀,臀無膚凶,貧窮孤苦之象曰,13092
卷之九,形貌部,陽臀,臀無𡲀,幼冲夢之爲無竅爲有疾曰高年夢之爲獨夫爲𪽶症,13096
卷之九,形貌部,陽臀,生尾如禽獸臀吉,無初有終之兆獨夫生嗣孀婦得男孩童遇曰友工役將完若夢蛇尾大化小剛化柔之驗,13100
卷之九,形貌部,陽臀,臀生癰吉,雍容揖遜也有此夢者諸事皆吉曰身榮名著衣食豐足但不能安坐,13104
卷之九,形貌部,陽臀,臀濶大吉,安閑之象家安人足子貴僕富若曰遊行來往百事遲遲不能迅速,13108
卷之九,形貌部,陽臀,規臀以色吉,,13112
卷之九,形貌部,陽臀,臀中生長毛吉,臀有毛長壽徵也夢生長毛安居恒産之曰兆臀上無毛後面光循此推之吉凶可見,13120
卷之九,形貌部,陰谷,陰毛拂踝吉,,13128
卷之九,形貌部,陰谷,陰子破囊欲墜地凶,此屬命門爲關元夢此象者命曰運亡子孫傷妻妾丧諸事災危,13132
卷之九,形貌部,陰谷,見女人陰戶凶,陰口開張脫露無收之象夢誰家女子品分曰高低便知是何人對口相爭掩蔽者無妨,13136
卷之九,形貌部,陰谷,女子陰變爲陽物貞吉否凶,夢此當配良夫生男子長成家曰業爲女中丈夫牝雞司晨之兆,13140
卷之九,形貌部,陰谷,見母下體,,13145
卷之九,形貌部,陰谷,火烘下體吉,富者見之得人貴者見之得位曰貧者見之得衣病者見之得療,13149
卷之九,形貌部,陰谷,谷道毛垂地大吉,便竅毫長良田萬頃夢長而垂地利亨曰倍增之兆當出貴子賢孫榮親耀祖,13153
卷之九,形貌部,精血,精若水晶大吉,,13161
卷之九,形貌部,精血,滌精而納之,,13165
卷之九,形貌部,精血,精泄不泄吉,夢泄不泄陽旺火盛而腎煖元關固曰也必有重勞盡力功成意遂之驗,13169
卷之九,形貌部,精血,遺精,,13173
卷之九,形貌部,精血,交姤精不泄凶,,13177
卷之九,形貌部,精血,精寒如石凶,,13181
卷之九,形貌部,精血,媾精見血大吉,心腹相托之夢曰,13185
卷之九,形貌部,精血,遍身紅血大吉,朱衣加身之象無論貴戚素封貧窮下賤衰曰老殘喘兒童女流得此梦者必有皇恩爵祿,13189
卷之九,形貌部,精血,血流遍地,此夢占之最難料只要得如何處到曰從外流來得大財竅中流出非佳兆,13193
卷之九,形貌部,精血,血淋身吉,兆主文高武遂曰交易利子孫吉,13197
卷之九,形貌部,精血,吸人血水吉,狠心之象曰,13201
卷之九,形貌部,精血,膿血污手足吉,紅錦兮如血黄金兮似膿累及兮體肉相曰干兮弟兄受污兮夢中旦得吉兮幸逢,13205
卷之九,形貌部,精血,眼旁流出血凶,悲哀哭泣之象主父母兄弟夫妻曰子侄六親之内必凶災死喪之禍,13209
卷之九,形貌部,精血,耳邊有血水吉,有恤典曰,13213
卷之九,形貌部,精血,乳中有血流出大吉,白化爲赤必曰有喜事至,13217
卷之九,形貌部,精血,頸裏血出,當有破財景象凡事宜潜藏曰忍耐不得出頭自取大咎,13223
卷之九,形貌部,精血,血拌頭髪凶,肝經有曰,13227
卷之九,形貌部,精血,舌尖出血吉,文章進益口舌消散曰病主心經魚鹽多利,13231
卷之九,形貌部,精血,額上出血凶,與人相爭之兆曰,13235
卷之九,形貌部,精血,溺血,溺血名爲赤濁也夢中見之當得福曰也兆主所屬順從子孫食天之祿,13239
卷之九,形貌部,精血,陰戶流血吉,運來年月好經營百事通曰孕育無災患姻緣心意濃,13243
卷之九,形貌部,精血,血污衣,血染衣裳意氣揚揚如曰武人臨陣不宜夢此,13247
卷之九,形貌部,精血,自吸口中血水凶,泣血稽顙曰,13251
卷之九,形貌部,精血,喉中有血出吉,肝主血而喉屬肺夢此爲肝肺相和曰勞心費用以得大利之徵有吉無凶,13255
卷之九,形貌部,精血,身坐血汙之中,男夢拾財女夢防產曰,13259
卷之九,形貌部,精血,見血成河,君相夢之天下大亂水旱見之雨雪女曰子夢之禮懺禳解病中見之立愈矣,13263
卷之九,形貌部,精血,將器皿取人血來家吉,消災延壽之占曰,13267
卷之九,形貌部,精血,破傷無血大凶,無精父有殃無血曰母有患考妣有何憂也須坆上看,13271
卷之九,形貌部,精血,放血與人,血者性命所關也放與别人曰夢中見之防財物失脫也,13275
卷之九,形貌部,精血,股上出血凶,有妻妾之慮曰,13279
卷之九,形貌部,精血,遍身膿血出大吉,,13283
卷之九,形貌部,精血,被人剌取血去大凶,財物被刼之兆曰,13289
卷之九,形貌部,精血,大腸屙血吉,腸中寛暢災退患除曰,13293
卷之九,形貌部,精血,含血噴人,壯士正直作事盡力之兆曰,13297
卷之九,形貌部,精血,吮血,相知見許立言曰見允大吉之兆,13301
卷之九,形貌部,精血,吐血吉,立業成家曰,13305
卷之九,形貌部,汗氣,渾身流汗大吉,渙汗其大號所謂渙小儲曰而成大儲災禍無于病愈,13313
卷之九,形貌部,汗氣,汗污衣大吉,體膚汗出熱病消除曰,13317
卷之九,形貌部,汗氣,汗流地下凶,地土散失之兆如曰歲大旱夢之有雨,13323
卷之九,形貌部,汗氣,汗如珠凶,夢此事不成禍不曰解訟被刑病難愈,13327
卷之九,形貌部,汗氣,汗如雨吉,市㕓熱閙之象曰,13331
卷之九,形貌部,汗氣,汗乾大吉,身衣華袍曰,13335
卷之九,形貌部,汗氣,氣息如雷霆大吉,,13339
卷之九,形貌部,汗氣,氣從鼻口出如烟霞吉,丹田氣盛故有此夢曰,13343
卷之九,形貌部,汗氣,氣昏黑暗凶,,13347
卷之九,形貌部,汗氣,氣從玉莖出吉,于黃庭游于玉京嬰兒姹女由南園而過大津三曰尸却五鬼寧于,13351
卷之九,形貌部,汗氣,氣如火光吉,重明以麗乎正乃化成曰天下又曰黃離元吉,13357
卷之九,形貌部,汗氣,氣如虹霓,,13361
卷之九,形貌部,汗氣,喘息不定,心不寧故夢之曰,13365
卷之九,形貌部,汗氣,喘貞吉否凶,夢喘非眞病應驗在勞形,13369
卷之九,形貌部,汗氣,呼吸如風,風屬木木在肝肝主呼肺主吸其氣如曰風者金木皆旺而元精不能包藏之也,13376
卷之九,形貌部,汗氣,如鬼噓吁,肺氣不足也曰,13380
卷之九,形貌部,汗氣,無息大吉,太極靜而生陰陰固而無聲其氣清曰且寧此夢主元神元神旺可長生,13384
卷之九,形貌部,膀胱,膀胱如江海吉,腎水有餘羣陰充足江流滚滚曰海脉洋洋水火旣濟康健吉祥,13392
卷之九,形貌部,膀胱,膀胱如雞子凶,陰水聚結之象夢曰之主病患將作,13396
卷之九,形貌部,魂魄,魂飛上九霄吉,,13404
卷之九,形貌部,魂魄,魂西北行凶,火上升水下降魂在中曰離合不和故有此夢,13412
卷之九,形貌部,魂魄,魂呼魄吉,肺氣動也曰,13416
卷之九,形貌部,魂魄,魂如蛇魄如猴,心亂氣浮之象曰,13420
卷之九,形貌部,魂魄,魂魄相打貞吉,主陰陽不和而無咎曰,13424
卷之九,形貌部,尿糞,尿流至吉,貧窮有此夢必得無意之財富貴有此夢必曰得分外之物疾病有此夢必得救難之資,13432
卷之九,形貌部,尿糞,向人撒尿大吉,兆主心寛運通夢者冇急即解曰有禍忽消有慝頓除有讐便散,13436
卷之九,形貌部,尿糞,船上溺尿吉,出行逺方之象夢此者主有事逺行或曰有遠方人往來若途中夢之須防風水,13440
卷之九,形貌部,尿糞,撒尿滿口吉,水火巡環之兆曰,13444
卷之九,形貌部,尿糞,身上有尿濕吉,寃釋災消也曰,13448
卷之九,形貌部,尿糞,撒尿于碗中吉,解急之象夢此者緩急有濟疾曰病有人扶持病危不死佳兆也,13452
卷之九,形貌部,尿糞,連連撒溺,其象夜卧不安心中有曰急事情欲不遂者之夢,13456
卷之九,形貌部,尿糞,小解不出,夜氣不和故有此夢曰或主急欲小解也,13460
卷之九,形貌部,尿糞,尿屎污身大吉,貴者夢之增祿富者夢之加息生意夢之曰獲利訟事夢之不吉病人夢之又當别占,13464
卷之九,形貌部,尿糞,臭糞污衣飾大吉,,13468
卷之九,形貌部,尿糞,拈糞囘家,大得貨財便成恒産曰,13472
卷之九,形貌部,尿糞,人與糞吉,,13476
卷之九,形貌部,尿糞,掃除尿糞大凶,,13480
卷之九,形貌部,尿糞,糞中行畏惡吉,夢此者主使用得宜也曰千金萬貫都在阿堵,13484
卷之九,形貌部,尿糞,糞虫吉,生意之人活潑潑地曰,13488
卷之九,形貌部,尿糞,糞中坐,夢者多所受累到底難行若曰夢中坐起則後來有好事至,13492
卷之九,形貌部,尿糞,糞土堆積吉,積玉堆金曰,13496
卷之九,形貌部,尿糞,糞汙斛,積粟壞爛之兆若于絕糧困乏曰之際夢見之必有人周濟大吉,13500
卷之九,形貌部,尿糞,釡中有糞土凶,破釡之象其夢此而後曰灰得曰財利者必因利亡家不可不愼,13504
卷之九,形貌部,尿糞,屙屎碗内凶,夢此者將缺食餓死必宜曰攺過自新以祈天神救助,13508
卷之九,形貌部,尿糞,屙出屎𡲀凶,内空虚外汗穢曰費用不祥之兆,13512
卷之九,形貌部,尿糞,大便滿地吉,得見便宜曰,13516
卷之九,形貌部,尿糞,大便在灶下凶,,13520
卷之九,形貌部,尿糞,失大小便凶,外貨難序巳曰財散失之夢,13524
卷之九,形貌部,尿糞,聞屁人𥬇大吉,屁者譬也一語曰騙人爲人所信,13528
卷之九,形貌部,尿糞,忍屁出汗凶,養生之道莫良于夜氣夜氣曰不足以存其將有所不遂乎,13532
卷之九,形貌部,尿糞,屁臭吉,將有生意曰,13536
卷之九,形貌部,尿糞,蛆滿身凶,主財費病深貴人曰主萬民擁戴之兆,13540
卷之九,形貌部,尿糞,━━━━━━━━━━━━━━━━━━━━━━━━━━━━━━━━━━━━━━━━━━━━━━━━━━━━━━━━━━━━━━━━━━,,13549
卷之九,形貌部,尿糞,━━━━━━━━━━━━━━━━━━━━━━━━━━━━━━━━━━━━━━━━━━━━━━━━━━━━━━━━━━━━━━━━━━,,13551
卷之十,政事部,—,政事部一,,13563
卷之十,政事部,—,考試,,13568
卷之十,政事部,—,報中,,13580
卷之十,政事部,—,看㮄,,13627
卷之十,政事部,—,取中,,13701
卷之十,政事部,—,唱名,,13714
卷之十,政事部,—,遊宴,夢遊堦列宴者身在前行上坐大貴在後乘下曰席小吉如非應舉者則主門有喜慶榮利倍常,13720
卷之十,政事部,—,樂迎,,13724
卷之十,政事部,—,集錄,,13742
卷之十,政事部,—,牌扁凡夢皆然而此曰爲尤甚,者宜細測圓推,13769
卷之十,政事部,—,旌杆,,13795
卷之十,政事部,—,簡籖,凡夢簡筴籖牌上有名字或見于自曰夢或夢于他人皆主其人貴顯之徵,13806
卷之十,政事部,—,封記,,13814
卷之十,政事部,—,主司見夢,,13822
卷之十,政事部,—,店主見夢,,13828
卷之十,政事部,—,秀才舉子諸類,,13836
卷之十,政事部,—,賀人科第,,13846
卷之十,政事部,—,爲官居位,,13871
卷之十,政事部,—,見人爲官居位,,13882
卷之十,政事部,—,選除官職,,13888
卷之十,政事部,—,官職簿籍,,13915
卷之十,政事部,—,賣官買職,,13921
卷之十,政事部,—,求官,,13931
卷之十,政事部,—,賜官爵,,13949
卷之十,政事部,—,稱報官爵,何官職或應人間爵祿或應陰府職司見兆各有曰不同意義自然各别,13957
卷之十,政事部,—,貴人入家,,14041
卷之十,政事部,—,上任去官復任,,14048
卷之十,政事部,—,封贈廕襲代職,,14054
卷之十,政事部,—,官誥文憑符勑,,14060
卷之十,政事部,—,牌書官爵,夢此者祥其何名名有玄應詳其何曰官官有變通大要吉占但宜圓測,14070
卷之十,政事部,—,賀人得官赴任人來賀,夢賀人者其人昌來賀者本身曰吉如老人及病者彼此非祥,14078
卷之十,政事部,—,迎送官府,,14083
卷之十,政事部,—,俸祿,,14087
卷之十,政事部,—,賜禄支俸,,14091
卷之十,政事部,—,俸增减,夢增俸者官陞業茂命永家亨夢减俸者聀𨹓曰夀促有罪犯人夢之又爲减科吉兆不可泥也,14099
卷之十,政事部,—,停俸,兆此主家居有絕糧之厄客曰途有病殢之災必非佳祥,14103
卷之十,政事部,—,借俸乞禄,,14107
卷之十,政事部,—,追償俸禄,,14111
卷之十,政事部,—,祿料,,14117
卷之十,政事部,—,祿命籍,,14125
卷之十,政事部,—,告以延壽,夢此者主其人積德必享遐齡故曰,14131
卷之十,政事部,—,告以壽盡,夢主其人年數應終故神靈警告非大徳之士即日窮惡之人兆之者宜反躬修省或可囬天之意也虔化縣令王瞻罷任歸建業泊舟秦淮病甚夢朱衣吏執牒至曰君命巳盡今奉詔瞻曰命不敢辭但舟中狭隘欲寛假之使得登岸卜居無所憚也吏許諾以五日爲期至日平明且當來也旣寤便能下牀自山僦舍營辦凶具教其子哭踊之節召六親爲别至期登榻安卧向曙乃卒,14140
卷之十,政事部,—,神許壽數,,14148
卷之十,政事部,—,人賀壽,,14166
卷之十,政事部,—,新冠吉,,14175
卷之十,政事部,—,賀冠吉,進爵加官之兆曰,14179
卷之十,政事部,—,命子冠大吉,,14185
卷之十,政事部,—,女子冠笄吉,,14189
卷之十,政事部,—,道者加冠,夢此者主道紀有權如仕人夢之曰主得臺官如平民夢之主獲賊盗,14193
卷之十,政事部,—,僧衲披剃大吉得人度受齋納寶結,萬方緣嘉祥之象夢之主善繼前人遊方之外者曰也,14197
卷之十,政事部,—,出家還俗凶,,14205
卷之十,政事部,—,剃度僧尼吉,主結得人緣曰,14209
卷之十,政事部,—,議結姻戚吉,,14213
卷之十,政事部,—,定允吉,夢主成立之徵曰,14219
卷之十,政事部,—,受聘吉,,14223
卷之十,政事部,—,行聘,夢之主財物與人之象鰥寡孤窮夢之皆吉曰若爲人夫而夢聘妻爲人婦而夢聘贅皆凶,14227
卷之十,政事部,—,裝奩,,14231
卷之十,政事部,—,子舍婢姻吉,得作翁𡛮孫枝曰茂盛家道成矣,14239
卷之十,政事部,—,出嫁凶,夢女出嫁主破家妻出嫁主再𬋕女夢人曰迎娶者大凶男夢自身出嫁者主有遇合,14243
卷之十,政事部,—,娶婦不行禮貞吉否凶,此得華服之兆若曰夢鼓吹迎娶大凶,14247
卷之十,政事部,—,結姻稱賀吉,,14252
卷之十,政事部,—,歸寧大凶,,14259
卷之十,政事部,—,退悔姻眷凶,破敗滅亡之兆曰,14263
卷之十,政事部,—,再娶否凶,,14267
卷之十,政事部,—,私約,此非正人君子之所夢而見之曰者主有意外之緣陰事有成,14271
卷之十,政事部,—,取婢吉,此直叶之夢也但以形貌詞氣衣曰裝景物推之其所驗者無爽矣,14275
卷之十,政事部,—,私奔别地成姻,,14279
卷之十,政事部,—,以妾爲妻,,14283
卷之十,政事部,—,以妻爲妾,,14287
卷之十,政事部,—,妻嫁他人,,14296
卷之十,政事部,—,買妾,,14302
卷之十,政事部,—,賣妻妾,,14308
卷之十,政事部,—,爲人妾凶,,14312
卷之十,政事部,—,爲媒,,14318
卷之十,政事部,—,女妁奔走,,14322
卷之十,政事部,—,妻作媒,,14326
卷之十,政事部,—,姤合,,14332
卷之十,政事部,—,寢媾,,14336
卷之十,政事部,—,懷孕,,14348
卷之十,政事部,—,生育,,14366
卷之十,政事部,—,托生,,14371
卷之十,政事部,—,彌月,主凡事有三曰十日之占,14377
卷之十,政事部,—,周嵗,及期之象周旋之兆曰,14381
卷之十,政事部,—,小產,此夢主口舌消散之兆又疾病曰捐除之象若有姙者須防直叶,14385
卷之十,政事部,—,分娩生二三子,仕宦夢之主官爵高陞一品之兆曰平民夢之主是非口舌連累之兆,14389
卷之十,政事部,—,產下鬼形,文墨之士夢此曰主大魁天下,14393
卷之十,政事部,—,見人産兒,,14397
卷之十,政事部,—,身是小兒爲人産下,,14401
卷之十,政事部,—,━━━━━━━━━━━━━━━━━━━━━━━━━━━━━━━━━━━━━━━━━━━━━━━━━━━━━━━━━━━━━━━━━━,,14408
卷之十,政事部,—,━━━━━━━━━━━━━━━━━━━━━━━━━━━━━━━━━━━━━━━━━━━━━━━━━━━━━━━━━━━━━━━━━━,,14410
卷之十一,政事部,疾疫,寒熱,,14427
卷之十一,政事部,疾疫,痛癢,,14431
卷之十一,政事部,疾疫,嘔吐,病者夢之主病痊可治有患難者夢之無曰妨應試夢之大吉昌衰老夢之身體康,14435
卷之十一,政事部,疾疫,身病,,14439
卷之十一,政事部,疾疫,人病,,14444
卷之十一,政事部,疾疫,治病,,14450
卷之十一,政事部,疾疫,授藥療病,,14456
卷之十一,政事部,疾疫,人言勿藥,,14526
卷之十一,政事部,疾疫,神授養生之道,,14538
卷之十一,政事部,疾疫,病忽痊,,14550
卷之十一,政事部,疾疫,針炙,夢遇良醫主中興永壽之大慶曰夢治人疾主忠諫効勞之至仁,14556
卷之十一,政事部,火盗,家内火起,,14564
卷之十一,政事部,火盗,鄰舍火起,夢鄰家火發延燒巳房者吉不燒巳房者曰無利避隣家火者吉救隣家火者失威,14570
卷之十一,政事部,火盗,物被火燒,,14578
卷之十一,政事部,火盗,物中火出吉,夢木中火出者大吉夢柱頭烟起者有憂夢凡曰器物中火起有光者事通達有烟者事遲殢,14583
卷之十一,政事部,火盗,把火燒物,,14587
卷之十一,政事部,火盗,持火照物,,14595
卷之十一,政事部,火盗,看放𤇆火,夢此者主百事憂曰散病除大吉之兆,14601
卷之十一,政事部,火盗,盗賊入室,夢入室而去者小吉入室曰而不去者主家業破耗,14605
卷之十一,政事部,火盗,盗賊入市,夢趕賊入巿出者吉不出凶曰夢賊趕入市不出吉出者凶,14609
卷之十一,政事部,火盗,趕賊,夢與賊趕行大利夢見趕賊行曰順吉夢賊人相引主病至禍臨,14613
卷之十一,政事部,火盗,說賊,,14617
卷之十一,政事部,火盗,做賊,夢身自作賊主求謀得遂曰夢教人作賊主與人成事,14624
卷之十一,政事部,火盗,殺賊,夢統人殺賊曰主事興昌,14628
卷之十一,政事部,恩仇,人感恩,,14636
卷之十一,政事部,恩仇,人復𡨚,,14644
卷之十一,政事部,殺鬥,殺人,,14712
卷之十一,政事部,殺鬥,被殺,夢被他人殺我者利吉之占如逃避伏曰藏者反凶被殺而不死者得財復失,14716
卷之十一,政事部,殺鬥,見殺,夢見他人殺人者主有人送物至曰大吉見他人相殺者主爭財也,14720
卷之十一,政事部,殺鬥,相殺,,14724
卷之十一,政事部,殺鬥,自殺,夢持刀斧自殺身死者主得大財自殺而不死曰者亦吉刀傷出血者財利酒食之事無血者凶,14728
卷之十一,政事部,殺鬥,斫擊,,14732
卷之十一,政事部,殺鬥,交刀,夢與男子交刀與女子交刀皆主吉昌之事與曰男主得財與女主得子交刀而失落者不祥,14742
卷之十一,政事部,殺鬥,射剌,,14746
卷之十一,政事部,殺鬥,相鬥,,14761
卷之十一,政事部,殺鬥,行軍,,14765
卷之十一,政事部,殺鬥,交戰,,14769
卷之十一,政事部,毆詈,打人,夢人打者主得人力曰萝打人者主巳失力,14780
卷之十一,政事部,毆詈,交力,,14786
卷之十一,政事部,毆詈,自打,,14790
卷之十一,政事部,毆詈,被毆,擊擒出春明門至合大路處石橋上乃得解遺其曰紫羅履一𨾏奔及居而寤甚困言於弟兄而牀前果失一履旦令人於石橋上追尋得之,14794
卷之十一,政事部,毆詈,相罵,,14799
卷之十一,政事部,毆詈,罵人,,14803
卷之十一,政事部,毆詈,被罵,,14809
卷之十一,政事部,毆詈,咀呪,,14813
卷之十一,政事部,刑獄,勘問,,14821
卷之十一,政事部,刑獄,枷鎻,,14829
卷之十一,政事部,刑獄,綁縛,,14839
卷之十一,政事部,刑獄,拘錄,,14845
卷之十一,政事部,刑獄,鞭杖下人,凡夢自身坐于堂上命人鞭杖曰笞責他人者主虚費精力之兆,14851
卷之十一,政事部,刑獄,被人笞杖鞭撲,,14855
卷之十一,政事部,刑獄,牢獄,,14865
卷之十一,政事部,刑獄,訟訴,,14869
卷之十一,政事部,刑獄,罪人,,14877
卷之十一,政事部,刑獄,覊繫羅網,身入羅網有計難逃曰逃脫羅網有禍得消,14881
卷之十一,政事部,刑獄,炮烙烹炙,夢身體被人火炙汗血淋漓者大吉主一曰有財喜之事如受冥司炮炙之狀者凶,14885
卷之十一,政事部,刑獄,釋赦,,14889
卷之十一,政事部,刑獄,逃竄,,14893
卷之十一,政事部,刑獄,勸解和息,,14900
卷之十一,政事部,刑獄,代罪,,14904
卷之十一,政事部,刑獄,哀呼求釋,,14908
卷之十一,政事部,䘮塟,居喪大吉,,14918
卷之十一,政事部,䘮塟,弔喪大吉,,14924
卷之十一,政事部,䘮塟,行䘮凶,,14928
卷之十一,政事部,䘮塟,送䘮凶號咷慟踊夢主佳祥鼓吹旛旌兆當殂殁凡有送,喪之夢必爲虚費之徵但占𣩵是誰家又看身穿曰何服,14934
卷之十一,政事部,䘮塟,𣩵塟吉,,14941
卷之十一,政事部,䘮塟,送塟吉,,14947
卷之十一,政事部,䘮塟,請塟大吉,但占夢請是何人曰便見驗吉在何處,14953
卷之十一,政事部,䘮塟,𣩵塟不見棺槨大凶,夢此者必有禍至若有鼓曰吹亭臺者家破身亡嗣絕,14970
卷之十一,政事部,䘮塟,塟不入土凶,,14976
卷之十一,政事部,䘮塟,𣩵止中途凶,,14980
卷之十一,政事部,䘮塟,𣩵塟於他人墓所,非其所而假之以安不祥之兆或夢此直曰叶其象宛如夢中或騐才學爲人愛慕者,14986
卷之十一,政事部,䘮塟,攺塟,由卑而徙高者吉官位高遷之象曰由大而移小者凶顛沛流離之兆,14990
卷之十一,政事部,䘮塟,攢柩,夢主官居當道財藏不露幾務得人賛合儀曰容暫寓保安目前之事巳寧日後之基未卜,14994
卷之十一,政事部,䘮塟,啓攢,,14998
卷之十一,政事部,䘮塟,人死,,15002
卷之十一,政事部,䘮塟,身死吉凡夢身死必有,吉慶何歟其𩲸安也雖然夢死他鄕其後果驗夢曰死人手其患匪輕夢移尸而騐攺居夢,15006
卷之十一,政事部,䘮塟,人言死吉夢人言報某年,月日死者直叶夢人言死而似死非死者主得官曰祿,15013
卷之十一,政事部,䘮塟,告死,,15023
卷之十一,政事部,䘮塟,死人,,15028
卷之十一,政事部,䘮塟,死者求生,,15034
卷之十一,政事部,䘮塟,死者復生,,15040
卷之十一,政事部,䘮塟,收拾𣩵殮,,15044
卷之十一,政事部,䘮塟,修整坟塋,,15048
卷之十一,政事部,祝享,禱獻神祗,,15056
卷之十一,政事部,祝享,祭奠人奠或巳奠人○夢奠親鄰乃爲人,友之大事○夢受他人之奠享自當驗于身後○曰夢辭祭奠之禮儀將果見于人前○宰牲設奠詳觀所享何人焚帛拈香但看所稱何氏,15062
卷之十一,政事部,祝享,擺設楮帛芻狗,,15072
卷之十一,政事部,祝享,祝禳飲福受胙大吉,,15079
卷之十一,政事部,祝享,奠享祖塋,,15088
卷之十一,政事部,祝享,設𬋕誦經功德懺悔,,15093
卷之十一,政事部,祝享,祈晴禱雨吉,此夢主爭光日月曰際會風雲之兆,15097
卷之十一,政事部,祝享,蜡獵迎神賽會,此夢主神祗出遊廵察人門禍福若其人因曰夢所見而攺過從善行義無忒天必祐之,15101
卷之十一,政事部,祝享,禳祝見神鬼形,見其形不聞其聲宜審所夢爲何神曰夢其神因聽其言語宜明識而遵行,15105
卷之十一,政事部,祝享,祀享餕餘,,15109
卷之十一,政事部,祝享,巫祝僧道餕胙,此夢主貨財分散宜以衆人之曰所言所作細推之吉無誤矣,15113
卷之十一,政事部,祝享,齋戒備祭禮,遵禮法于䖍誠之始敬神鬼于未祀之先曰此正人君子之夢其吉不待占而見之矣,15117
卷之十一,政事部,酬酢,交易,,15126
卷之十一,政事部,酬酢,呼召,,15130
卷之十一,政事部,酬酢,賜獻,,15157
卷之十一,政事部,酬酢,迎送,,15162
卷之十一,政事部,酬酢,謁訪,夢來謁訪我者詳其人審其名吉凶自見曰夢巳謁訪于人亦然詳審其字可卜榮枯,15194
卷之十一,政事部,酬酢,讌會,,15202
卷之十一,政事部,酬酢,盟誓,,15226
卷之十一,政事部,起居,聚别,,15234
卷之十一,政事部,起居,叩首,,15246
卷之十一,政事部,起居,揖拜,,15250
卷之十一,政事部,起居,站立,此立身成業之兆但宜以曰所立何方而占其凶吉,15254
卷之十一,政事部,起居,奔趨,,15258
卷之十一,政事部,起居,着𡲆,,15262
卷之十一,政事部,起居,坐席,,15271
卷之十一,政事部,起居,寢卧,夢中,15289
卷之十一,政事部,起居,呼號叱咤,,15301
卷之十一,政事部,起居,咲傲嘆賞,,15306
卷之十一,政事部,起居,哭泣涕淚交垂,,15310
卷之十一,政事部,起居,沭盥浴濯,,15314
卷之十一,政事部,起居,運摩,必其明于脩煉調理有此曰夢若不知者夢之主將來得道之徵,15318
卷之十一,政事部,起居,男女裸體相見,子女相對好夢嘉祥曰命運亨泰利名吉昌,15322
卷之十一,政事部,起居,身被人騎走,受人駕馭被人驅馳非馬非牛受耻受辱下曰賤夢貴人騎者反爲吉占騎在人上者大吉,15326
卷之十一,政事部,起居,露體上下無衣而走,夢此名譽蚤楊于天下功業超出于羣英曰出身及第榮祿非常夢臥暗室中者反此,15330
卷之十一,政事部,起居,━━━━━━━━━━━━━━━━━━━━━━━━━━━━━━━━━━━━━━━━━━━━━━━━━━━━━━━━━━━━━━━━━━,,15338
卷之十一,政事部,起居,━━━━━━━━━━━━━━━━━━━━━━━━━━━━━━━━━━━━━━━━━━━━━━━━━━━━━━━━━━━━━━━━━━,,15340
卷之十二,什物部,舟檝,船,,15357
卷之十二,什物部,舟檝,乘舟駕帆,,15399
卷之十二,什物部,舟檝,龍舟殿閣旗旛大吉,此皇宮御座之舟凡夢之者曰必有幸遇貴人接引之兆,15413
卷之十二,什物部,舟檝,負縴行船,,15419
卷之十二,什物部,舟檝,膠舟,,15423
卷之十二,什物部,舟檝,划船吉,此夢爲得美名褒奬曰之兆順流速行大吉,15427
卷之十二,什物部,舟檝,修船造船新船下水,,15431
卷之十二,什物部,舟檝,網船,,15438
卷之十二,什物部,舟檝,舟中射釣,,15443
卷之十二,什物部,舟檝,樓船大吉,,15449
卷之十二,什物部,舟檝,船在橋下吉,水陸通衢之象凢夢之者固守貞曰志遠姦辟邪運時泰心安事亨,15453
卷之十二,什物部,舟檝,舟船往來相打相罵,,15457
卷之十二,什物部,舟檝,舟中坐轎上,夢此求名有人抬舉作事有人扶助出行宜曰速必須多帶盤費交易必成宜自謙讓謹言,15466
卷之十二,什物部,舟檝,舟中騎馬,,15470
卷之十二,什物部,舟檝,船載屋宇,,15474
卷之十二,什物部,舟檝,船載花木糧草,夢自外來者主得財加祿○夢往曰他鄕者主輸運費用詳載品彚部,15478
卷之十二,什物部,舟檝,船載鱗介飛禽走獸,,15482
卷之十二,什物部,舟檝,乘舟使人牽馬牛拽縴吉,夢此主得富貴有衆人助力大吉之兆馬兆曰在午牛兆在丑或年歲或月建或時日騐之,15488
卷之十二,什物部,舟檝,舟中載車吉,車行陸路遇水而止得舟載之利渉江津曰夢此道路通達夢載車輪主轉達之吉徵,15492
卷之十二,什物部,舟檝,船舷有輪,文人夢此職掌經綸武士夢之戰勝凱旋身曰居客外夢之廻歸病患夢之乃輪廻之兆,15496
卷之十二,什物部,舟檝,舟忽變爲車,官宦夢之升加爵位隱逸夢之遨遊遠方曰農啇夢之歲旱水涸病者夢之得瘥無患,15500
卷之十二,什物部,舟檝,舟化龍大吉,一舉成名之兆夢船運命通達成龍得路靑曰雲應舉應選欲求名此兆大魁天下入皇廷,15508
卷之十二,什物部,舟檝,背負船而走吉,,15512
卷之十二,什物部,舟檝,脚船,夢此主辛勤勞苦渉歷艱難若夢在曰大船内有人撑脚船來者有人代勞,15516
卷之十二,什物部,舟檝,䘮船吉,,15520
卷之十二,什物部,舟檝,跳下船跳上㟁,勞苦土木之象夢此當以舟中事物岸曰間形狀細推之夢過岸渡河快便大吉,15524
卷之十二,什物部,舟檝,立在船跳板上凶,夢此立定不至船中又不起岸必有疑難之曰事若立不定者是行不通坐不安立不定也,15528
卷之十二,什物部,舟檝,耴船上跳板入置㟁上,夢巳取之他人行事費力夢人取去主做事曰難成岀行有阻夢取在自巳家中遲緩得吉,15532
卷之十二,什物部,舟檝,船船,,15536
卷之十二,什物部,舟檝,舟沉水底,,15540
卷之十二,什物部,舟檝,火焚舟,身在舟中舟被火焚夢者不得其死身在岸曰上見此爲未濟之夢夢坐舟中見他舟者吉,15545
卷之十二,什物部,舟檝,麥舟,,15549
卷之十二,什物部,舟檝,舟載金土木石,,15554
卷之十二,什物部,舟檝,縴䌫䋲索蓬帆𥱊筏等,,15564
卷之十二,什物部,舟檝,檣桅槳櫓舵杆篙諸物,,15568
卷之十二,什物部,車輛,車輦,,15581
卷之十二,什物部,車輛,龍車鳳輦大吉,君相夢之四海平安士子夢之一門榮盛曰庻人夢之恩澤被沾僧道夢之喜結天緣,15589
卷之十二,什物部,車輛,高車駟馬,文墨之士恩榮及弟兵戈之輩奏凱曰建功鄕村小民夢之主有官吏事至,15593
卷之十二,什物部,車輛,車中載日月,,15597
卷之十二,什物部,車輛,邀車駕,,15601
卷之十二,什物部,車輛,車駕召貞吉否凶,身通文藝者夢之得侍立于御前病沾五曰内者夢之將歸神于冥府僧道夢之大吉,15605
卷之十二,什物部,車輛,丹車,蒙恩拜詔之兆如安居于市曰廛田舍者夢之須防火災,15610
卷之十二,什物部,車輛,金車翠蓋,,15616
卷之十二,什物部,車輛,素車白轡,君相夢此爲太白朝士夢此爲秋聲安輕昌曰吉轟振主兵士民夢此主得財病痊婦孕吉,15620
卷之十二,什物部,車輛,黑幰繞車,,15624
卷之十二,什物部,車輛,兵車,,15628
卷之十二,什物部,車輛,䘮車大吉,,15632
卷之十二,什物部,車輛,見車騎衆多無數,,15636
卷之十二,什物部,車輛,車騎聲讙,霍禹夢車騎聲正讙來曰捕禹會事發覺禹要斬,15642
卷之十二,什物部,車輛,聞車聲隱隱吉,聞其聲不見其形知其名不識其情隱遯曰山林有警無驚言一一以清身一一以寧,15646
卷之十二,什物部,車輛,車聲如雷,兵戈追逐邊疆戰爭猛将如雲如電勇士如曰虎如鷹幽居遠避在丘陵縱有才能且暫停,15650
卷之十二,什物部,車輛,車上生草身坐草中大吉,,15654
卷之十二,什物部,車輛,乘車挂肉其𠊓,,15662
卷之十二,什物部,車輛,室如,,15665
卷之十二,什物部,車輛,營工造作車輦衡軏軾轍軸輻輪蓋,,15670
卷之十二,什物部,車輛,乘車馳于前所覆車轍之上,,15679
卷之十二,什物部,車輛,車上載車,,15683
卷之十二,什物部,車輛,車中載舟吉,,15690
卷之十二,什物部,車輛,車無輪凶,夢此者有路不能達有事不能行輪者倫曰也倫者常也此兆遭逢非不常日所比,15694
卷之十二,什物部,車輛,車置屋内,,15698
卷之十二,什物部,車輛,挽車數乘大吉,,15702
卷之十二,什物部,車輛,轎,,15711
卷之十二,什物部,文墨,筆硯紙墨,,15738
卷之十二,什物部,文墨,筆,,15745
卷之十二,什物部,文墨,硯,,15803
卷之十二,什物部,文墨,硯中耕田吉,凡夢以硯爲田手執耜耒而耕者必主曰文藝丹靑之士弗受非義子貴身榮,15819
卷之十二,什物部,文墨,耴金玉珠寶爲硯吉,文人夢之爲社稷之臣武士夢之有兼才之曰譽農夫夢之得豐年之瑞女子夢之生貴子,15823
卷之十二,什物部,文墨,硯中見麟鳯龜龍獅豸大吉,,15827
卷之十二,什物部,文墨,造硯,,15831
卷之十二,什物部,文墨,墨,,15840
卷之十二,什物部,文墨,硃墨金墨等五色墨錠,,15866
卷之十二,什物部,文墨,五色顔料,,15870
卷之十二,什物部,文墨,紙,,15902
卷之十二,什物部,文墨,界策戒策押尺書鎭量尺,,15916
卷之十二,什物部,文墨,水注水中丞,夢此主得羙酒嘗有候選夢兩人扛一水曰中丞與之或譏曰大中丞及選授江都丞,15920
卷之十二,什物部,文墨,書幌書燈吉,,15924
卷之十二,什物部,文墨,筆架筆筒筆匣,,15929
卷之十二,什物部,文墨,書橱書架書箱書笈書篋書櫃,此橱以藏書册于中以便撿舒于外夢此主曰博學多材安行樂道損壞不祥開閉皆吉,15933
卷之十二,什物部,文墨,籖格刀錐吉,,15937
卷之十二,什物部,文墨,𦵉,,15941
卷之十二,什物部,武械,弓矢,,15953
卷之十二,什物部,武械,弩弓弩箭,,15964
卷之十二,什物部,武械,彈弓彈丸吉,求名求利及求人夢此一言而中居處出行曰與治病夢此必得妙方但主近而不遠吉,15968
卷之十二,什物部,武械,彤弓金矢錦繡鞱鞬囊,文宦夢之職掌兵權武將夢之建功立業曰𦒿老夢之子孫貴顯婦女夢之生育貴子,15972
卷之十二,什物部,武械,劍,,15976
卷之十二,什物部,武械,刀,,15991
卷之十二,什物部,武械,三刀,,16019
卷之十二,什物部,武械,索千牛刀,,16043
卷之十二,什物部,武械,帝授寶刀,,16047
卷之十二,什物部,武械,束草啣刀,,16051
卷之十二,什物部,武械,刃方大長柄頭尖缺者曰刃,刃者忍也認也凡夢之者宜忍耐爲主有曰吉無災夢人杖刃而立爲仞八尺曰仞,16055
卷之十二,什物部,武械,七首,,16060
卷之十二,什物部,武械,倭刀吉,,16065
卷之十二,什物部,武械,金刀吉,,16070
卷之十二,什物部,武械,槊戟矛殳等械,,16074
卷之十二,什物部,武械,鐡鞭否凶,,16082
卷之十二,什物部,武械,火器,,16086
卷之十二,什物部,武械,佛郎機大將軍,貴人夢此爲禦强去暴富民夢此宜養靜修曰德貧窮夢此有虚無實病人夢此得佛力救,16091
卷之十二,什物部,武械,𫠓嘴銃,,16096
卷之十二,什物部,武械,虎牌吉,夢此者得禦侮之妙計掌兵符曰之巨職下賤夢之順以從君,16100
卷之十二,什物部,武械,盔甲吉,,16104
卷之十二,什物部,武械,馬甲,,16108
卷之十二,什物部,武械,鐡蒺藜,,16112
卷之十二,什物部,武械,旄鼓枎,,16116
卷之十二,什物部,符笏,璽大吉,璽者國之寶也夢得之者國昌夢失之者亡曰士民夢之當與大典病患夢之天命福壽,16126
卷之十二,什物部,符笏,符節,此夢主同心遇合之徴顚危而無懼遙遠而曰有情執一而不變大吉亨昌嫁女夢之不祥,16130
卷之十二,什物部,符笏,印,印者身之所自生於天象爲父母於人事爲曰官職夢此以所記何字占之未有不吉者,16134
卷之十二,什物部,符笏,印函印鑰,,16141
卷之十二,什物部,符笏,帶印綬登樓而歌,,16151
卷之十二,什物部,符笏,圖書,,16155
卷之十二,什物部,符笏,吉,帝王曰符璽官吏曰印信私記曰圖書夢得曰之者大吉夢失之者無妨夢無字者無事也,16157
卷之十二,什物部,符笏,圭璧,,16163
卷之十二,什物部,符笏,牙笏板笏,,16171
卷之十二,什物部,符笏,魚笏吉,此啇周之制以大魚肋爲之長尺有咫上士曰所執自漢迄今弗用之矣夢此主飲饌快樂,16175
卷之十二,什物部,符笏,簡笏,夢此者簡而文也忽有所得也曰夢人授之必有執簡而來謁者,16179
卷之十二,什物部,符笏,牙笏滿室吉,此身榮家富之夢夢之必有賢婿大貴者惟曰病人夢此不祥又當以夢中所見他事占之,16183
卷之十二,什物部,符笏,積笏如山吉,,16187
卷之十二,什物部,符笏,以笏斫人,,16193
卷之十二,什物部,符笏,書記笏上貞吉,夢此主政務召對之徵當以所書何字推占曰若庻人夢之必有所忽者宜記而不宜忽也,16197
卷之十二,什物部,符笏,搢笏,,16201
卷之十二,什物部,鹵簿,鹵簿旂蓋,文臣武士夢之主進爵加職之象庻民婦女曰夢之主生子貴顯病患夢之又當另占無妨,16209
卷之十二,什物部,鹵簿,綵旗懸鈴墜入懷中大吉,學者夢之文思華麗擲地金聲之美徴啇賈曰農工夢之主得貴人財女子夢之生貴子,16215
卷之十二,什物部,鹵簿,旌旗鶴雁降於亭,宋富弼母韓有娠夢旌旗鶴鴈降其曰庭云有天赦巳而生弼爲宋室賢相,16223
卷之十二,什物部,鹵簿,神旂高揚雲端貞吉否凶,大人夢之名揚四海正人夢之禍去福臨曰多欲夢之必宜攺過姦邪夢之福臨表凶,16227
卷之十二,什物部,鹵簿,旌旗蔽空,,16232
卷之十二,什物部,鹵簿,執旗飛走吉,夢此報捷之象應試書生夢之所騐在巳衆曰庻女子夢之其兆在人又當以其辭色占推,16237
卷之十二,什物部,鹵簿,藍旗彩旗,此夢當道大臣之景也學者夢此爲瑞曰兆下賤夢此爲官事疾病夢此爲神明,16241
卷之十二,什物部,鹵簿,赤幟,,16245
卷之十二,什物部,鹵簿,黃旗竪于門首吉,,16252
卷之十二,什物部,鹵簿,掌扇,此儀容中直有威可畏之象夢得之曰者必貴顯夢他人者主相遇協力,16266
卷之十二,什物部,鹵簿,𤓰錘,,16270
卷之十二,什物部,鹵簿,馬前頭踏,文人夢之祿位至武士夢之吏民相得鄕曰人夢之見有官吏之交病人夢之不祥,16276
卷之十二,什物部,鹵簿,華蓋,,16280
卷之十二,什物部,鹵簿,冠帽匣,,16287
卷之十二,什物部,鹵簿,帶箱,,16292
卷之十二,什物部,鹵簿,鬼頭刀尚方劍金斧大鉞貞吉否凶,君子夢之大吉曰小人夢之不祥,16296
卷之十二,什物部,鹵簿,虎頭牌,貴者用之賤者執之此夢也執之者貴曰遠之者賤無恙反有悔有病反無災,16301
卷之十二,什物部,鹵簿,馬前驛牌,此貴宦將至之象夢之主爵尊位顯曰名揚祿厚榮登帝都恩歸故里之兆,16307
卷之十二,什物部,鹵簿,赭蓋旌纛前導,曰東門入至乃止旣寤未解其兆明日以語寗寗不應久之屈指作迴輪者再作而曰是狀元之兆也占牛一元大武也春歲之首而試之期也狀元亦謂曰春元也金色白其神爲辛牛之神丑也中之歲其以辛丑乎王曰鼓吹前導者何曰是所謂傘蓋儀從送歸第者也曰奚爲而杜乃隨之曰以傘蓋從者實京兆尹是歲京兆尹其必杜乎王聞而歎之曰子之言殆隍中之鹿也寗私志之歲丁酉王復下第奔走江湖夢之眞妄不復記憶庚子乃領薦鄕闈明年辛丑試春官得雋入奉臨軒之對果得狀元及第傳臚畢承制送歸長安私第者果杜公也悉如寗之所解云,16313
卷之十二,什物部,刑罰,刑具滿庭除,,16323
卷之十二,什物部,刑罰,天垂鐡鏈,夢此惟巳獨立必有貴人招之契合同心曰若夢數人同立或哭或笑主死䘮之兆,16328
卷之十二,什物部,刑罰,有枷置門首吉,善人夢之主名利增加胎孕夢之主生男曰吉作非爲則是病患來臨攺過若無咎,16332
卷之十二,什物部,刑罰,人授頂鉗鎻索,君子夢之騐在六畜有吉無凶小人夢之須曰防疾病胎孕夢之生男童𥪡夢之有病不死,16336
卷之十二,什物部,刑罰,脚鐐手扭凶,此賊盗用刑之具出行夢此須曰備不虞作事夢此須防掣摯,16340
卷之十二,什物部,刑罰,囚車在道凶,夢此不宜出行出行必有虛驚惟曰戰守之事夢此主生擒敵㓂之象,16344
卷之十二,什物部,幡幢,旛花羅列空中,學者夢此文思日益辭章冠世武將夢之大曰戰有鬼神助老年夢之子孝僧道夢之飛昇,16352
卷之十二,什物部,幡幢,大旙在指端,此持節建,16358
卷之十二,什物部,幡幢,幢軿自天而下,,16365
卷之十二,什物部,幡幢,花旛,,16372
卷之十二,什物部,幡幢,石幢,,16376
卷之十二,什物部,幡幢,紙幢大吉,此天壇功德之象夢之者必有前世因綠主曰得祿致福子孫繁盛交友契合家道日隆,16380
卷之十二,什物部,幡幢,紙幡貞吉,夢此主多事而不難得人輔助身榮家泰曰之吉若病人夢之宜許愿敬神則遇明醫,16384
卷之十二,什物部,幡幢,寫畵幢幡吉,此夢必其人有舊愿未了宜持戒奉齋以曰遵敬遠鬼神之教守義成仁有吉無咎,16388
卷之十二,什物部,幡幢,━━━━━━━━━━━━━━━━━━━━━━━━━━━━━━━━━━━━━━━━━━━━━━━━━━━━━━━━━━━━━━━━━━,,16397
卷之十二,什物部,幡幢,━━━━━━━━━━━━━━━━━━━━━━━━━━━━━━━━━━━━━━━━━━━━━━━━━━━━━━━━━━━━━━━━━━,,16399
卷之十三,什物部,家俠,檯卓椅櫈,遠行○夢置車中主遷移○夢驢騾䭾來主得財曰䭾去主見貴人○夢馬負之主運蹇○夢在牛背上有官事不祥○夢巳負之而行主勤勞不安○夢置山頂上有喪事○夢置曠野主官祿未至○夢置田中主豐年○夢置河水中防水火之災○夢置道路中主有事禱祝○夢置門首事難成○夢置庭中吉○夢置堂房中正吉歪不利○夢此等高大美麗主富貴低小精緻主安閒破碎主爭訟巳舌○夢此置屋脊上有凶人至無妨○夢火焚之主得大財之吉○夢灰塵泥土堆樍其上主貧窮○夢尿糞污穢之主財利小事吉,16416
卷之十三,什物部,家俠,櫃檯,,16422
卷之十三,什物部,家俠,香几,,16429
卷之十三,什物部,家俠,天然几卓天然椅,凡夢之者宜靜不宜動宜守不宜變更此諸曰色事物皆一定天然堅固寧息富貴正平也,16436
卷之十三,什物部,家俠,卧椅上,,16444
卷之十三,什物部,家俠,坐櫈升靑雲大吉,此第一等人物之象嘗有文學夢騎櫈上曰憑空直入雲端者赴考領首後登科甲,16463
卷之十三,什物部,家俠,臺屏屏風圍屏,,16467
卷之十三,什物部,家俠,畵屏,,16471
卷之十三,什物部,家俠,燈檠,,16475
卷之十三,什物部,家俠,燭筌,,16479
卷之十三,什物部,家俠,滿堂紅,,16483
卷之十三,什物部,家俠,燭剪吉,,16487
卷之十三,什物部,家俠,火把,,16491
卷之十三,什物部,家俠,火爐,,16495
卷之十三,什物部,家俠,鼎爐圓爐方爐手爐,,16500
卷之十三,什物部,家俠,脚爐吉,,16506
卷之十三,什物部,家俠,金爐從天下,,16511
卷之十三,什物部,家俠,火筯,,16515
卷之十三,什物部,家俠,火盆吉,,16521
卷之十三,什物部,家俠,水盆,,16525
卷之十三,什物部,家俠,大魚躍盆水中,,16529
卷之十三,什物部,家俠,面盆浴盆吉,,16533
卷之十三,什物部,家俠,拭汗巾帨浴怖浣怖,夢之者祓除浴德之佳兆有曰吉無凶夢人貺之又當另占,16537
卷之十三,什物部,家俠,持帨沭浴盤中,夢有日新之象曰,16541
卷之十三,什物部,家俠,洗澡掛帨巾於門上,夢此主逺親外客至○夢掛後門有私情不正○曰夢掛在欄干者吉○夢非沭浴掛怖門首不祥,16545
卷之十三,什物部,家俠,門㡘,,16549
卷之十三,什物部,家俠,帳幔懣天,,16555
卷之十三,什物部,家俠,天上雲中掛帳垂下,,16560
卷之十三,什物部,家俠,設掛錦帳,安居夢之賔客至九流夢之名譽高僧道夢曰之人借寓旅邸夢之家信來夢此不論顏色,16564
卷之十三,什物部,家俠,床,,16568
卷之十三,什物部,家俠,榻,,16638
卷之十三,什物部,家俠,板條木條竹滌藤條,夢此等者皆條理得中之兆坐卧出入皆無曰妨惟夢破碎損失者主童僕奴婢之災悔,16648
卷之十三,什物部,家俠,兀子凶,兀者厄也夢之主小事悔吝有眚夢損失破曰壞者无咎出行在外夢兀子毁弊反爲吉祥,16652
卷之十三,什物部,家俠,交床,夢造作之或人授之或巳坐其上皆主出行○曰夢破壞者出行有阻○夢人取去主有事使人,16656
卷之十三,什物部,家俠,交椅,夢得之者主客至曰夢失之者事難成,16660
卷之十三,什物部,家俠,踏脚櫈,夢此者高居安坐之物夢破毁損傷者主奴曰僕有災難○夢得增添脩製者主得人之兆,16664
卷之十三,什物部,家俠,床前踏板,,16668
卷之十三,什物部,家俠,舗設被褥,,16672
卷之十三,什物部,家俠,錦被繡褥高枕大吉,,16677
卷之十三,什物部,家俠,被上見紅日,,16683
卷之十三,什物部,家俠,枕竅中入,,16687
卷之十三,什物部,家俠,將褥作被大凶,此乃困窮拂抑之景也富貴夢之有大災窮居夢曰之無發達有事者夢主受辱之兆宜解禳無咎胡潤爲大理卿夢其女卧竈中將褥作被此女方四歲未髠潤以直諌被刑其女没入功臣家爲奴一老嫗憐而匿於庖中後有同郡人見之携歸鄱陽自誓不配偶稱貞姑,16694
卷之十三,什物部,家俠,披被作衣裳,日作衣夜作被此道家獨坐煉金丹之說曰也昔有貧士夢之者後爲天師門下法官,16698
卷之十三,什物部,家俠,越席,,16702
卷之十三,什物部,家俠,龍𥱊大吉,,16707
卷之十三,什物部,家俠,藤𥱊竹篤蒲𥱊草𥱊,,16713
卷之十三,什物部,家俠,氊毯𮊥毯花毯線毯毛毯吉,,16717
卷之十三,什物部,家俠,簟,此恬澹寧息之夢有小吉無大咎無論藤簟曰篾簟草簟五色花簟新舊破損皆以所用占,16721
卷之十三,什物部,家俠,易簣更換舖席也,此固不祥之稱而夢之反有得吉者惟病中曰夢之大凶求名求利者夢之爲遷移之兆,16725
卷之十三,什物部,家俠,棕荐蒲荐秧荐草荐,,16730
卷之十三,什物部,家俠,淨桶内浴身,,16736
卷之十三,什物部,家俠,夜壺即溺器,夢得之作事便利○夢破碎有急事難解○夢置曰被中有病至○夢置枕邊有酒食○夢持去者吉,16742
卷之十三,什物部,家俠,七寶溺器,,16747
卷之十三,什物部,家俠,湯婆子,此禦寒之物也○夢置足後主得美妾○夢傾曰覆濕𧙊褥主小事破財○夢冷主事不成無咎,16751
卷之十三,什物部,家俠,竹夫人,抱之以禦暑安眠圓活輕清之象于暑時爲曰夢想于嚴寒夢之必有吉象驗在夏秋之末,16755
卷之十三,什物部,家俠,薫籠,,16759
卷之十三,什物部,家俠,吉,此夢爲温煖香馥之象富貴夢之必得美婢佳曰童貧窮夢之將來必有華服被體病夢得瘥,16761
卷之十三,什物部,家俠,被薫手爐,狀如古玩色如金馨香馥䭲且開衿曰夢裏將來去惡臭醒來懽樂度芳辰,16765
卷之十三,什物部,家俠,香筯香匙吉,兆主請借前曰箸繼續書香,16770
卷之十三,什物部,家俠,香筒,,16774
卷之十三,什物部,家俠,香毬吉,圓圓滾滚翻翻覆覆郁郁溶曰溶兆應如同將來榮顯之兆,16778
卷之十三,什物部,家俠,香囊,,16782
卷之十三,什物部,家俠,金鈎,,16786
卷之十三,什物部,家俠,衣架,,16791
卷之十三,什物部,家俠,箱架,,16795
卷之十三,什物部,家俠,金翠大箱方數丈,𩹌孤夢此得美婦貧窮夢此得貴人扶曰富貴者不宜有此夢病人夢此大凶,16801
卷之十三,什物部,家俠,籐箱大吉,夢此爲騰驤之兆昔周公有金藤之書所以曰正君心也夢藤箱者宜逺小人不惡而嚴,16807
卷之十三,什物部,家俠,板箱竹箱匾箱圓箱箱篋箱橱箱籠,,16811
卷之十三,什物部,家俠,箱床,,16817
卷之十三,什物部,家俠,箱袱吉,美觀之物羡餘之兆夢裁製有嫁娶等事曰○夢毁弊無妨○夢人授之主得財利,16826
卷之十三,什物部,家俠,橱,,16830
卷之十三,什物部,家俠,鎻鑰,,16835
卷之十三,什物部,家俠,箕箒,,16842
卷之十三,什物部,家俠,箕箒在天上,,16847
卷之十三,什物部,家俠,笐杆以掛衣物者,夢此主得高掛之兆曰夢損折者主疾病至,16851
卷之十三,什物部,家俠,擔盤提盤盤絡,夢自外入門主得飲饌或有人于擾○夢以授曰人或取出出門外主家中有事○夢破主口舌,16856
卷之十三,什物部,家俠,火箱火囤火坑炕床,,16860
卷之十三,什物部,家俠,坐車坐囤,此嬰兒所坐者夢人授之主生育子息夢曰巳授人主其所受人生子病者夢之不祥,16864
卷之十三,什物部,家俠,碧紗橱,居之爲避暑之妙用夢之爲養生之吉曰徵寧靜以致遠端莊以脩德何吉如之,16868
卷之十三,什物部,家俠,拐杖,此夢主執携扶助持顚濟危身康永壽之徵曰夢人授之主助力夢折朽者手下人有悔,16872
卷之十三,什物部,家俠,拐杖化爲龍,,16876
卷之十三,什物部,茶具,携杖採茶置筐内,凡夢煎茶採茶諸色茶具皆爲婚嫁筵譙之曰兆有醉後夢之或渇甚或大暑夢之弗占,16884
卷之十三,什物部,茶具,茶擔茶簍茶盤,此清閑安暢之夢夢者有安居無事之曰吉若夢傾覆損毁遺失主小悔無大咎,16890
卷之十三,什物部,茶具,茶壺茶洗茶礶茶罏,,16894
卷之十三,什物部,茶具,身入壺中,,16898
卷之十三,什物部,茶具,茶甌茶匙,夢洗淨擺設主有客至○夢破壞損曰折主口舌○夢人貺之主小事吉祥,16902
卷之十三,什物部,飲,天落金樽大吉,,16910
卷之十三,什物部,飲,觴浮池沼中,夢此主遊行讌會胸襟開暢凡夢池沼爲賢曰水旺則溢虚則洄夢觴爲酒食浮主清快吉,16914
卷之十三,什物部,飲,樽酒隔牕授受吉,,16920
卷之十三,什物部,飲,舉杯相向,此夢于相向者爲知巳爲有情爲曰悲悼爲娛悅當以動静言語占之,16924
卷之十三,什物部,飲,杯盤狼籍,,16930
卷之十三,什物部,飲,筯,,16934
卷之十三,什物部,飲,酒壺酒注酒瓶酒甕酒壜酒甏酒瓿,,16941
卷之十三,什物部,飲,酒缸,,16948
卷之十三,什物部,飲,酒榨,,16953
卷之十三,什物部,飲,凶,,16955
卷之十三,什物部,飲,酒鼈酒葫蘆,,16961
卷之十三,什物部,飲,水火爐,水在火上既濟之象酒是水中火隔曰水夢未濟飲酒不知節需首失其義,16965
卷之十三,什物部,飲,鍾碗盞楪吉,夢忽增多家有事○夢洗凈者賓客至○夢人打曰破口舌散○夢叠收藏事太平○夢偷去主閒曠,16969
卷之十三,什物部,飲,酒海大碗之名,夢此滿斟香馥主液髓盈足○夢此潔凈主曰神氣清爽○夢酒渾臭淺少主血海空虛,16973
卷之十三,什物部,飲,酒提漏斗,夢置造主人口增益○夢毁弊損失主小口有曰悔○夢人授之主得利○夢執之以飲主色事,16978
卷之十三,什物部,飲,酒箱吉,夢此主陰柔無位求萃必得若其貧士平民曰夢此爲致富成家之兆病者夢之得藥而瘥,16982
卷之十三,什物部,飲,果盒大吉,,16986
卷之十三,什物部,飲,果罩,此盛饌之前列玳筵之美觀夢之者以虛曰受人之機也主慶賀之象爲誇罩之占,16990
卷之十三,什物部,飲,卓圍坐褥,,16994
卷之十三,什物部,爨具,釡甑,,17002
卷之十三,什物部,爨具,天宫炊爨大吉,,17007
卷之十三,什物部,爨具,鍋在水中,,17016
卷之十三,什物部,爨具,釡中湯沸溢,君相夢主水澇士庻夢主多財貧窮夢主酒曰食僧道夢主功德病夢主生旺女夢主夫榮,17021
卷之十三,什物部,爨具,背荷釡甑而走,此流離奔走之貌夢者必有不祥若窘窶顚曰沛弗得炊爨者夢之反爲立產成家之兆,17026
卷之十三,什物部,爨具,銅鐺凶,,17034
卷之十三,什物部,爨具,銅銚鉊杓木杓,夢人執揚或以啜飲或安置有聲皆主口舌曰夢人授之或以取汲或藏置蓋下皆主酒食,17038
卷之十三,什物部,爨具,蒸籠吉,甑者正也薫蒸之謂也夢此者陽在下而應曰平上柔得中而應平剛驗在小事必有亨昌,17043
卷之十三,什物部,爨具,盪鑼,夢浮釡中主𬮈非口舌○夢置糕䬼飯食曰主有怒事○夢損壞或置藏主是非散,17047
卷之十三,什物部,爨具,淘籮筲箕笊篱筅箒吉,,17051
卷之十三,什物部,爨具,兩𮣙蒸而不炊凶,,17055
卷之十三,什物部,爨具,劖刀鎞刀切刀尖刀搶刀,,17059
卷之十三,什物部,爨具,火筯火鉊火焮火又火鋏吉,凡夢此等主行事遂意有求必得有患必除曰衣祿豐足但非大事若夢忽損折者反此,17063
卷之十三,什物部,爨具,火刀火石火鐩火鑽大吉,,17067
卷之十三,什物部,爨具,油瓶油注油簍,,17071
卷之十三,什物部,爨具,水缸,移○夢穿破爲失財○夢汲水入之爲得財生利曰夢於中取水爲酒食○夢坐其上爲制服陰火有病得痊○夢炊有喜慶事蓋以火炊于水主缸水見火而沸湯湯滚滚故與曰中炊相反,17075
卷之十三,什物部,爨具,水筩大吉,,17081
卷之十三,什物部,爨具,轆轤,,17085
卷之十三,什物部,爨具,□蓋缸蓋,,17089
卷之十三,什物部,店具,店櫃吉,,17101
卷之十三,什物部,店具,坐櫃,夢此爲内人爲下人爲居處之所其占與店曰櫃同但有上下大小之不同耳夢無底者貧,17105
卷之十三,什物部,店具,店橱吉,夢橱充滿主富貴又當以所滿何物推曰之有吉無凶夢橱空虚主交易之吉,17109
卷之十三,什物部,店具,秤,,17113
卷之十三,什物部,店具,天平大吉,君相夢之天下太平之象士庻夢之主得財曰祿僧道夢之主功德之事病者夢之病痊,17120
卷之十三,什物部,店具,𨤲等,夢此者主得良緣求名得名求利得利有曰事稱心無事遂意夢毁破財夢脩得計,17124
卷之十三,什物部,店具,盤秤扛秤,與天平秤等同類吉但此似大曰而實小又當以所稱何物推占,17128
卷之十三,什物部,店具,算盤吉,夢此主得計豫曰知定數之占,17132
卷之十三,什物部,店具,銀剪,夢此主分財之事○夢人授巳主破財○曰夢巳授人主交易口夔毁壞者妻妾有悔,17136
卷之十三,什物部,店具,鏨子鐡鎚釡鏨凶,,17140
卷之十三,什物部,店具,掛店招牌大吉,夢牌自天落下主有帝命召○夢牌上無字者曰貴顯大富○夢牌上字多字少當以其字占之,17150
卷之十三,什物部,店具,酒旂,,17154
卷之十三,什物部,店具,吉,貴爵者夢之爲民心悅服士庻人夢之爲遠曰出遊行亂世夢之爲太平景象之占大吉,17156
卷之十三,什物部,店具,隠燈籠燈,此夢明照四方之象○夢燈光遠燦主名譽吉祥曰○夢黑暗不明有小悔○夢人授之有喜事至,17160
卷之十三,什物部,行李,囊櫜,,17168
卷之十三,什物部,行李,掛箱提撞食籮,,17175
卷之十三,什物部,行李,皮箱跨箱大吉,○夢此空虚者安𬮈無事○夢此損壞者有外人曰多事○夢䑕咬傷損主道路有災○夢脩補齊整主進益貨物○夢擺列堂中爲興家立業之兆○夢背負而行主有事得見尊長貴人○夢坐于臀下者有好人相遇相合○夢置擔中主逺行得吉○夢以授人主有事使人得遂其志,17180
卷之十三,什物部,行李,氊包皮包吉,,17186
卷之十三,什物部,行李,袱包,,17190
卷之十三,什物部,行李,茄袋吉,,17194
卷之十三,什物部,行李,帽籠梳匣凉帽眼罩同占,夢此主求名求利致命遂志之徵空虛潔淨,17198
卷之十三,什物部,行李,扁桃,,17206
卷之十三,什物部,行李,行燈大吉,此夢繼明照于四方之象光輝一握曰之中明達萬里之外此富貴之佳兆有慶賀之美徵,17213
卷之十三,什物部,行李,䋲索,,17217
卷之十三,什物部,行李,扛棒貞吉否凶,此象主二人同行鞠躬𥁞力夢之者必有人曰與巳相洽其成敗吉凶又以所夢事物占之,17221
卷之十三,什物部,行李,卷箱,,17226
卷之十三,什物部,雨具,雨衣,,17236
卷之十三,什物部,雨具,氊衫吉,,17241
卷之十三,什物部,雨具,箬笠,,17245
卷之十三,什物部,雨具,蓑衣,,17249
卷之十三,什物部,雨具,吉,貴人夢此遯迹于江湖富家夢此斯須曰之小悔貧窮下賤皆喜慶吉祥之夢病者夢之凶,17251
卷之十三,什物部,雨具,油紙,凡夢此者主出外逺行出行夢之須防風曰雨夢身首頂戴者凶中得吉難處成祥,17255
卷之十三,什物部,雨具,傘,,17259
卷之十三,什物部,雨具,布傘以綠油布爲之,君子夢之主逺行小人夢曰之主分散童僕夢之無妨,17271
卷之十三,什物部,雨具,屐,,17276
卷之十三,什物部,雨具,吉,此夢主高檯平等之象剛而健歩水而不濡曰其屨夢之遇艱險而得亨通夢屐齒折無咎,17278
卷之十三,什物部,雨具,蘆蓆,夢此主蓋庇捍禦逢凶化吉遇難成祥若歲曰大旱夢之必有雨至夢破壞主改換之兆,17284
卷之十三,什物部,雨具,碧油幔吉,,17288
卷之十三,什物部,牧具,馬槽吉,,17296
卷之十三,什物部,牧具,馬欄,豎桅欄繫馬以禦騰躍夢馬欄挿地乃别曰群雄凢夢此者無事有事至危處得安康,17302
卷之十三,什物部,牧具,馬鞍踏凳,貴人夢之主勞役富人夢之主安寧貧窮夢曰之有利益顚沛夢之得太平病人夢之得愈,17306
卷之十三,什物部,牧具,馬繮,凡夢此必其人有細微小節關係大事者出曰行夢之宜速亦必速歸安居夢之得衆人力,17311
卷之十三,什物部,牧具,鞶纓大吉,夢授之主大貴位極人臣夢製此主顯曰榮名揚天下夢弊壞主豊亨與時消息,17315
卷之十三,什物部,牧具,鞭,平安夢之主得戒禦不虞之策險難夢之必曰有消災除暴之祥若夢折斷朽弊主盡力吉,17319
卷之十三,什物部,牧具,牛楅牛柱牛劓牧童夢之無占,凡夢此者必宜親近君子逺離小曰人不惡而嚴自得中行大道矣,17323
卷之十三,什物部,牧具,羊棚羊索羊錢吉,夢此災消禍散貧窮變成富貴顚危攺曰作平康小事大吉又有得童僕之徴,17328
卷之十三,什物部,牧具,狗窠犬䋲撁狗結,爲得酒食爲禦冦盗爲闚觀隱微小曰事夢之利益大吉君子夢之吝無咎,17332
卷之十三,什物部,牧具,猪欄猪食槽,夢此主取女之吉徵富家夢之家道和平曰貧窮夢之得則吉病患夢之陰人求食,17337
卷之十三,什物部,牧具,雞棚雞箱雞籠,,17341
卷之十三,什物部,牧具,鳥籠,凡夢身出籠中者災難去除憂疑消釋籠中曰無鳥得失勿恤烏在籠中以所夢何鳥推占,17348
卷之十三,什物部,牧具,鶴亭吉,,17352
卷之十三,什物部,牧具,鹿柵大吉,此夢爲富貴榮祿之兆○夢有柵無鹿爲虚名曰夢鹿在柵內爲蓄藏○夢鹿在柵外爲聚祿,17356
卷之十三,什物部,牧具,虎穽兕㭱,戒禦凶惡之夢擒賊降虜之兆曰也有建立功勲辟除鬼崇之喜,17360
卷之十三,什物部,牧具,獅子毬,,17364
卷之十三,什物部,牧具,魚籃魚桶,貴人夢之得良佐富家夢之得餘利貧窮夢曰之生意昌歲旱夢之有雨孕育夢之生貴子,17368
卷之十三,什物部,網𦊟,結網,,17377
卷之十三,什物部,網𦊟,張列𦊨罘於山林曠野,凡夢此者必有心事○夢巳張列爲得計妙用曰或夢仇讐所張須防圈套○夢獲禽獸者另占,17381
卷之十三,什物部,網𦊟,綱得魚,,17385
卷之十三,什物部,網𦊟,身入網羅凶,此夢大不祥攺過可生活曰若夢是他人其人必受屈,17389
卷之十三,什物部,網𦊟,羅網高掛雲上貞吉否凶,此天綱之象天網恢恢疏而不漏凡夢此者曰必宜省躬修德攺過自新則化災爲福矣,17397
卷之十三,什物部,網𦊟,釣鈎吉,夢此主勾引之象君相夢之得賢良曰士民夢之得財帛女婦夢之上生育,17402
卷之十三,什物部,網𦊟,執綸垂釣,文學夢之世掌絲綸之美武將夢之受降獲虜之曰徵平民夢之主得財物之占老年梦之隱𨓜林泉,17408
卷之十三,什物部,農具,執耒三推吉,,17416
卷之十三,什物部,農具,犁鋤,,17420
卷之十三,什物部,農具,凶,無事者夢之柔順以蒙大難憂懼咨嗟曰遇難者夢之艱貞以免凶災脫離遯避,17422
卷之十三,什物部,農具,拮𫽿聲振,,17426
卷之十三,什物部,農具,吉,拮𫽿者所以運溝壑之流以灌禾稼者也曰夢此主獲大利于水鄕行得時于春夏,17428
卷之十三,什物部,農具,抱甕,,17432
卷之十三,什物部,農具,石䃙碡吉,,17438
卷之十三,什物部,農具,礲床,此五榖豊登之象足食民信之兆無事者曰夢之以虚受人有事者夢之周旋人壯吉,17442
卷之十三,什物部,農具,風車,,17446
卷之十三,什物部,農具,杵白,,17451
卷之十三,什物部,農具,杵,,17455
卷之十三,什物部,農具,白,,17459
卷之十三,什物部,農具,白中炊凶,,17465
卷之十三,什物部,農具,篩糠篩米篩粉篩繃篩,此去惡存善之兆學者夢之遇明師貴人夢曰之事軍旅富翁夢之養身德病人夢之去病,17469
卷之十三,什物部,農具,空中巨篩,,17474
卷之十三,什物部,農具,播箕𫂀圍大簋小吉,,17480
卷之十三,什物部,農具,磨子磨床,此夢周旋費力之象宜動不宜靜宜勤不宜曰怠夢雲中有磨或神持磨主雨雪雷鳴之兆,17487
卷之十三,什物部,農具,升籮板升大吉,,17491
卷之十三,什物部,農具,斗吉,,17501
卷之十三,什物部,農具,斛,,17509
卷之十三,什物部,農具,三色栲栳吉,凡夢此者主有喜樂之事出戸庭進利祿得曰人役使之吉夢穿壞者粟多益文人不利也,17517
卷之十三,什物部,農具,籮擔,,17523
卷之十三,什物部,農具,籌,,17527
卷之十三,什物部,農具,米囤,囤者遯也夢之爲嘉遯之義遇災變者宜遯曰避囤者所以安置稻粱也宜靜以守之之夢,17556
卷之十三,什物部,農具,棧條,,17560
卷之十三,什物部,農具,━━━━━━━━━━━━━━━━━━━━━━━━━━━━━━━━━━━━━━━━━━━━━━━━━━━━━━━━━━━━━━━━━━,,17567
卷之十三,什物部,農具,━━━━━━━━━━━━━━━━━━━━━━━━━━━━━━━━━━━━━━━━━━━━━━━━━━━━━━━━━━━━━━━━━━,,17569
卷之十四,什物部,蠶桑,蠶室吉,,17587
卷之十四,什物部,蠶桑,曲,,17591
卷之十四,什物部,蠶桑,連,夢稠宻光潤者主生子衆多之祥曰夢以灰汁淋連者主子女痘疹,17596
卷之十四,什物部,蠶桑,簾𥴱,此蔽風護氣之物于供蠶尤爲愼重夢中張布曰簾薦兆主保惜所思之人又爲揜蔽光明之象,17600
卷之十四,什物部,蠶桑,簇蠶,增新之象又曰𭣣局之占,17606
卷之十四,什物部,蠶桑,繅盆繅架繅車吉,,17610
卷之十四,什物部,蠶桑,籧筐吉,,17617
卷之十四,什物部,蠶桑,蠶箉蠶匾吉,,17621
卷之十四,什物部,蠶桑,桑,,17625
卷之十四,什物部,蠶桑,手攀桑𣗳,此夢一見當主弟兄之間或生嫌隙攀而不折雖曰不爲吉亦無大害攀若折之蹭蹬非常保禳爲上,17631
卷之十四,什物部,蠶桑,身蹲桑底,,17635
卷之十四,什物部,蠶桑,桑椹吉,兆爲生子之祥爲結果之應,17639
卷之十四,什物部,蠶桑,葉吉,,17644
卷之十四,什物部,機杼,張機,,17652
卷之十四,什物部,機杼,杼軸吉,,17656
卷之十四,什物部,機杼,會,,17660
卷之十四,什物部,機杼,𥲃,,17665
卷之十四,什物部,機杼,籰頭凶,,17682
卷之十四,什物部,機杼,紡車牽車揺車,,17687
卷之十四,什物部,機杼,羅刀,着着實實作事光滑如是王鬆脚慢曰光濶何時要識心中事須聽口中言,17691
卷之十四,什物部,機杼,牽花吉,,17695
卷之十四,什物部,機杼,梭,,17699
卷之十四,什物部,機杼,緯筒,,17704
卷之十四,什物部,機杼,邊𢿽吉,夢邊𢿽在機百凢俱可以有爲若大人夢見曰邊𢿽在手定主出爲邊疆重臣威風莫犯,17708
卷之十四,什物部,機杼,機剪吉,,17712
卷之十四,什物部,機杼,花棚吉,,17718
卷之十四,什物部,機杼,綉綳綳架,,17722
卷之十四,什物部,機杼,綉綳拆散,折有拆毁之意散有離散之情夢此者家資曰分拆如戀而不捨恐處堂之患禍起蕭牆,17734
卷之十四,什物部,機杼,綳掛樑,此夢爲陰人不安之曰兆當思所以治之,17738
卷之十四,什物部,機杼,綉綳空,夢此爲落落之兆興味蕭然交曰無益友即金屋阿嬌亦無同調,17742
卷之十四,什物部,機杼,將綳與人,夢見中間有綉者滿腹文章名爲烏有曰夢見中間無綉者它須欲上品概難量,17746
卷之十四,什物部,機杼,縩籠縩籃,,17750
卷之十四,什物部,機杼,針篐,,17754
卷之十四,什物部,機杼,線方吉,爾自爲爾我自爲我可長可短有頭有緒曰隨心所欲綽有餘裕用其有極曷其有致,17759
卷之十四,什物部,機杼,針吉,夢得之者曰當獲十金,17763
卷之十四,什物部,機杼,砧杵,,17767
卷之十四,什物部,機杼,熨斗烙鐡吉,,17771
卷之十四,什物部,工作,規矩准䋲,,17779
卷之十四,什物部,工作,斧吉,君子道長小人道消之狀,17789
卷之十四,什物部,工作,鑿,,17797
卷之十四,什物部,工作,圓鑿吉,此夢爲婉轉玲瓏之兆雖有敲擊而伎曰倆不爲之少貶所作亦自漸漸亨通,17802
卷之十四,什物部,工作,分鑿吉,,17806
卷之十四,什物部,工作,艌鑿凶,,17810
卷之十四,什物部,工作,墨斗竹䈜吉,,17814
卷之十四,什物部,工作,𧢲尺,,17820
卷之十四,什物部,工作,吉,夢之者謀事必成一經運思胸中洞了凢可曰長可短宜方宜圓厚薄紛紜無不象心矣,17822
卷之十四,什物部,工作,鋸吉,,17826
卷之十四,什物部,工作,推爮吉,,17830
卷之十四,什物部,工作,斫刀削刀雕刀剜刀絞刀閘刀,,17834
卷之十四,什物部,工作,剉吉,,17838
卷之十四,什物部,工作,鑽子吉,,17846
卷之十四,什物部,工作,舞鑽吉,此兆之見主事出于一人之手曰未免初𫝑難行向後轉運吉,17850
卷之十四,什物部,工作,花鑽吉,天地相遇曰品物咸章,17854
卷之十四,什物部,工作,千斤吉,力能舉鼎用可㧞釘未年月日曰若直下承當治定功成時候,17858
卷之十四,什物部,工作,鈎凶,,17862
卷之十四,什物部,工作,鏨子吉,,17866
卷之十四,什物部,工作,錐,可以指使薄我者亦可渾通性極尖銳苐脱不得曰人手欲求自撑立斷乎難成隨地安身一生他𠊓若夢見委之于地身無立錐得之在手又主兆獲佳金,17870
卷之十四,什物部,工作,鐵鉗吉,,17876
卷之十四,什物部,工作,鏟吉,金可以生謀利必亨所生是子家業隆曰興病脱體謀望成失物難尋𥨸主陰人,17880
卷之十四,什物部,工作,鎝鈕凶,兠兜搭搭紐紐揑揑若夢見之士人必難𤼵達曰商賈作事淹蹇牽連纒繞掣肘不得舒睂之兆,17884
卷之十四,什物部,工作,鑪罐,,17888
卷之十四,什物部,工作,槖籥吉,一上一下一升一降一呼一吸一𭣣一放曰斯須不離項背相望翕受敷施利名穩望,17912
卷之十四,什物部,工作,風箱風車吉,,17916
卷之十四,什物部,工作,皮頭吉,用之則行舍之則藏曰小物軒昻此之兆乎,17920
卷之十四,什物部,工作,鞋楦靴楦,有我之時無你你來時我脫屣輕敲重擊小大曰一般此夢主一生勞苦不得舒睂之象非吉也,17924
卷之十四,什物部,工作,刷帚吉,,17928
卷之十四,什物部,工作,長尺吉,,17932
卷之十四,什物部,工作,漆𢹞吉,嚴毅細宻光潤鮮澤靑黃赤白惟君所適曰往來其間如膠如漆或有不行優游自得,17936
卷之十四,什物部,工作,油車,,17940
卷之十四,什物部,工作,椹磚槌吉,,17947
卷之十四,什物部,工作,油磨油碾,天運循環無往不復展轉不斷晦明相續曰剛徤中正飛而不伏金聲玉振足音空谷,17951
卷之十四,什物部,工作,蔞凶,,17955
卷之十四,什物部,工作,柵關,,17961
卷之十四,什物部,工作,油筒簽子油帉吉,,17965
卷之十四,什物部,工作,掠鍬吉,,17969
卷之十四,什物部,工作,水磨吉,,17973
卷之十四,什物部,梳籹,鏡吉,,17981
卷之十四,什物部,梳籹,對鏡不見影凶,夢此凢事無形謀望空音信杳曰失物難尋故所爲俱不能遂意,18010
卷之十四,什物部,梳籹,手内持鏡吉,鏡爲我有則人之好醜莫逃得曰此當具靑眼爲人材之藻鑑,18014
卷之十四,什物部,梳籹,囊鏡吉,雖見藏而不露此正弢而未燿之兆曰一朝𤼵達其光華仍復透露大吉,18018
卷之十四,什物部,梳籹,氣呵鏡黒吉,,18022
卷之十四,什物部,梳籹,軒轅鏡吉,,18026
卷之十四,什物部,梳籹,鏡照他人,夢此者妻室無心于我欲抱琵曰琶過别船矣慮之防之無虞也,18030
卷之十四,什物部,梳籹,身對鏡立,是爲他明我暗之象我相現前滿腔都是私心曰障蔽設或臨事焉能批却導窽哉戒之斯吉,18034
卷之十四,什物部,梳籹,鏡内兩人竝立,此象現謀事人我俱無益有影無形絕無曰實跡爾爲爾我爲我殊不相于也必不吉,18038
卷之十四,什物部,梳籹,得他人鏡吉,夢此爲得美妾之兆不然或曰螟蛉他人子爲子亦其應也,18042
卷之十四,什物部,梳籹,鏡嗚吉,,18046
卷之十四,什物部,梳籹,破鏡照人,鏡巳破而尤可以照人妻室定主分離指日之曰間當立見也然後必重合謀望姻緣不能輻輳,18050
卷之十四,什物部,梳籹,鏡中人語,,18056
卷之十四,什物部,梳籹,方鏡吉,,18061
卷之十四,什物部,梳籹,梳掠子大吉梳者疏也有疏通之意○手内執裗介福方來○口内啣梳困而未舒○頭上帶,梳運齊可喜○梳折者官失位士廢學經營虧本曰亦主拆散○執梳通髪定有大財○如見斜梳得財出自望外○人與我梳當得美女○夢牙梳者骨肉分移方得成器,18065
卷之十四,什物部,梳籹,籹臺吉,,18078
卷之十四,什物部,梳籹,牙刷括舌,,18082
卷之十四,什物部,梳籹,抿吉,,18086
卷之十四,什物部,梳籹,竹篦,,18090
卷之十四,什物部,梳籹,剔箒,,18094
卷之十四,什物部,梳籹,鑷,,18099
卷之十四,什物部,梳籹,粉脂凶,,18103
卷之十四,什物部,梳籹,粉匣粉盂臙脂碟,,18109
卷之十四,什物部,梳籹,剃刀吉,新淬靑萍鋒甚利銳氣冲霄鬼神避曰所志欲酬借上方英雄背上蛟龍聚,18113
卷之十四,什物部,梳籹,水盂油楪油注凶,爲事宜務實不可矯揉本來靣目自曰瞞不得掩飾不過反滋紕繆戒之,18119
卷之十四,什物部,梳籹,皂丸,,18123
卷之十四,什物部,梳籹,香吉,,18127
卷之十四,什物部,梳籹,香茶吉,,18136
卷之十四,什物部,梳籹,合香吉,,18140
卷之十四,什物部,梳籹,排草吉,夢此爲人佩服每事有分方且得帮巳之力曰日後家榮身泰子孫秀𤼵如絲縷之不斷也,18147
卷之十四,什物部,梳籹,零陵香貞吉否凶,此夢主有香愿未償宜齋戒沭浴䖍心祈禱仍曰依愿完之庻作事順利謀望稱心無不迪吉矣,18151
卷之十四,什物部,梳籹,餠,,18156
卷之十四,什物部,梳籹,安息吉,安乃安穩之安息是消息之息夢見此香動靜曰云爲無不如意耳聽好消息之兆也大吉無疑,18160
卷之十四,什物部,梳籹,香丁,,18164
卷之十四,什物部,梳籹,牌吉,兆此者必主曰名利在手,18168
卷之十四,什物部,梳籹,香囊,此爲包函之象在人有犯不較在巳隨處生香重曰重整宻以卦體言陽之下陰之上地天泰也允吉,18172
卷之十四,什物部,梳籹,沉香吉,,18176
卷之十四,什物部,梳籹,香墜,,18182
卷之十四,什物部,梳籹,香串吉,,18187
卷之十四,什物部,梳籹,醮賽香,,18191
卷之十四,什物部,梳籹,香筒,,18197
卷之十四,什物部,梳籹,伽南香吉,此夢主名譽冠世品格超凢勛業異人利曰名獨擅卜嗣求則得之問病永無虞也,18202
卷之十四,什物部,梳籹,香毬,婉轉玲瓏之象文人夢之筆花增彩氣宇軒昻武曰士夢之技擅穿楊功成細柳美人夢之必產麟兒,18206
卷之十四,什物部,梳籹,珠花翠花草花,,18210
卷之十四,什物部,梳籹,簪大吉,,18214
卷之十四,什物部,梳籹,釵吉,,18222
卷之十四,什物部,梳籹,環吉,,18226
卷之十四,什物部,梳籹,燈籠環吉,此夢爲登雲之兆,18240
卷之十四,什物部,梳籹,絡索環,夢此主謀事不離自身息肩匪易,18245
卷之十四,什物部,梳籹,靈芝環,靈芝爲瑞物夢此者麟趾曰振振螽斯𤼵祥之兆也,18250
卷之十四,什物部,梳籹,四珠環,,18254
卷之十四,什物部,梳籹,寶環吉,環居于耳是爲生孫之象而以寶爲之當有曰兒孫滿堂盡爲貴重華美之器無不吉也,18262
卷之十四,什物部,梳籹,菊花環吉,,18266
卷之十四,什物部,梳籹,葫蘆環,,18270
卷之十四,什物部,梳籹,玉佛環,如兆此夢人思望報有恩宜酬曰若眦睢不慨吉者未必非凶,18274
卷之十四,什物部,梳籹,石榴環吉,夢此爲生子衆多曰螽斯衍慶之兆,18280
卷之十四,什物部,梳籹,珊瑚環吉,,18284
卷之十四,什物部,梳籹,綉毬環吉,夢此當有佳美姻緣采結絲蘿之曰好驀然而至不啻劉阮天台也,18288
卷之十四,什物部,梳籹,鐲,,18292
卷之十四,什物部,梳籹,髻吉居于頂是上之佳兆也于法爲吉其吉何疑謀望自當出人頭地,亦鬯茂○如夢見金髻者大人巍峩事業炫燿人曰目爲衆所推平人金者刑官防有首頂損傷之災○夢見珠髻謀爲得時光采增上榮耀異常○夢見婦人頂戴珠髻或金髻立在巳前者定有出色英豪爲所矜式○夢自頭頂戴者陽羡乎陰凢事只宜退守不可妄動愼之戒之,18309
卷之十四,什物部,梳籹,翠鈿,,18321
卷之十四,什物部,梳籹,壓𩯭勝子,夢見掩鬂者諸事亂竄急須料理如曰其不服我豈無咎防維在初可也,18325
卷之十四,什物部,梳籹,結子吉,,18329
卷之十四,什物部,梳籹,包頭吉,,18337
卷之十四,什物部,梳籹,戒指,,18341
卷之十四,什物部,梳籹,穵耳吉,,18346
卷之十四,什物部,梳籹,珠鳳冠大吉,,18352
卷之十四,什物部,梳籹,倒挿凶,首足顚倒以小加大以賤臨貴以曰下凟上之象夢此者不可以不謹,18356
卷之十四,什物部,梳籹,聚寶花,事業驚人宏大英雄隊裏馳名不須計較苦曰勞心萬事果然前定文明以健天與火同人,18360
卷之十四,什物部,梳籹,金玉氣通大吉,,18364
卷之十四,什物部,梳籹,橋胸,,18369
卷之十四,什物部,梳籹,滿冠髻吉,貫一擬訟便不佳,18375
卷之十四,什物部,梳籹,如意大吉,,18384
卷之十四,什物部,聘嫁,禮書目吉,,18392
卷之十四,什物部,聘嫁,聘儀,,18400
卷之十四,什物部,聘嫁,茶棗吉,,18404
卷之十四,什物部,聘嫁,聘金吉,,18408
卷之十四,什物部,聘嫁,囬儀,,18412
卷之十四,什物部,聘嫁,庚帖,西方庚辛金庚金兆也且長庚曰主壽事能穩貼八乃合之首也,18417
卷之十四,什物部,聘嫁,奠雁吉,,18421
卷之十四,什物部,聘嫁,纁幣,結歡之始禮何全,18430
卷之十四,什物部,聘嫁,花大轎,,18435
卷之十四,什物部,聘嫁,儐相,,18443
卷之十四,什物部,聘嫁,高燈梅燈大吉,,18448
卷之十四,什物部,聘嫁,燈被火燒吉,,18454
卷之十四,什物部,聘嫁,高燈自擎吉,前程有路應須到指引迷途光顯耀曰錦衣未肯暗中行此是君家通達兆,18458
卷之十四,什物部,聘嫁,白日張燈,,18462
卷之十四,什物部,聘嫁,手執兩燈吉,夢兩燈者連登之兆其色明明曰左右之人與有榮光焉吉兆也,18466
卷之十四,什物部,聘嫁,巾幗帳,彈冠相慶音容攸攺筋骨能舒干城是賴曰戴方履圓成人可待往送之門必謹必戒,18471
卷之十四,什物部,聘嫁,花髻,,18475
卷之十四,什物部,聘嫁,大衣方巾吉,,18480
卷之十四,什物部,聘嫁,嫁裝,,18484
卷之十四,什物部,䘮禮,棺自天而落吉,,18494
卷之十四,什物部,䘮禮,身入棺內吉,,18500
卷之十四,什物部,䘮禮,舁棺至堂吉,,18504
卷之十四,什物部,䘮禮,造棺木,,18508
卷之十四,什物部,䘮禮,數棺並列吉,,18517
卷之十四,什物部,䘮禮,靈座冥旌孝幕訃帖䘮牌神主等,凢夢此等皆主進爵加勲平民得財利之益曰惟號咷歌笑者不祥夢拆毁廢棄凶火焚吉,18521
卷之十四,什物部,䘮禮,杖吉,夢此者有所執也有所倚也得扶持也曰得盡其心得盡其力得行禮法制度也,18525
卷之十四,什物部,䘮禮,杖指塟處,,18530
卷之十四,什物部,䘮禮,磬子,夢此者似吉而反凶高懸則庫廩空虛手拯則曰囊資耗竭聞聲則精神虚損惟座上擊之吉慶,18536
卷之十四,什物部,䘮禮,殯塟所用亭擡等件,夢此諸物逢吉無凶逢凶有吉各曰因其象以推占勿疑其凶而有惑,18540
卷之十四,什物部,祭器,鼎吉,,18548
卷之十四,什物部,祭器,鼎折足,易曰鼎折足覆公餗其形剭凶,18560
卷之十四,什物部,祭器,爼豆簠簋吉,,18567
卷之十四,什物部,祭器,爵吉,,18575
卷之十四,什物部,祭器,香爐燭臺花瓶,夢此者若亂設細玩主家道昌盛夢執此擺設曰身立于旁者作事順利夢傾覆損失宜愼言語,18584
卷之十四,什物部,祭器,燭吉,光輝明顯之象君相夢之明照萬里士庻夢曰之學過前賢目疾者夢之目明女夢生貴子,18588
卷之十四,什物部,祭器,庭燎吉,此夢上通神明下除憂鬱能察暗昧不明之事曰○夢無光者作事遲疑○夢熄宜謙遜儉約吉,18594
卷之十四,什物部,祭器,蒭狗,夢置卓上當有禱祝夢置卓下當得酒曰食夢置門閒防火災夢置途路防跌蹼,18598
卷之十四,什物部,祭器,甲馬吉,夢入戸有吉事至如夢擺設當以所夢時曰日推之夢焚災事散夢飛揚于空中大吉,18604
卷之十四,什物部,祭器,銀盃爲攻,,18613
卷之十四,什物部,祭器,神覆鼎,,18618
卷之十四,什物部,樂器,懸設樂器大吉,,18626
卷之十四,什物部,樂器,天上音樂大吉,,18634
卷之十四,什物部,樂器,觀古樂吉,,18643
卷之十四,什物部,樂器,琴,夫婦齊睂家業比陶猗,18649
卷之十四,什物部,樂器,抱琴而睡吉,,18675
卷之十四,什物部,樂器,古琴,,18679
卷之十四,什物部,樂器,膝琴吉,,18683
卷之十四,什物部,樂器,瑟,,18689
卷之十四,什物部,樂器,箜篌,箜篌似瑟而小其聲靡靡移風易俗彈之亦坎曰坎應節出自西域夢之其人作事將成必變,18694
卷之十四,什物部,樂器,琵琶月琴胡琴絃子等,,18698
卷之十四,什物部,樂器,𥱧箏凶,,18707
卷之十四,什物部,樂器,笙,,18711
卷之十四,什物部,樂器,簫,,18716
卷之十四,什物部,樂器,女子吹簫,,18723
卷之十四,什物部,樂器,月下吹簫,,18727
卷之十四,什物部,樂器,笛吉,,18731
卷之十四,什物部,樂器,笳,,18735
卷之十四,什物部,樂器,𧢲,,18740
卷之十四,什物部,樂器,柷敔,,18745
卷之十四,什物部,樂器,拍板,,18750
卷之十四,什物部,樂器,鼓吉,,18755
卷之十四,什物部,樂器,花腔鼓,此兆主吉曜照臨凶星遠退縱其所如無不遂曰意之象,18759
卷之十四,什物部,樂器,破鼓凶,名不得成利不得獲事多破敗姻親非吉曰家聲不振病危訟屈衰敗傾頽之儆也,18764
卷之十四,什物部,樂器,鼓在架,氣宇不凢聲名遠播諸事不爲則巳爲則曰必要其成進退有節禮文度數之象也,18768
卷之十四,什物部,樂器,鞉鼓鼙鼓羯鼓笳鼓杖鼓銅鼓交鼓,,18772
卷之十四,什物部,樂器,鏞,,18780
卷之十四,什物部,樂器,法鼓,,18785
卷之十四,什物部,樂器,自鳴鐘,,18800
卷之十四,什物部,樂器,鐘聲洪遠吉,,18805
卷之十四,什物部,樂器,鐘現五色,,18809
卷之十四,什物部,樂器,鐸如常,人夢之自宜驚醒毋或造次循規蹈矩乃得安堵曰縱有凶險可免無害賢人夢之主設教以覺迷蒙孕婦夢之定生子名利平平,18816
卷之十四,什物部,樂器,磬大吉,,18822
卷之十四,什物部,樂器,手磬吉,,18834
卷之十四,什物部,樂器,玉磬,,18838
卷之十四,什物部,樂器,傳響,,18842
卷之十四,什物部,樂器,吉,體製非一通達萬變,18844
卷之十四,什物部,樂器,簨簴,夢此者爲能容納能任載爲虚中爲高品爲包㴠曰藴蓄,18850
卷之十四,什物部,樂器,鑼,,18855
卷之十四,什物部,樂器,銅鑼雲鑼點子,亂事諒高低行去爲妙○夢點子者事須簡㸃方曰得無他一點不到滿盤是空此三者夢之只須逐事提點庻不致于紕繆,18860
卷之十四,什物部,樂器,鉦,此兆主目前目後當有行動之事踴曰上易躍下難進可有爲退則無補,18866
卷之十四,什物部,樂器,鐃吉鐃與饒同,他人輔助方始成就如有大而無小謀幹不能保曰有我而無人機緣未必成是象也彼此相須人我兩利邪可以壓魔可以伏無凶,18870
卷之十四,什物部,樂器,𬫆,,18876
卷之十四,什物部,樂器,錚子吉,夢此者必得好子頭𧢲崢嶸簪纓門第此曰爲臺閣氣象是不可與庸衆同目而道也,18880
卷之十四,什物部,樂器,鈴杵,,18884
卷之十四,什物部,樂器,引筩,此夢爲上下洽和之象名利可曰以悠遊姻孕迪吉病訟皆無碍,18888
卷之十四,什物部,樂器,𡃤叭嗩呐,,18892
卷之十四,什物部,樂器,━━━━━━━━━━━━━━━━━━━━━━━━━━━━━━━━━━━━━━━━━━━━━━━━━━━━━━━━━━━━━━━━━━,,18902
卷之十四,什物部,樂器,━━━━━━━━━━━━━━━━━━━━━━━━━━━━━━━━━━━━━━━━━━━━━━━━━━━━━━━━━━━━━━━━━━,,18904
卷之十五,棟宇部,殿宫,殿陛宫闕大吉,,18921
卷之十五,棟宇部,殿宫,登臨大殿螭頭大吉,夢之主高爵厚祿坐立拜跪皆爲美兆有曰所得所失又宜以其物詳之有吉非凶,18929
卷之十五,棟宇部,殿宫,殿前朝拜奏對貞吉,此爲臣之禮儀夢之者將來之實驗宜詳殿廷是曰何名何地朝奏是何人何職吉凶可推靈機難執崔宗之幼夢朝天立金殿下旦以問其師師曰此子他日必擢高第後爲侍御史及朝對宛如幼時夢中所見云,18935
卷之十五,棟宇部,殿宫,太極殿,,18939
卷之十五,棟宇部,殿宫,仁壽殿昆明殿未齋殿,,18946
卷之十五,棟宇部,殿宫,湛露殿凶,,18951
卷之十五,棟宇部,殿宫,白虎殿,夢之不祥倘遇國䘮曰當以夢中他事推詳,18955
卷之十五,棟宇部,殿宫,玉華殿,,18959
卷之十五,棟宇部,殿宫,營造殿廷大吉,,18963
卷之十五,棟宇部,殿宫,正殿傾凶,,18967
卷之十五,棟宇部,殿宫,殿移動,主大事更移轉動曰分位不寧之兆,18971
卷之十五,棟宇部,殿宫,殿瓦墮地貞吉否凶,簷瓦爲𡣕嬙之兆朝中夢之主虚驚曰惟應試夢之爲及第之徵大吉之象,18975
卷之十五,棟宇部,殿宫,殿上有僧尼,士庻夢之主王矦寵愛之兆惟人君夢曰之不祥若夢升佛殿者反是亦皆吉,18982
卷之十五,棟宇部,殿宫,殿傾復整吉,,18988
卷之十五,棟宇部,殿宫,殿上金光燦爛大吉,,18994
卷之十五,棟宇部,殿宫,空中山中水中宮殿,空中者凡事虚華士人文思日進山中曰者主修煉成仙水中者主冥居不逺,18998
卷之十五,棟宇部,殿宫,坐大宫中吉,上人居高下人爲官之兆須詳所曰坐之宮是爲何名吉凶可定矣,19007
卷之十五,棟宇部,殿宫,歩入深宫内院吉,,19011
卷之十五,棟宇部,殿宫,紫薇宮大吉,凡夢游宮禁主名利吉祥曰紫薇太極文翰高明之兆,19019
卷之十五,棟宇部,殿宫,未央宫,夢此者福未終祿未盡壽未絕事未曰輟業未衰貧賤兆之時未逢之占,19023
卷之十五,棟宇部,殿宫,毓德宫吉,昔有夢召對毓德宮者後爲翰林侍閣曰召入秘閣議朝政尋拜相蔭子官爵,19027
卷之十五,棟宇部,殿宫,章明宫凶,,19031
卷之十五,棟宇部,殿宫,水晶宫吉,,19037
卷之十五,棟宇部,殿宫,禁宮內殿永巷長門,,19043
卷之十五,棟宇部,殿宫,金闕兩觀午門左右掖門東西安長門後宰門,,19047
卷之十五,棟宇部,殿宫,遥望皇都宫殿吉,,19054
卷之十五,棟宇部,殿宫,宫牆貞吉否凶,夢入宮墻者平人遇貴文人遊泮女人入選之兆曰必以夢中所見聞推詳有凶有吉禍福自明矣,19058
卷之十五,棟宇部,殿宫,宮中光燭天大吉,夢此主聖君賢相威嚴勤曰勵亂世夢之天下將治矣,19065
卷之十五,棟宇部,殿宫,御座有禽蟲,,19069
卷之十五,棟宇部,殿宫,王殿上人吉,,19075
卷之十五,棟宇部,殿宫,禁中教弩塲吉,,19083
卷之十五,棟宇部,臺閣,登臺遠眺大吉,高居萬人之上明覩千里之遥開曠逺于曰胸中會風雲于曰下夢此主慶喜之兆,19091
卷之十五,棟宇部,臺閣,九層臺,臺省載高之象夢登上者吉夢下之者曰凶仕宦之客宜靖共爾位以保其身,19097
卷之十五,棟宇部,臺閣,靈臺吉,靈臺文王之臺名也夢此者得遇曰仁君之兆又主得良友相助之益,19101
卷之十五,棟宇部,臺閣,瑶臺,西王母宴會周王于瑶臺瑶臺者王曰母之所居有夢之者遐齡人瑞之徵,19105
卷之十五,棟宇部,臺閣,白臺凶,,19109
卷之十五,棟宇部,臺閣,烏臺,,19115
卷之十五,棟宇部,臺閣,登臺遇龍蛇貞吉,,19121
卷之十五,棟宇部,臺閣,臺榭樓閣,,19125
卷之十五,棟宇部,臺閣,萬歲樓吉,貴者見之爲事幾賤者見之爲生意曰少者見之爲貴兆老者見之爲壽徵,19131
卷之十五,棟宇部,臺閣,迷樓凶,,19137
卷之十五,棟宇部,臺閣,岳陽樓,,19141
卷之十五,棟宇部,臺閣,登樓賜席,,19149
卷之十五,棟宇部,臺閣,亭軒,,19153
卷之十五,棟宇部,臺閣,畵棟雕梁朱欄玉陛吉,,19159
卷之十五,棟宇部,臺閣,金柱擎天大吉,,19165
卷之十五,棟宇部,臺閣,倚欄杆貞吉否凶,夢此主憂虞疑慮别離困厄之象雖非大凶亦曰不爲祥女子夢之或以風光花月占之而吉者宋丁氏夫人夢倚欄詞曰漏靜更闌雲光雲水映天山悶倚雕欄花影花音去又還晴似菱花瘦景殘周折迴旋十二灣欹斜依倚新愁散舊愁愈切聲形懶夢裏相思會見難覺來時涙沾髻鬟班,19169
卷之十五,棟宇部,臺閣,蓮花柱,,19174
卷之十五,棟宇部,臺閣,登階陛吉,,19178
卷之十五,棟宇部,宦署,太學吉,,19186
卷之十五,棟宇部,宦署,庠序學塾,,19192
卷之十五,棟宇部,宦署,紫府玉堂吉,文士夢身居紫府主登相位夢身居玉曰堂主入翰林平人不應子弟當爲妄占,19198
卷之十五,棟宇部,宦署,憲府官廨,,19202
卷之十五,棟宇部,宦署,軍營吉,,19212
卷之十五,棟宇部,宦署,牌坊牌樓轅門塞門銓門院門,,19216
卷之十五,棟宇部,第宅,起建大厦大吉,,19228
卷之十五,棟宇部,第宅,高堂大匾吉,凡夢此以匾上取書何字占之其貧居陋曰室者夢此必得高爵厚祿或驗于子孫,19234
卷之十五,棟宇部,第宅,堂内日月光大吉,夢身坐立高堂必得恩榮之驗况日月之光曰直入戶内其吉倍之雲掩陽光則非吉兆,19240
卷之十五,棟宇部,第宅,大厦被狂風揺動,,19246
卷之十五,棟宇部,第宅,堂傾陷大凶,凡夢此主病患危迫富貴者夢主家敗曰身災女夢主夫主難僕夢主家主危,19250
卷之十五,棟宇部,第宅,外人正坐堂中,夢人坐于其所處有如其堂中主者曰他日彼將處此非吉兆也宜豫防之,19254
卷之十五,棟宇部,第宅,書室,,19260
卷之十五,棟宇部,第宅,幽居别舘,,19264
卷之十五,棟宇部,第宅,廊廡軒庫,,19273
卷之十五,棟宇部,第宅,廂廊左右不相對凶,夢左廂高右廂低男强女弱○夢右廊新左曰廊毁主男䘮亡○夢閉塞不通主作事不利,19279
卷之十五,棟宇部,第宅,高軒大庫吉,凡夢此者諸事皆吉而文墨之曰士夢主恩榮高貴舒暢軒昻,19283
卷之十五,棟宇部,第宅,閨閫繁華大吉,,19289
卷之十五,棟宇部,第宅,貴人入閤,,19293
卷之十五,棟宇部,第宅,陽光滿室吉,,19297
卷之十五,棟宇部,第宅,龍堂過路,,19301
卷之十五,棟宇部,第宅,門牕戶牖𣠄闥,,19306
卷之十五,棟宇部,第宅,芝產門楣吉,,19310
卷之十五,棟宇部,第宅,閭閻鄰里,,19314
卷之十五,棟宇部,第宅,四顧無人舍凶,夢此者主疾病死亡文人夢之主科名曰獨占平人恐懼警省亦能轉移禍福也,19320
卷之十五,棟宇部,第宅,高墻堅壁貞吉,,19326
卷之十五,棟宇部,第宅,墻後開小門,,19330
卷之十五,棟宇部,第宅,屋壞凶,,19334
卷之十五,棟宇部,第宅,店門高聳品物充盈大吉,,19338
卷之十五,棟宇部,第宅,會飲肆中吉,,19344
卷之十五,棟宇部,第宅,堂下開張店舍否凶,店舍本在街衢而忽夢形曰堂下急趨避利胸有貪私,19348
卷之十五,棟宇部,第宅,貴人坐店中,,19352
卷之十五,棟宇部,第宅,店面低小,夢此小事吉又審曰所設何物推占之,19356
卷之十五,棟宇部,第宅,旅邸,,19360
卷之十五,棟宇部,第宅,廣庭大吉,,19367
卷之十五,棟宇部,第宅,塲中井吉,久居異鄕夢之歸故里險難災危夢曰之禍患消疾病煩慮夢之百憂散,19371
卷之十五,棟宇部,第宅,塲上花木茂盛,,19375
卷之十五,棟宇部,第宅,塲聯厨竈吉,諸事有恒平安無剝占之主豐足曰不歉之象更得永保無虞之慶,19379
卷之十五,棟宇部,第宅,塲上揚旌旗貞吉否凶,學者夢之得第登科鄕人夢之迎神賽會曰商賈夢之盗賊蜂起病者夢之不祥之兆,19383
卷之十五,棟宇部,第宅,竈下揚旗,此夢須防火燭之災若値世亂夢此主兵曰戈在目前雖危無咎夢幢籓主佛力救護,19388
卷之十五,棟宇部,第宅,脩造大厨竈大吉,貴者祿壽增益富者子弟榮顯求名得名成曰求利得利取求與巨室交者遇寵貴人之夢,19392
卷之十五,棟宇部,第宅,天井,,19396
卷之十五,棟宇部,第宅,竈在庭塲無蓋凶,暴露之象夢此主家破人亡世亂者位不當曰也身有病恙者夢此無妨婚姻夢此勿娶,19400
卷之十五,棟宇部,第宅,置井竈於廳堂之中貞吉,家破分離之際夢此反爲吉祥而事在人爲曰安居樂業之時夢此必有變異而行善可保,19404
卷之十五,棟宇部,第宅,竈,竈下清泉湧夢主獲利也竈下燈火燃曰夢主揚名也竈中火鳴聲夢主口舌也,19408
卷之十五,棟宇部,第宅,一室二竈,此夢諸事不成之兆曰人有夢此果作二竈,19412
卷之十五,棟宇部,第宅,竈中穿井,,19416
卷之十五,棟宇部,第宅,凶,學業難成謀爲不遂曰病者身亡子孫憂累,19418
卷之十五,棟宇部,第宅,竈下水池環轉,夢主吉轉爲凶凶反爲吉之兆安居逢禍曰患逃遁被人知災患能離脱殃消疾病除,19422
卷之十五,棟宇部,第宅,池中竈,流離顚沛之際夢此諸事得濟病者夢之凶曰安居樂業之時夢此産敗身危懷孕夢之吉,19426
卷之十五,棟宇部,第宅,井中火起大吉,火在水上未濟君子以愼辨物曰居方又曰君子之光其暉吉也,19430
卷之十五,棟宇部,第宅,池中井,,19434
卷之十五,棟宇部,第宅,窺井笑凶,,19438
卷之十五,棟宇部,第宅,入井有人背負而出,,19442
卷之十五,棟宇部,第宅,井中生樹石花草吉,夢井中有巧石主奇巧之事名花芳草吉曰𣗳木皆非井中所植當以字推惟竹無妨,19451
卷之十五,棟宇部,第宅,井内有人,,19457
卷之十五,棟宇部,第宅,將雪塡井凶,此夢家室不寧受人欺擾作事無曰終不祥之兆女子夢之主井水枯,19463
卷之十五,棟宇部,第宅,井涸,夢此主貧乏天一生水萬物無曰水不生故也病夢主腎虚無妨,19467
卷之十五,棟宇部,第宅,穿井貞吉,,19471
卷之十五,棟宇部,第宅,井水溷濁凶,夢此主乏糧之患若夢汲無水曰䋲綆斷落瓶器破傷尤爲大凶,19475
卷之十五,棟宇部,第宅,屋在井内,夢之子有災夢房曰舍居住井中大凶,19479
卷之十五,棟宇部,第宅,井崩損傾涸汙塞,此敗家之兆夢蔽蓋井欄者曰無妨但家事未得昌盛耳,19483
卷之十五,棟宇部,第宅,草舍茅廬,夢眺望見之主吉曰夢卑穿傾壞則凶,19487
卷之十五,棟宇部,第宅,涼棚,,19493
卷之十五,棟宇部,第宅,彩棚,夢此主有慶賀曰之事病者不宜,19501
卷之十五,棟宇部,第宅,花棚吉,夢之當以花名推其吉凶曰若於脩造種植夢之直叶,19507
卷之十五,棟宇部,第宅,牛棚羊棚,此富厚之占占有曰棚無畜者不祥,19511
卷之十五,棟宇部,第宅,雞棚吉,夢育司晨存夜風見幾而作徵臨西肖曰會秋聲教思無窮出入無疾朋來無咎,19515
卷之十五,棟宇部,第宅,猪圈凶,凡夢此者凶多吉少夢身入圈中主牢獄曰死亡之禍惟田舍翁夢屋外造圈者吉,19519
卷之十五,棟宇部,第宅,坑厠,君子夢之事不諧小人夢之得財病夢入曰厠康徤夢深坑大災凡夢陷坑厠中者死,19523
卷之十五,棟宇部,第宅,鹵簿入厠中,,19527
卷之十五,棟宇部,第宅,船坊吉,夢此主出行有利船舵安然曰風波不起坦夷平吉之象,19531
卷之十五,棟宇部,第宅,馬厩,,19535
卷之十五,棟宇部,第宅,蓬厰吉,,19539
卷之十五,棟宇部,第宅,窑,,19547
卷之十五,棟宇部,倉庫,内帑御庫大吉,,19554
卷之十五,棟宇部,倉庫,武庫,凡夢入此學博才高者得與斯文良謀善射者登曰壇之選商賈夢之大發夢中遥望不得入者反是,19560
卷之十五,棟宇部,倉庫,太倉吉,,19564
卷之十五,棟宇部,倉庫,倉廩府庫吉,,19568
卷之十五,棟宇部,倉庫,民舍倉厫棧房碓坊,夢豎造脩葺五榖充盈主家業成曰立夢珊塌空虚污穢主貧窮破敗,19572
卷之十五,棟宇部,倉庫,地窖,夢此者潔淨充滿覆閉高乎大吉之兆汗穢曰殘損缺陷暴露不祥若夢窖中渾泥浸者凶,19578
卷之十五,棟宇部,倉庫,水窖吉,,19582
卷之十五,棟宇部,苑囿,上林苑吉,,19590
卷之十五,棟宇部,苑囿,内苑吉,有應選夢入內苑看花及期授京兆尹凡曰夢入深宮内苑上林主名譽達皇都大吉,19598
卷之十五,棟宇部,苑囿,離宮别院,夢入離宮别院當以所見形色所聞詞曰字細推之或吉或凶有驗分離别業者,19602
卷之十五,棟宇部,苑囿,官廨後苑囿,夢此宜審官廨所在及花卉草木等類細詳之曰以辨凶吉景象新華茂盛者吉反此者不祥,19606
卷之十五,棟宇部,苑囿,田舍大吉,夢造園林于田舍主增益田土○夢豎田舍于曰園中主園林荒蕪○夢遊田舍宜以屋木另推,19610
卷之十五,棟宇部,苑囿,起造新莊吉,巨室富資繁華工作夢曰此必有大利諸事皆吉,19614
卷之十五,棟宇部,苑囿,湖亭,,19620
卷之十五,棟宇部,苑囿,山池亭榭貞吉,行人夢此得暫憇於山間水間達士夢此曰得高尚于驅名驅利病卧城市夢此不祥,19626
卷之十五,棟宇部,苑囿,另居别業,主出類超羣之兆夢此小試利在他曰鄉謀利貴在遠途又主幽居别有天,19630
卷之十五,棟宇部,苑囿,假山,此兆行而欲止止而必曰行凡事因𪝒成眞之占,19634
卷之十五,棟宇部,苑囿,菜圃吉,,19638
卷之十五,棟宇部,關陲,貢院關房貞吉,,19648
卷之十五,棟宇部,關陲,關塞,,19654
卷之十五,棟宇部,關陲,鈔關,,19664
卷之十五,棟宇部,關陲,遙望關寨旌旂𤇆火驛中火起凶,夢此主兵戈爭亂之徵宜防火圍曰旦夕不吉之兆是多凶而少吉也,19670
卷之十五,棟宇部,關陲,坐守關寨中吉,文人武士夢之主得官爵掌關防○隱士夢之曰主安貧樂道○平民夢之主避仇惡得安也,19674
卷之十五,棟宇部,關陲,郵亭吉,,19678
卷之十五,棟宇部,關陲,埧閘,夢埧吏扶過埧上夢開閘過閘主運通時曰達夢舟車爲埧閘所阻主命運遭逢艱阻,19682
卷之十五,棟宇部,囹圄,錦衣衛獄,,19690
卷之十五,棟宇部,囹圄,天牢,夢此主病患之災若夢入曰視罪犯出外而寤主吉昌,19694
卷之十五,棟宇部,囹圄,坐牢獄吉,夢坐牢者丑年利夢坐獄者戌年通貴人夢坐曰吉平人夢坐凶疾病之人夢赦出者主患除,19698
卷之十五,棟宇部,囹圄,乘輿入獄,,19702
卷之十五,棟宇部,神宇,郊壇社稷壇大吉,,19710
卷之十五,棟宇部,神宇,太廟明堂,,19714
卷之十五,棟宇部,神宇,文廟,,19720
卷之十五,棟宇部,神宇,歷代宗室先朝帝王廟,夢中象吉爲吉兆夢中凶象爲兆凶曰夢中無吉無凶所驗將遊于此地,19724
卷之十五,棟宇部,神宇,城隍廟貞吉,凡夢此者當以所見所聞受持勿誤曰若夫忽畧怠弛誕妄褻凟災必臨之,19728
卷之十五,棟宇部,神宇,山岳江湖諸神之宇,,19732
卷之十五,棟宇部,神宇,五祀,,19762
卷之十五,棟宇部,神宇,魁星閣大吉,夢此主文章應試之祥有夢登禮拜後及第曰道經于此宛如夢中乃以俸金命工搆葺,19766
卷之十五,棟宇部,神宇,龍王廟,夢此主風雨旱澇田土途路之徵久曰旱夢之有大雨至乆雨夢主雨止,19770
卷之十五,棟宇部,神宇,仸廟,,19774
卷之十五,棟宇部,神宇,道家,,19778
卷之十五,棟宇部,神宇,釋家,,19808
卷之十五,棟宇部,神宇,勑建忠孝節義鄉賢名宦祠,自昭明德惟風憲于一方受兹介福享血曰食于千載寐寤志合前賢徵兆身榮異日,19841
卷之十五,棟宇部,神宇,家廟路寢,,19845
卷之十五,棟宇部,神宇,祠堂,夢爲人造祠祀巳故之人者主夢者吉祀見在之曰人者主其人吉○夢人爲巳造祠者主自巳不祥,19849
卷之十五,棟宇部,神宇,觀音堂貞吉,,19853
卷之十五,棟宇部,神宇,關帝廟大吉,,19857
卷之十五,棟宇部,神宇,賢聖廟大吉,之主得賢友遇聖師生女得秀生子得貴利吉,19861
卷之十五,棟宇部,神宇,━━━━━━━━━━━━━━━━━━━━━━━━━━━━━━━━━━━━━━━━━━━━━━━━━━━━━━━━━━━━━━━━━━,,19870
卷之十五,棟宇部,神宇,━━━━━━━━━━━━━━━━━━━━━━━━━━━━━━━━━━━━━━━━━━━━━━━━━━━━━━━━━━━━━━━━━━,,19872
卷之十六,服飾部,冠冕,冕旒大吉,,19889
卷之十六,服飾部,冠冕,冲天冠吉,王者用之藩府亦得服之縉紳夢此得寵任青曰衿夢此得顯榮若優俳夢此則其習見不論巳,19893
卷之十六,服飾部,冠冕,貂蟬冠貞吉,,19899
卷之十六,服飾部,冠冕,皮弁吉,,19903
卷之十六,服飾部,冠冕,紫金冠,,19907
卷之十六,服飾部,冠冕,魚尾冠貞吉,,19911
卷之十六,服飾部,冠冕,鐡冠,,19915
卷之十六,服飾部,冠冕,黃冠,,19919
卷之十六,服飾部,冠冕,捧簪纓而進吉,,19923
卷之十六,服飾部,冠冕,整冠服而朝吉,此整舊重新之兆必有大喜事至外臣將曰入朝隱士將被召致仕在家將復起官,19927
卷之十六,服飾部,冠冕,朝衣朝冠入山林,,19931
卷之十六,服飾部,冠冕,或錫之冠帶,,19937
卷之十六,服飾部,冠冕,冠中束帛凶,,19941
卷之十六,服飾部,冠冕,冠上簪花大吉,,19945
卷之十六,服飾部,冠冕,冠上又加一冠吉,,19951
卷之十六,服飾部,冠冕,朱衣武冠,,19955
卷之十六,服飾部,冠冕,男戴珠鳳冠凶,,19959
卷之十六,服飾部,冠冕,男戴假髻,,19963
卷之十六,服飾部,冠冕,女戴男冠否凶,,19967
卷之十六,服飾部,冠冕,兒童戴紗帽,聰俊之兒爲貴顯之兆狡獪之童是俳優之曰徵若有訟事者主小官審問不至用刑也,19971
卷之十六,服飾部,冠冕,嚴寒戴紗幘吉,,19975
卷之十六,服飾部,冠冕,盛暑戴氊帽凶,,19981
卷之十六,服飾部,冠冕,單巾幘,,19985
卷之十六,服飾部,冠冕,幅巾道服,,19989
卷之十六,服飾部,冠冕,烏衣黑幘,,19994
卷之十六,服飾部,冠冕,帽無頂凶,帽無頂兮主損傷人若夢之有災殃曰諸事不成更有害閉關獨坐宋斜陽,19998
卷之十六,服飾部,冠冕,戴蓮花巾,,20002
卷之十六,服飾部,冠冕,戴僧帽,,20007
卷之十六,服飾部,冠冕,戴白氊帽貞吉,白主素素猶見在也事當曰素位而行宜守舊則吉,20011
卷之十六,服飾部,冠冕,帽斜戴,其冠不正主非由正道之象占此恐遇無曰美事交無良友凢事宜小心謹愼爲吉,20015
卷之十六,服飾部,冠冕,結騌帽,主細宻難成之象占者事多遲留病多牽曰纒春夏夢之猶可秋冬夢之只宜静守,20020
卷之十六,服飾部,冠冕,帽墜地,,20024
卷之十六,服飾部,冠冕,戴斑竹冠吉,斑班也齊等之貌竹主交友曰兆之主同類共事者有利,20029
卷之十六,服飾部,冠冕,戴凉帽貞吉,夏暑夢之主乘凉之兆清吉曰寒冬夢之主凄凉之象不利,20033
卷之十六,服飾部,冠冕,帽被人搶去凶,帽被搶兮兆不祥家中事事變生殃曰父母妻孥俱有碍病者須防壽不長,20037
卷之十六,服飾部,冠冕,戴孝頭巾吉,主家中有孝子順孫曰兄弟和翕者方兆之,20041
卷之十六,服飾部,冠冕,戴破帽,主舊交宻夫妻久詩曰破帽多情曰却戀頭或貪花飲酒者必染病,20045
卷之十六,服飾部,冠冕,首戴圓冠脚穿方履,圓冠方履主天圓地方之象夢之生意曰亨門庭慶士戴元冠壽者得康迪吉,20049
卷之十六,服飾部,冠冕,戴皂𨽾帽,兆之者主訟事至曰要脩省或可免,20053
卷之十六,服飾部,冠冕,帶帽套吉,,20057
卷之十六,服飾部,冠冕,戴西方巾,西方主白夢戴此曰者主病人危也,20064
卷之十六,服飾部,冠冕,綠袍烏帽,,20068
卷之十六,服飾部,冠冕,官戴蓑笠,,20080
卷之十六,服飾部,冠冕,着衣不戴帽凶,,20084
卷之十六,服飾部,冠冕,戴網巾,,20088
卷之十六,服飾部,冠冕,戴破幘貞吉,幘戴破破者解也解災散也兆之曰事漸亨訟漸解𡨚漸雪病漸脫吉,20092
卷之十六,服飾部,冠冕,幘掛空中貞吉否凶,主禍患在前臨深履薄之象夢曰此當謝絶塵緣杜門㧣守方吉,20096
卷之十六,服飾部,冠冕,女戴網巾,女戴幘兮豈曰祥曰家中事事變成殃,20101
卷之十六,服飾部,衣衫,衮衣大吉,,20109
卷之十六,服飾部,衣衫,衮衣升座,,20113
卷之十六,服飾部,衣衫,衮衣倚槐,,20119
卷之十六,服飾部,衣衫,帝脫御衣,,20123
卷之十六,服飾部,衣衫,朱衣,,20127
卷之十六,服飾部,衣衫,朱衣行水上吉,,20132
卷之十六,服飾部,衣衫,懷中出緋衣,,20136
卷之十六,服飾部,衣衫,朱衣滿空大吉,,20140
卷之十六,服飾部,衣衫,朱衣長鬚,,20146
卷之十六,服飾部,衣衫,朱衣人,,20150
卷之十六,服飾部,衣衫,畫衣,,20154
卷之十六,服飾部,衣衫,孔雀羽衣吉,此夢非常之瑞徵也男作貴臣應三曰品服色女爲宮𡣕應雙中雀屏也,20158
卷之十六,服飾部,衣衫,翡翠衣吉,,20164
卷之十六,服飾部,衣衫,錦半臂,,20168
卷之十六,服飾部,衣衫,着獸錦袍吉,獸錦袍兮主貴人家業亨兮事事新武士位高曰爵祿顯文人雁塔早題名詩云獸錦奪袍新,20174
卷之十六,服飾部,衣衫,着鶴氅衣,輪巾羽扇鶴氅道袍此仙家兆也占之士人曰更元服商賈獲奇珍羽士夢之主得官帶,20178
卷之十六,服飾部,衣衫,着百蝶衣,此婦人女子之服也未婚者當娶妻曰無後者當納寵否則反未必成祥,20182
卷之十六,服飾部,衣衫,着百衲衣大吉,主百壽之兆占此喜事至老年曰康無子者得子病臥者得起,20186
卷之十六,服飾部,衣衫,人授一篋衣,,20190
卷之十六,服飾部,衣衫,黃衫人,,20194
卷之十六,服飾部,衣衫,繡衣曲領,,20198
卷之十六,服飾部,衣衫,五彩繡衣吉,,20204
卷之十六,服飾部,衣衫,紫衣人大吉,,20208
卷之十六,服飾部,衣衫,綠衣童子,,20218
卷之十六,服飾部,衣衫,綠衣人,,20222
卷之十六,服飾部,衣衫,褫去綠袍,,20228
卷之十六,服飾部,衣衫,黑衣人,,20232
卷之十六,服飾部,衣衫,烏衣人,,20236
卷之十六,服飾部,衣衫,浣衣吉,衣垢污而滌濯之也夢此主災消憂去之兆曰官事脫病患除室家睦但不利于求財耳,20242
卷之十六,服飾部,衣衫,皂衣人,,20246
卷之十六,服飾部,衣衫,一丈夫衣靑襦,,20252
卷之十六,服飾部,衣衫,白衣吉,,20256
卷之十六,服飾部,衣衫,白衣女子,,20262
卷之十六,服飾部,衣衫,藍衣吉,,20266
卷之十六,服飾部,衣衫,靑衣,,20272
卷之十六,服飾部,衣衫,靑衣女子,,20277
卷之十六,服飾部,衣衫,麻衣大吉,,20281
卷之十六,服飾部,衣衫,葛衣,,20287
卷之十六,服飾部,衣衫,氊衣褐衣凶,,20291
卷之十六,服飾部,衣衫,補衣,,20297
卷之十六,服飾部,衣衫,丞偏裻之衣,,20301
卷之十六,服飾部,衣衫,著故人之衣,,20306
卷之十六,服飾部,衣衫,人衣蠻夷之服,,20310
卷之十六,服飾部,衣衫,虜脫衣,,20315
卷之十六,服飾部,衣衫,羽衣大吉,,20319
卷之十六,服飾部,衣衫,衣破損凶,,20325
卷之十六,服飾部,衣衫,冬穿夏衣,寒不得其衣有荒凉凄稿之象夢之主生曰涯無利作事不遂商賈失望功名難遇,20329
卷之十六,服飾部,衣衫,着袈裟吉,佛相袈裟是佛門占者湏當早脩行曰牛羊猪犬切莫殺莫作人間罪孽根,20333
卷之十六,服飾部,衣衫,身穿襴衫頭戴幞頭吉,襴衫儒服也幞頭覲天顔之冠也兆之者士人曰得魁首隱士列朝班庻民逢貴客子孫福祿祥,20337
卷之十六,服飾部,衣衫,着褊衫否凶,褊衫只是服沙門緣何兆見俗人臨曰非惟作事無有利老壯須當保病身,20341
卷之十六,服飾部,衣衫,着吉服,吉服祥驗也夢着之者曰有樂事至無往不利吉,20345
卷之十六,服飾部,衣衫,婦人着紅衣吉,,20349
卷之十六,服飾部,衣衫,着短衣,短衣主不式體之象兆之曰舉動不遂意謀爲不稱心,20353
卷之十六,服飾部,衣衫,長衣無領凶,,20357
卷之十六,服飾部,衣衫,着戰袍,,20363
卷之十六,服飾部,衣衫,衣冠不着襪否凶,上而不下吝之道也主事先易後曰難有頭無尾孕不生男遇無良人,20368
卷之十六,服飾部,衣衫,衣倒着凶,主顚倒亂常之象兆之行動反曰常百無一順家業變疾病生,20372
卷之十六,服飾部,衣衫,矮人着長衣,長長也兆之主長長之象生涯曰盛家業興只𢙢病者牽纒不脫,20376
卷之十六,服飾部,衣衫,椹着衣中,,20380
卷之十六,服飾部,衣衫,裳飛起凶,,20384
卷之十六,服飾部,衣衫,䑕入衣下吉,,20388
卷之十六,服飾部,衣衫,獸逼衣吉,,20392
卷之十六,服飾部,衣衫,錦衣貼月飛,,20396
卷之十六,服飾部,衣衫,求衣,,20400
卷之十六,服飾部,衣衫,兵着緋褌,,20404
卷之十六,服飾部,衣衫,以被當衣着吉,,20409
卷之十六,服飾部,衣衫,衣被人扯碎,扯止也碎卒也夢之者曰主病者危醫禱莫爲,20413
卷之十六,服飾部,衣衫,秃着海靑,海靑外服也兆之主外服動秃着曰之主内財失脫或損內人之象,20417
卷之十六,服飾部,衣衫,着汗衫否凶,汗衫染垢之服兆之家門不利或訟多連曰累昔漢楚王交戰汗透中單故名汗衫,20422
卷之十六,服飾部,衣衫,綠簔衣吉,,20426
卷之十六,服飾部,衣衫,自着紅袍紅襪,紅袍固是貴人穿紅襪豈堪是好緣曰人得此占事事壞丁憂孝服哭連連,20430
卷之十六,服飾部,衣衫,着紅裙吉,紅喜也裙群也即所謂紅群爭看曰綠衣郎兆此主婚姻動喜事至,20434
卷之十六,服飾部,衣衫,出剝着單褲凶,剝爲落主剝落之兆夢之者交財防失脫又主外曰禍臨身凢當退避易曰剝牀以膚切近災者也,20438
卷之十六,服飾部,裘甲,豹裘大吉,,20446
卷之十六,服飾部,裘甲,羔裘,,20450
卷之十六,服飾部,裘甲,鹿裘吉,,20454
卷之十六,服飾部,裘甲,貂裘吉,,20460
卷之十六,服飾部,裘甲,狐白裘否凶,,20464
卷之十六,服飾部,裘甲,雉頭裘,,20468
卷之十六,服飾部,裘甲,千金裘吉,主貴重之象文人占此得祿曰千鍾市人兆此其利倍常吉,20472
卷之十六,服飾部,裘甲,鷫鸘裘,司馬相如初貧以鷫鸘裘貫酒兆之者曰恐躭入貪花戀酒塲中主貧窮到老,20476
卷之十六,服飾部,裘甲,着兩重裘貞吉,重裘掛體兆之者主有大任至曰重務來或有智謀之士來吉占,20480
卷之十六,服飾部,裘甲,甲胄,,20484
卷之十六,服飾部,裘甲,司馬與鎧吉,,20488
卷之十六,服飾部,裘甲,被甲者數百人,,20492
卷之十六,服飾部,裘甲,身懷甲胄,,20496
卷之十六,服飾部,裘甲,鐵甲披身,,20501
卷之十六,服飾部,舄履,赤舄貞吉,,20509
卷之十六,服飾部,舄履,金舄大吉,,20513
卷之十六,服飾部,舄履,朱舄歩雲中吉,,20517
卷之十六,服飾部,舄履,着仙舄,有仙風道骨之象兆之者生涯茂子姓曰昌功名就病安康老年夢之主長壽,20521
卷之十六,服飾部,舄履,雲履吉,,20525
卷之十六,服飾部,舄履,朱履,,20529
卷之十六,服飾部,舄履,履爲糞所污吉,,20533
卷之十六,服飾部,舄履,履忽破凶,,20537
卷之十六,服飾部,舄履,帶履而行,,20541
卷之十六,服飾部,舄履,兩人奪履貞吉,,20545
卷之十六,服飾部,舄履,鞋倒着凶占,,20549
卷之十六,服飾部,舄履,鳳頭鞋大吉,,20553
卷之十六,服飾部,舄履,男着女鞋,,20559
卷之十六,服飾部,舄履,着僧鞋,着僧鞋兮善念生曰只恐謀爲利不成,20565
卷之十六,服飾部,舄履,着蒲鞋,主輕捷便易之象夢之者身輕體曰健或遇艱險非爲之事則當退避,20569
卷之十六,服飾部,舄履,着綿鞋,主纒綿補葺之兆夢曰之行動則宜謹愼,20573
卷之十六,服飾部,舄履,着棕鞋,夢之者主每曰事當敏速,20577
卷之十六,服飾部,舄履,着小鞋,行止不安之兆主事曰無爽快遇多淹蹇,20581
卷之十六,服飾部,舄履,着破鞋吉,,20585
卷之十六,服飾部,舄履,屨污泥凶,,20589
卷之十六,服飾部,舄履,着鐵鞋吉,,20593
卷之十六,服飾部,舄履,以銅爲鞋,,20597
卷之十六,服飾部,舄履,屨被人竊去否凶,欲行得屨便能行夢中𥨸去不祥徵曰奴僕生心將背主閨房婢妾有私情,20601
卷之十六,服飾部,舄履,着屐走殿陛,,20605
卷之十六,服飾部,舄履,着屐涉水貞吉否山,屐爲雨具而夢着行水此小舟遇灘之曰象也危險甚矣得登岸者吉半濟者凶,20609
卷之十六,服飾部,舄履,渡水靴不濕,,20614
卷之十六,服飾部,舄履,襪無底凶,主鮮克有終之兆占此生意無恒畜曰物不久更有尅妻䘮子之恐不利,20618
卷之十六,服飾部,舄履,褁脚,,20622
卷之十六,服飾部,舄履,兠膝,,20628
卷之十六,服飾部,衾枕,錦衾吉,,20637
卷之十六,服飾部,衾枕,睡紅錦被吉,睡者安象也紅喜色也兆此主曰喜事臨身滿門吉慶事事清吉,20641
卷之十六,服飾部,衾枕,鴛鴦枕大吉,鴛鴦枕兮合歡裘家庭和兮子孫興曰時得旺兮諸事吉老者壽兮各安寜,20645
卷之十六,服飾部,褥毯,坐座褥,,20653
卷之十六,服飾部,褥毯,虎皮褥否凶,,20657
卷之十六,服飾部,褥毯,褥席見賜,,20661
卷之十六,服飾部,褥毯,蘆花毯貞吉否凶,蘆花散象也以此爲毯散而復聚矣曰兆之者作事始難終易無初有終,20665
卷之十六,服飾部,帳幃,坐虎皮帳大吉,虎皮帳坐壯威嚴顯者還當爵位遷曰士人名登龍虎㮄拜相封矦應有年,20674
卷之十六,服飾部,帳幃,芙蓉帳吉,夢坐芙蓉帳夫榮子姓昌紅顏小有恙曰祝禱並無妨詩曰芙蓉帳煖度春宵,20678
卷之十六,服飾部,帳幃,紅錦帳,紅錦帳坐兆巍然顯者占之祿位遷曰生意謀爲俱有利婦人有孕决生男,20682
卷之十六,服飾部,帳幃,紅羅帳內有燈光吉,紅羅帳內有燈光重重曰生意有財并有子也,20686
卷之十六,服飾部,巾帶,紅汗巾吉,夢之者主有喜事曰臨身大吉之徵也,20694
卷之十六,服飾部,巾帶,失手巾,兆之者主悔脫病曰痊患除之象吉,20698
卷之十六,服飾部,巾帶,玉帶,,20702
卷之十六,服飾部,巾帶,犀角帶大吉,,20708
卷之十六,服飾部,巾帶,象牙帶吉,,20712
卷之十六,服飾部,巾帶,百寶帶吉,,20716
卷之十六,服飾部,巾帶,金帶吉,夢之者孕婦必生貴子曰儒者定躍龍門吉占也,20722
卷之十六,服飾部,巾帶,銀帶大吉,此初登雲路之象兆之者主大曰富招貴子應長壽大利之占,20726
卷之十六,服飾部,囊帕,鬚囊吉,鬚丈夫氣概囊包褁之具夢之事曰得意財得聚有長鬚者夢之尤佳,20734
卷之十六,服飾部,囊帕,琴囊,此乃文人隱士用之以盛琴耳曰仕者必告老歸家隱居林下也,20738
卷之十六,服飾部,囊帕,被囊貞吉,夢之者必主有遠行若爲商曰在外者兆之主捉裝返棹,20742
卷之十六,服飾部,囊帕,頭托紅帕凶,兆之者主䘮服動戒爭曰競凢事小心忍耐爲吉,20746
卷之十六,服飾部,囊帕,托素帕,,20750
卷之十六,服飾部,環釵,佩白玉環吉,,20759
卷之十六,服飾部,環釵,簪黃金釵吉,,20765
卷之十六,服飾部,環釵,簮鳳頭釵吉,,20769
卷之十六,服飾部,環釵,簪荆釵,,20773
卷之十六,服飾部,環釵,釵忽折凶,兆之者主有䘮妻之厄曰商賈防有失脫之災,20777
卷之十六,服飾部,環釵,竹釵吉,,20781
卷之十六,服飾部,環釵,雙鳳玦利吉,,20785
卷之十六,服飾部,環釵,━━━━━━━━━━━━━━━━━━━━━━━━━━━━━━━━━━━━━━━━━━━━━━━━━━━━━━━━━━━━━━━━━━,,20793
卷之十六,服飾部,環釵,━━━━━━━━━━━━━━━━━━━━━━━━━━━━━━━━━━━━━━━━━━━━━━━━━━━━━━━━━━━━━━━━━━,,20795
卷之十七,飲食部,泉茗,飲天河之水大吉天河之水,爲百川之源而衆流所自出夢飲此水者主大貴曰之兆居官沐天恩居家受天福武將得天機文士食天祿有疾遇天醫生男必天玉,20812
卷之十七,飲食部,泉茗,飲天泉吉,,20824
卷之十七,飲食部,泉茗,氷雪化水而飲之,,20828
卷之十七,飲食部,泉茗,飲山泉,夢中渴飲山間水恬澹清凉可樂飢曰寒士固窮無煩惱無榮無辱亦無非,20832
卷之十七,飲食部,泉茗,飲海潮大吉,,20836
卷之十七,飲食部,泉茗,飲江湖之水大吉,,20842
卷之十七,飲食部,泉茗,飲池沼之水,,20846
卷之十七,飲食部,泉茗,飲溝渠之水凶,不潔之水也夢此爲汗辱之兆病人曰有鬼祟訟事有刑罸又忌出行謀望,20850
卷之十七,飲食部,泉茗,汲井泉而飲之貞吉,,20854
卷之十七,飲食部,泉茗,茶茗吉,,20859
卷之十七,飲食部,泉茗,賜茶大吉夢神賜茶未,娶得良緣已娶生佳胤夢佛賜茶在家佛力護出曰家道心堅,20863
卷之十七,飲食部,泉茗,烹茶,,20869
卷之十七,飲食部,泉茗,飲茶吉,,20875
卷之十七,飲食部,泉茗,茶不至而渴甚,,20879
卷之十七,飲食部,泉茗,清茶淡飯大吉家居夢之門庭清吉,詞訟夢之官府清廉若羽士沙門夢之,20890
卷之十七,飲食部,酒漿,酒,,20901
卷之十七,飲食部,酒漿,飲三白酒凶,,20912
卷之十七,飲食部,酒漿,飲白酒漿吉,,20916
卷之十七,飲食部,酒漿,天雨酒受而飲之,,20920
卷之十七,飲食部,酒漿,酒泉貞吉,,20926
卷之十七,飲食部,酒漿,把酒邀月吉,,20930
卷之十七,飲食部,酒漿,與鬼神共饗醊,,20934
卷之十七,飲食部,酒漿,酒枉盃中火起凶,,20938
卷之十七,飲食部,酒漿,壺中酒一吸而飲盡,酒是人間祿飲盡則祿盡矣夢此主祿盡則曰亡之兆年高者夢之有險病久者夢之則危,20942
卷之十七,飲食部,酒漿,飲酒無餚,,20946
卷之十七,飲食部,酒漿,濁醪麄飯,,20951
卷之十七,飲食部,酒漿,酒淘飯吉,,20958
卷之十七,飲食部,酒漿,吉以酒和羹而飲之吉,,20962
卷之十七,飲食部,酒漿,一杯羮吉,,20967
卷之十七,飲食部,酒漿,菜羹吉,夢此者澹泊明志之象志在求道滋味甚長,20974
卷之十七,飲食部,酒漿,生薑湯吉,,20979
卷之十七,飲食部,酒漿,荳莢湯吉,荳莢湯所以當茶,20985
卷之十七,飲食部,酒漿,糖湯貞吉,,20992
卷之十七,飲食部,酒漿,薄苛湯吉,,21001
卷之十七,飲食部,酒漿,木樨湯吉,,21005
卷之十七,飲食部,酒漿,橙皮湯吉,,21009
卷之十七,飲食部,酒漿,陳皮湯吉,,21013
卷之十七,飲食部,酒漿,蜜湯大吉,,21017
卷之十七,飲食部,酒漿,湯如明鏡吉,,21021
卷之十七,飲食部,酒漿,滿河是湯,,21025
卷之十七,飲食部,酒漿,桶内湯,,21029
卷之十七,飲食部,酒漿,飲油,,21033
卷之十七,飲食部,酒漿,飲醯凶,,21038
卷之十七,飲食部,酒漿,飲鹽滷凶,,21042
卷之十七,飲食部,酒漿,飲乳吉,,21046
卷之十七,飲食部,酒漿,飲血貞吉,,21050
卷之十七,飲食部,五榖,五榖食穀大吉士人夢此未仕得祿,已仕增秩常人夢此行有餱糧居有蓄積農夫夢曰此田禾大熟收成多得,21057
卷之十七,飲食部,五榖,食米凶,是夢也不祥主死亡之兆以米字分曰之則爲八曰木八木所成者棺也食米爲飯含乃入棺之象,21065
卷之十七,飲食部,五榖,天雨粥吉,之歲險民安官吏夢之事繁祿薄富室夢之宜博曰恩廣施貧人夢之得仰事俯育夢弗食者必其立志高尚夢飽食者不如不飽之吉也,21069
卷之十七,飲食部,五榖,人授麻粥吉,胡麻作粥見天緣夢裏加餐百病痊曰果若有人來貺此筋骸康徤地行仙,21075
卷之十七,飲食部,五榖,菉荳粥,,21081
卷之十七,飲食部,五榖,麥飯吉,,21085
卷之十七,飲食部,五榖,乞粥食凶,,21091
卷之十七,飲食部,五榖,欽賜大米飯吉,,21095
卷之十七,飲食部,五榖,衆人共飯吉,,21099
卷之十七,飲食部,五榖,當飯吐哺,,21103
卷之十七,飲食部,五榖,食甕中飯,,21107
卷之十七,飲食部,五榖,食囊中飯,是夢也主裹粮之兆武士占之興師動衆商旅占曰之出外遠行若不事生業者占之當作丐乞之類,21111
卷之十七,飲食部,五榖,食麻糍,生辰祭享設麻糍,21115
卷之十七,飲食部,五榖,裹粽吉,,21123
卷之十七,飲食部,五榖,解粽吉,,21127
卷之十七,飲食部,五榖,食餠,,21132
卷之十七,飲食部,五榖,食圓子吉,,21136
卷之十七,飲食部,五榖,人送糕至大吉,,21140
卷之十七,飲食部,五榖,麵大吉,,21144
卷之十七,飲食部,五榖,作麵漿,,21148
卷之十七,飲食部,五榖,食饅頭,,21154
卷之十七,飲食部,五榖,食餛飩,,21158
卷之十七,飲食部,五榖,食索粉大吉,,21164
卷之十七,飲食部,五榖,人饋荳,此兆主小口有痘疹之災多則稠宻寡則曰稀少如其家無幼稚而夢此須防盜賊,21168
卷之十七,飲食部,五榖,炒荳貞吉,,21172
卷之十七,飲食部,五榖,煮荳作饌凶,曰此諸事煎熬不得遂志之夢夢此者兄弟不曰睦獄訟頻仍若其家嬰兒痘疹夢此主凶,21176
卷之十七,飲食部,五榖,醬吉,,21180
卷之十七,飲食部,五榖,食糟糠吉,疾病主得痊安,21190
卷之十七,飲食部,蔬菓,天花菜大吉,,21201
卷之十七,飲食部,蔬菓,靑雲菜吉,,21208
卷之十七,飲食部,蔬菓,石花菜吉,,21212
卷之十七,飲食部,蔬菓,金花菜吉,夢此者仕宦任滿必得金花紫誥其餘名利通達曰田土增益所志必伸所謀必遂惟求子者不宜,21216
卷之十七,飲食部,蔬菓,菜與殿基齊,,21220
卷之十七,飲食部,蔬菓,蓴菜荇菜吉,俱水中之美菜也夢蓴菜者久客必得還鄉且曰得遠害夢荇菜者未婚必得賢配且得佳兒,21224
卷之十七,飲食部,蔬菓,芥菜吉,是夢也文士功名唾手取靑紫如拾芥武將行曰伍齊心斬寇盜如草芥尋常夢之有疥癩之疾,21228
卷之十七,飲食部,蔬菓,水芹菜吉,,21232
卷之十七,飲食部,蔬菓,莧菜貞吉,,21236
卷之十七,飲食部,蔬菓,萊菔,,21240
卷之十七,飲食部,蔬菓,薑吉,,21245
卷之十七,飲食部,蔬菓,蒜貞吉否凶,効不足稱也夢食此者當敬鬼神而遠之蒜者算曰也算增則福壽算減則,21248
卷之十七,飲食部,蔬菓,茐吉,,21259
卷之十七,飲食部,蔬菓,韭貞吉,,21267
卷之十七,飲食部,蔬菓,花椒大吉,,21274
卷之十七,飲食部,蔬菓,茴香吉,茴有回歸回還之義夢此者行人不久歸家失曰物復還故處遠客他方者行此亦必還鄉矣,21278
卷之十七,飲食部,蔬菓,桂皮大吉,,21282
卷之十七,飲食部,蔬菓,香椿嫩葉吉,,21286
卷之十七,飲食部,蔬菓,萱花大吉,,21292
卷之十七,飲食部,蔬菓,採薇以食,,21296
卷之十七,飲食部,蔬菓,蔴菰夢此爲比昵羣小之兆女人長齋者夢此必有觀,聽佛老之事患病者夢之宜許佛原訪道者夢之曰必遇,21300
卷之十七,飲食部,蔬菓,山藥吉,,21307
卷之十七,飲食部,蔬菓,竹笋荻笋吉,,21311
卷之十七,飲食部,蔬菓,芋吉,,21315
卷之十七,飲食部,蔬菓,紫茄吉,夢人授此得童僕夢以授人主交易曰夢生食之主生男夢熟食之主生女,21319
卷之十七,飲食部,蔬菓,銀茄吉,君子夢之作事多疑常人夢之出行遇貴被𡨚曰夢之得白疾病夢之得蘇憂苦夢之樂事至,21323
卷之十七,飲食部,蔬菓,人授葫蘆,,21327
卷之十七,飲食部,蔬菓,瓜瓠,,21331
卷之十七,飲食部,蔬菓,王瓜吉,,21336
卷之十七,飲食部,蔬菓,西瓜,,21340
卷之十七,飲食部,蔬菓,食瓜甚美,,21344
卷之十七,飲食部,蔬菓,五色瓜,,21348
卷之十七,飲食部,蔬菓,神賜嘉菓大吉,菓者成實之象夢神賜者必其果行育德而得曰成正果者也若懷孕而誕生乃天錫佳胤之兆,21353
卷之十七,飲食部,蔬菓,燈下授菓吉,,21359
卷之十七,飲食部,蔬菓,橄欖,,21363
卷之十七,飲食部,蔬菓,蒸梨,,21367
卷之十七,飲食部,蔬菓,剖梨,,21372
卷之十七,飲食部,蔬菓,人贈棗,,21376
卷之十七,飲食部,蔬菓,蟠桃吉,蟠桃是仙家之菓夢得此者爲壽徵夢啖之者生曰貴子若夢人取去者主損失夢人送進者利西行,21383
卷之十七,飲食部,蔬菓,道人贈桃吉,,21387
卷之十七,飲食部,蔬菓,梅實大吉,,21391
卷之十七,飲食部,蔬菓,杏實吉,,21395
卷之十七,飲食部,蔬菓,杏仁,,21399
卷之十七,飲食部,蔬菓,櫻桃吉,,21403
卷之十七,飲食部,蔬菓,壽李即郁李一名棠棣,此夢主幣帛交際之兆夢巳授人有人送物曰夢人授巳以物送人夢採而食之有雷雨至,21407
卷之十七,飲食部,蔬菓,石榴吉,,21412
卷之十七,飲食部,蔬菓,紫菱吉,庾信紫菱生軟角夢食此者爲頭角崢嶸之兆曰縉紳得之應爲紫袍客士人得之當作紫薇郎,21416
卷之十七,飲食部,蔬菓,雪藕吉,,21420
卷之十七,飲食部,蔬菓,龍眼大吉,,21424
卷之十七,飲食部,蔬菓,銀杏,,21428
卷之十七,飲食部,蔬菓,吉,,21430
卷之十七,飲食部,蔬菓,金豆大吉,,21434
卷之十七,飲食部,蔬菓,橘柚橙柑,人入京師北人任楚地卿相進曰夢之進賢受賞將帥曰夢之禦虜立功貧賤夢之得財疾病夢之得瘥有,21438
卷之十七,飲食部,蔬菓,甘蔗吉,夢食此者漸入佳竟之兆,21445
卷之十七,飲食部,蔬菓,桑椹,,21451
卷之十七,飲食部,蔬菓,食松花吉,修眞者夢之必得奇方異術資助其道骨仙風,21458
卷之十七,飲食部,蔬菓,採松子以食吉,,21464
卷之十七,飲食部,餚饌,天倉餚饌,,21472
卷之十七,飲食部,餚饌,伊蒲饌吉,,21476
卷之十七,飲食部,餚饌,珍羞羅列,,21482
卷之十七,飲食部,餚饌,食羊頭,,21488
卷之十七,飲食部,餚饌,啖鵝頭貞吉否凶,夢此者文士有人乞書武士有人劫寨曰,21495
卷之十七,飲食部,餚饌,天鵝肉吉,夢食天鵝是吉徵天然喜氣到門庭曰閨中夢此生兒貴在外行人事事亨,21501
卷之十七,飲食部,餚饌,食鴨吉,,21505
卷之十七,飲食部,餚饌,殺雞爲黍吉,,21509
卷之十七,飲食部,餚饌,食雁吉,,21513
卷之十七,飲食部,餚饌,食家鴿吉,,21517
卷之十七,飲食部,餚饌,食黃雀吉,,21521
卷之十七,飲食部,餚饌,食鴉肉吉,,21525
卷之十七,飲食部,餚饌,食蛋吉,,21529
卷之十七,飲食部,餚饌,食腥肉貞吉否凶無馨香之味有腥膻之氣文士夢此學未純熟尚,宜薰陶武人夢此力大勇猛生擒强敵常人夢此曰凡事艱難費口舌惹是非,21536
卷之十七,飲食部,餚饌,食犬肉,是夢也,21545
卷之十七,飲食部,餚饌,熊掌大吉,,21555
卷之十七,飲食部,餚饌,食虎肉,,21563
卷之十七,飲食部,餚饌,食豺狼,豺狼爲寇虜盗賊之稱,21568
卷之十七,飲食部,餚饌,食狐狸肉貞吉,,21575
卷之十七,飲食部,餚饌,食豹胎吉,,21582
卷之十七,飲食部,餚饌,食鹿脯貞吉,,21586
卷之十七,飲食部,餚饌,食馬牛肉,夢此主有事軍旅之兆不然亦當遠行若曰病人夢之須過丑牛午馬之期而後得瘥,21590
卷之十七,飲食部,餚饌,食魚頭吉,,21594
卷之十七,飲食部,餚饌,食魚鮓貞吉,夢此主受人欺詐之兆,21601
卷之十七,飲食部,餚饌,石首魚即黄魚也乾者爲白鮝,東海有魚名曰石首牟尼有病食之曰即愈,21606
卷之十七,飲食部,餚饌,食黿大吉,,21612
卷之十七,飲食部,餚饌,食螃蟹吉夢武將在軍爲解,甲舉子應試登黃甲鄉試,21618
卷之十七,飲食部,餚饌,食海參吉,其味似猪肺而不浮夢食之者心廣曰體胖四肢輕徤脉調氣和年壽永久,21629
卷之十七,飲食部,餚饌,炰鼈膾鯉吉,,21633
卷之十七,飲食部,餚饌,食鰻鱺,無鱗魚也凡夢食者不利於功名之士若病者得曰痊孕者易產隱居山林者夢之爲笑傲王侯之兆,21637
卷之十七,飲食部,餚饌,鱔魚作麫,夢此者凡事失之於善柔有損無益義理未能曉曰暢機會或至蹉跎宜好問好察隱惡揚善則無咎,21641
卷之十七,飲食部,餚饌,食蛤蜊,,21645
卷之十七,飲食部,餚饌,食蟛𧑅似蟹而小,夢食此者必有不義之財欲却而不可却有非禮曰之事欲行而不果行若在軍帥者恐不得善終,21649
卷之十七,飲食部,餚饌,海螄田螺,,21654
卷之十七,飲食部,餚饌,食水蛙,,21658
卷之十七,飲食部,餚饌,食虀鹽吉,,21665
卷之十七,飲食部,餚饌,殘食,,21669
卷之十七,飲食部,餚饌,齋戒惟一食,,21673
卷之十七,飲食部,餚饌,食鍋中蔬菜凶,,21677
卷之十七,飲食部,餚饌,長齋者食葷,,21683
卷之十七,飲食部,雜物,食彩雲大吉,彩雲瑞氣也夢食此者主登雲之象士人兆此鄉曰試中式會試及第若修行訪道者占之成仙作祖,21693
卷之十七,飲食部,雜物,食雪,,21697
卷之十七,飲食部,雜物,食煙凶,煙爲火之餘氣主昏迷不醒之象兆此者須曰防禍患病恐重發事恐失機謹愼火燭爲要,21702
卷之十七,飲食部,雜物,食土塊,,21706
卷之十七,飲食部,雜物,吞石吉,,21711
卷之十七,飲食部,雜物,食麟脯大吉,,21715
卷之十七,飲食部,雜物,食白兎吉,,21721
卷之十七,飲食部,雜物,食海馬吉,此夢出行大吉作事便利病人夢之即曰愈娠姙夢此爲龍駒之象生男大貴,21725
卷之十七,飲食部,雜物,食熊胆丸,,21729
卷之十七,飲食部,雜物,食猫睛吉,猫目睛圓午歛如線夢食之者眼目光明曰瞳神爽瞽者必遇良醫商人必獲至寳,21733
卷之十七,飲食部,雜物,吞白䑕吉,,21737
卷之十七,飲食部,雜物,食鳳髓吉,鳳聖瑞也髓精髓也夢食此者書生得明曰師良友之益有福至心靈之慶其餘皆吉,21743
卷之十七,飲食部,雜物,吞金雞吉,,21747
卷之十七,飲食部,雜物,吞鴝鵒俗名八𪃿,此夢主禍去福來之兆,21753
卷之十七,飲食部,雜物,食鶴頂凶,,21760
卷之十七,飲食部,雜物,食九頭鳥,,21765
卷之十七,飲食部,雜物,食龍肝吉,,21769
卷之十七,飲食部,雜物,食金鯽魚大吉,,21773
卷之十七,飲食部,雜物,食蛇鱗吉,蛇陰物也鱗甲象錢陽主義陰主利此夢爲得曰錢財之兆懷孕者夢之生女風疾者夢之得痊,21777
卷之十七,飲食部,雜物,食蚯蚓吉,,21781
卷之十七,飲食部,雜物,食蜂蜜大吉,,21785
卷之十七,飲食部,雜物,食花凶,,21789
卷之十七,飲食部,雜物,仙人送花受而食之,花屬仙人送此仙花也夢食之者靈慧開智識高曰學問進事業超有孕者得弄瓦之義美而主貴,21793
卷之十七,飲食部,雜物,食藤花,,21797
卷之十七,飲食部,雜物,吞紺蓮花,,21803
卷之十七,飲食部,雜物,食蘭吉,蘭清香之物夢食之者解躁熱除煩惱仕宦無曰論内外職居清要孕育不問男女資稟清芬,21807
卷之十七,飲食部,雜物,食菊吉,菊傲嚴霜榮晩節食之清心明目夢此主思慮不曰亂視瞻不迷士人有操守末路敷榮孀居得貞烈一生清白,21811
卷之十七,飲食部,雜物,吞靈芝吉,芝者瑞草也仙家所食夢食之者爲祥瑞曰之徵病人夢之遇良醫婦女夢之生秀子,21815
卷之十七,飲食部,雜物,食靑栢葉,,21821
卷之十七,飲食部,雜物,食玫瑰,,21825
卷之十七,飲食部,雜物,食芭蕉葉貞吉否凶,芭蕉葉兮綠色蔭在窓兮蔽日夢中餐兮爲吉凡曰事占之喜滿室○又云巴巴碌碌憔悴焦躁之兆,21829
卷之十七,飲食部,雜物,食馬蘭,,21834
卷之十七,飲食部,雜物,食野草,,21841
卷之十七,飲食部,雜物,食竹吉,,21845
卷之十七,飲食部,雜物,食木凶,,21849
卷之十七,飲食部,雜物,食㯽榔吉,㯽榔辟障氣粤人所食東坡詩云紅潮登頰醉曰㯽榔病人夢之藥餌有効女子夢之容色倍常,21853
卷之十七,飲食部,雜物,食菖蒲吉,,21857
卷之十七,飲食部,雜物,食黃連貞吉,,21861
卷之十七,飲食部,雜物,食石蓮吉,,21865
卷之十七,飲食部,雜物,食甘草吉,甘草和調諸藥能解諸毒夢食此者災禍曰散仇讎解爭訟息疾病除凡事逢凶化吉,21869
卷之十七,飲食部,雜物,食墨吉,,21873
卷之十七,飲食部,雜物,吞書吉,書者載事物之義理牗人心之知覺,21879
卷之十七,飲食部,雜物,吞炭凶,,21887
卷之十七,飲食部,雜物,吞針,,21891
卷之十七,飲食部,雜物,吞氊,,21897
卷之十七,飲食部,雜物,吞珠吉,,21901
卷之十七,飲食部,雜物,吞玉大吉,,21905
卷之十七,飲食部,雜物,━━━━━━━━━━━━━━━━━━━━━━━━━━━━━━━━━━━━━━━━━━━━━━━━━━━━━━━━━━━━━━━━━━,,21915
卷之十七,飲食部,雜物,━━━━━━━━━━━━━━━━━━━━━━━━━━━━━━━━━━━━━━━━━━━━━━━━━━━━━━━━━━━━━━━━━━,,21917
卷之十八,蕃彚部,樹木,樹木茂盛大吉,勃之兆也夢此者文士當主盛名進取必登巍科曰生意利十倍家計必𤼵達子姓蕃衍慶賀,21934
卷之十八,蕃彚部,樹木,𣗳木凋零枯死凶,,21940
卷之十八,蕃彚部,樹木,樹木成林大吉,,21944
卷之十八,蕃彚部,樹木,樹木火燒大吉,,21948
卷之十八,蕃彚部,樹木,風吹樹木落葉㧞根凶,風吹𣗳木𢳸撼傾危之象也夢此者主有不測曰之禍震動先靈子孫零落非小災患之兆也,21952
卷之十八,蕃彚部,樹木,手植樹木,,21956
卷之十八,蕃彚部,樹木,身在𣗳木上凶,,21962
卷之十八,蕃彚部,樹木,大𣗳蔭體吉,,21966
卷之十八,蕃彚部,樹木,大𣗳落屋上,,21970
卷之十八,蕃彚部,樹木,登大樹大吉,,21975
卷之十八,蕃彚部,樹木,兩𣗳合一一𣗳兩分,,21981
卷之十八,蕃彚部,樹木,大樹忽折凶,木之大者關係非小夢此主家曰主死亡得力之人忽阻折也,21985
卷之十八,蕃彚部,樹木,樹枝連理吉,,21989
卷之十八,蕃彚部,樹木,面仰樹上去凶,面仰樹上神巳散出木在身下形當就木夢曰此者陰氣多陽氣少作事多險阻戒之爲上,21993
卷之十八,蕃彚部,樹木,𣗳横生,,21997
卷之十八,蕃彚部,樹木,樹種堂庭大吉,此主父母老年强固身體𤼵榮得日此夢者可以長承膝下之歡矣,22003
卷之十八,蕃彚部,樹木,身入樹下,,22007
卷之十八,蕃彚部,樹木,與𣗳爭鬥相搏,,22011
卷之十八,蕃彚部,樹木,家庭𣗳生菓大吉,,22015
卷之十八,蕃彚部,樹木,砍伐大𣗳吉,,22023
卷之十八,蕃彚部,樹木,緑陰憇息吉,長途奔走得於𣗳底息足此危急中曰少安之象也若患熱疾者夢之即愈,22029
卷之十八,蕃彚部,樹木,大木直豎,,22033
卷之十八,蕃彚部,樹木,積木無數吉,,22038
卷之十八,蕃彚部,樹木,自擔大木吉,,22042
卷之十八,蕃彚部,樹木,人擔木來家中吉,,22046
卷之十八,蕃彚部,樹木,㧞木砍木拽木截木凶,,22050
卷之十八,蕃彚部,樹木,乘木渡水貞吉否凶,患難之中如落水拯濟無人嘆望洋曰夢乘一木安然渡必得扶持慶吉祥,22054
卷之十八,蕃彚部,樹木,大木生屋上吉,好友不來形神交接因晝有雲𣗳之想曰故夜遂有雲生木蔽之感惠問即至,22059
卷之十八,蕃彚部,樹木,自稱木神,,22063
卷之十八,蕃彚部,樹木,枯木再花吉,,22068
卷之十八,蕃彚部,樹木,木生堂上,堂上乃雙親娯樂之地不宜有阻木生曰于堂殆有阻矣夢之者恐于父母不吉,22072
卷之十八,蕃彚部,樹木,木杇木蠧木折凶,,22076
卷之十八,蕃彚部,樹木,身立大木吉,,22080
卷之十八,蕃彚部,樹木,身入木中凶,人死入木夢此曰者身危之象也,22084
卷之十八,蕃彚部,樹木,木現五色大吉,,22088
卷之十八,蕃彚部,植木,椿吉,,22096
卷之十八,蕃彚部,植木,松大吉,,22100
卷之十八,蕃彚部,植木,栢吉,,22108
卷之十八,蕃彚部,植木,檜栢,檜入夢兮君須慮盆中之景無大利曰森森松栢其凌霄知君必是靑雲器,22125
卷之十八,蕃彚部,植木,梓橦大吉,,22129
卷之十八,蕃彚部,植木,杉𣗳大吉,,22135
卷之十八,蕃彚部,植木,檀吉,,22139
卷之十八,蕃彚部,植木,楩楠吉,棟樑之材擎天之木出深山產邃谷庸衆景行大曰匠矚目有此碩負精儲養蓄待時而動萬事集福,22143
卷之十八,蕃彚部,植木,霜楓,,22147
卷之十八,蕃彚部,植木,梧桐吉,,22152
卷之十八,蕃彚部,植木,楊柳,,22158
卷之十八,蕃彚部,植木,榆吉,,22162
卷之十八,蕃彚部,植木,椐棫吉,,22166
卷之十八,蕃彚部,植木,柞凶,夢之者凢事咸宜小心謀望托人可慮病有反曰覆訟多驚恐人心難測是非蜂起愼之斯吉,22170
卷之十八,蕃彚部,植木,鴉桕冬靑椶櫚,桕容刋刻冬石女眞曰㯶葉扶蘇綠映紅淪,22174
卷之十八,蕃彚部,植木,漆凶,,22178
卷之十八,蕃彚部,植木,烏羢貞吉否,烏絨烏絨鬰鬱葱葱色不艷氣多濛,22185
卷之十八,蕃彚部,植木,樗櫟,,22192
卷之十八,蕃彚部,植木,荆棘,,22197
卷之十八,蕃彚部,植木,桑吉,桑爲蠶資推其功之所及實能衣被天下夢之者点主有經緯有操持名顯利實居不定失可得但桑曰與䘮同音病人兆之爲可虞,22203
卷之十八,蕃彚部,植木,柘,,22207
卷之十八,蕃彚部,植木,楮吉,,22211
卷之十八,蕃彚部,植木,槐吉,,22215
卷之十八,蕃彚部,植木,槤貞吉否凶,此夢象屬騰蛇百事皆連科甲高㨗婚姻早曰諧病未即痊訟必淹滯子姓𩀱貴交易得成,22221
卷之十八,蕃彚部,植木,剔牙松吉,松不懼歲寒剔牙則枝葉一荆棘物也兆此者曰君子日近小人日遠才能超群名堪奕世迪吉,22226
卷之十八,蕃彚部,植木,松響,,22230
卷之十八,蕃彚部,植木,門前柳,,22235
卷之十八,蕃彚部,植木,倒垂楊凶,,22241
卷之十八,蕃彚部,植木,水中柳吉,春取榆桺之火柳者火也水中柳則水火旣濟之曰象主家庭無恙作事無碍財有進名有就利吉,22246
卷之十八,蕃彚部,植木,挿𬂪吉,柳本易生之物挿之得生矣財始曰旺家漸興惟事當謹始愼終吉,22250
卷之十八,蕃彚部,植木,飛絮凶,飄流無定之象商賈兆之不宜登舟曰尤不宜逺行失物無覔他鄉不歸,22254
卷之十八,蕃彚部,植木,落葉凶,𣗳葉貴生長則有茂盛之兆若落則漸凋零主危曰機也夢此家事日減士名口損妻尅子喪俱不利,22258
卷之十八,蕃彚部,植木,黃楊𣗳吉,樹名黃楊味黃楊二字有揚于王庭之象主聲曰名顯赫士人欽選財利必旺子貴親榮大利,22262
卷之十八,蕃彚部,菓樹,梅吉,,22270
卷之十八,蕃彚部,菓樹,杏吉,一色杏花紅十里狀元歸去馬如飛兆之者曰主登高第賜宴杏園常人兆之必生貴子,22276
卷之十八,蕃彚部,菓樹,桃吉,,22280
卷之十八,蕃彚部,菓樹,李吉,李爲菓之珍芳姿自絶倫曰仁人乃得兆蘭桂立丹宸,22284
卷之十八,蕃彚部,菓樹,石榴吉,,22288
卷之十八,蕃彚部,菓樹,棗吉,,22292
卷之十八,蕃彚部,菓樹,梨吉,夢之者當有盛筵相召或有適意之事曰惟病人不宜以梨者離也神離不吉,22298
卷之十八,蕃彚部,菓樹,枇杷吉,兆之者骨肉和平同枝共茂張曰氏九世鄭家一牢何多讓也,22304
卷之十八,蕃彚部,菓樹,栗,,22308
卷之十八,蕃彚部,菓樹,核桃,此夢主有遠方人或間濶多年者來曰謁或欲借居然志趣不同終難契合,22314
卷之十八,蕃彚部,菓樹,銀杏吉,本根堅固枝𠏉盛大花微子茂藏可久遠夢之者曰名利超人居舍安寧得子必多病者宜祀樹頭神,22318
卷之十八,蕃彚部,菓樹,柿吉,色欺萍實味同之不向江浮若箇知曰從此兆君岐嶷胤丹心報國帝王咨,22322
卷之十八,蕃彚部,菓樹,香圓大吉,,22326
卷之十八,蕃彚部,菓樹,柑子金柑佛手吉,,22330
卷之十八,蕃彚部,菓樹,橘大吉,,22334
卷之十八,蕃彚部,菓樹,橙凶,,22338
卷之十八,蕃彚部,菓樹,圓眼大吉,,22343
卷之十八,蕃彚部,菓樹,橄㰖吉,夢此者先難後易從苦得甘之兆初終兩路稍曰歉中年精神飽滿意興淋漓大遂心志上吉,22347
卷之十八,蕃彚部,菓樹,楊梅,不祥之兆敗散之徵常人夢之主生惡曰瘡惟士君子見兆或得揚眉吐氣也,22351
卷之十八,蕃彚部,菓樹,荔枝凶,,22354
卷之十八,蕃彚部,菓樹,林檎大吉占,,22358
卷之十八,蕃彚部,菓樹,葡萄吉,夢見此菓主得美醖病人兆之則死徵至矣,22363
卷之十八,蕃彚部,菓樹,嶺上梅,,22367
卷之十八,蕃彚部,菓樹,墻外桃否凶,墻外桃花人欲折曰佳人在家防失脫,22372
卷之十八,蕃彚部,菓樹,蟠桃大吉,,22376
卷之十八,蕃彚部,菓樹,曰,,22380
卷之十八,蕃彚部,荆薇,紫荆貞吉否凶,此兆一見兄弟恊力生機鬯𤼵欣欣向曰榮倘有離異便無顔色可慶亦可戒也,22387
卷之十八,蕃彚部,荆薇,玉蘭吉,有志向上制行清白不事阿諛自標奇格曰嬌嬌仙姿楚玉趙璧高潔莫比兆仙之謫,22392
卷之十八,蕃彚部,荆薇,海棠吉,兆西府兮中秘客兆垂絲兮家蕭索曰鐡梗黃門或柱史秋海棠兮佳人擇,22396
卷之十八,蕃彚部,荆薇,薔薇,,22400
卷之十八,蕃彚部,荆薇,紫薇大吉,,22405
卷之十八,蕃彚部,荆薇,桂大吉,,22409
卷之十八,蕃彚部,荆薇,木蘭吉,性潔而芳肌有餘香綽約丰姿狀曰如女郞兆之者必與女人相會,22413
卷之十八,蕃彚部,荆薇,山茶吉,,22417
卷之十八,蕃彚部,草花,牡丹吉,牡丹果是花之王姚黃魏紫世傅芳曰兆之富貴豈云謬晉王石兮唐杜房,22425
卷之十八,蕃彚部,草花,芍藥,,22431
卷之十八,蕃彚部,草花,蜀葵吉,,22437
卷之十八,蕃彚部,草花,瑞香否凶,枝榦婆娑藥厚深綠雖無大咎亦無曰大福生女爲人側室生男爲人之僕,22441
卷之十八,蕃彚部,草花,木香吉,前程高遠貿易價崇農家薄種廣𭣣問嗣森森枝茂餘無不吉此兆爲然,22445
卷之十八,蕃彚部,草花,臘梅吉,一陽復生於始方開臘梅兆之主無子曰親長庚病者可壯本還元諸事俱亨,22449
卷之十八,蕃彚部,草花,向日葵吉,葵屬陰向曰乃向陽明也兆之曰者主凢事遇貴人提携吉徵也,22453
卷之十八,蕃彚部,草花,迎春吉,迎待也春時也迎春待𤼵生之時也夢此曰者主生意盛蘭玉芳如夢在深秋亦宜静守,22457
卷之十八,蕃彚部,草花,籬邊菊吉,,22461
卷之十八,蕃彚部,草花,蝶戀花凶,只恐蝶去花猶在曰婦人兆此䘮夫哀,22465
卷之十八,蕃彚部,草花,荼,,22469
卷之十八,蕃彚部,草花,秋葵凶,,22474
卷之十八,蕃彚部,草花,玫瑰吉,此子姓興隆之兆也身享榮華老年主子孫貴曰顯夢戴花頭上主掇巍秤折花自撚當生貴子,22479
卷之十八,蕃彚部,草花,瓊花大吉,,22483
卷之十八,蕃彚部,草花,夜合吉,,22487
卷之十八,蕃彚部,草花,槿貞吉否凶,槿有防微杜漸之意如夢之恐有人暗算百凢曰小心爲上若編獲未謹人生覬覦愼之斯吉,22491
卷之十八,蕃彚部,草花,山𥖎吉,枝肥葉宻至冬不凋其香濃郁夢曰之者志節堅而名聞遠之兆也,22495
卷之十八,蕃彚部,草花,櫻桃吉,,22499
卷之十八,蕃彚部,草花,酴醿吉占,,22504
卷之十八,蕃彚部,草花,繡毬貞吉否凶,本居繪先華更樸素子息望空利亦不固曰人莫之喜亦莫之妬名難過人病歸冥路,22509
卷之十八,蕃彚部,草花,棣棠,主有佳人見思或兄弟懐想但棠堂音類曰夢之恐于慈幃有碍病須告十方保無虞,22513
卷之十八,蕃彚部,草花,十姊妹凶,,22517
卷之十八,蕃彚部,草花,寶相佛見笑纒枝牡丹,夢諸種花主榮曰茂而不結實,22522
卷之十八,蕃彚部,草花,凌霄花貞吉否凶,花名凌霄喜附喬松兆之者必氣宇昻昻曰軒冕一世置身雲漢俯視塵寰之象也,22526
卷之十八,蕃彚部,草花,萱花吉,,22531
卷之十八,蕃彚部,草花,水仙吉,,22535
卷之十八,蕃彚部,草花,長春大吉,此夢主生意亨通壽延鶴算罪得赦病還元曰產生男家宅吉婚姻有佳偶失脫在東方,22539
卷之十八,蕃彚部,草花,蘭大吉,,22545
卷之十八,蕃彚部,草花,蕙吉,蕙者慧也夢之者生子俊曰𨓜生女聰敏諸事迪吉,22553
卷之十八,蕃彚部,草花,茉莉,顯揚于異方之兆經商有利士宜遊學；移曰家則吉產非弄璋日輕夜重病在膏肓,22557
卷之十八,蕃彚部,草花,菊大吉,,22561
卷之十八,蕃彚部,草花,芙蓉,秀而不實榮而不久光耀一時過眼即褪之兆也曰惟女人兆之則招貴夫以芙蓉二字乃夫榮也,22565
卷之十八,蕃彚部,草花,玉簪凶,依稀彷佛有名無實之兆盛開者佳人曰有贈；萎折者闥閫遭迍總之一虚花耳,22569
卷之十八,蕃彚部,草花,紫蕚吉,夢此者乃少年得意之朕曰如紹士夢之有掛紫之榮,22573
卷之十八,蕃彚部,草花,黃蕚吉,兆之者主獲財利百倍于人主登樓宴飲品格曰超凢者主遇仙授術女子夢之患勞瘵之症,22576
卷之十八,蕃彚部,草花,茶花貞吉否凶,利宜合伴名𤼵先春家居最吉曰婚姻早定花前子後病乃火症,22580
卷之十八,蕃彚部,草花,梔子花,兆之者主曰生寧馨兒,22585
卷之十八,蕃彚部,草花,月季,文人夢之小試得意；市人夢之小利有獲病曰主怯訟非宜乃往來不絕之象小吉之兆也,22589
卷之十八,蕃彚部,草花,滴滴金吉,,22593
卷之十八,蕃彚部,草花,錦荔枝凶,負美名而無實美資而曰無用者是兆之徵也,22597
卷之十八,蕃彚部,草花,掛金燈貞吉否凶,夢掛金燈金榜題名之兆問利有名無曰實若小人夢之諸事不能遂意未吉,22601
卷之十八,蕃彚部,草花,十様錦吉,夢之主得異錦十端日又主與十英爲侶,22606
卷之十八,蕃彚部,草花,牽牛郞貞吉否凶,連蔓于野或附在壁美而不貴艷而不久夢之曰利多子繁所居適宜病訟俱綿延婚姻是仙匹,22610
卷之十八,蕃彚部,草花,金錢吉,兆之生得遺金或分外之財文士曰則奪標之兆也几種須外得也,22615
卷之十八,蕃彚部,草花,芭蕉吉凶,主大人廕庇士子脫白掛綠謀利無曰望病者有女祟相侵宜禳解之則吉,22619
卷之十八,蕃彚部,草花,鷄冠大吉,夢鷄冠者乃昌明之兆百事皆吉亦且曰過人如兆紅白交成者主兩姓同居,22624
卷之十八,蕃彚部,草花,老少年吉,兆之者暮年壯徤精彩潤曰澤晩運亨通大有所獲,22628
卷之十八,蕃彚部,草花,金銀花吉,壯年𤼵解弱冠成婚錢財過手徒勞爾紛曰金水相匹小人退色災散毒消家貲利益,22632
卷之十八,蕃彚部,草花,杜鵑花貞吉否凶,子規何事啼殘月止爲花開欲動人曰血淚拭時頻又落可憐好景不多辰,22636
卷之十八,蕃彚部,草花,芝吉,娠生子貴人至奇獲異曰寶必登魁首方兆此,22641
卷之十八,蕃彚部,草花,茯苓大吉,,22647
卷之十八,蕃彚部,草花,薏苡仁吉,,22651
卷之十八,蕃彚部,草花,枸𣏌吉,根名仙人杖兆者壽年康曰葉子莖無棄兒孫福祿長,22658
卷之十八,蕃彚部,草花,貝多吉,,22662
卷之十八,蕃彚部,草花,鳳仙吉,夢見鳳仙芝秀翩翩兆在文士紫薇備員桑問濮曰上女子兆然爲凢烏爲山人爲鳥入樊爲人入山,22667
卷之十八,蕃彚部,草花,雪裏紅吉,多子雖弱貭而能歷冰霜處末世而能自顯曰耀更于凋落之時獨現一班以騁英雄之兆,22671
卷之十八,蕃彚部,草花,千年藴大吉,主終身榮貴之象兆之主壽元滿百夫曰婦白頭雲程悠久家事日興利貞吉,22675
卷之十八,蕃彚部,草花,藍貞吉否凶,藍染皂物兆者當逺小人親君曰子易曰比之匪人不亦傷乎,22679
卷之十八,蕃彚部,草花,紫蘇吉,紫猶子也蘇猶息也兆之主得子息也有曰病者夢之不藥而自愈易曰勿藥有喜,22684
卷之十八,蕃彚部,草花,諸葛菜吉,,22688
卷之十八,蕃彚部,草花,菜花吉占,,22692
卷之十八,蕃彚部,草花,花草蕃盛吉,,22697
卷之十八,蕃彚部,草花,花草凋枯凶,,22703
卷之十八,蕃彚部,草花,花開爛熳,,22709
卷之十八,蕃彚部,草花,花飛花謝花殘枯,,22716
卷之十八,蕃彚部,草花,採花折花送花偷花吹花,,22723
卷之十八,蕃彚部,草花,花香,,22727
卷之十八,蕃彚部,草花,接花吉,,22731
卷之十八,蕃彚部,草花,花開頭面上吉,,22737
卷之十八,蕃彚部,草花,墻上花凶,,22741
卷之十八,蕃彚部,草花,賞紅色花凶,賞此紅顔色少年壽不曰長男婦夢之俱夭壽,22745
卷之十八,蕃彚部,草花,種花吉,花被栽種生生之象財始口旺嗣得昌先生女晚生男,22749
卷之十八,蕃彚部,草花,花落片凶,花落片兮最無情夢者疑此損陰人曰欲識個中眞消息病者須防保自身,22753
卷之十八,蕃彚部,草花,含蕋吉,凝精聚氣原始反終有包含之象曰壯年者精神愈固孕得弄璋之慶,22757
卷之十八,蕃彚部,草花,豐苗吉,苗榖也豐苗主豐年之兆点此財曰有旺田有𭣣家業盛事事吉也,22761
卷之十八,蕃彚部,草花,香葉吉,,22765
卷之十八,蕃彚部,草花,葉肥吉,葉肥濃潤有大壯之象兆之曰利獲十倍名交四海利吉,22769
卷之十八,蕃彚部,草花,莠凶,,22773
卷之十八,蕃彚部,草花,翠雲草貞吉否凶,靑苔沿砌主生意永久味翠雲曰二字平人兆之吉病人兆之凶,22778
卷之十八,蕃彚部,草花,甦頭草吉,主革舊鼎新之象士更元服曠官者復職老年者曰得子丈夫逺歸病人得愈雖得其貞亦宜自守,22783
卷之十八,蕃彚部,草花,金𮈔草吉,味金絲主財利永久之意作事悠遠爲妙曰惟病難脫訟難解情人兆之偏多留連,22787
卷之十八,蕃彚部,草花,龍虎草大吉,雲龍風虎之象主名登龍虎㮄仕人必拜相曰常人夢之生子貴家業興出入無碍有利,22791
卷之十八,蕃彚部,草花,龍鬚草大吉,主長鬍鬚者兆此求名得曰名求利得利大吉之兆也,22795
卷之十八,蕃彚部,草花,荒草凶,荒草主物物不生之象点此曰病無救田無𭣣或訟必破家,22799
卷之十八,蕃彚部,草花,吉祥草大吉,兆此者逢凶化吉遇患曰呈祥兆主大富大貴,22803
卷之十八,蕃彚部,草花,蹊徑生草凶,,22807
卷之十八,蕃彚部,草花,草長數尺吉,,22813
卷之十八,蕃彚部,草花,草滿身凶,,22817
卷之十八,蕃彚部,草花,㧞草斫草吉,,22821
卷之十八,蕃彚部,草花,吞草衣草吉,,22825
卷之十八,蕃彚部,草花,鬥草吉,,22829
卷之十八,蕃彚部,草花,慶結草凶,,22833
卷之十八,蕃彚部,草花,草偃凶,,22837
卷之十八,蕃彚部,竹荻,竹大吉,,22845
卷之十八,蕃彚部,竹荻,義竹吉,,22851
卷之十八,蕃彚部,竹荻,孝竹吉,新笋圍舊竹生者主兒孫繞膝曰之象堂上椿萱茂庭前蘭蕙芳,22855
卷之十八,蕃彚部,竹荻,種竹吉,語有云無竹令人俗種竹則得清雅之曰兆夢此主得良友凢業居清雅者有利,22859
卷之十八,蕃彚部,竹荻,牕前竹吉,綠色臨窻主喜曰事臨門之兆,22863
卷之十八,蕃彚部,竹荻,籜凶,兆之者未能𤼵曰達究無大就,22867
卷之十八,蕃彚部,竹荻,笋大吉,珍惜愛護必成奇𠏉武臣夢之曰裂地封矦；孕婦夢之必主生男,22871
卷之十八,蕃彚部,竹荻,荻凶,森森叢出縱横交加形類干戈且荻敵音同曰兆之必有草㓂𥨸𤼵受兵燹之𬤄或主夫盗,22875
卷之十八,蕃彚部,竹荻,蘆葦凶,蘆葦出水蕭蕭衡陽雁斷迢迢曰日落紅汀凝望征㠶遠掛雲霄,22879
卷之十八,蕃彚部,竹荻,籐吉,籐有凌空之勢君子夢之名位升騰老人夢之曰當爲壽徵居必喬遷病有虚驚官祿顯利高攖,22883
卷之十八,蕃彚部,水產,蓮荷大吉,中通外直不蔓不枝出泥不染花之君子兆者,22895
卷之十八,蕃彚部,水產,採荷凶,花貭雖艷採之則無根点此事多曰傾覆少年夭折病即危訟可觧,22904
卷之十八,蕃彚部,水產,卷荷吉,卷者藏也藏而未舒臨候即開矣曰兆之者事當待時貧始富賤始貴,22909
卷之十八,蕃彚部,水產,敗荷貞吉否凶,花敗則子露孕必生男恐損生產曰,22913
卷之十八,蕃彚部,水產,採蓮吉,採獲也,22919
卷之十八,蕃彚部,水產,藕吉,藕本玲瓏精潔之物占此曰点生男多智慧生女多秀巧,22924
卷之十八,蕃彚部,水產,芡實吉,兆之者作事曰有益而無損,22928
卷之十八,蕃彚部,水產,蘋蘩吉,主得一賢媳或賢妻,22932
卷之十八,蕃彚部,水產,蓼凶,兆此事宜預料冗曰雜不易理之象也,22937
卷之十八,蕃彚部,水產,菱花凶,水大則根浮水涸則實少作事泛泛不常故有曰是兆名淡如水利薄如冰兆見損折必至沉淪,22941
卷之十八,蕃彚部,水產,茭吉,栽植由來在水濵素𠂻清白不沾塵曰愧殺世之貪污者那能修行與之倫,22945
卷之十八,蕃彚部,水產,菖蒲吉,,22949
卷之十八,蕃彚部,水產,浮萍凶,葉小而蕃浮生于水隨波逐流曰延綿池沼群小用事之兆也,22953
卷之十八,蕃彚部,水產,藻荇吉,此乃魚之所藏隠而不見潜而不躍者乃夢見之曰君子宜如玉之韞山珠之藏澤而輝媚自呈也,22957
卷之十八,蕃彚部,水產,水紅花,不芬不艷無處無之亦莫之愛亦莫曰之棄伴食平章三旨宰相其兆無疑,22961
卷之十八,蕃彚部,水產,蒹葭吉,兆之主逢賢隱之士或諧秦晉之歡曰從兹彼此相依無分爾我之符也,22965
卷之十八,蕃彚部,水產,芹吉,有野人獻芹之意兆之主曰遇貴人于野宜物色之,22969
卷之十八,蕃彚部,水產,蘅吉,蘅乃香草聲名貴高曰忠節夢之靑史題標,22973
卷之十八,蕃彚部,水產,茅草凶,一團茅草亂蓬蓬主事無始又無終曰家中火燭當須謹總然不染也成凶,22977
卷之十八,蕃彚部,柴薪,柴滿門内大吉,,22985
卷之十八,蕃彚部,柴薪,擔柴歸家吉,,22989
卷之十八,蕃彚部,柴薪,分柴奪柴吉,,22993
卷之十八,蕃彚部,柴薪,柴被火燒或水漂凶,,22997
卷之十八,蕃彚部,柴薪,失柴貞吉否凶,此夢主有失脫出入當小心文曰人夢之爲特達之才名著夭壤,23001
卷之十八,蕃彚部,柴薪,諸種木柴吉,,23006
卷之十八,蕃彚部,柴薪,薪積火上,,23012
卷之十八,蕃彚部,柴薪,薪積如山吉,薪者日用所不可缺積之如山曰用有餘也夢之者富饒之象,23016
卷之十八,蕃彚部,柴薪,━━━━━━━━━━━━━━━━━━━━━━━━━━━━━━━━━━━━━━━━━━━━━━━━━━━━━━━━━━━━━━━━━━,,23025
卷之十八,蕃彚部,柴薪,━━━━━━━━━━━━━━━━━━━━━━━━━━━━━━━━━━━━━━━━━━━━━━━━━━━━━━━━━━━━━━━━━━,,23027
卷之十九,飛走部,四靈,麒麟降自天吉,,23044
卷之十九,飛走部,四靈,麟吐書,,23048
卷之十九,飛走部,四靈,麟入室中,,23052
卷之十九,飛走部,四靈,鳳鳴高岡大吉,,23056
卷之十九,飛走部,四靈,鳳凰飛下齋前,,23060
卷之十九,飛走部,四靈,丹鳳高翔吉,夢此爲主聖臣賢民安物阜之兆也將必曰有恩詔班行天下租稅得蠲刑獄得赦,23066
卷之十九,飛走部,四靈,口吐白鳳,,23071
卷之十九,飛走部,四靈,五色雲化鳳集左肩,,23075
卷之十九,飛走部,四靈,鳳集其身,,23080
卷之十九,飛走部,四靈,鳳鳥集手上凶,,23084
卷之十九,飛走部,四靈,身化爲鳳大吉,夢身化鳳者則亦豈常人哉其爲人中之鳳可知曰,23093
卷之十九,飛走部,四靈,⿔,,23100
卷之十九,飛走部,四靈,神龜,,23110
卷之十九,飛走部,四靈,黄龜吉,,23116
卷之十九,飛走部,四靈,龍,,23122
卷之十九,飛走部,四靈,乗龍上升,,23127
卷之十九,飛走部,四靈,蒼龍大吉,,23139
卷之十九,飛走部,四靈,蒼龍據腹,,23143
卷之十九,飛走部,四靈,龍頭,,23151
卷之十九,飛走部,四靈,龍無尾,,23156
卷之十九,飛走部,四靈,日化爲龍,,23164
卷之十九,飛走部,四靈,兩龍入懷中,,23168
卷之十九,飛走部,四靈,龍飛西南自天而落,,23172
卷之十九,飛走部,四靈,龍無首凶,,23176
卷之十九,飛走部,四靈,乗六龍吉,,23180
卷之十九,飛走部,四靈,龍在屋上,,23184
卷之十九,飛走部,四靈,龍罩體,,23190
卷之十九,飛走部,四靈,龍有異狀,,23194
卷之十九,飛走部,四靈,龍墮地尾斷,,23198
卷之十九,飛走部,四靈,龍吐棊經,,23202
卷之十九,飛走部,四靈,入水取一龍,,23206
卷之十九,飛走部,四靈,黃龍吉,,23210
卷之十九,飛走部,四靈,蛇化龍,,23214
卷之十九,飛走部,四靈,黑龍蟠樹上,,23218
卷之十九,飛走部,四靈,龍出領下,,23222
卷之十九,飛走部,四靈,身化龍,,23228
卷之十九,飛走部,百獸,騶虞大吉,,23236
卷之十九,飛走部,百獸,黑虎吉,,23244
卷之十九,飛走部,百獸,白虎貞吉否凶,白虎爲西方之神爲武將之象爲肅殺之氣爲刑曰獄之主爲凶喪之兆凡夢之者因時因事而占之堯爲天子季秋下旬夢白虎遺我馬啄子其母曰扶始升高丘睹白虎上有雲感巳生臯陶索扶始問之始尭言明於刑法罪次終始故立臯陶爲大理,23248
卷之十九,飛走部,百獸,猛虎出深林吉,,23257
卷之十九,飛走部,百獸,虎銜雷公凶,,23261
卷之十九,飛走部,百獸,乳虎相逼凶,,23265
卷之十九,飛走部,百獸,月中有虎,,23273
卷之十九,飛走部,百獸,人化爲虎,,23280
卷之十九,飛走部,百獸,虎變作人大吉,,23286
卷之十九,飛走部,百獸,兩虎爭𩰚貞吉否凶是夢也,羣兇相噬挾詐行私在家庭主兄弟小忿有閱牆曰之,23293
卷之十九,飛走部,百獸,人騎虎入城凶,,23301
卷之十九,飛走部,百獸,拔劍剌虎吉,,23306
卷之十九,飛走部,百獸,虎變成龍大吉,,23310
卷之十九,飛走部,百獸,彪大吉,,23314
卷之十九,飛走部,百獸,豹入宅中吉,,23318
卷之十九,飛走部,百獸,獅吼虎伏,,23322
卷之十九,飛走部,百獸,獅滚毬而戲吉,,23328
卷之十九,飛走部,百獸,騎獅而行吉占,,23335
卷之十九,飛走部,百獸,狡猊雲中來吉狻猊獅屬,軍旅之事得成奏凱之功,23342
卷之十九,飛走部,百獸,𫡒端前立貞吉,,23349
卷之十九,飛走部,百獸,白澤在旁吉,,23353
卷之十九,飛走部,百獸,犀牛渉大水吉,,23358
卷之十九,飛走部,百獸,射中𧴀貅大吉,,23364
卷之十九,飛走部,百獸,𧴀貅伏於前貞吉否凶,此夢乃軍門受降之象也揆其理勢必曰不降者防有伏兵宜堅壁嚴陣以備之,23368
卷之十九,飛走部,百獸,狴犴在庭吉,,23373
卷之十九,飛走部,百獸,豺狼圍擾,,23377
卷之十九,飛走部,百獸,狼啖人足貞吉否凶狼善顧而啖人足足,不能前進矣,23384
卷之十九,飛走部,百獸,狼與狽同行吉,,23397
卷之十九,飛走部,百獸,獐入庭中吉,,23404
卷之十九,飛走部,百獸,發矢獲豝吉,,23408
卷之十九,飛走部,百獸,兎眠草間吉,,23412
卷之十九,飛走部,百獸,兎入懷中吉,,23416
卷之十九,飛走部,百獸,鹿,,23423
卷之十九,飛走部,百獸,蕉鹿,,23440
卷之十九,飛走部,百獸,狐涉氷吉,,23447
卷之十九,飛走部,百獸,狐狸在窓外貞吉否凶,此鬼祟陰邪之象不可不戒懼也男子夢之曰勿近婦女女子夢之宜敬事正神以辟邪祟,23452
卷之十九,飛走部,百獸,貉入林中貞吉,,23457
卷之十九,飛走部,百獸,象入戸大吉,,23461
卷之十九,飛走部,百獸,白象吉,此夢主金天之陽爲大貴之徵又爲釋曰家之神又爲卑謙以自收其躬之驗,23465
卷之十九,飛走部,百獸,象越城凶,此亡國之徵也夢之必有大敗是城中無曰守敵得入城也城似巳巳亡城似彼彼滅,23474
卷之十九,飛走部,百獸,象洗浴貞吉否凶,夢此主樂處逢凶之兆惟士子求名者夢之曰爲赴京應選之景安居多欲夢之浴魄之象,23480
卷之十九,飛走部,百獸,跨象走通衢大吉,兆夢主功名之大慶安康而顯榮趍吉以曰遂志者也若疾病夢之爲大難不死之兆,23485
卷之十九,飛走部,百獸,象羣,,23489
卷之十九,飛走部,百獸,象鼓腹而舞貞吉,,23494
卷之十九,飛走部,百獸,象被人拔去牙吉,此夢之吉占在拔牙之人剛而能柔柔而得曰剛所利大矣然有困窮受傷而不能安者焉,23498
卷之十九,飛走部,百獸,二象被錦在闕下貞吉否凶,此得貴爵之吉夢而安居無學日夕快曰樂之人反爲凶夢其凶有不可言者,23502
卷之十九,飛走部,百獸,象輦,,23507
卷之十九,飛走部,百獸,萬象從天降吉,,23511
卷之十九,飛走部,百獸,象耕於田大吉,,23515
卷之十九,飛走部,百獸,駱駝大象負囊而行,,23521
卷之十九,飛走部,百獸,身跨駱駝馳騁,,23525
卷之十九,飛走部,百獸,駱駝喯唾污其身凶,此作爲失道被侮受悔之夢也思患而攺過曰猶恐有不及者惟牝牛在家者有牧犢之祥,23529
卷之十九,飛走部,百獸,駱駝隨龍後貞吉,,23533
卷之十九,飛走部,百獸,貂䑕升堦吉,此遇貴之夢兆夢此有大貴者至巳因曰之而貴者未有無所貴而夢此者也,23539
卷之十九,飛走部,百獸,手搏貂𣆎,此夢爲陰柔居陰之象而貴人夢之則大吉曰焉其在邊疆之位乎小人夢之又當另占,23543
卷之十九,飛走部,百獸,獮候在岩崖之上,此夢主陟險以伸命令之徵君子夢之爲觀曰視小人之象小人夢之爲能敬鬼神之祥,23547
卷之十九,飛走部,百獸,猩猩鬥湖猻,,23551
卷之十九,飛走部,百獸,猩猩啜酒貞吉否凶,此夢主悲喜萃聚之象但觀其所聚而吉凶曰可見矣當以所夢景象占之有笑者不祥,23555
卷之十九,飛走部,百獸,手擒獾吉,,23560
卷之十九,飛走部,百獸,獾被虎噬,,23564
卷之十九,飛走部,百獸,獺來岸上,,23569
卷之十九,飛走部,百獸,猱在高山大樹間,,23573
卷之十九,飛走部,百獸,猿獻菓吉,,23577
卷之十九,飛走部,百獸,猿從高跳下,,23581
卷之十九,飛走部,百獸,熊羆大吉,,23585
卷之十九,飛走部,百獸,黃熊入寢門,,23593
卷之十九,飛走部,百獸,獬豸大吉,,23599
卷之十九,飛走部,百獸,䝠,,23603
卷之十九,飛走部,百獸,吉,貂類似狸而五尾其聲奪衆音食之可以治瘴夢曰是獸者應試得捷報行人有喜信疾病遇良醫,23605
卷之十九,飛走部,百獸,貆,,23609
卷之十九,飛走部,百獸,貞吉,貉類皮可爲裘肉可充庖夢是獸者有自食其力曰之象居官不素餐居家不素飽庸常者亦不游食,23611
卷之十九,飛走部,百獸,飛虎在日宮飛出,此大貴之夢夢之爲欽命掌樞宻之兆虎而曰翼之何所往而不服出自日中其君命乎,23615
卷之十九,飛走部,百獸,飛虎入室大吉,貴人夢之主揚威加爵士民夢之主有官祿曰至胎孕夢之主生男大貴病人禱祝必全愈,23619
卷之十九,飛走部,百獸,海馬入門户吉,此夢有武事得大吉之兆應試夢之捷報曰至應選夢之有兵權娠姙夢之生貴子,23623
卷之十九,飛走部,百獸,乗海馬大吉,此武人之夢也主戰勝攻取之事凡曰夢之者皆主无咎病人夢之必瘥,23627
卷之十九,飛走部,百獸,海馬戲潮吉,此夢主當朝執政之兆庻人夢之主遠曰行大吉作事順利書生夢之文思頓長,23631
卷之十九,飛走部,百獸,彿彿踰垣而入凶,,23635
卷之十九,飛走部,百獸,狒狒見而大笑吉,,23643
卷之十九,飛走部,百獸,狒狒從雲中來吉,夢此須防𡨥盜爲人中正無憂曰,23652
卷之十九,飛走部,百獸,如人,,23658
卷之十九,飛走部,百獸,虎斑猫,此夢爲陽襲于陰之象夢自來入室中者曰吉自内出𥨥者不祥去而後來者得人心,23666
卷之十九,飛走部,百獸,獅猫大吉,夢此主豐亨久安之兆當有好人在門下曰勇而尚義者或有果得一猫以應夢者,23670
卷之十九,飛走部,百獸,猫伏堂限吉,,23674
卷之十九,飛走部,百獸,猫鼠同眠,此君不君臣不臣父不父子不子之夢也下必曰有犯上者若當此時生小猫小猫爲無用之物,23678
卷之十九,飛走部,百獸,羣猫相鬥貞吉否凶,此夢主暮夜有戎之兆而于巳無患者也,23682
卷之十九,飛走部,百獸,猫捕䑕,夢此主得財須防子媳災若有姓禇者其兆曰苦哀哉有事南蠻九溪十八洞一去不回來,23688
卷之十九,飛走部,百獸,猫吞活魚貞吉,夢此成家立業徵手下人人有志誠曰若還買賣山東去千金利息貴前程,23692
卷之十九,飛走部,百獸,猫吞蝴蝶凶,蝴蝶是箇夢中魂如何夢裏被猫吞曰猫兒不是閻家鬼只恐陰私害正人,23696
卷之十九,飛走部,六畜,雞貞吉,,23704
卷之十九,飛走部,六畜,雄雞引雛,,23712
卷之十九,飛走部,六畜,雄雞生子,,23716
卷之十九,飛走部,六畜,雌雞啼貞吉,夢此有女中丈夫之象而夢之者宜正不宜曰私宜靜不宜動,23720
卷之十九,飛走部,六畜,鬥雞凶,,23725
卷之十九,飛走部,六畜,雞鳴高樹上吉,此夢主口舌中得財物之兆必有音信之曰,23732
卷之十九,飛走部,六畜,雞鳴水中貞吉否凶,夢此有醉後成口舌之禍,23737
卷之十九,飛走部,六畜,雞鴨同羣吉,夢此者畜養衆多之象也富貴夢之爲日新曰之兆貧賤夢之爲多利之徵又有和悅之狀,23743
卷之十九,飛走部,六畜,鴨伏抱卵吉,此扶陽抑陰之象也疾病者夢之即痊又爲曰壽永之徵或求名利者有繭𮈔之事故夢之,23747
卷之十九,飛走部,六畜,鵝鴨同游水上,夢此者二女居於一室而情意和洽之吉祥曰所居得所之佳兆所居不得其所安者反是,23751
卷之十九,飛走部,六畜,人饋鵝吉,,23755
卷之十九,飛走部,六畜,雞鵝鴨齊飛上天,,23759
卷之十九,飛走部,六畜,雞飛入井,,23765
卷之十九,飛走部,六畜,黄狼偷雞,夢此者必有可醜之事女人曰夢之有情欲爲巳所不欲者,23769
卷之十九,飛走部,六畜,雞被犬咥,,23773
卷之十九,飛走部,六畜,犬嘷,,23780
卷之十九,飛走部,六畜,挽弓射狗吉,狗者苟也茍得其養無物不長凡夢得夢來曰皆爲吉兆夢挽弓射之射中大吉不中無咎,23784
卷之十九,飛走部,六畜,白犬,,23790
卷之十九,飛走部,六畜,黃犬貞吉,黃色屬土于十千爲戊巳土夢,23796
卷之十九,飛走部,六畜,黑犬貞吉,,23801
卷之十九,飛走部,六畜,犬有綠色鬚,此熊羆之象也夢之主生男之兆但以其景曰影推之則知所生之男之壽夭貴賤貧富矣,23812
卷之十九,飛走部,六畜,花色犬吉,此犬之猛而能勝者,23816
卷之十九,飛走部,六畜,赤犬貞吉,狗無赤色者而所夢不以常物論嘗有夢之,23821
卷之十九,飛走部,六畜,靑色犬,,23829
卷之十九,飛走部,六畜,綠色犬,綠色者靑色之屬,23835
卷之十九,飛走部,六畜,天降一犬,,23844
卷之十九,飛走部,六畜,犬噬人凶,夢身被犬噬其凶無占矣夢他人者當占曰其人爲何等人以所噬之人推之自明矣,23855
卷之十九,飛走部,六畜,犬相咬凶,此窮途之夢也必有兩人相爭者作事夢之曰大忌無事夢之禍至更防刑獄之事宜戒愼,23859
卷之十九,飛走部,六畜,犬作人言凶,此夢主獄訟之事當以犬之所言者詳之必曰有人作非言言而無信者更有必不可信者,23863
卷之十九,飛走部,六畜,犬死貞吉否凶,此陽剛中正水旺火息之夢夢之當以夢者曰之德行占之有德則吉無德凶又爲食物兆,23867
卷之十九,飛走部,六畜,稻米飯爲犬所食吉,此福至災消病痊志遂之夢夢此者得人曰助力𡨚仇解散財帛豐足家道日興大吉,23872
卷之十九,飛走部,六畜,緄縛一對犬豕凶,此夢者因作事苟且而被人所害以結仇怨曰有三年之凶驗在秋冬之交乃凄凉之景,23876
卷之十九,飛走部,六畜,豕在雲中降下入屋内,,23880
卷之十九,飛走部,六畜,豬嚙足凶,,23886
卷之十九,飛走部,六畜,豕化爲人形,此陰化爲陽之夢也成家成業生子生男曰病𭼞得痊𡨚仇和解但有起訟事在官者,23890
卷之十九,飛走部,六畜,身變作豬形凶,夢此者是其本來面目也此必不得其死者曰人之相貌有豬相者不善終况夢見其眞乎,23896
卷之十九,飛走部,六畜,豕入泥中吉,夢豕安伏卧於污泥之中諸事皆吉又爲生曰男之兆夢豕在泥出入無時屢失屢復之兆,23902
卷之十九,飛走部,六畜,豕渡河吉,夢此歲旱之徵也有處困而亨者夢豕渡河曰去爲災悔消除夢豕渡河來爲酒肴宴會,23906
卷之十九,飛走部,六畜,殺豬凶,此夢不祥兒孫受殃分離骨血連害爹娘,23910
卷之十九,飛走部,六畜,豬被殺復生,此夢主刑獄之事有無事被囚者有㝛𡨚不曰解者有死罪遇赦者有死一子再育一子者,23915
卷之十九,飛走部,六畜,人饋活豬活羊大吉,此夢主喜事至爲聘允酬謝之儀生生之意曰,23919
卷之十九,飛走部,六畜,射豕吉,此有征無戰之景所志必遂之夢也,23924
卷之十九,飛走部,六畜,母豬吉,夢此者生育聚畜之謂也諸物得曰以生諸畜得以聚未有不祥者,23939
卷之十九,飛走部,六畜,母豬生小豬,此致富之夢也而吉處不復吉凶處反加凶曰何也亥運之象也戌運銷物亥運銷人也,23945
卷之十九,飛走部,六畜,母豬生羔羊,,23949
卷之十九,飛走部,六畜,萬羊大吉,,23953
卷之十九,飛走部,六畜,一羊在花下吉,此夢主美歡之兆但以花何名何色曰占之凡夢此必生孝子生女必大貴,23961
卷之十九,飛走部,六畜,羝羊觸藩貞吉否凶,此作事羈遲被傷而不能安之夢也勿曰曰羝羊觸藩不能退不能遂無攸利艱則吉,23967
卷之十九,飛走部,六畜,人饋羊吉,夢此主生男之兆爲陽剛之象而當强曰盛之時壯于進取有事出行反爲凶兆,23972
卷之十九,飛走部,六畜,牽羊大吉,夢此爲一陽來復之瑞徵平康富貴夢之生曰貴子流離顛沛夢之家道興病痊訟息怨解,23978
卷之十九,飛走部,六畜,騎羊貞吉,此夢主自在從容之樂出行不宜夢此夢此曰有假無眞若夢他人騎羊而來者生男必貴,23982
卷之十九,飛走部,六畜,羊車,,23986
卷之十九,飛走部,六畜,刲羊貞吉,夢此主有慶賀之事夢羊血污其身主得財曰夢刲羊無血危厲薰心所求不得所願不遂,23990
卷之十九,飛走部,六畜,盜羊吉,夢此者陰中生陽之象非爲無事之兆也曰必有柔道牽聯而反得貴爵遭逢恩主者,23994
卷之十九,飛走部,六畜,羊負魚凶,夢此爲鮮麗夢此爲鮮有夢此爲魯人之曰徵夢此爲避難之吉夢此爲無交之兆,24000
卷之十九,飛走部,六畜,身忽變爲羊凶,夢此主弄眞成假居正從邪因安致危得吉曰受禍若能愼其所之而借意佯狂則善終矣,24010
卷之十九,飛走部,六畜,活羊無首凶,此有禍莫能解之,24016
卷之十九,飛走部,六畜,羊角羊尾皆拔落,曰羊無角尾王字也,24021
卷之十九,飛走部,六畜,牛無角無尾鬼面似牛頭陰中之陰也,爲官訟陰兆爲鬼魃爲鬼祟爲亡人爲地祗之屬曰爲丑令之年月日時夢牛無角者午也丑午相刑,24027
卷之十九,飛走部,六畜,雲中馳騁貞吉,,24051
卷之十九,飛走部,六畜,官吏乗馬來閱,道途夢此須防大風暴雨平安夢此須防疾曰疫爭訟,24057
卷之十九,飛走部,六畜,乗馬渡水,此夢主險難中得吉處,24073
卷之十九,飛走部,六畜,牛耕茂林中,此夢主往來危厲無中生有禍中生福之徵曰雖小有可以成大雖險中可以得安者勤也,24081
卷之十九,飛走部,六畜,牛背一羝羊,,24085
卷之十九,飛走部,六畜,騎牛吉,夢裏騎牛何處去隱居無事向王朝曰馬背不如牛背便功名那比孝名高,24089
卷之十九,飛走部,六畜,牛作人言,此幽𡨋假借夢中以决狐疑也凡夢之者曰必當以所言推占莫以他事而忽之也,24093
卷之十九,飛走部,六畜,牛生二尾凶,立春在丑月之尾雞鳴在丑時之尾一尾變曰作二尾是分開身後之體損去人馬之物也,24099
卷之十九,飛走部,六畜,牛折一足,此有求未得之兆危處安身之夢也但能恐曰懼脩省則緩中得吉而嫁娶之艱不可免也,24107
卷之十九,飛走部,六畜,乗馬借牛,,24111
卷之十九,飛走部,六畜,牛頭流血大吉,是夢也陽决陰也頭屬陽血屬陰流者决而出曰也又盍衅以釁鐘先成祭器之象大貴兆也,24115
卷之十九,飛走部,六畜,牛撒尿吉,,24121
卷之十九,飛走部,六畜,牛伏戸外凶,,24125
卷之十九,飛走部,六畜,有,,24130
卷之十九,飛走部,六畜,牛止于穴下凶,,24135
卷之十九,飛走部,六畜,牛入寢室,,24142
卷之十九,飛走部,六畜,羣牛下山吉,此晚景榮華之夢,24147
卷之十九,飛走部,六畜,牛在高山頂上,曰夢此爲凶處有吉危處有安又有音信之事曰其凶在草木其吉在文辭能謙以自警无咎,24153
卷之十九,飛走部,六畜,牛涉大水吉,,24157
卷之十九,飛走部,六畜,乗馬入山凶,曰跨馬至深山崎嶇行路難奔馳入曰幽谷一去幾時還此夢非佳兆也,24161
卷之十九,飛走部,六畜,小兒乗馬,夢此自外來生男必貴顯,24179
卷之十九,飛走部,六畜,馬舞舍丁凶,夢此必災禍至馬舞即止其禍小,24189
卷之十九,飛走部,六畜,馬嘶貞吉,,24196
卷之十九,飛走部,六畜,三馬共一處,,24200
卷之十九,飛走部,六畜,四馬六馬同駕吉,此大貴之夢兆而貧賤者夢之雖在曰難之中亦無患乃駕車安行之象也,24204
卷之十九,飛走部,六畜,萬馬貞吉否凶,夢此者主心事不寧家門駁雜須靜曰以鎭之安以待之勿輕舉妄動則吉,24208
卷之十九,飛走部,六畜,洗馬,求利者夢之吉處見災殃災殃亦無𰋶求名曰者夢之難處見吉祥吉祥不可量曰是官名,24213
卷之十九,飛走部,六畜,飲馬吉,夢此者諸事得濟更得其所憑依上下相曰相和前後相益出言信而人心服者,24219
卷之十九,飛走部,六畜,馬無蹄凶,,24223
卷之十九,飛走部,六畜,駒吉,夢此爲少陽之象爲富貴之徵有作事成曰家之會有出行康泰之畿生男必俊,24235
卷之十九,飛走部,六畜,驢騾,夢此者與夢馬相似但夢驢主官事曰夢騾主貨利之事爲多勞而無逸也,24239
卷之十九,飛走部,六畜,乗騾貞吉否凶,此夢有多累之象而歷渉艱辛自有佳祥在後曰,24243
卷之十九,飛走部,六畜,乗驢,,24249
卷之十九,飛走部,六畜,━━━━━━━━━━━━━━━━━━━━━━━━━━━━━━━━━━━━━━━━━━━━━━━━━━━━━━━━━━━━━━━━━━,,24259
卷之十九,飛走部,六畜,━━━━━━━━━━━━━━━━━━━━━━━━━━━━━━━━━━━━━━━━━━━━━━━━━━━━━━━━━━━━━━━━━━,,24261
卷之二十,飛走部,羽族,靑鸞來自雲中吉,,24278
卷之二十,飛走部,羽族,鵬飛過海大吉,欽賜不拘常式仕宦受特恩破格陞遷□曰兵立功於絶域商賈鬻販獲利於逺□□,24282
卷之二十,飛走部,羽族,跨鵬飛上天,,24290
卷之二十,飛走部,羽族,金翅鳥吉,,24294
卷之二十,飛走部,羽族,鳥食龍蛇凶,,24298
卷之二十,飛走部,羽族,紫翎文鳥降于庭吉,,24302
卷之二十,飛走部,羽族,鳥飛入口中吉,,24310
卷之二十,飛走部,羽族,鵰在雲端,,24321
卷之二十,飛走部,羽族,射鵰大吉,,24325
卷之二十,飛走部,羽族,鶚集于屋吉,,24329
卷之二十,飛走部,羽族,白鶴大吉,,24335
卷之二十,飛走部,羽族,玄鶴黃鶴吉,,24341
卷之二十,飛走部,羽族,駕鶴冲天,,24345
卷之二十,飛走部,羽族,鶴飛去凶,,24351
卷之二十,飛走部,羽族,鸛營巢大吉,,24355
卷之二十,飛走部,羽族,鶖在河梁,,24359
卷之二十,飛走部,羽族,錦雞集園林吉,,24364
卷之二十,飛走部,羽族,金雞大吉,西方之昴宿也夢見其形者位列朝班夢曰聞其聲者名滿天下夢吞之者生子極貴,24368
卷之二十,飛走部,羽族,翠雞化鶚,,24374
卷之二十,飛走部,羽族,射雉吉,,24378
卷之二十,飛走部,羽族,孔雀舞于庭吉,,24385
卷之二十,飛走部,羽族,孔雀銜花吉,,24391
卷之二十,飛走部,羽族,赤雀銜丹書大吉,此聖王之瑞受命之符也夢此者德造其極天降曰之福化家爲國子孫千億宜君宜王萬壽無疆,24400
卷之二十,飛走部,羽族,雁入雲中,,24406
卷之二十,飛走部,羽族,鴻雁來庭院吉,,24413
卷之二十,飛走部,羽族,射中飛鴻大吉,,24419
卷之二十,飛走部,羽族,鶴雁來迎,,24423
卷之二十,飛走部,羽族,黃鵠高飛吉,,24427
卷之二十,飛走部,羽族,白鷴吉,,24431
卷之二十,飛走部,羽族,白鷺于雲吉,夢此者爲靑雲得路之兆書生學問日進才智過曰人舉子文章高妙功名唾手凡事通達吉無不利,24438
卷之二十,飛走部,羽族,鸂𪅙𩀱飛吉,,24442
卷之二十,飛走部,羽族,鵪鶉,,24448
卷之二十,飛走部,羽族,練雀,,24453
卷之二十,飛走部,羽族,倉庚鳴樹上吉占,,24458
卷之二十,飛走部,羽族,燕舞梁間大吉,,24462
卷之二十,飛走部,羽族,燕巢林木凶,,24466
卷之二十,飛走部,羽族,白燕入懷中大吉,燕玄鳥也白者爲奇夢入懷中主有非常之喜,24472
卷之二十,飛走部,羽族,赤烏三足吉,,24480
卷之二十,飛走部,羽族,赤烏若龍戲巳,,24488
卷之二十,飛走部,羽族,白烏,,24493
卷之二十,飛走部,羽族,羣烏聚集,,24498
卷之二十,飛走部,羽族,身化爲烏貞吉否凶,詩云瞻烏爰止于誰之屋夢身爲烏者當詳曰其所止處耳得所止則吉不得所止則凶,24503
卷之二十,飛走部,羽族,烏鴉銜物於庭前,,24512
卷之二十,飛走部,羽族,慈烏反哺大吉,,24521
卷之二十,飛走部,羽族,鵲成巢大吉,,24526
卷之二十,飛走部,羽族,簷前鵲噪大吉,,24530
卷之二十,飛走部,羽族,雎鳩和鳴吉,,24534
卷之二十,飛走部,羽族,鴛鴦戲水吉,,24538
卷之二十,飛走部,羽族,鳬鷖在水中,,24542
卷之二十,飛走部,羽族,鳬飛入宅凶,,24546
卷之二十,飛走部,羽族,水鷗來往,,24552
卷之二十,飛走部,羽族,鳲鳩吉,,24560
卷之二十,飛走部,羽族,鵙鳴,,24566
卷之二十,飛走部,羽族,鸚鵡傳言,,24570
卷之二十,飛走部,羽族,鸚鵡折翼,,24574
卷之二十,飛走部,羽族,白鸚𪃿飛舞吉,,24578
卷之二十,飛走部,羽族,鷹大吉,,24582
卷之二十,飛走部,羽族,鷹搏雀吉,,24586
卷之二十,飛走部,羽族,鷂展翅,,24591
卷之二十,飛走部,羽族,鳶吉鴟類能高飛遠舉,雲漢武土露其爪牙奮揚邊疆山林隱逸之賢,24598
卷之二十,飛走部,羽族,鶡鵙凶,,24606
卷之二十,飛走部,羽族,鶢鶋入室,,24610
卷之二十,飛走部,羽族,鷦鷯棲樹吉,,24614
卷之二十,飛走部,羽族,鴝鵒,,24620
卷之二十,飛走部,羽族,鶺鴒在原野,,24625
卷之二十,飛走部,羽族,子規月下啼,,24629
卷之二十,飛走部,羽族,黃雀吉,,24633
卷之二十,飛走部,羽族,瓦雀,,24640
卷之二十,飛走部,羽族,鴇鳥凶詩云肅肅搗羽集于苞栩王事靡盬不遑萟稷黍,夢此主征役遠行田疇荒廢不得仰事俯育之兆曰,24646
卷之二十,飛走部,羽族,鴟鴞凶,,24653
卷之二十,飛走部,羽族,鵩,,24660
卷之二十,飛走部,羽族,凶,,24662
卷之二十,飛走部,羽族,鷸蚌相持吉,,24668
卷之二十,飛走部,水族,騰蛟大吉,,24679
卷之二十,飛走部,水族,蛟龍入懷吉,,24683
卷之二十,飛走部,水族,蛇化蛟大吉,,24687
卷之二十,飛走部,水族,蜿蜒降于池吉,,24691
卷之二十,飛走部,水族,蜃貞吉蛟屬雉入大水爲蜃者即此凡夢之者豪傑未遇,當韜光養晦士大下第宜歛跡藏修一朝際會風曰雲指日飛騰霄漢若欲速則不達也,24695
卷之二十,飛走部,水族,黿曝日大吉,,24702
卷之二十,飛走部,水族,黿囓足,,24706
卷之二十,飛走部,水族,鼉吉,,24710
卷之二十,飛走部,水族,大龜,,24715
卷之二十,飛走部,水族,鰲魚貞吉否凶海中極犬之鼈也,出塞孕婦夢此生貴子𡬶常夢之凡百煎熬諸事曰不,24725
卷之二十,飛走部,水族,鱷魚貞吉,,24733
卷之二十,飛走部,水族,鯤魚吉,,24739
卷之二十,飛走部,水族,鯨魚,,24745
卷之二十,飛走部,水族,鯉魚大吉,,24752
卷之二十,飛走部,水族,鱒魴大吉,,24756
卷之二十,飛走部,水族,鱣鮪吉,,24760
卷之二十,飛走部,水族,魴鱮,,24764
卷之二十,飛走部,水族,嘉魚吉,,24772
卷之二十,飛走部,水族,魚求去釣鈎吉,,24776
卷之二十,飛走部,水族,釣得大魚吉,,24780
卷之二十,飛走部,水族,魚在藻吉,,24784
卷之二十,飛走部,水族,魚飛在天大吉,,24788
卷之二十,飛走部,水族,魚變爲人,,24792
卷之二十,飛走部,水族,人惠魚吉,魚美味也夢入惠者爲雅貺主喜慶之兆活曰魚得財帛腥魚得飲食乾魚得羨餘之利,24796
卷之二十,飛走部,水族,舉網得魚大吉,,24800
卷之二十,飛走部,水族,魚食蒲,,24804
卷之二十,飛走部,水族,思食稻禾凶,是夢也主大水爲災之兆,24808
卷之二十,飛走部,水族,魚囓人凶,,24814
卷之二十,飛走部,水族,大魚躍水盆中,,24826
卷之二十,飛走部,水族,鼈,,24832
卷之二十,飛走部,水族,能,,24841
卷之二十,飛走部,水族,吉,,24843
卷之二十,飛走部,水族,黄甲蟹貞吉,,24850
卷之二十,飛走部,水族,蟹去足吉,,24854
卷之二十,飛走部,水族,蟹滿田原貞吉,,24858
卷之二十,飛走部,水族,蟛𧑅,,24864
卷之二十,飛走部,水族,凶,,24866
卷之二十,飛走部,水族,蚌吉,,24873
卷之二十,飛走部,水族,蛤蜊,,24881
卷之二十,飛走部,水族,蜆蟶蚶,,24893
卷之二十,飛走部,水族,鰻吉,,24897
卷之二十,飛走部,水族,鰍躍水中吉,,24901
卷之二十,飛走部,水族,鱔魚貞吉,,24905
卷之二十,飛走部,水族,蝦凶,,24909
卷之二十,飛走部,水族,蝦蟇吉,,24913
卷之二十,飛走部,水族,蛙閙貞吉,,24917
卷之二十,飛走部,昆蟲,虺蛇吉,詩云維虺維蛇女子之祥虺蛇陰物穴處曰柔弱隱伏凡夢之者生女必賢且得貴壻,24926
卷之二十,飛走部,昆蟲,黃蛇亘天,,24930
卷之二十,飛走部,昆蟲,天誅大蛇,,24934
卷之二十,飛走部,昆蟲,脚踏蛇吉,,24942
卷之二十,飛走部,昆蟲,蛇生足凶,,24947
卷之二十,飛走部,昆蟲,蛇繞于身吉,,24956
卷之二十,飛走部,昆蟲,羣蛇緣城四出凶,,24970
卷之二十,飛走部,昆蟲,蝟攻穴破城,此夢主宼盜作亂之象其禍不小而出,24974
卷之二十,飛走部,昆蟲,螭,,24982
卷之二十,飛走部,昆蟲,大吉,螭來蛇螫皆除盡夢之果係辟,24984
卷之二十,飛走部,昆蟲,田䑕食粟,夢此主他人之福非巳有也但巳見之耳其曰驗在流離顚沛之人凡夢田鼠皆吉无咎,24990
卷之二十,飛走部,昆蟲,黃鼠,似鼠非䑕似狼非狼諸鳥及雞鴨無不畏之曰而其畏猫畏犬如畏虎凡夢之者凶中得吉,24994
卷之二十,飛走部,昆蟲,白䑕吉,此主積財致富之夢鼠自外來主得外曰財自內出主交易伏而不動有得無失,25001
卷之二十,飛走部,昆蟲,鼠伏蓋下,夢此主逃𥨥之兆富貴安居則有小人隱藏曰不可不察也難中人夢之遠向西南遯去吉,25005
卷之二十,飛走部,昆蟲,鼠忽死凶,鼠屬子爲百物之始羣生莫小焉爲人父而曰夢此嗚呼其子亡乎無子者夢之則其符也,25009
卷之二十,飛走部,昆蟲,鼠入衣下,,25013
卷之二十,飛走部,昆蟲,鼫鼠大如犬凶,此夢爲易卦晉之剝易曰晉如鼫鼠貞厲位曰不當也蓋夢此者自大自剛雖正亦危道也,25017
卷之二十,飛走部,昆蟲,田鼠入室,夢此者福將至而未章者也夏月田鼠化爲鴽曰鴽者蝠也蝠者福之象但目前尚有可惻者,25021
卷之二十,飛走部,昆蟲,田鼠在井中,夢此則有井渫不食之象焉田鼠形小而污曰非井中所居居在穴故夢此尤可惻之甚,25025
卷之二十,飛走部,昆蟲,䑕化猫,此小人假威權之夢也猫者柔而害物䑕者晝曰伏夜動鼠化爲猫則僕役得以張牙露爪矣,25029
卷之二十,飛走部,昆蟲,鼠化成人形吉,,25033
卷之二十,飛走部,昆蟲,鼠竄,此災消禍解之夢也姦邪遠避盜退仇息諸曰事皆无咎惟官吏夢鼠𥨥城墻穴中有姦盜,25037
卷之二十,飛走部,昆蟲,飛蟲遍體入膚復出,,25041
卷之二十,飛走部,昆蟲,一飛蟲入目內凶,夢此必有一匪人與比眤者將有大凶來臨曰若夢入而復出尚有可生之機因入腹者死,25049
卷之二十,飛走部,昆蟲,飛蟲自耳中出,此災消禍散之夢也而病人夢之不祥蓋飛曰虫是其魂也魂有三尸若夢三虫三尸去也,25053
卷之二十,飛走部,昆蟲,身化爲飛蟲飛入雲中,此羽化而登仙之夢也學者夢之登高第術曰士夢之道大行惟有病人最忌而有頓痊者,25057
卷之二十,飛走部,昆蟲,身化爲蝴蝶,,25062
卷之二十,飛走部,昆蟲,蝴蝶飛來撲殺之吉,夢此主得外財又爲生意叠叠之兆有曰禍必解有憂必散有事必成有求必得,25068
卷之二十,飛走部,昆蟲,蝴蝶飛窓前,此作事難成之夢也而必有邂逅相逢者曰無事夢之必有事事成夢之必有變更,25072
卷之二十,飛走部,昆蟲,蝴蝶飛于帳中,夢中蝴蝶帳中飛帳裏無花何所棲曰此身有事他方去床上無人被蝶欺,25076
卷之二十,飛走部,昆蟲,靑蚨自外飛來集几上,此夢得錢財無心忽有來萃聚戌家富僥倖曰且開懷,25080
卷之二十,飛走部,昆蟲,靑蚨自内飛出向戸升去,靑蚨母子全一去九飛旋,25085
卷之二十,飛走部,昆蟲,螽斯大吉,曰螽斯百子衍慶一家夢兆大吉生男榮華無論飛來飛去縱是亨佳子孫繁盛福壽增加,25090
卷之二十,飛走部,昆蟲,蟋蟀,,25094
卷之二十,飛走部,昆蟲,蜻蜓飛滿空中,此夢爲萬民歡悅而不能隱之象也有金珠曰之兆焉有雲雨之兆焉虚巳以應人者得吉,25103
卷之二十,飛走部,昆蟲,蜻蜓點水飛,,25107
卷之二十,飛走部,昆蟲,蜻蜓對對飛來庭院,此夢主嬌娥麗姿之象平居無所事忽曰有美人來而有求萃聚而不可得者,25111
卷之二十,飛走部,昆蟲,蜻蜓自食其尾,此主吉事之夢而有得珍器寳玩之兆焉曰又爲自食巳資弗以干人弗以與人之,25115
卷之二十,飛走部,昆蟲,螮蟷子捉蜻蜓,,25119
卷之二十,飛走部,昆蟲,蠓飛滿帳凶,此難中之夢也夢之者其柔順以當大難乎曰能正其志避亦可不避亦可或曰癆瘵之症,25123
卷之二十,飛走部,昆蟲,蠓蠵飛滅燈光,此夢主停爨之兆其不能正其身者夢之不曰祥不以飲食之心爲心自有天命又何妨乎,25127
卷之二十,飛走部,昆蟲,撲燈蛾撲滅燈火,夢中灯火是心經灯蛾撲滅此心寧曰剛柔二氣相感應只因取女有虚驚,25131
卷之二十,飛走部,昆蟲,飛蛾入口中凶,,25135
卷之二十,飛走部,昆蟲,麥蛾滿野貞吉,此諸事未得濟者之所夢也有事出行者夢之曰宜登舟則安康不宜從陸路陸路有不便處,25141
卷之二十,飛走部,昆蟲,麥蛾滿碗上,此夢主災眚出門防疾病疾病忌出行曰無事反不寧不寧在飲食心剛持正吉,25145
卷之二十,飛走部,昆蟲,一麥蛾眼前飛來飛去,自家兄弟文書事夢裏看看象麥蛾曰雖然不是剛强性成事虚張得泰和,25149
卷之二十,飛走部,昆蟲,蠶蛾出繭中吉,此夢主尚簡而成文之象有婚姻喜事至曰求子夢之生貴子若在養蠶者夢之不占,25153
卷之二十,飛走部,昆蟲,蠶蛾集樹上吉,夢此爲柔道牽聯之象欲簡而煩欲隱而揚,25157
卷之二十,飛走部,昆蟲,蠶蛾生子大吉,夢此者因謙而得譽因勞而有功,25162
卷之二十,飛走部,昆蟲,蠶蛾飛不出戸,此積産成家之夢也,25167
卷之二十,飛走部,昆蟲,繭中照見蠶蛾,此夢主聰明有實之事或以無曰爲有以有爲無而羣疑自忘者,25172
卷之二十,飛走部,昆蟲,養蠶大吉,蠶者絲綸之所自生也,25176
卷之二十,飛走部,昆蟲,蠶忽化爲蛾吉,夢此速急成功之兆也險處得康難中得解曰作亊無私爲公不爲巳治身不治家之夢,25185
卷之二十,飛走部,昆蟲,蠶蛾飛入繭中凶,此夢必有陰柔人貴而反賤者一心只爲曰私私事巳破而其身伏藏以就死地者也,25189
卷之二十,飛走部,昆蟲,蜜蜂採花貞吉,,25193
卷之二十,飛走部,昆蟲,蜜蜂成羣擁蜂王飛上天,,25197
卷之二十,飛走部,昆蟲,蜜蜂剌巳身凶,此夢者剌客之機也其有小人仇怨者乎曰,25206
卷之二十,飛走部,昆蟲,露蜂或曰蝴蜂,夢此爲起家之吉兆而求子夢之不祥,25212
卷之二十,飛走部,昆蟲,露蜂集頭頂凶,夢此主疑獄之事,25219
卷之二十,飛走部,昆蟲,滿樹露蜂房,此小人蜂聚之象也,25224
卷之二十,飛走部,昆蟲,露蜂死滿地,夢此太陽興而羣陰伏政治嚴而羣盜散豐曰年之兆而富貴居家須防火災病者夢之痊,25231
卷之二十,飛走部,昆蟲,蟬鳴吉,蟬有五德飲而不食應候而鳴夢聞其鳴者曰主有遠信至又主高人逸士聲應氣求之兆,25235
卷之二十,飛走部,昆蟲,蟬飛集冠上大吉,此夢者大貴者之兆也文士爲朝中清曰要職武士爲護駕左右臣蟬冠之象也,25239
卷之二十,飛走部,昆蟲,蟬入室中吉,夢此必有貴人來至者其或有嘉音喜信曰乎其或有賢士相親近清名振遐邇乎,25243
卷之二十,飛走部,昆蟲,螳螂捕蟬凶,此弱遇强難保其身之勢也夢之者必有小曰人侵害焉或有口舌爭訟之事愼之愼之,25247
卷之二十,飛走部,昆蟲,螳螂攘臂貞吉,此其自以爲勇者,25251
卷之二十,飛走部,昆蟲,螳螂闚戸貞吉否凶,夢此必有小人觀瞰者,25257
卷之二十,飛走部,昆蟲,絡緯鳴月下,絡緯摧婦懶秋聲振夜闌,25264
卷之二十,飛走部,昆蟲,絡緯在几無聲,摧促多頭緒相思不用言,25270
卷之二十,飛走部,昆蟲,絡緯避蝗貞吉,此夢者以寡避衆以女避男之曰象艱險可避禍患有解之兆,25276
卷之二十,飛走部,昆蟲,蝗飛如陳雲去,蝗虫所至歲荒民飢高飛遠舉他方去矣,25280
卷之二十,飛走部,昆蟲,蝗飛水面大吉,,25285
卷之二十,飛走部,昆蟲,虼蜢欺蝗而蝗死,此夢爲解難之象而小人必有受災殃者曰,25289
卷之二十,飛走部,昆蟲,虼蜢滿庭,夢中虼蜢是生靈因何集聚滿家庭曰生生不巳來何處大貴之人莫用刑,25294
卷之二十,飛走部,昆蟲,虼蜢螻蛄相聚,,25298
卷之二十,飛走部,昆蟲,螻蛄在窓下,貴人夢之主獄囚感恩富人夢之主乞丐求食,25306
卷之二十,飛走部,昆蟲,鴽從天上飛來鴽又名蝙蝠,此夢主天神降福之兆必有大喜事功曰成志遂利益名揚災消病除子賢壽永,25311
卷之二十,飛走部,昆蟲,鴽食蚊蚋吉,夢以駕爲福星之主夢之者有可惻之故曰而遇主福之人以救解之象可喜可賀,25316
卷之二十,飛走部,昆蟲,蚊蚋遍體貞吉,此危處安身禍中得福之夢兆,25320
卷之二十,飛走部,昆蟲,撲殺一蚊滿手血凶,夢此者因强遇暴吉處逢凶,25325
卷之二十,飛走部,昆蟲,蚊蠅如市,,25331
卷之二十,飛走部,昆蟲,蠅矢積堦凶,,25340
卷之二十,飛走部,昆蟲,蠅頭聚鼻上驅之不去,鼻者輔弼之謂也,25350
卷之二十,飛走部,昆蟲,蠅䗂集背上貞吉否凶,君子夢之大吉將有暗傷其讒諛輩者曰讒諛夢之大凶,25356
卷之二十,飛走部,昆蟲,蠅䗂多無數,,25362
卷之二十,飛走部,昆蟲,羣蟻聚扛蠅䗂,此讒諛被害而害讒人者又爲羣頑所𢦤害曰之兆也夢此者必謹言自守而後可以保身,25366
卷之二十,飛走部,昆蟲,羣蟻扛螢凶,此文明遭大難之夢也夢此有書生曰被人侮者病人夢之有虫在經絡,25370
卷之二十,飛走部,昆蟲,螢飛螢集滿庭前,此夢主清光照野萬物化生之象有天下和曰平之景往來平易之地無驚憂暗昧之情,25374
卷之二十,飛走部,昆蟲,螢入帳被貞吉,夢此主有外客至凡過於弱者以虚爲壯過曰于勇者視有如無於是推之所至者可知矣,25378
卷之二十,飛走部,昆蟲,螢無首無翅凶,此鬼崇求食之夢也夢此該設醮脩齋有病曰患難愈者宜普放水陸燈如中元所作法事,25382
卷之二十,飛走部,昆蟲,螢入腹中吉,此夢爲明心之兆有赦過宥罪之祥遇險曰得陟遇難得解凡事宜作速用火宜小心,25386
卷之二十,飛走部,昆蟲,螢集如珠燈吉,此夢爲文明之象而有照臨之兆明日得一曰明鏡則驗矣若病患夢之須防秋後之景,25390
卷之二十,飛走部,昆蟲,螢自日中出貞吉,,25394
卷之二十,飛走部,昆蟲,螂虱秋蛩其形大如黍,秋蛩鳴四壁卿虱聲喞喞,25398
卷之二十,飛走部,昆蟲,蟑螂飛舟中曰蟑螂厨中曰竈雞,蟑螂有翅不能飛夢裏飛來果是奇曰道路貧窮眞困苦始信人家有竈雞,25405
卷之二十,飛走部,昆蟲,蟑螂入被中貞吉,此好潔而不潔無疑而有疑之夢夢者須曰防小口有悔或有閑雜是非至無妨也,25410
卷之二十,飛走部,昆蟲,蛒𧉮與蟑螂羣聚,夢此主困窮之輩有小事相聚也貴人夢之曰當以寛恕理刑獄貧人夢之當以潔淨保身,25414
卷之二十,飛走部,昆蟲,蟁或蠈生于田中,,25418
卷之二十,飛走部,昆蟲,𧏙螂堆積如毛凶,此主失財之夢夢之者千金費盡無疑惑一曰錢不廢有憂驚不是賊來偷即是人刻剝,25423
卷之二十,飛走部,昆蟲,獸銜𧏙螂來,曰夢此主惡人之象有惡人以異事驚恐者但曰能以禮待之以義遠之以智服之則無咎矣,25427
卷之二十,飛走部,昆蟲,𧏙螂在床下凶,此貧窮危厲之夢也貧賤夢之無妨貴人夢曰之騐在遠行富家夢之不祥又有病患事,25431
卷之二十,飛走部,昆蟲,牛蝱集于膚吉,夢之主得財有勤勞費力之事貴人夢此將曰有事于田野富人夢此當高尚以自安矣,25435
卷之二十,飛走部,昆蟲,狗蠅飛來吉,夢此者得小人之財無勞而有功志廉而曰不可却困窮夢之無悔疾病夢之必痊,25439
卷之二十,飛走部,昆蟲,龍虱從天降吉,龍虱者海錯之異味也夢之必曰必有美酒佳餚以自意外者,25443
卷之二十,飛走部,昆蟲,龍虱在衣内吉,此大貴人所夢也天子賜燕之兆庶人在田曰野亦有皇恩者無因受恩澤反有病患焉,25447
卷之二十,飛走部,昆蟲,鶴虱吉,夢鶴虱者亦是酒食但其所從來者不同耳曰因口舌之事而得之或謂惡人之物而吉者,25451
卷之二十,飛走部,昆蟲,鵝虱吉,夢此主得財似難而實易似少而實多積曰小以成大因時以順行頃刻立就者也,25455
卷之二十,飛走部,昆蟲,螫虱臭虫,夢此主財物之兆其財非一人之事,25459
卷之二十,飛走部,昆蟲,蚤虱自土中出,此作事艱難之夢也,25465
卷之二十,飛走部,昆蟲,蚤虱滿床席,夢此者居之不能安而所畜必有損困苦寒曰窮之故也,25470
卷之二十,飛走部,昆蟲,自吞蚤虱,此不得志者之所夢也,25475
卷之二十,飛走部,昆蟲,蚤虱跳入水中吉,夢此者意之所至事必至焉可以解憂可曰以無患可以遂其所欲可以逺其所惡者,25480
卷之二十,飛走部,昆蟲,捉虱吉,此自求多富之夢也求巳不求人財自巳生曰病自巳却愁自巳解壽自巳廷維天所祐,25484
卷之二十,飛走部,昆蟲,虱生滿衣捉去置地爲雞犬所食,百計千般財得積一朝虛盡口難言曰𨚫還乾潔無齎促勝如煩惱有憂煎,25488
卷之二十,飛走部,昆蟲,他人身上虱飛來吉,他人身士虱飛來飛來叮痛夢生哀曰夢中只道多愁苦覺後無心得外財,25492
卷之二十,飛走部,昆蟲,虱自肌膚内生出大吉,,25496
卷之二十,飛走部,昆蟲,羣蛆食體大吉,此君子體仁爲羣生所曰趨附之象夢之者大吉,25502
卷之二十,飛走部,昆蟲,一蛆從糞中出吉,糞屬金中之土故於夢兆爲財物夢此者曰有人以財物之故而來也其得財之兆乎,25508
卷之二十,飛走部,昆蟲,蠐螬食李貞吉,此夢主救苦之兆而有非爲者必遇大禍若曰富貴者夢之他家之事有外人作内主者,25512
卷之二十,飛走部,昆蟲,蠐螬在所坐處,夢此爲所交相感所求相應之兆感應之理曰微幸遇其曹因而以齊相與相恱其吉可知,25516
卷之二十,飛走部,昆蟲,蚯蚓行草中蚯蚓一名蛐蟮一名上龍,夢此者幹事宜𦂳不宜慢宜勵不宜寛若病曰人夢之或無病而屢屢夢之則爲蠱症之象,25520
卷之二十,飛走部,昆蟲,蚯蚓大如蛇吉,此夢爲陰難將解之兆訟事夢之遇赦出行曰夢之宜速廻病患夢之爲胃虫又爲雨兆,25527
卷之二十,飛走部,昆蟲,蚯蚓入室,夢此者將有逃避是非之人來求曰隱居者當以夢中聲色占其吉兆,25531
卷之二十,飛走部,昆蟲,蝸牛滿野,蝸牛之虫水道之陰遇陽而生其性刻曰火凡夢此者利女人之貞爲貧窮之景,25535
卷之二十,飛走部,昆蟲,蝸牛在壁上,此淹蹇苦楚之景象也凡夢之者爲有陰在曰前之兆恐是不知其所止而止之者知止吉,25539
卷之二十,飛走部,昆蟲,蜒蝣在几席,夢此者居不當其位行不得其正聰不得其曰明有難信之言與心意相反而必宜從之者,25543
卷之二十,飛走部,昆蟲,蜒蝣回繞蜈蚣,,25547
卷之二十,飛走部,昆蟲,蜈蚣剌蜒蝣,,25555
卷之二十,飛走部,昆蟲,蜈蚣百數集于左右,凡夢此者相與有惡人而少善人也當斯時曰也必能正其身而家道正家道正而无咎矣,25560
卷之二十,飛走部,昆蟲,蜈蚣盬蛇腦,此夢者小惡人謀殺大惡人之象也必有曰身榮家富行止不正者被强暴小人所害,25564
卷之二十,飛走部,昆蟲,虼𧎇在床下,,25568
卷之二十,飛走部,昆蟲,執一虼𧎇在手中,夢此爲銅錢之象當以景象推焉握之者有曰所得也棄之者有所失也死者不過如斯也,25572
卷之二十,飛走部,昆蟲,蝎滿四壁吉,此夢爲遷依之吉夢蝎者歇也是曰是可以歇其身家之所在也,25576
卷之二十,飛走部,昆蟲,守宮吞蝎守宮一名螭䗂一名壁䗂,夢此主畜養婢僕之瑞徵必得賢且美者螭曰者有智巧而無邪心善守而能捍患者也,25580
卷之二十,飛走部,昆蟲,蟢蛛蝙蟢又名壁蟢,夢此有喜事之兆而所事甚小所曰喜甚微亦未當爲大事亦無他患,25585
卷之二十,飛走部,昆蟲,蜘蛛吉,蜘蛛虚巧勝于蠶張羅布網向空簷曰夢中滿腹絲綸綍剛火聪明養聖賢,25590
卷之二十,飛走部,昆蟲,蟻哫蜘蛛貞吉,此以小犯上之夢而於小口有災悔之徵曰所居尚德所養得調驗在他人於巳無咎,25594
卷之二十,飛走部,昆蟲,蟻化爲人形,蟻爲昆蟲之微而有君臣之義有巢穴之巧曰有遷依之智夢中見之似人其蟻王之神乎,25598
卷之二十,飛走部,昆蟲,━━━━━━━━━━━━━━━━━━━━━━━━━━━━━━━━━━━━━━━━━━━━━━━━━━━━━━━━━━━━━━━━━━,,25607
卷之二十,飛走部,昆蟲,━━━━━━━━━━━━━━━━━━━━━━━━━━━━━━━━━━━━━━━━━━━━━━━━━━━━━━━━━━━━━━━━━━,,25609
卷之二十一,珍玩部,金銀,金光燦爛大吉,,25626
卷之二十一,珍玩部,金銀,紫磨金,紫磨金謂之楊邁金范邁母夢人鋪楊邁金席與曰巳生兒兒生席色昭晰後生子名曰邁爲林邑王,25632
卷之二十一,珍玩部,金銀,馬蹄金,,25636
卷之二十一,珍玩部,金銀,金鈴,,25642
卷之二十一,珍玩部,金銀,金盔吉,,25646
卷之二十一,珍玩部,金銀,金爵吉,,25650
卷之二十一,珍玩部,金銀,金匱貞吉否凶,匱者乏也夢之者財氣耗竭如匱中有金則爲士曰人之資藏器而動應在庚辛申酉年月求謀得濟,25654
卷之二十一,珍玩部,金銀,金牌懸掛凶,夢此當有緊急之事必主大人號召志曰士遇之而扼腕勇士値之而喪氣者,25659
卷之二十一,珍玩部,金銀,金帶吉,,25663
卷之二十一,珍玩部,金銀,金鼎吉,,25669
卷之二十一,珍玩部,金銀,大金鐘吉,,25673
卷之二十一,珍玩部,金銀,金剛鑽吉,,25677
卷之二十一,珍玩部,金銀,金丹吉,,25681
卷之二十一,珍玩部,金銀,金彈丸吉,,25685
卷之二十一,珍玩部,金銀,金仙貞吉,,25689
卷之二十一,珍玩部,金銀,丈六金身吉,,25693
卷之二十一,珍玩部,金銀,金冠吉又以朿髪而不,使亂再以裝飾而儼威儀士子夢之功名唾手仕曰宦兆此入則絲綸黃閣出則掌握元戎商賈經營,25699
卷之二十一,珍玩部,金銀,金魚吉,,25713
卷之二十一,珍玩部,金銀,金猊煙銷寶,篆銀漢參橫此又景象之闌珊富麗中之寂寞者曰也夢中之况想其濃淡以定吉凶可耳,25719
卷之二十一,珍玩部,金銀,金貂貞吉,人衆君子獨必脩身謹行母溺于女色受逆耳忠曰告之諫百凡可,25728
卷之二十一,珍玩部,金銀,金釵吉,,25736
卷之二十一,珍玩部,金銀,金鐶凶,,25742
卷之二十一,珍玩部,金銀,金鈿不利,秪緣世事多繁冗魂魄還依幻處狂,25748
卷之二十一,珍玩部,金銀,金杯吉,,25755
卷之二十一,珍玩部,金銀,金磬不利,自是一般清趣味𨚫來夢裏豈尋常,25761
卷之二十一,珍玩部,金銀,金盤大吉,固是貴徵佳美兆斯人,25770
卷之二十一,珍玩部,金銀,金瓶貞利,,25778
卷之二十一,珍玩部,金銀,金毬吉金爲重墜毬乃圓轉,任而得活變之機目下只要守正持身待時發動曰士子文思如流商賈生涯轉轂婚姻得智慧之女病人遇明了之醫,25787
卷之二十一,珍玩部,金銀,金針吉拈來補綴,久困未遭興永歎於今將以遇知音,25797
卷之二十一,珍玩部,金銀,金钩利萬里夢,之者主文人開心頴慧學業懞昧者忽爾開悟臨曰官燭幽洞隠民情蔽匿者破其姧宄常人時運方亨利源通達行人有阻,25806
卷之二十一,珍玩部,金銀,金甲吉曰能退伏又,堅持一點葵心赤滅虜降胡事果奇,25816
卷之二十一,珍玩部,金銀,金鐸貞利,仰服九流術業大行,25826
卷之二十一,珍玩部,金銀,金絡索吉夢此兆,者士子主於詞林翰苑即末能仕宦亦不失於文曰墨清高商賈錢財萬貫未娶者有女端潔求婚,25837
卷之二十一,珍玩部,金銀,金勒貞吉勒馬銜也,淫佚夢囘能戒儆何愁林外鷓鴣啼,25847
卷之二十一,珍玩部,金銀,金牛吉,,25857
卷之二十一,珍玩部,金銀,金闕金殿,,25861
卷之二十一,珍玩部,金銀,大吉,,25863
卷之二十一,珍玩部,金銀,還金貞利,,25869
卷之二十一,珍玩部,金銀,償金吉,,25873
卷之二十一,珍玩部,金銀,得金貞利,,25877
卷之二十一,珍玩部,金銀,𨚫金吉,,25881
卷之二十一,珍玩部,金銀,賜金吉,,25885
卷之二十一,珍玩部,金銀,散金吉,,25889
卷之二十一,珍玩部,金銀,埋金,,25893
卷之二十一,珍玩部,金銀,鎔金吉,,25899
卷之二十一,珍玩部,金銀,分金吉,,25903
卷之二十一,珍玩部,金銀,堆金如山,,25907
卷之二十一,珍玩部,金銀,金沙布地凶,,25911
卷之二十一,珍玩部,金銀,甃金作堦大吉,,25917
卷之二十一,珍玩部,金銀,冶金成器吉,,25927
卷之二十一,珍玩部,金銀,點鐵成金吉,,25934
卷之二十一,珍玩部,金銀,磨金作屑利,此兆乃垢滓淨而光明見士子宜自淬礪當有進曰身之日凡事在人切磋自勉則名得成利得就,25942
卷之二十一,珍玩部,金銀,金甌大吉,,25946
卷之二十一,珍玩部,金銀,金印纍纍吉,此大臣相天子肘後所懸者也夢此必大貴位兼曰將相合掌軍民常人夢之亦有執持凡事有把握,25950
卷之二十一,珍玩部,金銀,金鳳大吉,,25954
卷之二十一,珍玩部,金銀,金龜,,25960
卷之二十一,珍玩部,金銀,金鳥吉,昏暮時來畫閣中百年心事一宵同曰寒雞鼓翼紗窓外睡覺東軒曰巳紅,25964
卷之二十一,珍玩部,金銀,蛇化金,,25970
卷之二十一,珍玩部,金銀,金化土,,25975
卷之二十一,珍玩部,金銀,淘金,淘而得之謀望雖有不免費力,25981
卷之二十一,珍玩部,金銀,持金,,25986
卷之二十一,珍玩部,金銀,得假金,,25991
卷之二十一,珍玩部,金銀,償金凶,,25997
卷之二十一,珍玩部,金銀,銀,,26004
卷之二十一,珍玩部,金銀,黃銀吉,銀有黃色者似金而非金也爲器能辟曰除邪惡凡見於夢主光輝祥瑞之兆,26020
卷之二十一,珍玩部,金銀,銀餅凶,并凑而成雖經煅煉未入範圍士人夢曰此爲有質而無文可觀之象考試不利,26024
卷之二十一,珍玩部,金銀,銀燈吉,光明之象凡夢之者行事不暗昧得人照顧曰士人夢此學業有進女子夢此閨房久寂,26030
卷之二十一,珍玩部,金銀,銀鈎凶,,26034
卷之二十一,珍玩部,金銀,銀硯大吉,,26038
卷之二十一,珍玩部,金銀,銀甲吉,,26042
卷之二十一,珍玩部,金銀,銀盒吉,,26048
卷之二十一,珍玩部,金銀,人授銀筯吉,,26052
卷之二十一,珍玩部,金銀,銀盃𩀱飛至凶,,26056
卷之二十一,珍玩部,金銀,銀碗吉,,26061
卷之二十一,珍玩部,金銀,銀壺吉,岩前流水無人渡洞口碧桃花正開曰東望蓬萊三萬里等閒歸去等閒來,26065
卷之二十一,珍玩部,金銀,得銀錢吉,夢此者有長命富貴之兆將帥出征三曰箭可以立功商賈經營一文可以致富,26069
卷之二十一,珍玩部,金銀,銀剪貞吉否凶,二字之義山前用金刀也居家夢曰此防有宼盜出征夢此得滅賊徒,26073
卷之二十一,珍玩部,金銀,銀瓶凶,夢此者財散失利之兆,26078
卷之二十一,珍玩部,金銀,銀瓜吉,此兆明明示人以剖割分析處也夢之者宜將財曰物剖分調適人情無私曲無偏向則能轉禍爲福,26085
卷之二十一,珍玩部,金銀,銀項箝吉,,26089
卷之二十一,珍玩部,金銀,銀挑牙凶,此夢一見凡事當箝口不可妄曰言骨肉之間恐有傷殘之兆,26093
卷之二十一,珍玩部,金銀,銀包,,26097
卷之二十一,珍玩部,金銀,銀窖,此夢示人以藏不許人露藏則蓄聚機曰深災輕禍淺露則顯暴昭著禍大害深,26104
卷之二十一,珍玩部,金銀,銀礦吉,此兆爲生生不巳化化無窮之象財源滔滔滚曰滚家業興隆發達惟老者病者夢此爲不祥,26108
卷之二十一,珍玩部,珠玉,珠子,,26116
卷之二十一,珍玩部,珠玉,五色珠大吉,,26122
卷之二十一,珍玩部,珠玉,走盤珠吉,夢得此者具通權達變之才而一生奔走不停所曰喜者圓轉流動莫爲阻抑名實兩全之象也大吉,26126
卷之二十一,珍玩部,珠玉,照乗珠大吉,光輝發越顯達榮施之兆夢此者事業光前耀後曰文章泣鬼驚神貨利曰新月盛聲名昌熾光亨,26130
卷之二十一,珍玩部,珠玉,定風珠,是夢也行人信未至乗舟風有阻文士得之名譽曰不振武臣得之威令不行惟孕婦夢之坐草無虞,26134
卷之二十一,珍玩部,珠玉,夜明珠,,26138
卷之二十一,珍玩部,珠玉,徑寸珠吉,,26144
卷之二十一,珍玩部,珠玉,牟尼珠,,26148
卷之二十一,珍玩部,珠玉,九曲珠大吉,夢得此珠文心濬哲有超凡入聖之機才曰智通神有經天緯地之業非常之瑞徵也,26152
卷之二十一,珍玩部,珠玉,火珠,夢此者疾病當有火症家宅當有火曰災惟文士夢之乃爲夾輔陽光之兆,26156
卷之二十一,珍玩部,珠玉,蚌珠凶,有名無實之象夢之者生子秀而不貴爲商勞而曰少利居官卑而未顯出家苦而無成凡事不吉,26160
卷之二十一,珍玩部,珠玉,明珠羅漢,,26164
卷之二十一,珍玩部,珠玉,珠冠吉,,26168
卷之二十一,珍玩部,珠玉,珠珥珠履珠衣,,26172
卷之二十一,珍玩部,珠玉,珠串,,26178
卷之二十一,珍玩部,珠玉,珠簾,是夢也爲善者世系榮顯爲惡者曰闔門誅戮若夢捲者爲吉凶都散,26182
卷之二十一,珍玩部,珠玉,還珠吉,,26186
卷之二十一,珍玩部,珠玉,吞珠,,26194
卷之二十一,珍玩部,珠玉,玉大吉,,26205
卷之二十一,珍玩部,珠玉,玉燕,,26215
卷之二十一,珍玩部,珠玉,玉盤玉枕玉帶吉,,26219
卷之二十一,珍玩部,珠玉,玉筯吉,,26223
卷之二十一,珍玩部,珠玉,玉盆吉,,26229
卷之二十一,珍玩部,珠玉,泣玉貞吉否凶,和氏之泣夢中見之此兆爲有志莫伸有懷莫喻曰遭際不在目前但恐禍生足下是大器晩成之象,26233
卷之二十一,珍玩部,珠玉,玉玦,,26238
卷之二十一,珍玩部,珠玉,種玉吉,,26246
卷之二十一,珍玩部,珠玉,玉勝吉,,26256
卷之二十一,珍玩部,珠玉,玉石吉,,26262
卷之二十一,珍玩部,珠玉,吞玉吉,,26270
卷之二十一,珍玩部,珠玉,玉擲于門,,26283
卷之二十一,珍玩部,珠玉,玉佩,,26287
卷之二十一,珍玩部,珠玉,銜璧凶,,26291
卷之二十一,珍玩部,珠玉,玉環吉,,26295
卷之二十一,珍玩部,珠玉,玉瓶吉,,26299
卷之二十一,珍玩部,珠玉,賣玉吉,玉售而得善價商賈定主興旺文士曰必得科名但有美子女者夢此不祥,26303
卷之二十一,珍玩部,珠玉,玉璽玉圖書吉,夢此者主有真人授記天子降恩若在平曰常其人必眞誠有信行能堅忍無變更也,26307
卷之二十一,珍玩部,珠玉,玉鈎貞吉否凶,文人夢此有鈎深致遠之思官訟夢之有一筆鈎曰消之兆疾病夢之急宜解禳祀賽亦可消釋災悔,26311
卷之二十一,珍玩部,珠玉,玉帶吉,,26316
卷之二十一,珍玩部,珠玉,玉碗貞吉否凶,夢此爲貴人接引之兆若夢傾碎者死喪曰不祥謀望須防傾跌凡事敬守方保無虞,26322
卷之二十一,珍玩部,珠玉,瓊瑰,,26329
卷之二十一,珍玩部,珠玉,玉磬大吉,,26333
卷之二十一,珍玩部,珠玉,玉軫吉,,26339
卷之二十一,珍玩部,珠玉,玉壺吉此清介廉潔之徵也,母財利之徒士人當入詞林居官定超給諫,26343
卷之二十一,珍玩部,珠玉,琢玉成器皿利,,26353
卷之二十一,珍玩部,珠玉,赤虹化玉大吉,,26357
卷之二十一,珍玩部,珠玉,飲玉漿吉,,26363
卷之二十一,珍玩部,珠玉,玉在石中貞吉,,26373
卷之二十一,珍玩部,珠玉,兩手捧玉大吉,,26379
卷之二十一,珍玩部,珠玉,香玉大吉,,26387
卷之二十一,珍玩部,珠玉,觀日上吉,,26391
卷之二十一,珍玩部,錢鐵,錢,,26401
卷之二十一,珍玩部,錢鐵,贈錢,,26416
卷之二十一,珍玩部,錢鐵,大錢,,26426
卷之二十一,珍玩部,錢鐵,上清五銖,,26430
卷之二十一,珍玩部,錢鐵,天雨錢,,26434
卷之二十一,珍玩部,錢鐵,錢飛入云,,26438
卷之二十一,珍玩部,錢鐵,掘地求錢,是要也掘之而不得反吉見錢少者主口曰舌錢多者主有湧泉穴之病須求對治,26442
卷之二十一,珍玩部,錢鐵,料錢,,26446
卷之二十一,珍玩部,錢鐵,身入錢孔凶,,26450
卷之二十一,珍玩部,錢鐵,人以錢求買物凶,,26456
卷之二十一,珍玩部,錢鐵,得錢貞吉,,26462
卷之二十一,珍玩部,錢鐵,古塚錢,,26470
卷之二十一,珍玩部,錢鐵,磨錢文,,26474
卷之二十一,珍玩部,錢鐵,鐵,,26478
卷之二十一,珍玩部,錢鐵,鐵槌,,26482
卷之二十一,珍玩部,錢鐵,鐡馬吉,,26486
卷之二十一,珍玩部,錢鐵,鐵拐吉,,26490
卷之二十一,珍玩部,錢鐵,鐡桶大吉,,26494
卷之二十一,珍玩部,錢鐵,𨮘鐵如意吉,,26498
卷之二十一,珍玩部,錢鐵,鐵硯,夢此者立志鑚研持久成功之兆求財曰利當枉尺直尋問功名宜棄文就武,26502
卷之二十一,珍玩部,錢鐵,鐵劵吉,,26506
卷之二十一,珍玩部,錢鐵,吹鐡笛吉,兆此者韻别名高吹之爲曰金穴有聲主大富馳名也,26510
卷之二十一,珍玩部,珍寳,丹砂大吉,,26518
卷之二十一,珍玩部,珍寳,紫珍,,26522
卷之二十一,珍玩部,珍寳,琥珀貞吉,夢此者主當有風木之憂曰不吉惟𤜄孕主生貴子,26526
卷之二十一,珍玩部,珍寳,貓睛石,瑩潔明透夢之者主有奸雄窺瞰之曰兆女子夢得此主有以芳蘭相贈者,26530
卷之二十一,珍玩部,珍寳,埋寳吉,寳者西戎所產乃天地之英山川之瑞凡見于夢曰者內應五臟精華無有不吉惟夢失之者爲不祥有夢一丈夫佩劍自言漢光武時與馬將軍同征交趾得南人之寳後馬以薏苡被謗吾恐禍及將寳埋此地及窹與鄰近𡬶其處掘得寳劍并金⿔古鏡,26534
卷之二十一,珍玩部,珍寳,寳母吉,其色半靑半赤夢之者商販出行或東或曰南而利不求自至此大富豐亨之兆也,26538
卷之二十一,珍玩部,珍寳,阻馬路凶,夢此者貴人主失祿平人主失業,26542
卷之二十一,珍玩部,珍寳,殊角,,26547
卷之二十一,珍玩部,珍寳,吉,,26549
卷之二十一,珍玩部,珍寳,珊瑚凶,寳樹也高者五六尺次者三四尺,26557
卷之二十一,珍玩部,珍寳,瑪瑙,似玉而有斑士人夢此文章光彩曰,26563
卷之二十一,珍玩部,珍寳,得寳璫,常人夢之主釡空如洗之曰兆富貴夢之張典得利也,26568
卷之二十一,珍玩部,珍寳,玳瑁,此海中介蟲也以之爲服飾在霧中不曰迷夢見此者主大水至尋常得酒食,26572
卷之二十一,珍玩部,珍寳,玻瓈琉璃,主奔波流離之兆凡夢此者俱曰爲不祥若在難中反得解散,26576
卷之二十一,珍玩部,珍寳,貝,,26580
卷之二十一,珍玩部,珍寳,水晶,夢此者主三日後有大水曰至又主天雨三日之兆,26584
卷之二十一,珍玩部,珍寳,犀角大吉,,26588
卷之二十一,珍玩部,珍寳,琅玕大吉,,26592
卷之二十一,珍玩部,珍寳,雲母吉益田畝之兆又雲母出雲縹緲氤氲,不利俗子利于斯文,26601
卷之二十一,珍玩部,珍寳,玫瑰吉,,26610
卷之二十一,珍玩部,珍寳,琨㻍吉又㓾利說琨㻍霜芒世所無,佳徵形夢寐勇往嚮前途,26616
卷之二十一,珍玩部,珍寳,臙脂凶曰道盛而陽道衰君子退而小人進戒之戒之,,26626
卷之二十一,珍玩部,珍寳,翡翠凶,,26638
卷之二十一,珍玩部,珍寳,車渠不利,此夢主有河渠之決不曰利于我須預備之可也,26648
卷之二十一,珍玩部,珍寳,瓊英吉,美石也夢之曰主世出英豪,26653
卷之二十一,珍玩部,珍寳,天球吉,重寶也夢之曰主爲良輔,26657
卷之二十一,珍玩部,珍寳,璠璵吉,魯之寶玉也夢曰之主生秀兒,26661
卷之二十一,珍玩部,珍寳,磥砢凶,此兆主坎坷曰多累之象,26665
卷之二十一,珍玩部,珍寳,琬琰凶,此夢宛然有炎上曰之象火燭之光,26669
卷之二十一,珍玩部,珍寳,━━━━━━━━━━━━━━━━━━━━━━━━━━━━━━━━━━━━━━━━━━━━━━━━━━━━━━━━━━━━━━━━━━,,26677
卷之二十一,珍玩部,珍寳,━━━━━━━━━━━━━━━━━━━━━━━━━━━━━━━━━━━━━━━━━━━━━━━━━━━━━━━━━━━━━━━━━━,,26679
卷之二十二,文翰部,書籍,書從天降大吉,夢此者必有殊遇,26696
卷之二十二,文翰部,書籍,月照書史吉,,26701
卷之二十二,文翰部,書籍,風翻書籍凶,,26712
卷之二十二,文翰部,書籍,書晒炎日中大吉,,26716
卷之二十二,文翰部,書籍,雨淋書史缺壞凶,凡事有穿𨯳須防人暗毀大不利于功名及文書曰事若士人夢之必其志不堅學不精也奮勉爲上,26720
卷之二十二,文翰部,書籍,雲中書貞吉,,26724
卷之二十二,文翰部,書籍,據地觀書史,,26732
卷之二十二,文翰部,書籍,拾地上遺書吉,,26736
卷之二十二,文翰部,書籍,讀書山林間大吉,,26740
卷之二十二,文翰部,書籍,握書登山頂最高處大吉,,26744
卷之二十二,文翰部,書籍,水面浮書,,26749
卷之二十二,文翰部,書籍,路上觀書吉,,26753
卷之二十二,文翰部,書籍,翻史貞吉,靑雲之客中秘之兆,26757
卷之二十二,文翰部,書籍,擕書遠行吉,夢此者以所行向何處占之是爲順德居曰尊敦厚以明道必有所成就而無悔者也,26763
卷之二十二,文翰部,書籍,人取書去,主慶賀之事無事夢之必有奇事有事夢曰之當審所言次日作事遇雨吉遇風大忌,26767
卷之二十二,文翰部,書籍,秉燭覓書吉,主得良師或賢友資其教誨磋磨之力否則曰有遠行往無不利也常人夢之主失脫官事,26773
卷之二十二,文翰部,書籍,手評書史吉,,26777
卷之二十二,文翰部,書籍,理殘書吉,,26781
卷之二十二,文翰部,書籍,得所未見書大吉,,26785
卷之二十二,文翰部,書籍,神授文書,因所示而審之因其曰時而推之無占也,26789
卷之二十二,文翰部,書籍,人與巳書吉,與我以書發我蒙也士人夢之益智慧庶曰人夢之長機謀若係雜書當有人來議事,26799
卷之二十二,文翰部,書籍,人誦書吉,,26803
卷之二十二,文翰部,書籍,抄書,幼稚夢之爲佳兆衰老夢之爲危兆貧曰窮夢之吉貴顯夢之凶更以所抄占之,26808
卷之二十二,文翰部,書籍,焚書,書而焚之是棄之也,26812
卷之二十二,文翰部,書籍,架上書崩,,26818
卷之二十二,文翰部,書籍,積書盈箱滿架同,富貴之夢積德之象博學所致也而或有曰積敝者亦夢之,26824
卷之二十二,文翰部,書籍,篋書縱橫吉,此高談雄辨之象能挾策以干王公必有所遇,26830
卷之二十二,文翰部,書籍,書作枕大吉,,26835
卷之二十二,文翰部,書籍,藏書袖中,看所藏何書五經文史爲上吉雜書稗說次曰之淫詞艶曲爲至凶藏右袖則吉左袖則凶,26839
卷之二十二,文翰部,書籍,以衣拂去書塵吉,,26843
卷之二十二,文翰部,書籍,帶束書,主事有成當有秦晉之盟後必生貴子秀士不曰宜夢此夢則所學不進也經營者夢之亦不利,26847
卷之二十二,文翰部,書籍,錦衣裹書吉,功名顯達之象在春夢之全吉秋次之夏冬曰又次之紫錦爲上藍次之紅綠玄又次之,26851
卷之二十二,文翰部,書籍,屋角有書籍,履險而坦居危而安素位以行曰則无咎不可妄有所作爲也,26855
卷之二十二,文翰部,書籍,書滿車大吉,,26859
卷之二十二,文翰部,書籍,舟載書史吉,夢中無風波之險順流而行則有得意快心曰之事如巳傍岸主發科甲暗中得神祐之力,26863
卷之二十二,文翰部,書籍,負書騎馬走吉,,26867
卷之二十二,文翰部,書籍,鳥銜書大吉,翶翔雲漢展翅天衢士子名成志遂之符也曰常人夢之有佳音至女子夢之則生貴子,26873
卷之二十二,文翰部,書籍,捕魚觀書吉,夢此者主享安寧之福得後昆之力曰無疾永年後生夢此主得無本之利,26877
卷之二十二,文翰部,書籍,覆茗書上大吉,,26881
卷之二十二,文翰部,書籍,置書史于花側,舉業者夢此則無成尋常者夢此則得助就得夢曰之人與時推之自驗矣,26885
卷之二十二,文翰部,書籍,展書竹林中吉,修身以俟虚心以求清節之吉人所不曰可及也,26890
卷之二十二,文翰部,書籍,投書荷池,,26895
卷之二十二,文翰部,書籍,蕉葉覆書,主有大人覆庇且沐其休澤,26900
卷之二十二,文翰部,書籍,書在樹頂貞吉,,26905
卷之二十二,文翰部,書籍,執編攀枝,名未能遂志未能伸若是枯枝終身無成也,26913
卷之二十二,文翰部,書籍,玉易書,,26919
卷之二十二,文翰部,書籍,大吉,,26921
卷之二十二,文翰部,書籍,書上多珍寳,,26928
卷之二十二,文翰部,書籍,鐡如意點書貞吉,,26934
卷之二十二,文翰部,書籍,裁經史作佩玉吉,溫其如玉君子之德裁以爲佩服無斁,26938
卷之二十二,文翰部,書籍,曰,,26941
卷之二十二,文翰部,書籍,書史忽成琉璃,,26944
卷之二十二,文翰部,書籍,金銀中得書籍,觀人品之清濁清者顯達而無終濁者得爵曰而無祿至若商賈之士利薄而微不足算也,26948
卷之二十二,文翰部,書籍,持錢買書吉,有志未遂謀事未成終必有慶夢此者凡曰所作爲皆當從緩發軔之初創始之象也,26952
卷之二十二,文翰部,書籍,書忽作聲,,26956
卷之二十二,文翰部,書籍,朱書大吉,,26960
卷之二十二,文翰部,書籍,書字變成五色字大吉投時皆,合賢愚共慕在幼年夢之更妙老年夢之主封爵曰至主得晩年秀子常人夢此主得,26964
卷之二十二,文翰部,書籍,黃紙書大吉,至中至和乃吉乃亨夢此者主食中土之祿爲郡曰守之職商賈夢之往秦晉之地必大有獲而返也,26971
卷之二十二,文翰部,書籍,煉丹書,夢此主被小人竊取財物是非曰爭辨不巳有百日之憂無大損,26975
卷之二十二,文翰部,書籍,捧書心胸間,,26979
卷之二十二,文翰部,書籍,口銜書,,26983
卷之二十二,文翰部,書籍,血漬書吉,夢此者主骨肉相會即不會亦必有曰音問來通士人夢之必得異地賢友,26990
卷之二十二,文翰部,書籍,書欠一本,,26994
卷之二十二,文翰部,書籍,半部書吉,正中而不偏有謀不可過望名曰成就利均平女子夢之主招婿,26999
卷之二十二,文翰部,書籍,書高數尺大吉,,27003
卷之二十二,文翰部,書籍,書古而多吉,主獲奇異之物得意外之財其物其財不在人亦曰不在室非道上則地中學者夢此當有人求製作,27009
卷之二十二,文翰部,書籍,失書凶,,27013
卷之二十二,文翰部,書籍,書皆小部吉,簡而文多而不費以小成大之象也小試主得高曰名小本主得大利主多生子而秀雅極佳之夢也,27020
卷之二十二,文翰部,書籍,二角書凶,,27024
卷之二十二,文翰部,書籍,書在厨中貞吉,厨中書夢主藏機,27035
卷之二十二,文翰部,書籍,借書,,27042
卷之二十二,文翰部,書籍,床頭貯書大利,,27049
卷之二十二,文翰部,書籍,釘書,,27058
卷之二十二,文翰部,書籍,書裹囊中吉,,27062
卷之二十二,文翰部,書籍,截書不利,截絕也兆之功名没事業敗曰父母主刑尅夫婦有災殃,27066
卷之二十二,文翰部,書籍,批汰書不利,,27070
卷之二十二,文翰部,書籍,人授赦書赦解也解難之散也,之或有否事者轉凶爲吉占之象,27076
卷之二十二,文翰部,書籍,圈點書吉,,27084
卷之二十二,文翰部,書籍,閱秘書貞吉,秘乃不泄之機,27092
卷之二十二,文翰部,書籍,向人求書不利,求俯仰不遂之狀也夢之主圖謀難遂經紀曰難成士子宜藏商人未穩百凡靜守爲是,27098
卷之二十二,文翰部,書籍,收買書吉,收書納盡世間春家慶重重喜事新曰,27102
卷之二十二,文翰部,書籍,人授兵書貞吉否凶,邊疆,27109
卷之二十二,文翰部,書籍,送書與人不利,,27120
卷之二十二,文翰部,書籍,背書吉,,27127
卷之二十二,文翰部,書籍,曰,,27130
卷之二十二,文翰部,書籍,置書在頂吉,,27133
卷之二十二,文翰部,書籍,迎接詔書,,27140
卷之二十二,文翰部,書籍,開拆書緘不利,,27145
卷之二十二,文翰部,書籍,修補書籍吉,,27150
卷之二十二,文翰部,書籍,書置案頭吉,書在几案間清寧百事閒曰無災即是福人物靜如山,27154
卷之二十二,文翰部,書籍,書砌壁中凶,,27158
卷之二十二,文翰部,書籍,書藏櫃中不利,此兆也鬱而未伸之象士子多蹭蹬紅曰顏多抑挫老年者疾病啾喞鮮有如意,27164
卷之二十二,文翰部,書籍,書擲井中凶,,27168
卷之二十二,文翰部,書籍,吞食書史大吉,,27172
卷之二十二,文翰部,書籍,書埋土中凶此兆主晦暗不明之象文士未能發達九流不遇,其時一應經營謀望尚宜守正不可躁進病者有曰不起之憂惟農圃夢之大利,27177
卷之二十二,文翰部,書籍,讀書樓閣上大吉,,27183
卷之二十二,文翰部,書籍,讀書城樓上凶,,27188
卷之二十二,文翰部,書籍,書放光焰大吉,,27192
卷之二十二,文翰部,書籍,書破碎凶,此兆狼籍破敗夢之諸曰事不宜,27201
卷之二十二,文翰部,經卷,周易,,27210
卷之二十二,文翰部,經卷,吞易三爻,,27221
卷之二十二,文翰部,經卷,坤乾吉,,27239
卷之二十二,文翰部,經卷,毛詩貞吉否凶,詩本人情該物理,27246
卷之二十二,文翰部,經卷,周南召南吉,,27259
卷之二十二,文翰部,經卷,二雅大吉,小雅始鹿鳴大雅始文王,27264
卷之二十二,文翰部,經卷,商頌周頌魯頌,,27269
卷之二十二,文翰部,經卷,尚書吉,二帝三王之書今有壁經之名夢此得遇機曰會凡事光亨仕宦應作是官士人應業是經,27274
卷之二十二,文翰部,經卷,禹貢吉,,27278
卷之二十二,文翰部,經卷,洪範九疇,此箕子歸周作此以陳武王也九疇與八卦相,27285
卷之二十二,文翰部,經卷,曰,,27288
卷之二十二,文翰部,經卷,春秋吉,孔子因魯史以脩春秋嚴一字之褒貶夢曰此經者必能主持世教公天下之是非,27291
卷之二十二,文翰部,經卷,禮記大吉,,27295
卷之二十二,文翰部,經卷,樂記大吉,,27299
卷之二十二,文翰部,經卷,周禮吉,,27303
卷之二十二,文翰部,經卷,孝經大吉,,27307
卷之二十二,文翰部,經卷,大戴禮吉,,27311
卷之二十二,文翰部,經卷,小戴禮,,27315
卷之二十二,文翰部,經卷,先聖授六經,學者夢此天以佐其才也,27319
卷之二十二,文翰部,史傳,三墳五典之書吉,智士夢此必得秘傳之妙常人夢此必有曰起家之術婦人夢此可作女中之學士,27337
卷之二十二,文翰部,史傳,國史貞吉否凶,編年記事之書也,27341
卷之二十二,文翰部,史傳,列傅吉,凡夢之者必有所得或得文才或得名利曰或得良友或得賢嗣或得成家立身之道,27348
卷之二十二,文翰部,佛老,佛法吉,佛法自漢入中國前人术有佛之者兼金四十曰二章經勸善戒惡一法也夢此者得佛力普度,27360
卷之二十二,文翰部,佛老,佛菩提阿羅漢誦經說偈,,27364
卷之二十二,文翰部,佛老,金剛經吉,,27370
卷之二十二,文翰部,佛老,觀音經吉,,27374
卷之二十二,文翰部,佛老,彌陁經,,27384
卷之二十二,文翰部,佛老,梁皇懴,,27388
卷之二十二,文翰部,佛老,血盆經,,27392
卷之二十二,文翰部,佛老,番經吉,竺乾梵貝寫番經法說眞空法更眞曰此兆錢財虚内實百凡圖望屈中伸,27396
卷之二十二,文翰部,佛老,聖經吉,此兆主嗌智慧逢財曰遇喜無不吉利也,27400
卷之二十二,文翰部,佛老,金字經吉,,27404
卷之二十二,文翰部,佛老,朱字經,朱正色也夢之當有喜慶臨門士子脫白曰掛綠之象春夏不宜夢此恐有火燭之虞,27408
卷之二十二,文翰部,佛老,準提呪吉,,27412
卷之二十二,文翰部,佛老,大悲呪,,27416
卷之二十二,文翰部,佛老,楞嚴經呪吉,,27422
卷之二十二,文翰部,佛老,心經,,27428
卷之二十二,文翰部,佛老,藥師經吉,,27438
卷之二十二,文翰部,佛老,孔雀經吉,,27445
卷之二十二,文翰部,佛老,地藏經,,27452
卷之二十二,文翰部,佛老,道經,,27461
卷之二十二,文翰部,佛老,仙經吉,,27468
卷之二十二,文翰部,佛老,玉皇經貞吉,,27475
卷之二十二,文翰部,佛老,朝天懺貞吉,,27481
卷之二十二,文翰部,佛老,清淨經吉,,27485
卷之二十二,文翰部,佛老,三元經貞吉,,27493
卷之二十二,文翰部,佛老,文昌經貞吉,,27500
卷之二十二,文翰部,佛老,南北二斗經,,27506
卷之二十二,文翰部,佛老,竈王經貞吉否凶,司命之神所宣眞誥不過警戒世人人若夢此,27511
卷之二十二,文翰部,佛老,曰,,27515
卷之二十二,文翰部,詩詞,命題屬文吉,夢神人命題者天意所在也因而屬文者學曰力所及也凡夢此者譽顯當時名揚後世,27522
卷之二十二,文翰部,詩詞,白玉樓記,,27528
卷之二十二,文翰部,詩詞,靈槎賦,,27532
卷之二十二,文翰部,詩詞,祭春牛文,,27536
卷之二十二,文翰部,詩詞,曉寒歌,,27541
卷之二十二,文翰部,詩詞,召書碑石,,27545
卷之二十二,文翰部,詩詞,輓歌,,27553
卷之二十二,文翰部,詩詞,作墓志,,27561
卷之二十二,文翰部,詩詞,賦詩爲贈,,27566
卷之二十二,文翰部,詩詞,作新詩,,27570
卷之二十二,文翰部,詩詞,人授樂曲,,27577
卷之二十二,文翰部,詩詞,教爲詩,,27581
卷之二十二,文翰部,詩詞,誦詩,,27585
卷之二十二,文翰部,詩詞,人授詩,,27591
卷之二十二,文翰部,詩詞,鼓琴歌詩,,27597
卷之二十二,文翰部,詩詞,踏陽春曲,,27601
卷之二十二,文翰部,詩詞,回文詩,,27605
卷之二十二,文翰部,詩詞,吟咏,夢中雖自其口出而神使之也天之所以露其曰機也故有以異於平日之所撰而爲事物之識,27609
卷之二十二,文翰部,詩詞,昇天詩,,27615
卷之二十二,文翰部,詩詞,湘靈鼓瑟詩,,27619
卷之二十二,文翰部,詩詞,梅花詩,,27623
卷之二十二,文翰部,詩詞,花月詩,,27629
卷之二十二,文翰部,詩詞,李太白詩,之,27634
卷之二十二,文翰部,詩詞,杜子美詩吉,,27642
卷之二十二,文翰部,詩詞,律詩貞吉,,27646
卷之二十二,文翰部,詩詞,絶句詩貞吉,,27650
卷之二十二,文翰部,詩詞,七歩詩,,27654
卷之二十二,文翰部,詩詞,五噫歌貞吉,,27659
卷之二十二,文翰部,詩詞,除夕詩貞吉,,27663
卷之二十二,文翰部,詩詞,元旦詩吉,,27667
卷之二十二,文翰部,詩詞,壽詩,壽詩爲源深流長之兆然必味曰其詩中語意定之吉凶可也,27673
卷之二十二,文翰部,詩詞,新婚詩,此兆主士子登科名利兩得亦曰必詳其詩中美惡通變之可耳,27677
卷之二十二,文翰部,詩詞,早朝詩大吉,,27681
卷之二十二,文翰部,詩詞,歌謠,此兆大抵吉凶相半曰看其夢中語意定之,27685
卷之二十二,文翰部,詩詞,哀詞吉,,27689
卷之二十二,文翰部,字畫,古體篆書吉,,27698
卷之二十二,文翰部,字畫,隸書吉,,27707
卷之二十二,文翰部,字畫,草書行書,,27711
卷之二十二,文翰部,字畫,楷書真字,凡夢此者其象因人而施其兆即物而見其曰文深其義隱或占其音或占其體後皆有驗,27717
卷之二十二,文翰部,字畫,一木破天,,27721
卷之二十二,文翰部,字畫,西土瓦中人,,27725
卷之二十二,文翰部,字畫,昆脚皆頭,,27729
卷之二十二,文翰部,字畫,曰,,27732
卷之二十二,文翰部,字畫,田頭田尾,,27735
卷之二十二,文翰部,字畫,角斗非眞,,27739
卷之二十二,文翰部,字畫,不成不平,,27744
卷之二十二,文翰部,字畫,片犬,,27752
卷之二十二,文翰部,字畫,火山軍,,27756
卷之二十二,文翰部,字畫,車中猴,,27761
卷之二十二,文翰部,字畫,弓輿不得,,27774
卷之二十二,文翰部,字畫,高何二姓,,27784
卷之二十二,文翰部,字畫,兩人夾木,,27788
卷之二十二,文翰部,字畫,木傍人立,,27792
卷之二十二,文翰部,字畫,笠飄水畔,笠飄水畔若浮鷗出岫𬮈雲不繫舟,27799
卷之二十二,文翰部,字畫,火入林中,,27807
卷之二十二,文翰部,字畫,靴匠倚石,,27814
卷之二十二,文翰部,字畫,一木兩火,,27818
卷之二十二,文翰部,字畫,三女同居,,27822
卷之二十二,文翰部,字畫,虎腹三枝箭,,27826
卷之二十二,文翰部,字畫,一水四魚,,27831
卷之二十二,文翰部,字畫,人騎牛背,,27835
卷之二十二,文翰部,字畫,人言犬吠,,27839
卷之二十二,文翰部,字畫,一斗入門,,27843
卷之二十二,文翰部,字畫,兩絲纒白木,,27847
卷之二十二,文翰部,字畫,曰,,27850
卷之二十二,文翰部,字畫,一人立門內,,27853
卷之二十二,文翰部,字畫,鼠戴笠子,,27860
卷之二十二,文翰部,字畫,━━━━━━━━━━━━━━━━━━━━━━━━━━━━━━━━━━━━━━━━━━━━━━━━━━━━━━━━━━━━━━━━━━,,27868
卷之二十二,文翰部,字畫,━━━━━━━━━━━━━━━━━━━━━━━━━━━━━━━━━━━━━━━━━━━━━━━━━━━━━━━━━━━━━━━━━━,,27870
卷之二十三,名數部,名姓,天神命名,,27887
卷之二十三,名數部,名姓,神呼姓名呵責,,27893
卷之二十三,名數部,名姓,神賜姓吉,,27910
卷之二十三,名數部,名姓,神命字,,27917
卷之二十三,名數部,名姓,神聖令之更名吉,,27923
卷之二十三,名數部,名姓,指物令名,,27960
卷之二十三,名數部,名姓,神人告以所遇者,,27977
卷之二十三,名數部,名姓,名當顯何年,髪不爽,27983
卷之二十三,名數部,名姓,榜中見人姓名,,28003
卷之二十三,名數部,名姓,死者稱名,,28016
卷之二十三,名數部,名姓,通名乞葬,,28022
卷之二十三,名數部,名姓,易不祥名凶,,28031
卷之二十三,名數部,名姓,禮神佛稱名吉,,28037
卷之二十三,名數部,名姓,人與巳同名姓吉,同心斷金之象夢此者舉子主交益友商賈主曰招良伴作事得人力輔助動無不利是夢之徵,28041
卷之二十三,名數部,名姓,言姓求生,,28047
卷之二十三,名數部,名姓,忽易姓名,,28055
卷之二十三,名數部,名姓,與人商訂名字吉,,28059
卷之二十三,名數部,名姓,述古賢聖名姓,,28063
卷之二十三,名數部,名姓,憶巳名不起凶,,28067
卷之二十三,名數部,名姓,書名字地上,,28071
卷之二十三,名數部,名姓,金榜題名,三唱雞聲春睡兄床頭書濕漏烟霞,28081
卷之二十三,名數部,名姓,以字作名,堪歎人生眞夢幼笑看玉兎逐金烏,28088
卷之二十三,名數部,名姓,名書天府又夢中,,28095
卷之二十三,名數部,名姓,半空中呼名吉,,28104
卷之二十三,名數部,名姓,師長命名大吉,顯姓揚名成大業宵來寐寤兆先通,28110
卷之二十三,名數部,名姓,御筆題名細加詳察自然應驗,一枝暫作鷦鷯寄他日翺翔集鳳凰,28118
卷之二十三,名數部,名姓,名標靑史貞吉,義膽忠肝草木香勳猷揭地掀天,28128
卷之二十三,名數部,名姓,靑漢中大書自巳名字大吉士,朝陽奮翮看鳴鳳破浪乘風羡化魚,28139
卷之二十三,名數部,名姓,名鐫碑石,,28151
卷之二十三,名數部,名姓,天帝呼名,,28157
卷之二十三,名數部,名姓,王者呼名大吉,,28163
卷之二十三,名數部,名姓,鬼呼姓名,,28169
卷之二十三,名數部,名姓,公移中有巳名字大吉,,28175
卷之二十三,名數部,名姓,名列牌坊匾額,,28182
卷之二十三,名數部,名姓,名在版籍中,,28190
卷之二十三,名數部,名姓,旗幟上書巳名姓,遠振英聲騰宇内文成佳韻奏簫韶,28196
卷之二十三,名數部,奇名,以卍字爲名吉,,28207
卷之二十三,名數部,奇名,名止半字,,28213
卷之二十三,名數部,奇名,犬作名,,28220
卷之二十三,名數部,奇名,黃旗書名,,28226
卷之二十三,名數部,奇名,鳥呼人名字,夢此者主赴盛筵接賢賔主有遠客至主有所曰獲如呼女人名字主内人有私約當就夢推之,28230
卷之二十三,名數部,異姓,一人兩姓吉,,28238
卷之二十三,名數部,異姓,人問姓大吉,,28242
卷之二十三,名數部,異姓,姓甚多吉,,28246
卷之二十三,名數部,異姓,同姓異鄉人吉,,28251
卷之二十三,名數部,異姓,向人乞覆姓凶,,28255
卷之二十三,名數部,異姓,失姓字凶,,28259
卷之二十三,名數部,異姓,羨慕别姓吉,,28263
卷之二十三,名數部,異姓,書姓懸樹上,在梅桂等則名騰四宇在桃柳等則裘馬風流,28274
卷之二十三,名數部,異姓,姓在天上大吉,,28288
卷之二十三,名數部,異姓,地上拾得遺姓吉,,28294
卷之二十三,名數部,異姓,天象顯姓,,28298
卷之二十三,名數部,異姓,黃蛇遶腹,,28302
卷之二十三,名數部,異姓,應他人姓,,28306
卷之二十三,名數部,定數,帝與年齡,,28316
卷之二十三,名數部,定數,神告壽數,,28322
卷之二十三,名數部,定數,享國成算,,28326
卷之二十三,名數部,定數,十二爲期,,28332
卷之二十三,名數部,定數,上天第十九子,,28336
卷之二十三,名數部,定數,陳氏世數,,28340
卷之二十三,名數部,定數,十六之數,,28344
卷之二十三,名數部,定數,蓍數,,28348
卷之二十三,名數部,定數,二字加點,,28356
卷之二十三,名數部,定數,孔子之年,,28360
卷之二十三,名數部,定數,七九之年,,28364
卷之二十三,名數部,定數,當食萬羊,,28368
卷之二十三,名數部,定數,四十當貴,,28375
卷之二十三,名數部,定數,一榜二十六人,,28379
卷之二十三,名數部,定數,鹿皮之數,,28383
卷之二十三,名數部,定數,前後各三年,,28390
卷之二十三,名數部,定數,神示科名,,28394
卷之二十三,名數部,定數,四十年前事,,28400
卷之二十三,名數部,定數,暦十五冊,,28405
卷之二十三,名數部,定數,喝六作五,,28409
卷之二十三,名數部,定數,詩篇應珠數,,28415
卷之二十三,名數部,報應,帝所甚樂,,28423
卷之二十三,名數部,報應,得藥療母病,,28457
卷之二十三,名數部,報應,借錢千萬,,28463
卷之二十三,名數部,報應,索所借十七萬,,28470
卷之二十三,名數部,報應,欠柴七千七百束,,28478
卷之二十三,名數部,報應,二十年前事,,28482
卷之二十三,名數部,報應,有罪震死,,28488
卷之二十三,名數部,報應,服藥去病,,28492
卷之二十三,名數部,報應,解監軍禍,,28506
卷之二十三,名數部,報應,飛雲渡免水厄,,28523
卷之二十三,名數部,報應,助貧捄溺,,28530
卷之二十三,名數部,報應,代償嘉行,,28539
卷之二十三,名數部,𣛜驗,泗州護正,,28548
卷之二十三,名數部,𣛜驗,第十一人,,28552
卷之二十三,名數部,𣛜驗,佳地不與污吏,,28556
卷之二十三,名數部,𣛜驗,受賄奪爵減算,,28562
卷之二十三,名數部,𣛜驗,酷吏得疽報,,28568
卷之二十三,名數部,𣛜驗,天曹降爵,,28572
卷之二十三,名數部,𣛜驗,尊德推位,,28576
卷之二十三,名數部,𣛜驗,獄枉訴冥,,28580
卷之二十三,名數部,𣛜驗,如意時暴死,,28584
卷之二十三,名數部,𣛜驗,妬殺受報,,28588
卷之二十三,名數部,𣛜驗,活億萬命以延餘算,,28592
卷之二十三,名數部,𣛜驗,鬼破私術,,28596
卷之二十三,名數部,𣛜驗,助非被譴,,28600
卷之二十三,名數部,𣛜驗,不忍敗稼獲福報,,28608
卷之二十三,名數部,𣛜驗,破婚不第,,28612
卷之二十三,名數部,𣛜驗,九人之外公宜察之,,28619
卷之二十三,名數部,𣛜驗,數應無靴,,28623
卷之二十三,名數部,𣛜驗,債恨兩償,,28632
卷之二十三,名數部,𣛜驗,巧營獲譴掩骼登科,,28638
卷之二十三,名數部,𣛜驗,知禮獨譴,,28642
卷之二十三,名數部,𣛜驗,念萌異感,,28646
卷之二十三,名數部,𣛜驗,參寥兆應七年前,,28650
卷之二十三,名數部,𣛜驗,天一生,,28656
卷之二十三,名數部,𣛜驗,贈金延算,,28662
卷之二十三,名數部,𣛜驗,白𡨚陰府,,28670
卷之二十三,名數部,𣛜驗,公裳下穿出一尾,,28677
卷之二十三,名數部,𣛜驗,以惡報恩冥中奪魄,,28681
卷之二十三,名數部,𣛜驗,暴殄天物冥司譴罰,,28685
卷之二十三,名數部,𣛜驗,枉殺訴冥,,28693
卷之二十三,名數部,𣛜驗,慢先靈蒙訓誡,,28699
卷之二十三,名數部,—,夢禳叙言禳禳為言陽也太陽中天而羣陰破三陽交泰而百物生是以修生之士必煉朱純陽而後能飛身能㧞宅其幻化無窮而神通自邊𨓒𨓒縱義之所書無能玄律随口口所出無非真诠可以駈風雷可以役神鬼可以入水不溺入火不焚可以移山越海可以斬妖伏魔可以𧺫死回出而轉禂為福故其靈符法咒所为流傳百千年之逺而当能鎮人间之邪祟治人生生疢疾者則惟純陽陽氣氣所攝者神而靈貞而永也凡诸宿曜可禳水火可禳疫厲可禳王公禳天下下大災士庻禳一家家小咎所具勿淪至如夢者乃陰象也夫人寤属陽幻寝属陰昧陽眀所為雖以形指而神實為之宰陰昧所見則以神交而形反無与涉焉必曰形接能窆係可憑而神交者定為茫滂吾未之信矣夫人白日青天云云為為诈少误戾見利或潛思攫𥨱見色或潛思滛姦見味㦯潛旦染指目未尝不視耳未甞不聴口未尝不言而一念隠動憧憧犇騖方寸间貪淫景状倏忽萬千何異一塲恶夢故吾不患夢而醒者之難禳獨患醒而夢者之難解何者夢醒而畏其凶此猶藥物咒敕所能辟也若醒夢朱妖即告之是義儆以罪祻猶或不悛而豈僅僅藥物咒𠡠所能為之猒除而還于休嘉吉祥之路哉先儒云禳辟不祥莫要脩徳彼夫枯祥桒退熒惑天谪可弭矧爾神䰟凶𡊥不足掃滌而吾以省躬脩德苐可為大賢上智者道非可以律中庸以六之人其于中庸以下莫善取修省之意嘿寓之符鎮咒解之中使為之者便其说之易运而不自知其巳令覺岓此夢穣之集所以不容巳也夫人即至愚每至利害淂䘮榮辱死生分際未有不忻慕恐怖者即此一念便堪本佛作祖证聖希賢便是超诸恶趣開捩子矣奚以眀其然彼初無過欲趋吉避凶其道實可攺恶而從善夫人未有爲善而不淂福者則未有攺恶而不能转裯者人有善念天必從之况區區惡夢不克解而禳之乎哉吾又未之信矣難能為中庸以下之人计将夢恶与否亦不易辨昔周武大聖且曰朕夢恊朕卜彰著誓辭所谓卜以决疑以夢中所見之比象而叅之易理所節之吉凶則夢之為恶与否無復可疑矣但慮旅次舟車之中每乏日者故摘易卜之要條列集中以便詹稽夫易者眀陰陽之理者也而以陽德為首聖人神是设教甚示人趋態亦猶純陽之徳之可以穣辟不祥也故曰禳之為主陽也凡經史載籍曁寳笈靈編一有涉乎禳夢者無不採蒐而簡次朱書云四明冲菴居士夏昌駸眀氏書於維揚舟次━━━━━━━━━━━━━━━━━━━━━━━━━━━━━━━━━━━━━━━━━━━━━━━━━━━━━━━━━━━━━━━━━━,,28707
卷之二十三,名數部,—,━━━━━━━━━━━━━━━━━━━━━━━━━━━━━━━━━━━━━━━━━━━━━━━━━━━━━━━━━━━━━━━━━━,,28773
卷之二十三,名數部,—,長栁五神傳變二氣發夢圖說五神傳夢吉圖并說五神傳夢凶圖并說五神環傳夢吉圖并說五神環傳夢凶圖并說五神傳夢吉藏凶圖并說五神傳夢凶藏吉圖并說五神變傳夢吉圖并說五神變傳夢凶圖并說五神混傳迭化吉凶方圖并說五神混傳迭化吉凶圓圖并說五神因夢配五行圖并說五神乘夢配八卦圖并說肝屬之事心屬之事脾屬之事肺屬之事腎屬之事肝屬之物心屬之物脾屬之物肺屬之物腎屬之物陽氣盛極發夢圖并說陰氣盛極發夢圖并說陽氣虚極轉夢圖并說陰氣虚極轉夢圖并說二氣盛衰傳夢圖并說二氣虚實傳夢圖并說二氣俱盛見夢圖并說二氣俱虚見夢圖并說━━━━━━━━━━━━━━━━━━━━━━━━━━━━━━━━━━━━━━━━━━━━━━━━━━━━━━━━━━━━━━━━━━,,28782
卷之二十三,名數部,—,━━━━━━━━━━━━━━━━━━━━━━━━━━━━━━━━━━━━━━━━━━━━━━━━━━━━━━━━━━━━━━━━━━,,28849
卷之二十七,夢禳,舍萌贈夢說,○舍萌贈夢說周禮春官占夢云季冬聘王夢獻吉夢於王王拜而受之乃舍萌於四方以贈惡夢遂令始難,,34461
卷之二十七,夢禳,舍萌贈夢說,驅疫,,34465
卷之二十七,夢禳,舍萌贈夢說,人之夢兆禍福形焉負天之夢叔孫信之而肇家禍瓊瑰之夢不齊信之而遽亡身夢登臺者以憂死夢身熱者以反誅升天折翼之夢啓史臣之疑乗龍授鼎之夢來讒人之口禍福固不可測聖人豈設虛文人當敬信其言以圖轉凶而囘吉也,,34471
卷之二十七,夢禳,感夢脩省說,○感夢脩省說尚子平曰魂之所麗氣爲通也氣之所循躬爲召也若夫異夢來感無辨妖祥時慄懼省脩以德迎之斯足逢吉故曰天子夢惡則脩道諸侯夢惡則脩政大夫士夢惡則脩身又曰惡夢不勝善行也,,34480
卷之二十七,夢禳,省夢須占易象說,○省夢須占易象說魏咸陽公高伯恭曰人之禍福相爲倚伏魂氣闔闢恆兆幾微周家占夢有官左氏妖夢首紀然天人召感之際違應靡常古法旣亡前賢云逝豈一涉夢測之以臆遂能剖決吉凶若影之隨形聲之答響邪是故昔人遇美惡之夢必占之易定其卦體審其爻辭決其休咎以夢之兆准易之象取易之占察夢之機凶襲則凶吉襲則吉夢吉筮凶夢凶筮吉即本德以觀變庶神魂之動現非虚禍福之轉旋可睹術學雖淪於斯足禆,,34496
卷之二十七,夢禳,省夢須占易象說,按以易占夢兆卦互推誠爲妙旨但恐必求卜士則山居客次多有未便玆列六十四卦之象及納甲爻辭六親五行生尅衝刑併世應動靜吉神凶煞之類撮其最要者圖列解明於左方使如法推行不無少助云爾以錢代蓍卦爻呈象其法皆自下而點上訣曰兩背繇來拆雙睂本是單渾睂交定位總背是重安,,34511
卷之二十七,夢禳,省夢須占易象說,乾爲天,,34523
卷之二十七,夢禳,省夢須占易象說,判曰,,34528
卷之二十七,夢禳,省夢須占易象說,初九,,34532
卷之二十七,夢禳,省夢須占易象說,九二,,34534
卷之二十七,夢禳,省夢須占易象說,九三,,34536
卷之二十七,夢禳,省夢須占易象說,九四,,34538
卷之二十七,夢禳,省夢須占易象說,九五,,34540
卷之二十七,夢禳,省夢須占易象說,上九,,34542
卷之二十七,夢禳,省夢須占易象說,用九,,34544
卷之二十七,夢禳,省夢須占易象說,天風姤,,34550
卷之二十七,夢禳,省夢須占易象說,判曰,,34555
卷之二十七,夢禳,省夢須占易象說,初六,,34558
卷之二十七,夢禳,省夢須占易象說,九二,,34560
卷之二十七,夢禳,省夢須占易象說,九三,,34562
卷之二十七,夢禳,省夢須占易象說,九四,,34564
卷之二十七,夢禳,省夢須占易象說,九五,,34566
卷之二十七,夢禳,省夢須占易象說,天九,,34568
卷之二十七,夢禳,省夢須占易象說,天山遯,,34573
卷之二十七,夢禳,省夢須占易象說,判曰,,34578
卷之二十七,夢禳,省夢須占易象說,初六,,34580
卷之二十七,夢禳,省夢須占易象說,六二,,34582
卷之二十七,夢禳,省夢須占易象說,九三,,34584
卷之二十七,夢禳,省夢須占易象說,九四,,34587
卷之二十七,夢禳,省夢須占易象說,九五,,34589
卷之二十七,夢禳,省夢須占易象說,上九,,34591
卷之二十七,夢禳,省夢須占易象說,天地否,,34595
卷之二十七,夢禳,省夢須占易象說,判曰,,34598
卷之二十七,夢禳,省夢須占易象說,初六,,34601
卷之二十七,夢禳,省夢須占易象說,六二,,34603
卷之二十七,夢禳,省夢須占易象說,六三,,34605
卷之二十七,夢禳,省夢須占易象說,九四,,34607
卷之二十七,夢禳,省夢須占易象說,九五,,34609
卷之二十七,夢禳,省夢須占易象說,上九,,34611
卷之二十七,夢禳,省夢須占易象說,風地觀,,34615
卷之二十七,夢禳,省夢須占易象說,判曰,,34618
卷之二十七,夢禳,省夢須占易象說,初六,,34621
卷之二十七,夢禳,省夢須占易象說,六二,,34623
卷之二十七,夢禳,省夢須占易象說,六三,,34625
卷之二十七,夢禳,省夢須占易象說,六四,,34627
卷之二十七,夢禳,省夢須占易象說,九五,,34629
卷之二十七,夢禳,省夢須占易象說,上九,,34631
卷之二十七,夢禳,省夢須占易象說,山地剝,,34635
卷之二十七,夢禳,省夢須占易象說,判曰,,34638
卷之二十七,夢禳,省夢須占易象說,初六,,34641
卷之二十七,夢禳,省夢須占易象說,六二,,34643
卷之二十七,夢禳,省夢須占易象說,六三,,34646
卷之二十七,夢禳,省夢須占易象說,六四,,34648
卷之二十七,夢禳,省夢須占易象說,六五,,34650
卷之二十七,夢禳,省夢須占易象說,上九,,34652
卷之二十七,夢禳,省夢須占易象說,火地晉,,34657
卷之二十七,夢禳,省夢須占易象說,判曰,,34660
卷之二十七,夢禳,省夢須占易象說,初六,,34663
卷之二十七,夢禳,省夢須占易象說,六二,,34665
卷之二十七,夢禳,省夢須占易象說,六三,,34667
卷之二十七,夢禳,省夢須占易象說,九四,,34669
卷之二十七,夢禳,省夢須占易象說,六五,,34671
卷之二十七,夢禳,省夢須占易象說,上九,,34673
卷之二十七,夢禳,省夢須占易象說,火天大有,,34677
卷之二十七,夢禳,省夢須占易象說,判曰,,34680
卷之二十七,夢禳,省夢須占易象說,初九,,34683
卷之二十七,夢禳,省夢須占易象說,九二,,34685
卷之二十七,夢禳,省夢須占易象說,九三,,34687
卷之二十七,夢禳,省夢須占易象說,九四,,34689
卷之二十七,夢禳,省夢須占易象說,六五,,34693
卷之二十七,夢禳,省夢須占易象說,上九,,34696
卷之二十七,夢禳,省夢須占易象說,坎爲水,,34700
卷之二十七,夢禳,省夢須占易象說,判曰,,34703
卷之二十七,夢禳,省夢須占易象說,初六,,34706
卷之二十七,夢禳,省夢須占易象說,九二,,34708
卷之二十七,夢禳,省夢須占易象說,六三,,34710
卷之二十七,夢禳,省夢須占易象說,六四,,34712
卷之二十七,夢禳,省夢須占易象說,九五,,34714
卷之二十七,夢禳,省夢須占易象說,上六,,34716
卷之二十七,夢禳,省夢須占易象說,水澤節,,34720
卷之二十七,夢禳,省夢須占易象說,判曰,,34723
卷之二十七,夢禳,省夢須占易象說,初九,,34726
卷之二十七,夢禳,省夢須占易象說,九二,,34728
卷之二十七,夢禳,省夢須占易象說,六三,,34730
卷之二十七,夢禳,省夢須占易象說,六四,,34732
卷之二十七,夢禳,省夢須占易象說,九五,,34734
卷之二十七,夢禳,省夢須占易象說,上六,,34736
卷之二十七,夢禳,省夢須占易象說,水雷屯,,34740
卷之二十七,夢禳,省夢須占易象說,判曰,,34743
卷之二十七,夢禳,省夢須占易象說,初九,,34746
卷之二十七,夢禳,省夢須占易象說,六二,,34748
卷之二十七,夢禳,省夢須占易象說,六三,,34750
卷之二十七,夢禳,省夢須占易象說,六四,,34752
卷之二十七,夢禳,省夢須占易象說,九五,,34754
卷之二十七,夢禳,省夢須占易象說,上六,,34756
卷之二十七,夢禳,省夢須占易象說,水火旣濟,,34760
卷之二十七,夢禳,省夢須占易象說,判曰,,34763
卷之二十七,夢禳,省夢須占易象說,初九,,34766
卷之二十七,夢禳,省夢須占易象說,六二,,34768
卷之二十七,夢禳,省夢須占易象說,九三,,34770
卷之二十七,夢禳,省夢須占易象說,六四,,34772
卷之二十七,夢禳,省夢須占易象說,九五,,34774
卷之二十七,夢禳,省夢須占易象說,上六,,34776
卷之二十七,夢禳,省夢須占易象說,澤火革,,34780
卷之二十七,夢禳,省夢須占易象說,判曰,,34783
卷之二十七,夢禳,省夢須占易象說,初九,,34786
卷之二十七,夢禳,省夢須占易象說,六二,,34788
卷之二十七,夢禳,省夢須占易象說,九,,34790
卷之二十七,夢禳,省夢須占易象說,九四,,34792
卷之二十七,夢禳,省夢須占易象說,九五,,34795
卷之二十七,夢禳,省夢須占易象說,上六,,34797
卷之二十七,夢禳,省夢須占易象說,雷火豐,,34801
卷之二十七,夢禳,省夢須占易象說,判曰,,34805
卷之二十七,夢禳,省夢須占易象說,初九,,34808
卷之二十七,夢禳,省夢須占易象說,六二,,34810
卷之二十七,夢禳,省夢須占易象說,九三,,34812
卷之二十七,夢禳,省夢須占易象說,九四,,34814
卷之二十七,夢禳,省夢須占易象說,六五,,34816
卷之二十七,夢禳,省夢須占易象說,上六,,34818
卷之二十七,夢禳,省夢須占易象說,地火明夷,,34823
卷之二十七,夢禳,省夢須占易象說,判曰,,34826
卷之二十七,夢禳,省夢須占易象說,初九,,34829
卷之二十七,夢禳,省夢須占易象說,六二,,34831
卷之二十七,夢禳,省夢須占易象說,九三,,34833
卷之二十七,夢禳,省夢須占易象說,六四,,34835
卷之二十七,夢禳,省夢須占易象說,六五,,34837
卷之二十七,夢禳,省夢須占易象說,上六,,34839
卷之二十七,夢禳,省夢須占易象說,地水師,,34844
卷之二十七,夢禳,省夢須占易象說,判曰,,34848
卷之二十七,夢禳,省夢須占易象說,初六,,34851
卷之二十七,夢禳,省夢須占易象說,九二,,34853
卷之二十七,夢禳,省夢須占易象說,六三,,34855
卷之二十七,夢禳,省夢須占易象說,六四,,34857
卷之二十七,夢禳,省夢須占易象說,六五,,34859
卷之二十七,夢禳,省夢須占易象說,上六,,34861
卷之二十七,夢禳,省夢須占易象說,艮爲山,,34865
卷之二十七,夢禳,省夢須占易象說,判曰,,34868
卷之二十七,夢禳,省夢須占易象說,初六,,34872
卷之二十七,夢禳,省夢須占易象說,六二,,34874
卷之二十七,夢禳,省夢須占易象說,九三,,34876
卷之二十七,夢禳,省夢須占易象說,六四,,34878
卷之二十七,夢禳,省夢須占易象說,六五,,34880
卷之二十七,夢禳,省夢須占易象說,上九,,34883
卷之二十七,夢禳,省夢須占易象說,山火賁,,34887
卷之二十七,夢禳,省夢須占易象說,判曰,,34891
卷之二十七,夢禳,省夢須占易象說,初九,,34894
卷之二十七,夢禳,省夢須占易象說,六二,,34896
卷之二十七,夢禳,省夢須占易象說,九三,,34898
卷之二十七,夢禳,省夢須占易象說,六四,,34900
卷之二十七,夢禳,省夢須占易象說,六五,,34902
卷之二十七,夢禳,省夢須占易象說,上九,,34904
卷之二十七,夢禳,省夢須占易象說,山天大畜,,34908
卷之二十七,夢禳,省夢須占易象說,判曰,,34912
卷之二十七,夢禳,省夢須占易象說,初九,,34915
卷之二十七,夢禳,省夢須占易象說,九二,,34917
卷之二十七,夢禳,省夢須占易象說,九三,,34919
卷之二十七,夢禳,省夢須占易象說,六四,,34921
卷之二十七,夢禳,省夢須占易象說,六五,,34923
卷之二十七,夢禳,省夢須占易象說,上九,,34925
卷之二十七,夢禳,省夢須占易象說,山澤摜,,34929
卷之二十七,夢禳,省夢須占易象說,判曰,,34932
卷之二十七,夢禳,省夢須占易象說,初九,,34935
卷之二十七,夢禳,省夢須占易象說,九二,,34937
卷之二十七,夢禳,省夢須占易象說,六三,,34939
卷之二十七,夢禳,省夢須占易象說,六四,,34941
卷之二十七,夢禳,省夢須占易象說,六五,,34943
卷之二十七,夢禳,省夢須占易象說,上九,,34945
卷之二十七,夢禳,省夢須占易象說,火澤睽,,34949
卷之二十七,夢禳,省夢須占易象說,判曰,,34952
卷之二十七,夢禳,省夢須占易象說,初九,,34956
卷之二十七,夢禳,省夢須占易象說,九二,,34958
卷之二十七,夢禳,省夢須占易象說,六三,,34960
卷之二十七,夢禳,省夢須占易象說,九四,,34962
卷之二十七,夢禳,省夢須占易象說,六五,,34964
卷之二十七,夢禳,省夢須占易象說,上九,,34966
卷之二十七,夢禳,省夢須占易象說,天澤履,,34970
卷之二十七,夢禳,省夢須占易象說,判曰,,34973
卷之二十七,夢禳,省夢須占易象說,初九,,34976
卷之二十七,夢禳,省夢須占易象說,九二,,34978
卷之二十七,夢禳,省夢須占易象說,六三,,34980
卷之二十七,夢禳,省夢須占易象說,九四,,34982
卷之二十七,夢禳,省夢須占易象說,九五,,34984
卷之二十七,夢禳,省夢須占易象說,上九,,34986
卷之二十七,夢禳,省夢須占易象說,風澤中孚,,34990
卷之二十七,夢禳,省夢須占易象說,判曰,,34994
卷之二十七,夢禳,省夢須占易象說,初九,,34997
卷之二十七,夢禳,省夢須占易象說,九二,,34999
卷之二十七,夢禳,省夢須占易象說,六三,,35001
卷之二十七,夢禳,省夢須占易象說,六四,,35003
卷之二十七,夢禳,省夢須占易象說,九五,,35005
卷之二十七,夢禳,省夢須占易象說,上九,,35007
卷之二十七,夢禳,省夢須占易象說,風山漸,,35011
卷之二十七,夢禳,省夢須占易象說,判曰,,35014
卷之二十七,夢禳,省夢須占易象說,初六,,35018
卷之二十七,夢禳,省夢須占易象說,六二,,35020
卷之二十七,夢禳,省夢須占易象說,九三,,35022
卷之二十七,夢禳,省夢須占易象說,六四,,35024
卷之二十七,夢禳,省夢須占易象說,九五,,35026
卷之二十七,夢禳,省夢須占易象說,上九,,35028
卷之二十七,夢禳,省夢須占易象說,震爲雷,,35033
卷之二十七,夢禳,省夢須占易象說,判曰,,35036
卷之二十七,夢禳,省夢須占易象說,初九,,35039
卷之二十七,夢禳,省夢須占易象說,六二,,35041
卷之二十七,夢禳,省夢須占易象說,六三,,35043
卷之二十七,夢禳,省夢須占易象說,九四,,35045
卷之二十七,夢禳,省夢須占易象說,六五,,35047
卷之二十七,夢禳,省夢須占易象說,上六,,35049
卷之二十七,夢禳,省夢須占易象說,雷地豫,,35053
卷之二十七,夢禳,省夢須占易象說,判曰,,35056
卷之二十七,夢禳,省夢須占易象說,初六,,35060
卷之二十七,夢禳,省夢須占易象說,六二,,35062
卷之二十七,夢禳,省夢須占易象說,六三,,35064
卷之二十七,夢禳,省夢須占易象說,九四,,35066
卷之二十七,夢禳,省夢須占易象說,六五,,35068
卷之二十七,夢禳,省夢須占易象說,上六,,35070
卷之二十七,夢禳,省夢須占易象說,雷水解,,35074
卷之二十七,夢禳,省夢須占易象說,判曰,,35077
卷之二十七,夢禳,省夢須占易象說,初六,,35080
卷之二十七,夢禳,省夢須占易象說,九二,,35082
卷之二十七,夢禳,省夢須占易象說,六三,,35084
卷之二十七,夢禳,省夢須占易象說,九四,,35086
卷之二十七,夢禳,省夢須占易象說,六五,,35088
卷之二十七,夢禳,省夢須占易象說,上六,,35090
卷之二十七,夢禳,省夢須占易象說,雷風恒,,35094
卷之二十七,夢禳,省夢須占易象說,判曰,,35097
卷之二十七,夢禳,省夢須占易象說,初六,,35100
卷之二十七,夢禳,省夢須占易象說,九二,,35102
卷之二十七,夢禳,省夢須占易象說,九三,,35104
卷之二十七,夢禳,省夢須占易象說,九四,,35107
卷之二十七,夢禳,省夢須占易象說,六五,,35109
卷之二十七,夢禳,省夢須占易象說,上六,,35111
卷之二十七,夢禳,省夢須占易象說,地風升,,35116
卷之二十七,夢禳,省夢須占易象說,判曰,,35120
卷之二十七,夢禳,省夢須占易象說,初六,,35123
卷之二十七,夢禳,省夢須占易象說,九二,,35125
卷之二十七,夢禳,省夢須占易象說,九三,,35127
卷之二十七,夢禳,省夢須占易象說,六四,,35129
卷之二十七,夢禳,省夢須占易象說,六五,,35131
卷之二十七,夢禳,省夢須占易象說,上六,,35133
卷之二十七,夢禳,省夢須占易象說,水風井,,35137
卷之二十七,夢禳,省夢須占易象說,判曰,,35140
卷之二十七,夢禳,省夢須占易象說,初六,,35144
卷之二十七,夢禳,省夢須占易象說,九二,,35146
卷之二十七,夢禳,省夢須占易象說,九三,,35148
卷之二十七,夢禳,省夢須占易象說,六四,,35150
卷之二十七,夢禳,省夢須占易象說,九五,,35152
卷之二十七,夢禳,省夢須占易象說,上六,,35154
卷之二十七,夢禳,省夢須占易象說,澤風大過,,35158
卷之二十七,夢禳,省夢須占易象說,判曰,,35161
卷之二十七,夢禳,省夢須占易象說,初六,,35164
卷之二十七,夢禳,省夢須占易象說,九二,,35166
卷之二十七,夢禳,省夢須占易象說,九三,,35168
卷之二十七,夢禳,省夢須占易象說,九四,,35170
卷之二十七,夢禳,省夢須占易象說,九五,,35172
卷之二十七,夢禳,省夢須占易象說,上六,,35174
卷之二十七,夢禳,省夢須占易象說,澤雷隨,,35178
卷之二十七,夢禳,省夢須占易象說,判曰,,35181
卷之二十七,夢禳,省夢須占易象說,初九,,35184
卷之二十七,夢禳,省夢須占易象說,六二,,35186
卷之二十七,夢禳,省夢須占易象說,六三,,35188
卷之二十七,夢禳,省夢須占易象說,九四,,35190
卷之二十七,夢禳,省夢須占易象說,九五,,35192
卷之二十七,夢禳,省夢須占易象說,上六,,35194
卷之二十七,夢禳,省夢須占易象說,巽爲風,,35198
卷之二十七,夢禳,省夢須占易象說,判曰,,35201
卷之二十七,夢禳,省夢須占易象說,初六,,35204
卷之二十七,夢禳,省夢須占易象說,九二,,35206
卷之二十七,夢禳,省夢須占易象說,九三,,35208
卷之二十七,夢禳,省夢須占易象說,六四,,35210
卷之二十七,夢禳,省夢須占易象說,九五,,35212
卷之二十七,夢禳,省夢須占易象說,上九,,35214
卷之二十七,夢禳,省夢須占易象說,風天小畜,,35218
卷之二十七,夢禳,省夢須占易象說,判曰,,35223
卷之二十七,夢禳,省夢須占易象說,初九,,35226
卷之二十七,夢禳,省夢須占易象說,九二,,35228
卷之二十七,夢禳,省夢須占易象說,九三,,35230
卷之二十七,夢禳,省夢須占易象說,六四,,35232
卷之二十七,夢禳,省夢須占易象說,九五,,35234
卷之二十七,夢禳,省夢須占易象說,上九,,35236
卷之二十七,夢禳,省夢須占易象說,風火家人,,35240
卷之二十七,夢禳,省夢須占易象說,判曰,,35244
卷之二十七,夢禳,省夢須占易象說,初九,,35247
卷之二十七,夢禳,省夢須占易象說,六二,,35249
卷之二十七,夢禳,省夢須占易象說,九三,,35251
卷之二十七,夢禳,省夢須占易象說,六四,,35253
卷之二十七,夢禳,省夢須占易象說,九五,,35255
卷之二十七,夢禳,省夢須占易象說,上九,,35257
卷之二十七,夢禳,省夢須占易象說,風雷益,,35261
卷之二十七,夢禳,省夢須占易象說,判曰,,35264
卷之二十七,夢禳,省夢須占易象說,初九,,35267
卷之二十七,夢禳,省夢須占易象說,六二,,35269
卷之二十七,夢禳,省夢須占易象說,六三,,35271
卷之二十七,夢禳,省夢須占易象說,六四,,35273
卷之二十七,夢禳,省夢須占易象說,九五,,35275
卷之二十七,夢禳,省夢須占易象說,上九,,35277
卷之二十七,夢禳,省夢須占易象說,天雷无妄,,35281
卷之二十七,夢禳,省夢須占易象說,判曰,,35285
卷之二十七,夢禳,省夢須占易象說,初九,,35288
卷之二十七,夢禳,省夢須占易象說,六二,,35290
卷之二十七,夢禳,省夢須占易象說,六三,,35292
卷之二十七,夢禳,省夢須占易象說,九四,,35294
卷之二十七,夢禳,省夢須占易象說,九五,,35296
卷之二十七,夢禳,省夢須占易象說,上九,,35298
卷之二十七,夢禳,省夢須占易象說,屬火雷,,35302
卷之二十七,夢禳,省夢須占易象說,判曰,,35305
卷之二十七,夢禳,省夢須占易象說,初九,,35308
卷之二十七,夢禳,省夢須占易象說,六二,,35310
卷之二十七,夢禳,省夢須占易象說,六三,,35312
卷之二十七,夢禳,省夢須占易象說,九四,,35314
卷之二十七,夢禳,省夢須占易象說,六五,,35316
卷之二十七,夢禳,省夢須占易象說,上九,,35318
卷之二十七,夢禳,省夢須占易象說,山雷頥,,35324
卷之二十七,夢禳,省夢須占易象說,判曰,,35327
卷之二十七,夢禳,省夢須占易象說,初九,,35330
卷之二十七,夢禳,省夢須占易象說,六二,,35332
卷之二十七,夢禳,省夢須占易象說,六三,,35334
卷之二十七,夢禳,省夢須占易象說,六四,,35336
卷之二十七,夢禳,省夢須占易象說,六五,,35338
卷之二十七,夢禳,省夢須占易象說,上九,,35340
卷之二十七,夢禳,省夢須占易象說,山風蠱,,35344
卷之二十七,夢禳,省夢須占易象說,判曰,,35348
卷之二十七,夢禳,省夢須占易象說,初六,,35351
卷之二十七,夢禳,省夢須占易象說,九二,,35353
卷之二十七,夢禳,省夢須占易象說,九三,,35355
卷之二十七,夢禳,省夢須占易象說,六四,,35357
卷之二十七,夢禳,省夢須占易象說,六五,,35361
卷之二十七,夢禳,省夢須占易象說,上九,,35363
卷之二十七,夢禳,省夢須占易象說,離爲火,,35367
卷之二十七,夢禳,省夢須占易象說,判曰,,35370
卷之二十七,夢禳,省夢須占易象說,初九,,35374
卷之二十七,夢禳,省夢須占易象說,六二,,35376
卷之二十七,夢禳,省夢須占易象說,九三,,35379
卷之二十七,夢禳,省夢須占易象說,九四,,35381
卷之二十七,夢禳,省夢須占易象說,六五,,35383
卷之二十七,夢禳,省夢須占易象說,上九,,35385
卷之二十七,夢禳,省夢須占易象說,火山旅,,35389
卷之二十七,夢禳,省夢須占易象說,判曰,,35392
卷之二十七,夢禳,省夢須占易象說,初六,,35395
卷之二十七,夢禳,省夢須占易象說,六二,,35398
卷之二十七,夢禳,省夢須占易象說,九三,,35400
卷之二十七,夢禳,省夢須占易象說,九四,,35402
卷之二十七,夢禳,省夢須占易象說,六五,,35404
卷之二十七,夢禳,省夢須占易象說,上九,,35406
卷之二十七,夢禳,省夢須占易象說,火風鼎,,35410
卷之二十七,夢禳,省夢須占易象說,判曰,,35413
卷之二十七,夢禳,省夢須占易象說,初六,,35416
卷之二十七,夢禳,省夢須占易象說,九二,,35418
卷之二十七,夢禳,省夢須占易象說,九三,,35420
卷之二十七,夢禳,省夢須占易象說,九四,,35422
卷之二十七,夢禳,省夢須占易象說,六五,,35424
卷之二十七,夢禳,省夢須占易象說,上九,,35426
卷之二十七,夢禳,省夢須占易象說,火水未濟,,35430
卷之二十七,夢禳,省夢須占易象說,判曰,,35434
卷之二十七,夢禳,省夢須占易象說,初六,,35437
卷之二十七,夢禳,省夢須占易象說,九二,,35439
卷之二十七,夢禳,省夢須占易象說,六三,,35441
卷之二十七,夢禳,省夢須占易象說,九四,,35443
卷之二十七,夢禳,省夢須占易象說,六五,,35445
卷之二十七,夢禳,省夢須占易象說,上九,,35447
卷之二十七,夢禳,省夢須占易象說,山水蒙,,35451
卷之二十七,夢禳,省夢須占易象說,判曰,,35455
卷之二十七,夢禳,省夢須占易象說,初六,,35459
卷之二十七,夢禳,省夢須占易象說,九二,,35461
卷之二十七,夢禳,省夢須占易象說,六三,,35463
卷之二十七,夢禳,省夢須占易象說,六四,,35465
卷之二十七,夢禳,省夢須占易象說,六五,,35467
卷之二十七,夢禳,省夢須占易象說,上九,,35469
卷之二十七,夢禳,省夢須占易象說,風水渙,,35473
卷之二十七,夢禳,省夢須占易象說,判曰,,35477
卷之二十七,夢禳,省夢須占易象說,初六,,35481
卷之二十七,夢禳,省夢須占易象說,九二,,35484
卷之二十七,夢禳,省夢須占易象說,六三,,35487
卷之二十七,夢禳,省夢須占易象說,六四,,35490
卷之二十七,夢禳,省夢須占易象說,九五,,35493
卷之二十七,夢禳,省夢須占易象說,上九,,35495
卷之二十七,夢禳,省夢須占易象說,天水訟,,35499
卷之二十七,夢禳,省夢須占易象說,判曰,,35504
卷之二十七,夢禳,省夢須占易象說,初六,,35509
卷之二十七,夢禳,省夢須占易象說,九二,,35511
卷之二十七,夢禳,省夢須占易象說,六三,,35513
卷之二十七,夢禳,省夢須占易象說,九四,,35515
卷之二十七,夢禳,省夢須占易象說,九五,,35517
卷之二十七,夢禳,省夢須占易象說,上九,,35519
卷之二十七,夢禳,省夢須占易象說,天火同人,,35523
卷之二十七,夢禳,省夢須占易象說,判曰,,35526
卷之二十七,夢禳,省夢須占易象說,初九,,35530
卷之二十七,夢禳,省夢須占易象說,六二,,35532
卷之二十七,夢禳,省夢須占易象說,九三,,35535
卷之二十七,夢禳,省夢須占易象說,九四,,35537
卷之二十七,夢禳,省夢須占易象說,九五,,35539
卷之二十七,夢禳,省夢須占易象說,上九,,35541
卷之二十七,夢禳,省夢須占易象說,坤爲地,,35545
卷之二十七,夢禳,省夢須占易象說,判曰,,35548
卷之二十七,夢禳,省夢須占易象說,初六,,35552
卷之二十七,夢禳,省夢須占易象說,六二,,35554
卷之二十七,夢禳,省夢須占易象說,六三,,35556
卷之二十七,夢禳,省夢須占易象說,六四,,35558
卷之二十七,夢禳,省夢須占易象說,六五,,35560
卷之二十七,夢禳,省夢須占易象說,上六,,35562
卷之二十七,夢禳,省夢須占易象說,用六,,35564
卷之二十七,夢禳,省夢須占易象說,地雷復,,35568
卷之二十七,夢禳,省夢須占易象說,判曰,,35571
卷之二十七,夢禳,省夢須占易象說,初九,,35574
卷之二十七,夢禳,省夢須占易象說,六二,,35576
卷之二十七,夢禳,省夢須占易象說,六三,,35578
卷之二十七,夢禳,省夢須占易象說,六四,,35580
卷之二十七,夢禳,省夢須占易象說,六五,,35582
卷之二十七,夢禳,省夢須占易象說,上六,,35584
卷之二十七,夢禳,省夢須占易象說,地澤臨,,35588
卷之二十七,夢禳,省夢須占易象說,判曰,,35591
卷之二十七,夢禳,省夢須占易象說,初九,,35595
卷之二十七,夢禳,省夢須占易象說,九二,,35597
卷之二十七,夢禳,省夢須占易象說,六三,,35599
卷之二十七,夢禳,省夢須占易象說,六四,,35601
卷之二十七,夢禳,省夢須占易象說,六五,,35603
卷之二十七,夢禳,省夢須占易象說,上六,,35605
卷之二十七,夢禳,省夢須占易象說,地天泰,,35609
卷之二十七,夢禳,省夢須占易象說,判曰,,35614
卷之二十七,夢禳,省夢須占易象說,初九,,35618
卷之二十七,夢禳,省夢須占易象說,九二,,35620
卷之二十七,夢禳,省夢須占易象說,九三,,35622
卷之二十七,夢禳,省夢須占易象說,六四,,35624
卷之二十七,夢禳,省夢須占易象說,六五,,35626
卷之二十七,夢禳,省夢須占易象說,上六,,35628
卷之二十七,夢禳,省夢須占易象說,雷天大壯,,35632
卷之二十七,夢禳,省夢須占易象說,判曰,,35636
卷之二十七,夢禳,省夢須占易象說,初九,,35639
卷之二十七,夢禳,省夢須占易象說,九二,,35641
卷之二十七,夢禳,省夢須占易象說,九三,,35643
卷之二十七,夢禳,省夢須占易象說,九四,,35645
卷之二十七,夢禳,省夢須占易象說,六五,,35649
卷之二十七,夢禳,省夢須占易象說,上六,,35651
卷之二十七,夢禳,省夢須占易象說,澤天夬,,35655
卷之二十七,夢禳,省夢須占易象說,判曰,,35659
卷之二十七,夢禳,省夢須占易象說,初九,,35662
卷之二十七,夢禳,省夢須占易象說,九二,,35664
卷之二十七,夢禳,省夢須占易象說,九三,,35666
卷之二十七,夢禳,省夢須占易象說,九四,,35668
卷之二十七,夢禳,省夢須占易象說,九五,,35670
卷之二十七,夢禳,省夢須占易象說,上六,,35672
卷之二十七,夢禳,省夢須占易象說,水天需,,35676
卷之二十七,夢禳,省夢須占易象說,判曰,,35681
卷之二十七,夢禳,省夢須占易象說,初九,,35684
卷之二十七,夢禳,省夢須占易象說,九二,,35686
卷之二十七,夢禳,省夢須占易象說,九三,,35688
卷之二十七,夢禳,省夢須占易象說,六四,,35690
卷之二十七,夢禳,省夢須占易象說,九五,,35692
卷之二十七,夢禳,省夢須占易象說,上六,,35694
卷之二十七,夢禳,省夢須占易象說,水地比,,35698
卷之二十七,夢禳,省夢須占易象說,判曰,,35702
卷之二十七,夢禳,省夢須占易象說,初六,,35705
卷之二十七,夢禳,省夢須占易象說,六二,,35708
卷之二十七,夢禳,省夢須占易象說,六三,,35710
卷之二十七,夢禳,省夢須占易象說,六四,,35712
卷之二十七,夢禳,省夢須占易象說,九五,,35714
卷之二十七,夢禳,省夢須占易象說,上六,,35716
卷之二十七,夢禳,省夢須占易象說,兌爲澤,,35720
卷之二十七,夢禳,省夢須占易象說,判曰,,35723
卷之二十七,夢禳,省夢須占易象說,初九,,35726
卷之二十七,夢禳,省夢須占易象說,九二,,35728
卷之二十七,夢禳,省夢須占易象說,六三,,35730
卷之二十七,夢禳,省夢須占易象說,九四,,35732
卷之二十七,夢禳,省夢須占易象說,九五,,35734
卷之二十七,夢禳,省夢須占易象說,上六,,35736
卷之二十七,夢禳,省夢須占易象說,澤水困,,35741
卷之二十七,夢禳,省夢須占易象說,判曰,,35745
卷之二十七,夢禳,省夢須占易象說,初六,,35748
卷之二十七,夢禳,省夢須占易象說,九二,,35750
卷之二十七,夢禳,省夢須占易象說,六三,,35752
卷之二十七,夢禳,省夢須占易象說,九四,,35754
卷之二十七,夢禳,省夢須占易象說,九五,,35756
卷之二十七,夢禳,省夢須占易象說,上六,,35758
卷之二十七,夢禳,省夢須占易象說,澤地萃,,35762
卷之二十七,夢禳,省夢須占易象說,判曰,,35766
卷之二十七,夢禳,省夢須占易象說,初六,,35769
卷之二十七,夢禳,省夢須占易象說,六二,,35771
卷之二十七,夢禳,省夢須占易象說,六三,,35773
卷之二十七,夢禳,省夢須占易象說,九四,,35775
卷之二十七,夢禳,省夢須占易象說,九五,,35777
卷之二十七,夢禳,省夢須占易象說,上六,,35779
卷之二十七,夢禳,省夢須占易象說,澤山咸,,35784
卷之二十七,夢禳,省夢須占易象說,判曰,,35788
卷之二十七,夢禳,省夢須占易象說,初六,,35791
卷之二十七,夢禳,省夢須占易象說,六二,,35793
卷之二十七,夢禳,省夢須占易象說,九三,,35795
卷之二十七,夢禳,省夢須占易象說,九四,,35797
卷之二十七,夢禳,省夢須占易象說,九五,,35799
卷之二十七,夢禳,省夢須占易象說,上六,,35801
卷之二十七,夢禳,省夢須占易象說,水山蹇,,35805
卷之二十七,夢禳,省夢須占易象說,判曰,,35809
卷之二十七,夢禳,省夢須占易象說,初六,,35812
卷之二十七,夢禳,省夢須占易象說,六二,,35814
卷之二十七,夢禳,省夢須占易象說,九三,,35816
卷之二十七,夢禳,省夢須占易象說,六四,,35819
卷之二十七,夢禳,省夢須占易象說,九五,,35822
卷之二十七,夢禳,省夢須占易象說,上六,,35825
卷之二十七,夢禳,省夢須占易象說,地山謙,,35829
卷之二十七,夢禳,省夢須占易象說,判曰,,35833
卷之二十七,夢禳,省夢須占易象說,初六,,35836
卷之二十七,夢禳,省夢須占易象說,六二,,35838
卷之二十七,夢禳,省夢須占易象說,九三,,35840
卷之二十七,夢禳,省夢須占易象說,六四,,35842
卷之二十七,夢禳,省夢須占易象說,六五,,35844
卷之二十七,夢禳,省夢須占易象說,上六,,35846
卷之二十七,夢禳,省夢須占易象說,雷山小過,,35850
卷之二十七,夢禳,省夢須占易象說,判曰,,35854
卷之二十七,夢禳,省夢須占易象說,初六,,35857
卷之二十七,夢禳,省夢須占易象說,六二,,35859
卷之二十七,夢禳,省夢須占易象說,九三,,35861
卷之二十七,夢禳,省夢須占易象說,九四,,35863
卷之二十七,夢禳,省夢須占易象說,六五,,35865
卷之二十七,夢禳,省夢須占易象說,上六,,35867
卷之二十七,夢禳,省夢須占易象說,雷澤歸妹,,35871
卷之二十七,夢禳,省夢須占易象說,判曰,,35875
卷之二十七,夢禳,省夢須占易象說,初九,,35878
卷之二十七,夢禳,省夢須占易象說,九二,,35880
卷之二十七,夢禳,省夢須占易象說,六三,,35882
卷之二十七,夢禳,省夢須占易象說,九四,,35884
卷之二十七,夢禳,省夢須占易象說,六五,,35886
卷之二十七,夢禳,省夢須占易象說,上六,,35888
卷之二十七,夢禳,省夢須占易象說,附納甲法,,35893
卷之二十七,夢禳,省夢須占易象說,乾,,35896
卷之二十七,夢禳,省夢須占易象說,坎,,35898
卷之二十七,夢禳,省夢須占易象說,艮,,35902
卷之二十七,夢禳,省夢須占易象說,震,,35904
卷之二十七,夢禳,省夢須占易象說,巽,,35908
卷之二十七,夢禳,省夢須占易象說,離,,35910
卷之二十七,夢禳,省夢須占易象說,坤,,35914
卷之二十七,夢禳,省夢須占易象說,兌,,35916
卷之二十七,夢禳,—,歌曰乾金甲子外壬午坎水戊寅外戊申艮土丙辰外丙戌震木庚子庚午臨巽木辛丑幷辛未離火巳卯巳酉𢑗坤士乙未加癸丑兌金丁巳丁亥憑,,35922
卷之二十七,夢禳,—,附六神起位,,35928
卷之二十七,夢禳,—,甲乙起靑龍丙丁起朱雀戊日起勾陳巳日起螣蛇庚辛起白虎壬癸起玄武,,35932
卷之二十七,夢禳,—,六神賦凡占一卦先看六神動靜陰陽各隨機變靑龍屬木所爲而事事亨通白虎屬金興隆而所爲凶咎朱雀屬火而專口舌勾陳屬土而主遲畱螣蛇屬陰玄武屬水資財暗損只因玄武交重夢怪虚驚總爲螣蛇發作玄興必雨雀動多晴靑龍空而悔氣何疑白虎動而孕懷可喜交重朱雀文書音信須來發動勾陳謀望行人多阻求官興訟偏宜朱雀以興隆買地置田何怕勾陳之作亂,,35950
卷之二十七,夢禳,—,卜易總略卦有吉凶必因動靜如逢卦靜專尋暗動及空亡若見爻興便察吉凶分造化諸爻竝吉更防吉處藏凶大象皆凶須識凶中化吉若逢亂動先看用爻用爻有彼我之分得識從衰旺而決榮枯全係乎日辰主宰尤關乎世應細察生旺墓絕精詳尅害刑冲吉凶由此而生禍福從玆而定凶遇吉神凶亦吉吉乘凶煞吉成凶,,35962
卷之二十七,夢禳,—,論六親父母者生我之人也能爲吉能爲凶審其動靜衰旺各有所宜旺動則尅傷子孫生扶兄弟兄弟者比和同類之人也不能爲福不爲大禍無過阻敗而巳發動則傷尅妻財扶持福德子孫者我生之人也此最吉神逢之者吉背之者禍卦無父母則無尅爻有兄弟則有依動則生財尅傷官鬼惟問利名不宜見妻財者我尅之人也一卦之主遇無不吉惟占父母文書不宜見之値兄弟有損遇福德愈佳逢官鬼則泄氣動靜各有所宜官鬼者尅我之人也爲凶多爲福少所畏者福德所恃者妻財卦中雖凶而不可無但只宜靜若動則尅傷兄弟生扶父母固爲惡客而求名婚娶又相宜巳上六親凡四時乘旺得用及卦中交重發動者俱爲用爻有用則有變如父動化父或父動化子化兄弟化妻財化官鬼以類可推者爲變爻占者宜詳用變之生尅衰旺而斷其吉凶也,,35978
卷之二十七,夢禳,—,占夢篇凡占夢寐專察螣蛇如臨世位則臥中常有恍忽驚狂臨應冲身則主他人暗中謀害旺而且動神魂蕩漾多災衰復安寜寤寐清而獲吉若臨官鬼主有官非禍患病相侵如遇弟兄定見傷財妻妾病與父爻發動當憂幼女幼男共財位交重防慮老翁老母如同福德興隆動乃見亨貞大吉祥或與白虎兼興恐有血光瘡癤倘逢青龍俱動定然喜慶臨門臨於巳午旺則憂火燭之驚玄武相牽動則防穿窬之害諸凡凶吉惟在變通論世應應爲他人動則心變世爲自巳動則不寧世應相生則吉世應相尅則凶世應比和事𨚫中作事謀爲可用世應中間隔爻不宜發動世應不宜俱動不宜俱空亡如有此等皆非吉兆也,,36005
卷之二十七,夢禳,—,論六親持世父母官鬼兄弟俱不宜持世惟子孫妻財持世爲大吉之兆,,36027
卷之二十七,夢禳,—,論六爻出現伏藏出現旺相爲久爲遠,,36033
卷之二十七,夢禳,—,伏藏有𪸓只利目前,,36038
卷之二十七,夢禳,—,論日辰日辰旺相能透出用爻吉若尅用爻凶休囚者不用,,36043
卷之二十七,夢禳,—,論爻神旺相爻尅得休囚爻休囚尅不得旺相發動爻尅得安靜爻安靜尅不得發動,,36049
卷之二十七,夢禳,—,論德合刑冲尅旺墓空但看此八字何爻得時何爻傷身傷世便定吉凶凡生合我者有益刑尅我者非祥,,36055
卷之二十七,夢禳,—,德卦有德神必主喜慶但天干合地支便是甲德在寅巳德附寅庚德居申乙德附庚丙德在巳辛德附丙壬德在亥丁德附壬戊德在巳癸德附戊○又正月丁二甲三壬四辛五亥六申七癸八寅九丙十乙十一巳十二庚,,36064
卷之二十七,夢禳,—,合合神主和順慶會但遇刑冲尅害空亾皆不爲合且如卦先有巳動出申字爲合卦先有申動出巳字爲尅凡卦先取六合如無𨚫取三合吉凶皆同唯病不宜鬼爻相合,,36073
卷之二十七,夢禳,—,六合子與丑合寅與亥合卯與戌合辰與酉合巳與申合午與未合,,36081
卷之二十七,夢禳,—,三合申子辰合成水局寅午戌會成火局亥卯未合成木局巳酉丑合成金局辰戌丑未合成土局,,36087
卷之二十七,夢禳,—,十干合甲與巳合乙與庚合丙與辛合丁與壬合戊與癸合,,36093
卷之二十七,夢禳,—,刑此爲損神入卦可畏宜以輕重詳之其中亦有解救如動出刑爻看刑我刑他得時失時亦看旁爻所制若無可解其禍難逃寅刑巳巳刑申,,36099
卷之二十七,夢禳,—,申刑寅子刑卯,,36107
卷之二十七,夢禳,—,戌刑丑丑刑未,,36109
卷之二十七,夢禳,—,辰刑辰午刑午酉刑酉亥刑亥,,36113
卷之二十七,夢禳,—,訣曰寅刑巳上巳刑申丑戌相刑未與辰子刑卯上卯刑子辰午酉亥自相刑,,36118
卷之二十七,夢禳,—,冲陽爻爲天冲陰爻爲地冲卦中爻動便看六爻吉凶如無德合刑動便冲旺相可尅休囚難尅子午相冲丑未相冲寅申相冲卯酉相冲辰戌相冲巳亥相冲,,36124
卷之二十七,夢禳,—,尅能除凶能壞事如卦爻受刑得尅之一字破之便是救解尅他人則解我之凶尅身世則撓我之事凡本爻受尅須憂本爻金尅木木尅土土尅水水尅火火尅金父母尅子孫子孫尅官鬼官鬼尅兄弟兄弟尅妻財妻財尅父母,,36136
卷之二十七,夢禳,—,旺得時生扶爲旺卦宮旺者虚喜卦爻旺者上吉如卜得文書父母旺而財爻衰雖來相尅亦不能傷只怕旺是凶爻尅害于我火旺午金旺酉木旺卯水土旺在子春木旺夏火旺秋金旺冬水旺四季月土旺,,36151
卷之二十七,夢禳,—,墓,,36165
卷之二十七,夢禳,—,辰戌丑未爲墓凶爻要入墓吉爻不要入墓墓者滯也入墓則爲休囚卦有人墓鬼墓事墓金墓丑木墓未火墓戌水土墓辰,,36168
卷之二十七,夢禳,—,空事不受傷物不受尅空之一字極有玄妙且如動爻冲尅主象而主象在空謂之空而不受尅凡有用者忌空凶尅者喜空,,36177
卷之二十七,夢禳,—,旬中空甲子旬中戌亥空甲戌旬中申酉空甲申旬中午未空甲午旬中辰巳空甲辰旬中寅卯空甲寅旬中子丑空,,36186
卷之二十七,夢禳,—,十干空甲乙日午空丙丁日申空戊巳日巳空庚辛日寅空壬癸日戌空,,36192
卷之二十七,夢禳,—,時中空甲巳日申酉時空乙庚日午未時空丙辛日辰巳時空丁壬日寅卯時空戊癸日子丑戌亥時空,,36200
卷之二十七,夢禳,—,四生火長生在寅金長生在巳木長生在亥水土長生在申,,36206
卷之二十七,夢禳,—,四敗火敗在卯金敗在午木敗在子水土敗在酉,,36214
卷之二十七,夢禳,—,四死火死在酉金死在子木死在午水土死在卯,,36220
卷之二十七,夢禳,—,四絶火絶在亥金絕在寅木絶在申水土絶在巳吉神,,36226
卷之二十七,夢禳,—,天元祿,,36233
卷之二十七,夢禳,—,甲祿在寅,,36235
卷之二十七,夢禳,—,乙祿在卯丙戊祿在巳丁巳祿在午庚祿居申辛祿到酉壬祿在亥癸祿在子驛馬,,36237
卷之二十七,夢禳,—,寅午戌馬居申,,36241
卷之二十七,夢禳,—,申子辰馬居寅巳酉丑馬在亥亥卯未馬在巳天乙貴人,,36243
卷之二十七,夢禳,—,甲戊兼牛羊,,36248
卷之二十七,夢禳,—,乙巳鼠猴鄉丙丁猪雞位壬癸兎蛇藏庚辛逢馬虎此是貴人方天赦,,36252
卷之二十七,夢禳,—,正五九戌二六十丑三七十一龍四八十二羊○又春戊寅夏甲午秋戊申冬甲子天解,,36258
卷之二十七,夢禳,—,正七申二八戌三九子四十寅五十一辰六十二午地解正亥二申三四五六未七八九十午十一十二巳月解正二申三四西五六戌七八亥九十午十一十二未日解甲巳巳乙庚申丙辛寅丁壬丑戊癸酉天德正亥二子三丑四寅五卯六辰七巳八午九未十申十一酉十二戌月德,,36265
卷之二十七,夢禳,—,正未二申三酉四戌五亥六子七丑八寅九卯十辰十一巳十二午日德,,36277
卷之二十七,夢禳,—,正亥二戌三酉四申五未六午七巳八辰九卯十寅十一丑十二子時德,,36281
卷之二十七,夢禳,—,正辰二亥三子四丑五申六酉七戌八巳九午十未十一寅十二卯福星貴人甲丙相邀入虎鄉更逢子位亦高强戊申巳未丁宜亥乙癸逢牛福祿昌庚在午頭辛到巳壬居辰上喜非常天喜正戌二亥三子四丑五寅六卯七辰八巳九午十未十一申十二酉救神甲巳亥位乙庚申丙辛巳丁壬午分戊癸酉宮官事脫病人遇此不傷身靑龍,,36285
卷之二十七,夢禳,—,正寅二卯三辰四巳五午六未七申八酉九戌十亥十一子十二丑,,36298
卷之二十七,夢禳,—,凶煞,,36301
卷之二十七,夢禳,—,官符,,36304
卷之二十七,夢禳,—,正七寅二八子三九戌四十申五十一午六十二辰天賊,,36306
卷之二十七,夢禳,—,正辰二西三寅四未五子六巳七戌八卯九申十丑十一午十二亥受死,,36312
卷之二十七,夢禳,—,正戌二辰三亥四巳五子六午七丑八未九寅十申十一卯十二酉喪門,,36316
卷之二十七,夢禳,—,正未二辰三丑四戌五未六辰七丑八戌九未十辰十一丑十二戌天獄,,36320
卷之二十七,夢禳,—,正亥二申三巳四寅五又在亥循此推之𩹌寡,,36324
卷之二十七,夢禳,—,春丑夏辰秋未冬戌歸忌,,36329
卷之二十七,夢禳,—,正丑二寅三四五六子七丑八寅九十十一十二子天鬼,,36333
卷之二十七,夢禳,—,正巳二子三四酉五子六午七申八酉九戌十亥十一卯十二子厭殺,,36337
卷之二十七,夢禳,—,正戌二酉三申四未五午六巳七辰八卯九寅十丑十一子十二亥天殺,,36341
卷之二十七,夢禳,—,正未二辰三丑四戌五未六辰七丑八戌九未十辰十一丑十二戌地殺,,36345
卷之二十七,夢禳,—,正辰二丑三戌四未五辰六丑七戌八未九辰十丑十一戌十二未月殺,,36349
卷之二十七,夢禳,—,正丑二戌三未四辰五丑六戌七未八辰九丑十戌十一未十二辰三坼,,36353
卷之二十七,夢禳,—,正月起丑二月寅三月在卯四月辰五六順行依位轉臘月輪當子上存六害,,36357
卷之二十七,夢禳,—,六害子未不堪親丑害午兮寅巳嗔卯害辰兮申害亥酉戌相逢轉見深右如法虔心下成一卦按前法細查看其動靜吉凶以斷禍福休咎合諸所夢看是何徵兆夢凶卦凶或夢吉卦凶急須解禳如夢吉卦吉或夢凶卦吉必有隹兆推經文之所占趨之避之此以身心之誠印于先聖先賢之旨萬無一誤矣占者愼母忽焉祝辭伏以神聖之靈無誠不格愚蒙之念有感必通今居,,36361
卷之二十七,夢禳,—,府州縣信士,,36379
卷之二十七,夢禳,—,爲夜得,,36382
卷之二十七,夢禳,—,夢未卜吉凶敢布下情仰干洪造謹卜一卦卦莫亂傳内用一爻爻莫誤動決所夢之妖祥望明彰而指示祝畢取錢擲卦先定內三爻後定外三爻以成一卦斷其吉凶應驗如響━━━━━━━━━━━━━━━━━━━━━━━━━━━━━━━━━━━━━━━━━━━━━━━━━━━━━━━━━━━━━━━━━━,,36384
卷之二十七,夢禳,—,━━━━━━━━━━━━━━━━━━━━━━━━━━━━━━━━━━━━━━━━━━━━━━━━━━━━━━━━━━━━━━━━━━,,36398
卷之二十七,夢禳,—,寢室臥呪說○ 呪 臨臥諸忌說解辟惡夢符敕眞言說○ 呪○書符法○ 劒訣式思三台厭惡夢呪說○ 呪○ 三台訣式○厭惡夢符式十道太上老君禳惡夢符呪說○ 呪○ 逐日厭惡夢符式十二道絶三尸符呪辟夢說○ 三尸姓名○,,36407
卷之二十七,夢禳,—,道○ 敇符呪主夜神呪說○ 呪○ 附夷堅志說北帝呪說○ 呪大道眞君解夢靑童口訣說○ 呪虎枕安神辟夢說 丹砂治惡夢說麝枕辟夢說 懐夢草說龜玆枕說 何姑廟祈夢說━━━━━━━━━━━━━━━━━━━━━━━━━━━━━━━━━━━━━━━━━━━━━━━━━━━━━━━━━━━━━━━━━━,,36423
卷之二十七,夢禳,—,━━━━━━━━━━━━━━━━━━━━━━━━━━━━━━━━━━━━━━━━━━━━━━━━━━━━━━━━━━━━━━━━━━,,36443
卷之二十八,夢禳,寢室臥呪說,○寢室臥呪說人之寢室臥處須令高爽潔淨則地氣不及鬼吹不干凡鬼氣侵人每因臥榻低溼陰氣逆上以致神魄少寧外與内涉邪厲遊行遂多妄夢故必遵忌行之乃獲寧寢矣四十四方經云夜臥將欲合眼時先以手撫心三過閉目叩齒三通微呪一遍,,36455
卷之二十八,夢禳,寢室臥呪說,呪曰大靈九宮大乙守房百神參位魂魄和同長生不死塞邪滅凶如此祝之冥心而睡則魂魄守舍眠臥清寧邪夢不入永獲貞吉也,,36463
卷之二十八,夢禳,臨臥諸忌說,○臨臥諸忌說凡人寢處枕須令高身須令側勿尸臥勿久臥臥勿開口以泄眞氣臥勿裸體以瀆三光勿冒寒而臥勿裸臥地上勿當風勿使牀隙進風勿近溼勿臥多言勿臥妄笑勿食熱物而臥勿睡醒苦熱而急飲水勿沐浴未乾而遽寢臥足勿跂牀懸高手勿當心壓口令人夢魘如人有魘魅勿輕走近魘者臥處勿遽揭帳帷看視及急以火照之恐驚其魂或致殺人須遠遠呼喚俟其漸醒如不醒者就暗中用指甲掐其人中或用口唊大拇指而唾其面搖其體使得神復凡人睡臥中不可取筆墨點畫人面爲戲使遊魂不認其尸亦有致不醒而死者切宜愼忌又人鼾睡之中勿移燈燭照視令人神魂欠安是故寢睡者四時各有宜向春臥東首夏臥南首秋臥西首惟冬月可北首乘位以迎氣也是故凡人夜行及冥臥心中有所恐怖者當存日月之光入我明堂之中則百邪自散夜有所夢旦勿輕以告人此皆三才避忌之要可不謹哉,,36472
卷之二十八,夢禳,解辟惡夢符敇眞言說,○解辟惡夢符敇眞言說太素眞人教始學者辟惡夢法凡寢臥之中若數遇惡夢者一曰魄妖之夢二曰心試之夢三曰尸賊之夢今示厭消之方救濟世人若見惡夢旣覺之時用左手捻入人中二七過叩齒二七通乃微呪之呪曰太洞眞玄長練三魂第一魂速守七魄第二魂速守泥丸第三魂受心節度速啓太素三元君向遇不祥之夢是七魄遊尸來協邪源急召桃康護命上告帝君五老九眞各守體門黄闕神師紫戸將軍把鉞握鈴消滅惡精返凶成吉生死無緣呪畢再依法書符敕厭之必獲吉應而造爲惡夢之氣受閉於三關之下矣符敇書訣列於左方書符法凡書符右手用劒訣列圖式於左,,36492
卷之二十八,夢禳,思三台厭惡夢呪說,○思三台厭惡夢呪說,,36516
卷之二十八,夢禳,思三台厭惡夢呪說,上台,,36519
卷之二十八,夢禳,思三台厭惡夢呪說,中台,,36521
卷之二十八,夢禳,思三台厭惡夢呪說,下台,,36523
卷之二十八,夢禳,思三台厭惡夢呪說,右三台內諱知之者衆惡悉除諸善備集須於靜房端坐閉目凝想思三台覆首覺兩腎氣從胸中出上與三台相通久久思畢二七啄齒以鼻微微納氣閉口令滿即便嚥之嚥畢乃呪呪曰節榮節榮願乞長生太玄三台常覆我形出入行來萬神懏營步之五年仙骨自成歩之七年令藥皆精步之十年上昇天庭如此祝之夢不爲殃用潔淨几硯紙筆硃墨水孟香爐各一冥心叩齒向東坐定默念前太洞眞玄呪一遍然後如法書符不得雜念惰容方有靈驗符式圖左,,36526
卷之二十八,夢禳,太上老君禳惡夢符呪,○太上老君禳惡夢符呪夜見惡夢早起於左列文内按其日辰書符一道書時存心見頭頂有太上老君泥丸眞人戴遠遊冠服玄袍坐冥光帳中下視口耳再閉氣握固良久微呪七過呪曰赫赫揚揚日出東方吾敇此符㫁除惡夢不祥急急如律令攝呪畢書符書過吾存心有赤氣如雞卵大從心仰上自中出漸覆是變火光周匝覺體小熱以齒叩之攝氣一口吹入符内依法或貼或戴仍用東流水向東噀之自然消解回吉也符十二道列於左方右照子丑寅卯等日書符如子日得惡夢則書子日符餘日倣此不得錯誤每書一道默念前太洞眞玄呪一遍吸氣一口攝在符內,,36546
卷之二十八,夢禳,絶三尸符呪辟夢說,○絶三尸符呪辟夢說太上曰三尸九蟲能爲萬病病人夜夢戰鬥皆此蟲爲祟也可用桃板爲符書三道埋於門闑下即止矣毎以庚申日書戴之庚子日吞之三尸自去又常以六庚日書姓名安元命籙中三尸不敢爲患也符式如左三尸姓名上尸彭居中尸彭質下尸彭矯此符消九蟲當以六庚日服符以白紙硃書服毎庚皆如之惟庚申書之不限多少從庚申日早朝服止次庚午日又服一道値六庚勿失蟲皆不貫五藏人身無病也敕符呪曰日出東方赫赫堂堂某服神符符衛四方神符入腹換胃蕩腸百病除愈骨體康强千鬼萬邪無有敢當知符爲神知道爲眞吾服此符九蟲離身攝錄萬毒上昇眞人,,36569
卷之二十八,夢禳,又備禳解惡夢諸法,○又備禳解惡夢諸法主夜神呪說段成式酉陽雜爼曰主夜神呪持之有功德夜行及寐可以辟恐怖惡夢呪載於後呪曰婆珊婆演帝婆珊婆演帝,,36595
卷之二十八,夢禳,又備禳解惡夢諸法,附夷堅志說夷堅志曰予爲禮部郎日齋宿祠官與宋才成裴侍郎夜語及神異事宋云吾往日畏夢夢人授一偈纔數字覺而憶之每獨處臨臥輒誦百遍覺心志自然不復恐懼予曰非謂婆珊婆演帝耶宋驚曰君何以知之予言不惟知其名且能究所出予始讀酉陽雜爼云主夜神呪可辟惡夢而莫曉其故後讀華嚴經云善財龍女叅善知識至閻浮提摩揭提國迦毗羅城見主夜神名曰婆珊婆演底神言我得菩薩破一切衆生癡暗法光明解脫我於夜暗人靜鬼神盜賊諸惡衆生所遊行時密雲重霧惡風暴雨日月星辰竝皆昏蔽不見色時見諸衆生若入於海若行於陸山林曠野諸險難處或乏資糧迷惑方隅或忘道路張皇憂怖我時即行種種方便而救濟之爲海難者求作船師魚王馬王龜王象王阿脩羅王及以海神爲彼衆生止大風雨息大波浪引其道路示其洲岸令彼怖畏重得安隱一切衆生於夜暗中遭恐怖者現以日月及諸星辰種種光明及諸屋室或爲人衆令其得脫恐怖之阨爲行曠野稠林險道藤蘿所骨雲霧所暗而恐怖者令得出離雲霧以此言之其神力如此非止辟夢一事也予毎見人多疑懼怯魔勸使誦持多得神驗,,36607
卷之二十八,夢禳,北帝呪說,○北帝呪說冲靜羽士口授云北帝呪持誦者至有𩄇應解除一切不祥之物能辟禳惡夢呪曰二象迴傾玄一之精七靈護命上侍三清雙皇驅除赫奕羅兵三十萬人侍衛神營巨獸百萬威攝千精揮劒逐邪馘落魔靈神伯所呪千妖滅形呪時先凝心定氣南向叩齒三下默念三遍念畢再叩齒三十六聲,,36631
卷之二十八,夢禳,大道眞君解夢靑童口訣說,○大道眞君解夢靑童口訣說金樓子云嘗病寢臥不安夢多惡況心甚苦之適於友人葉昉得齋頭談及苦夢之故葉云予上世有精圓夢之術者今裔代已邈其法不傳所存者止一靑童君口訣以辟不祥之夢頗爲靈應遂出以授試之驗焉敬公海内爲同病相持之助法云若人夢寐不吉魄協百氣以挍其心欲伺我神之間伏也每遇夜寢或得不美之夢當即北向啓太上大道君具言其狀不過四五則自消滅也○靑童君口訣曰夜遇所夢自覺非吉便可返枕睡定而呪呪曰太靈玉女侍眞衛魂六宮金童來守生門化惡返善上書三元使我長生乘景駕雲呪畢嚥口内津液七次叩齒七通而更臥如此四五次愈有靈驗無不返惡夢而爲吉祥持誦者秘之,,36650
卷之二十八,夢禳,虎枕安神辟夢說,○虎枕安神辟夢說藍田罨牕笈曰霍幢眞人秘授虎枕法能令神魂寧守妖夢不見延年養榮昇仙誕道之要也不可妄傳其法取千年柏木按候製成一枕高八寸長一尺六寸刻成臥虎之形昻頭藏尾尾自左脛而轉鑿空其中畱竅方寸用納後藥然後以麝香調生漆膠固聽用擇日,,36675
卷之二十八,夢禳,虎枕安神辟夢說,用寅年寅月寅日寅時採木動手採木用甲寅日製枕用丙寅日入藥用戊寅日封口用庚寅日初試用壬寅日選藥丹砂,,36682
卷之二十八,夢禳,虎枕安神辟夢說,雄黃琥珀夜光石,,36691
卷之二十八,夢禳,虎枕安神辟夢說,虎額骨龍頸骨眞金沉香右各等分用絳袋盛貯納入枕腹後封口,,36694
卷之二十八,夢禳,丹砂治惡夢說,○丹砂治惡夢說類編云錢丕夜多惡夢但就枕便成輒通夕不止後赴官經漢上與鄧州推官胡用之驛遇同宿告以苦夢胡云昔嘗如此驚恐特甚有道士教戴丹砂初任辰州推官求得𩄇砂雙箭鏃者戴之不涉旬即驗四五年不復有夢至今秘惜因解髻中一絳紗袋遺之即夕無夢神魂安靜眞誥及他道書多載丹砂辟惡夢信有之也,,36700
卷之二十八,夢禳,鵸䳜禦夢說,○鵸䳜禦夢說山海經曰翼望之山有鳥焉其狀如烏三首大尾而善笑名曰鵸䳜服之使人不夢魘可以禦凶,,36713
卷之二十八,夢禳,麝枕辟夢說,○麝枕辟夢說物類相感志云凡人夜寢不寧者取眞麝以絳紗袋盛置枕中可無惡夢,,36720
卷之二十八,夢禳,懷夢草說,○懷夢草說王子年拾遺記曰融高西有夢草似蒲其莖似蓍色紅晝縮入地夜則出焉懐其葉以占夢則知吉凶禍福漢武帝思李夫人之容不可得見東方朔乃獻一枝帝懷之遂夢夫人因攺名懐夢草,,36726
卷之二十八,夢禳,龜玆枕說,○龜玆枕說天寶遺事曰龜玆國貢一枕色如瑪瑙溫潤如玉枕之則夢遊十洲三島名為遊仙枕後以賜楊國忠云,,36734
卷之二十八,夢禳,何姑廟祈夢說,○何姑廟祈夢說一綂志曰何姑廟在福建仙遊縣東北九鯉河上祀何姑九仙每大比歲郡中士子祈夢於此輒有靈驗,,36741
卷之二十八,夢禳,—,夢原引甲戌之嵗冏卿子極何公出家蔵夢林玄觧一書屬不佞訂叅刪補焉且益彂所貯卷帙㪅購海内遺编以授曰書止一占今㝖附以禳辟之說蓋贈悉獻吉昉乎周禮非荒誕也不佞唯唯迺蚤夜簡閲一本飬吾之舊与駿眀氏所集悉心考較次其编目芟其蕪紊禆其缺略不敢謬附已見而亦非復曩書之殘螙以矣凡兩經霜汗辑成回靜念夢真真语倡自释典其實上古聖賢如風后刀牧伊尹傅说之儔眀良相際每每得渚夢寐且孔子至聖也其不為迂妄人所共信而亦以周公不夢卜吾道之興衰尚可谓夢真也邪乃洵人之彂夢的有源頭夢之所形㦄有成騐然則不遡所繇来不稽之已往猶未成其書之全耳爰據凌虗張子所揖夢占纇考而推廣之兩分之一曰夢原遡繇来也一曰夢徴稽已往也使天下信其占而又有以除其不祥悟其原而㪅有以劵其不诬同鄉見而喜曰庶幾㢤可以補㝢内載籍所未𬾨维長栁煇经之全當不遇是矣遂漫茟熾此時崇禎丙子冬也紫水山人黄堂書于吾漚━━━━━━━━━━━━━━━━━━━━━━━━━━━━━━━━━━━━━━━━━━━━━━━━━━━━━━━━━━━━━━━━━━,,36750
卷之二十八,夢禳,—,━━━━━━━━━━━━━━━━━━━━━━━━━━━━━━━━━━━━━━━━━━━━━━━━━━━━━━━━━━━━━━━━━━,,36787
卷之二十八,夢禳,—,素問,,36796
卷之二十八,夢禳,—,靈樞經,,36798
卷之二十八,夢禳,—,周禮、,,36801
卷之二十八,夢禳,—,周書、泰誓、,,36803
卷之二十八,夢禳,—,毛詩小雅斯干、,,36806
卷之二十八,夢禳,—,毛詩小雅正月，,,36808
卷之二十八,夢禳,—,孔氏,,36811
卷之二十八,夢禳,—,莊子,,36813
卷之二十八,夢禳,—,，列子、,,36815
卷之二十八,夢禳,—,荀子,,36819
卷之二十八,夢禳,—,淮南子、,,36822
卷之二十八,夢禳,—,說苑、,,36824
卷之二十八,夢禳,—,孔頴達、,,36827
卷之二十八,夢禳,—,史記、,,36829
卷之二十八,夢禳,—,漢書、,,36832
卷之二十八,夢禳,—,衛樂,,36834
卷之二十八,夢禳,—,論衡,,36837
卷之二十八,夢禳,—,殷浩,,36840
卷之二十八,夢禳,—,王叔和、,,36843
卷之二十八,夢禳,—,蕭方等。,,36845
卷之二十八,夢禳,—,白居易,,36848
卷之二十八,夢禳,—,六書精藴、,,36850
卷之二十八,夢禳,—,程子、,,36853
卷之二十八,夢禳,—,朱子,,36855
卷之二十八,夢禳,—,，黃庭堅,,36857
卷之二十八,夢禳,—,呂祖謙、,,36862
卷之二十八,夢禳,—,輔廣、,,36866
卷之二十八,夢禳,—,王晦叔、,,36868
卷之二十八,夢禳,—,王潛夫、,,36871
卷之二十八,夢禳,—,秦再思、,,36873
卷之二十八,夢禳,—,倫道全,,36876
卷之二十八,夢禳,—,皆夢軒說,,36878
卷之二十八,夢禳,—,鏡、玉子夢覺解、,,36881
卷之二十八,夢禳,—,夢占𨓜㫖,,36884
卷之二十八,夢禳,—,━━━━━━━━━━━━━━━━━━━━━━━━━━━━━━━━━━━━━━━━━━━━━━━━━━━━━━━━━━━━━━━━━━,,36918
卷之二十八,夢禳,—,━━━━━━━━━━━━━━━━━━━━━━━━━━━━━━━━━━━━━━━━━━━━━━━━━━━━━━━━━━━━━━━━━━,,36920
卷之二十九,夢原,素問,秋剌夏分病不巳令人益嗜臥又且善夢少氣之厥令人妄夢其極至迷三陽絶三陰微是爲少氣是以肺氣虚則使人夢見白物見人斬血籍籍得其時則夢見兵戰腎氣虚則使人夢見舟船溺人得其時則夢伏水中若有畏恐肝氣虚則夢見菌香生草得其時則夢伏樹下不敢起心氣虚則夢救火陽物得其時則夢燔灼脾氣虚則夢飲食不足得其時則夢築垣蓋屋此皆五藏氣虚陽氣有餘陰氣不足合之五診調之陰陽以在經脉,,36936
卷之二十九,夢原,靈樞經,正邪從外襲内而未有定舍反淫於藏不得定處與榮衛俱行而與魂魄飛揚使人臥不得安而喜夢氣淫於府則有餘於外不足於內氣淫於藏則有餘於內不足於外故陰氣盛則夢涉大水而恐懼陽氣盛則夢大火而燔灼陰陽俱盛則夢相殺上盛則夢飛下盛則夢墜甚飢則夢取甚飽則夢予肝氣盛則夢怒肺氣盛則夢恐懼哭泣飛揚心氣盛則夢喜笑恐畏脾氣盛則夢歌樂身體重不舉腎氣盛則夢腰脊兩解不屬凡此十二盛者至而寫之立巳厥氣客於心則夢見丘山煙火客於肺則夢飛揚見金鐵之奇物客於肝則夢山林樹木客於脾則夢見丘陵大澤壞屋風雨客於腎則夢臨淵没居水中客於膀胱則夢遊行客於胃則夢飲食客於大腸則夢田野客於小腸則夢聚邑衝衢客於膽則夢鬥訟自刳客於陰器則夢接內客於項則夢斬首客於脛則夢行走而不能前及居深地茆苑中客於股肱則夢禮節拜起客於胞絡則夢溲便凡此十五不足者至而補之立巳也,,36946
卷之二十九,夢原,周禮,大卜掌三兆之法一玉兆二瓦兆三原兆掌三易之法一連山二歸藏三周易掌三夢之法一曰致夢二曰觭夢三曰咸陟其經運十其别九十,夢以歲時日月星辰爲運夢之吉凶每運九變故其别九十其術今亡矣,36954
卷之二十九,夢原,周禮,以邦事作八命一曰征二曰象三曰與四曰謀五曰果六曰至七曰雨八曰瘳以八命贊三兆三易三夢之占以觀國家之吉凶以詔救政占夢掌其歲時觀天地之會辨陰陽之氣以日月星辰占六夢之吉凶一曰正夢二曰噩夢三曰思夢四曰寤夢五曰喜夢六曰懼夢季冬聘王夢獻吉夢於王王拜而受之乃舍萌於四方以贈惡夢遂令始難驅疫眡祲掌十煇之法以觀妖祥辨吉凶一曰祲二曰象三曰鐫四曰監五曰闇六曰瞢七曰彌八曰叙九曰隮十曰想,,36958
卷之二十九,夢原,周書泰誓,朕夢協朕卜襲于休祥,,36972
卷之二十九,夢原,毛詩小雅斯干,乃寢乃興乃占我夢吉夢維何維熊維羆維虺維蛇大人占之維熊維羆男子之祥維虺維蛇女子之祥,,36978
卷之二十九,夢原,毛詩小雅正月,召彼故老訊之占夢,,36984
卷之二十九,夢原,孔氏,凡夢吉凶不必占夢之官乃得占也左傳文公有夢子犯占之其類甚多,,36990
卷之二十九,夢原,莊子,夢飲酒者旦而哭泣夢哭泣者旦而田獵方其夢也不知其夢也夢之中又占其夢焉覺而後知其爲夢也且有大覺而後知此其大夢也而愚者自以爲覺竊竊然智之君乎牧固哉丘與汝皆夢也予謂汝夢亦夢也是其言也其名爲弔詭汝夢爲鳥而厲乎天夢爲魚而沒於淵不識今之意者其覺者耶其夢者耶其寐也魂交其覺也形開,,36996
卷之二十九,夢原,列子,夢有六候一曰正夢二曰噩夢三曰思夢四曰寤夢五曰喜夢六曰懼夢此六者神所交也故陰氣壯則夢涉大水而恐懼陽氣壯則夢涉大火而燔灼陰陽俱壯則夢生殺甚飽則夢與甚飢則夢取是以虚浮爲疾者則夢揚以沉實爲疾者則夢溺藉帶而寢則夢蛇飛鳥銜髪則夢飛將陰夢火將疾夢食夢飲酒者憂夢歌舞者哭神遇爲夢形接爲事故晝想夜夢神形所遇故神凝者想夢自消信覺不語信夢不達物化之往來者也古之眞人其覺日忘其寢不夢欲辨覺夢惟黃帝與孔丘今無黃帝孔丘孰辨之哉,,37006
卷之二十九,夢原,荀子,心臥則夢故心未嘗動也然而有所謂靜者不以夢劇亂之故謂之靜,,37016
卷之二十九,夢原,淮南子,所謂其人者性合於道其寢不夢其智不萌其魄不拂其魂不騰,,37022
卷之二十九,夢原,說苑,心應棗肝應榆我通天地將陰夢水將晴夢火天地通我妖孽者天之所以警天子諸侯也惡夢者天之所以警士大夫也故妖孽不勝善政惡夢不勝善行,,37030
卷之二十九,夢原,孔頴達,檀弓記孔子夢奠兩楹聖人五情同乎人也焉得無夢,,37036
卷之二十九,夢原,史記,維正月王在成周昧爽召三公左史戎夫曰今夕朕夢遂事寤驚予乃取遂事之要戒俾戎夫言之朔望以聞,,37042
卷之二十九,夢原,漢書,藝文志七略襍古十八家以黃帝長柳占夢十一卷甘德長柳占夢二十卷爲首其說曰襍占家紀百家之象候善惡之證衆占非一而夢爲大故周有其官周禮大卜掌三夢之法一曰致夢二曰觭夢三曰咸陟鄭氏以爲致夢夏后氏所作觭夢商人所作咸陟者言夢之得周人取焉而占夢專爲一官以日月星辰占六夢之吉凶其别曰正曰噩曰思曰寤曰喜曰懼季冬聘王夢獻吉夢於王王拜而受之及舍萌於四方以贈惡夢含萌者猶釋菜也贈者送之也詩書禮經所載高宗夢得兌頌文王夢帝與九齡武王伐紂夢協朕卜宣王考牧牧人有熊羆虺𪨥之夢召彼故老訊之占夢左傳所書尤多孔子夢坐奠於兩楹然則古之聖賢未嘗不以爲大是以見於七略者如此晉魏方技尤時或有之今人不復畱意此卜雖市井妄術所在如林亦無一人以占夢自名者其學豈絶乎,,37048
卷之二十九,夢原,衛樂,衛玠總角時問樂令廣夢樂云是想衛云形神所不接豈是想耶樂云因也未嘗夢乘車入䑕穴擣虀取鍼杵無想無因故也衛思經日不得遂成病樂爲剖析之衛即小瘥樂歎曰此兒胸中必無膏肓之疾,,37056
卷之二十九,夢原,論衡,占夢與占龜同人亦有直夢夢見甲明日則見甲矣夢見君明日則見君矣如夢見甲與君甲與君則不見也甲與君不見故夢見甲與君象類之也,,37062
卷之二十九,夢原,殷浩,或問殷浩曰將蒞官而夢棺將得財而夢糞何也浩曰官本臭腐故將得官而夢尸錢本糞土故將得財而夢穢時人以爲名言,,37070
卷之二十九,夢原,王叔和,太醫令王叔和脉經論夢本於人之氣與素問相同,,37076
卷之二十九,夢原,蕭方等,梁世子方等著論云吾嘗夢爲魚因化爲鳥當其夢也何樂如之及其覺也何憂斯類良由吾之不及魚鳥者遠矣故魚鳥飛浮任其志性吾之進退恆存掌握舉手懼觸搖足恐墜若使吾終得與魚鳥同遊則去人間如脫屣耳,,37082
卷之二十九,夢原,白居易,渴人多夢飲飢人多夢食,,37088
卷之二十九,夢原,六書精藴,其夢也邪晝有邪想也其夢也漫晝有漫想也,,37094
卷之二十九,夢原,程子,心所感通只是理也如夢寢皆無形只是有此理,,37100
卷之二十九,夢原,朱子,人之精神與天地陰陽流通故晝之所爲夜之所夢其善惡吉凶各以類應寤寐者心之動靜也有思無思者又動中之動靜也有夢無夢者又靜中之動靜也但寤陽而寐陰寤清而寐濁寤有主而寐無主故寂然感通之妙必於寤而言之周禮獻吉夢贈惡夢其於天人相與之際察之審而敬之至矣,,37106
卷之二十九,夢原,黃庭堅,病人多夢醫囚人多夢赦窮人夢富貴達者夢神仙,,37114
卷之二十九,夢原,呂祖謙,人之精神與天地陰陽流通故夢各以類至知此者則可以言性命之理矣形神相接而夢者世歸之想形神不接而夢者世歸之因因之說曰因羊而念馬因馬而念車因車而念蓋固有牧羊而夢鼓吹曲蓋者矣是雖非今日之想實因於前日之想故因與想一說也信如是說無想則無因無因則無夢舉天下之夢不出於想而巳矣然叔孫穆夢䜿牛之貌於牛未至之前曹人夢公孫彊之名於彊未生之前是果出於想乎果出於因乎雖然起廣樂於九原吾知其未必能定是議也,,37120
卷之二十九,夢原,輔廣,詳占夢之意先王致謹於天人之際可謂密矣惜乎古法不傳也後世之人情性不治晝之所爲猶且昏惑瞀亂不自知覺則其見於夢寐者率多乖戾未必與天地之氣相流通縱有徵兆之可驗者亦須迂迴隱約必待旣驗而後可知古法若存未必能盡占也,,37130
卷之二十九,夢原,王晦叔,天人同流相應而不遠先王必立官以觀妖祥辨吉凶所以和同天人之際使之無間也,,37136
卷之二十九,夢原,王潛夫,夢列篇曰夢有直有象有精有想有人有感有時有反有病有性昔武王邑姜娠太叔夢帝謂巳命爾子虞而與之唐及生手文曰虞因以爲名成王滅唐遂以封之此直夢也詩曰維熊維羆男子之祥此象夢也孔子思周公夜即夢之此精夢也人有思即夢其至有憂即夢其事此想夢也今事貴人夢之爲祥賤人夢之爲殃君子夢之爲榮小人夢之爲辱此人夢也陰雨之夢使人厭迷陽旱之夢使人亂離大寒之夢使人怨悲大風之夢使人飄飛此感夢也春夢發生夏夢高明秋冬夢熟藏此時夢也晉文公城濮之戰夢楚子伏巳而盬其腦本大惡也及戰乃大勝此反夢也陰病夢寒陽病夢熱內病夢亂外病夢發百病之夢或散或集此病夢也人之心情好惡不同或以此吉或以此凶當各自察常占所從此性夢也故先有所夢後無差忒謂之直比擬相肖謂之象凝念注神謂之精晝有所思夜夢其事乍吉乍凶善惡不信謂之想貴賤賢愚男女長少謂之人風雨寒暑謂之感五行王相謂之時陰極則吉陽極則凶謂之反觀其所疾察其所夢謂之病心情好惡於事有驗謂之性此十者占夢之大略也而決吉凶者多失其類豈覺爲陽寐爲陰陰陽之務相反故耶此亦謂其不甚者爾如使夢吉事而巳意大喜樂則眞吉矣夢凶事而巳意大憂懼則眞凶矣所謂春夏夢生長秋冬夢死傷也凡察夢者清潔鮮好貌堅體徤竹木茂美宮室器械新成方正開通光朙溫和升上向興之象皆爲吉喜謀從事成穢臭污濁腐爛枯槁傾倚欹邪劓刖不安閉塞幽昧解落墜下向衰之象皆爲凶懼計謀不從舉事不成妖孽怪異可憎可惡之事皆爲憂患圖畫卵胎刻鏤非眞瓦器虚空皆爲欺紿倡優俳舞併小兒所戲弄之物皆爲觀笑此其大都也夢或甚顯而無占或甚微而有應何也曰所夢不察而懵憒冒名也故亦不專信以斷今人相對計事尚有不從況慌忽雜夢亦何必乎唯有精誠所感神靈所告者乃可占耳故君子之異夢非妄也必有事故焉小人之異夢非榮也必有眞機焉今一寢之夢或屢遷化百物代至而其主不能究道之故占者有不中此非占之罪也乃夢者過也或其夢審矣而占者不能連類博觀故其夢有不驗此非書之陋乃說之過也故占夢之難者讀其書爲難也夫占夢必審其變故審其徵候内考情意外考王相則吉凶之符可見也且凡人之見瑞而脩德者福必成見瑞而縱恣者福轉爲禍見妖而驕侮者禍必成見妖而戒懼者禍轉爲福故太姒有吉夢文王不敢康吉祀於羣神然後占於朙堂竝拜吉夢脩省戒懼聞喜若憂故能成吉以有天下虢公夢見蓐收賜以土田自以爲有吉史嚚令國人賀夢聞憂而喜故能成凶以滅其封易曰使知懼又明於憂患與故凡有異夢感心無問善惡常恐懼脩省以德迎之乃能逢吉,,37144
卷之二十九,夢原,秦再思,紀異錄長安興義寺有僧智滿善圓夢寺有神堯皇帝賜額圓夢堂蓋不獨南唐徐文幼能圓夢始也,,37158
卷之二十九,夢原,倫道全,茸談曰今人說夢有醒而述其所見爲說夢者有夢中述其所夢爲夢中說夢者有夢中見夢覺而後知其爲夢中作夢者有三醒三夢夢悉如前而不攺者有平常所夢如期而復夢其事歷年若是者有所夢驚覺轉睡而仍接前夢者有甲夢乙而乙亦夢甲兩夢相應者有甲夢如是而乙夢亦如是兩夢相同者不可類述皆神魂變幻難以臆測也,,37164
卷之二十九,夢原,皆夢軒說,余客松上夢一道士戴華陽巾着黃練衣者來訪余揖而問曰客誠有道之士耶何衣冠之異也客笑曰子未開道也吾身蛻也衣又吾之所以蛻所蛻也蛻且非吾有蛻所蛻吾爲乎有哉余曰若是則遊方之内者縣而未解也請論縣解可乎客曰然子以淳于棼之典郡貴乎曰不足貴也子以莊周之爲胥樂乎曰甚樂客曰是二者皆未足以語縣解也敢問何謂耶曰汝於周則樂於棼則不貴豈以螘夢則夢胥夢則非夢也於一夢而別二夢是非縣之未解乎今吾有術能與萬物變化試使汝一爲胥一爲螘子且樂乎且不樂乎抑將以胥爲樂螘爲不樂乎曰悉不願也曰然則子於胥夢悅於螘夢憂悅爲火炎憂爲寒氷寒熱戰於内氷炭膠其胸縣之不解不旣深乎且子嘗於夢曉夢乎曰有之嘗於夢曉夢覺乎曰未也曰諾哉今巖穴之客江湖之士投簮𥿈而謝人事其往幾人其來復幾人吾視此猶夢曉夢也非夢曉夢覺也曉夢覺者孰有覺而曉夢之樂乎人能於夢曉夢而不能於夢曉覺是故終身遊於大夢而不知覺也於夢曉覺者其唯聖人乎然夢覺可以致而不可以傳也遊日中者忘昏夜之幽趨燈燭者忘暗室之陋吾燭子以暗室之光而不知大道之冥皎子以望舒之魄而不知陽烏之赫與子遊夢而不知相之非吾是以道可致而不可言縣可言而不可解詎不信夫於是恍然而醒惕然而起不知夢之爲吾吾之爲夢童子擁篲而進曰皆夢先生來也遂理前夢爲皆夢軒說,,37170
卷之二十九,夢原,鏡玉子夢覺解,呂仙祠在邯鄲之北呂仙憇此遇盧生自歎貧厄世緣未了仙以枕授生曰枕此令子榮適如意主人方炊黃梁生就枕夢畢姻登第歷官中書令年八十卒而寤睨翁在旁炊梁尚未熟謝曰先生教我矣後人榜其奇祠其地貌其神而盧生睡像存焉鏡玉子與客徘徊久之愀然問客曰若以爲玄乎人盡盧生人不盡悟盧生也逐塵緣之覆鹿任身徑之亡羊過鳥流雲何𦊱清虚一竅草根木蔕徒牽綠縟千容試問盧生未遇時化去時醒囘時誰眞誰幻誰夢誰覺說法經云一性自往來寤寐都爲幻生滅二因離是則常眞實道德經云生生化化又云不生不化夫人止一性萬刼恆靈但迷此即斷脩此即了區區天予之形體畢竟還天天不有形體而人欲據之爲有乎況形體中之榮枯之得失之愉拂石中火水中漚電中光鏡中影乎獨是本性不迷造化在我至人脫離生死以此耳若覓夢覓覺覺即是夢認眞認幻眞亦非眞本無夢也而意授塵塵授夢夢轉開覺本無生也而靈寄形形寄生生終歸化烏知赫赫者非鼾於仙枕也烏知營營者非角於虚空也百年食息總似黄梁一瞬韶華渾如迷寐藉不控定性關尋出世路正恐炊未熟而夢巳殘一性落萬輪中能堪幾虚度乎客然其言遂銓演其意作夢覺解三十首其一塊形隨化轉空靈轉夢覺何徂夢中身何𣸸夢後覺其二枕上非非夢夢中非非覺寤來身外身立證覺中覺其三覓覺覺仍夢破夢夢成覺四大總幻形來去何悲樂其四夢中還夢夢覺後幾覺覺眞性本無形迷夢縛空殻其五塵攘非關夢明妙非關覺撒手坐懸崖魂清夢亦覺其六無中有成夢有中無纔覺叅證無生解玄棲脫糞殻其七夜晝兩平分夢覺半相角駒隙夢中身清晝孰先覺其八世宙一蘧廬羲輪驅夢覺堪笑利名場勞勞夢裏角其九不醒百年夢長迷萬輪覺濁利固𧏙丸浮名亦蝸角其十解道塵爲夢孰圓夢處覺一絲了不牽沆瀣亦可喙其十一覺海淘無始夢團轉妙覺陸地有蓬瀛風塵漫自駁其十二爐火炊邊夢未熟何先覺靈藥自心苗黃梁等五濁其十三一枕八十秋方炊夢巳覺古今如電光仙枕亦塵殻其十四化夢隨化身化中身似覺夢殘身孰是幻形搆幻覺其十五夢生復夢滅無覺轉生覺妄起生滅因囘頭返大覺其十六化生儵生化孰夢更孰覺生化識前因靈光納五嶽其十七夢裏囂塵謝夢囘止帶覺泠然一虚無尋覺巳無覺其十八茫茫競空華眞如夢未覺石火與泡漚到頭覺不覺其十九虚轉刼中夢誰招三昧覺不謂六根空試悟蛻蟬殻其二十浮生一大夢叅來夢即覺萬刼一吹中眞靈堪幾剝其二十一細人迷刼夢豪人騁慧覺火馳燒空靈北邙冷荒埆其二十二大巧械爲君機鋒剸性覺一瞬鐘漏殘巧貢蟻鳶啄其二十三一枕繁華夢蕭然蘧遽覺何如淨塵根混沌了未斲其二十四筌解擯虚無請印黃梁覺一嘯乾坤空月光那可捉其二十五倪眞纔倪幻大夢在大覺夢覺多幻因妙竅還其朔其二十六有塵因有夢無夢亦無覺雲浮與雲空月明光自逴其二十七至人本無夢至覺亦無覺仙翁轉法輪游戲點夢覺其二十八無分周與蝶疇知夢與覺將無鼾仙枕覈玄早證覺其二十九亦解謝塵纓主恩重山嶽舒卷雲無心空澄不礙覺其三十枕上盧生夢終古阿誰覺疑是夢游仙夢中解夢覺,,37183
卷之二十九,夢原,夢占逸㫖,嘉靖壬戌之秋八月旣望陳子坐蒲陽軒中睠月色之漸高忻桂華之始放感盈虧之轉轂念榮瘁之循環於是舉酒命酌興發成酣枕簟載清隤然就寢夢皓睂之老叟披霞服而降庭授予一函金文炫目宛科斗之古篆欲宣誦而未能藏襲袖間猶恐遺脫獲玆奇玩心復生疑乃再拜問叟曰予與君遇無乃夢乎叟笑曰何遇非夢何夢非眞忽起譙聲予遂驚寤晨興喟歎是何祥也研思終日莫得其繇嗟夫夜之遇叟也其眞也耶晨之喟歎也其夢也耶將詢兆於占人慨煇經之墜地輒據見聞之末撰兹內外之篇用述微悰題爲逸㫖拂常隱語豈逭醉夢之譏遁世朽夫聊增噱譚之助爾壬戌九日應城養吾道人陳士元識,,37314
卷之二十九,夢原,眞宰,○眞宰眞宰窈冥無象無形澒濛渾穆氣數斯涵氣判陰陽數苞終始天旋地凝兩間定位而人物生矣人葆沖和肖乎天地精神融貫無相盭也天氣爲魂地氣爲魄氣清者魄從魂氣濁者魂從魄從魂爲貴從魄爲賤清魂爲賢濁魄爲愚此壽妖禍福之閫也有貴而賢有賤而愚有壽而福有殀而禍有貴而愚有賤而賢有壽而福有殀而禍有貴而愚有賤而賢有壽而禍有殀而福世變無恆幾則先肇魂能知來魄能藏往人之晝興也魂麗於目夜寐也魄宿於肝魂麗於目故能見焉魄宿於肝故能夢焉夢者神之遊知來之鏡也,,37320
卷之二十九,夢原,長柳,○長柳長柳之演載諸藝牒其詳不可得聞巳周官大卜掌三兆三易三夢之法三夢一曰致夢二曰觭夢三曰咸陟又以八命贊三兆三易三夢之占以觀吉凶夫兆倚龜而徵易賴蓍而顯蓍龜外物也聖人設教利用猶足以通於神明稽乎大疑乃若夢本魂涉非由外假度其端倪探其隱賾則榮枯得喪烏得而違諸,,37326
卷之二十九,夢原,衆占,○衆占衆占非一惟夢爲大夢與兆易準故三代尚焉洛出丹書乃設九疇兆法著矣河出綠圖乃列八卦易法行矣占夢之秘固性命之理而兆易之揆也三兆之體其經皆百有二十其頌皆千有二百三易之體其經皆八其别皆六十有四三夢之煇其經皆十其别皆九十夢與兆易豈有隆降矣武王伐紂夢協朕卜衛史朝曰筮襲於夢武王所用非達觀陰陽之故深究天人之際其孰能與於此,,37332
卷之二十九,夢原,宗空,○宗空宗空生問於通微主人曰夢者幻也與露電泡影等一切起滅皆歸虚妄主人曰汝奚不稽之古乎軒轅氏有華胥錄圖風后力牧之夢堯有攀天乗龍之夢舜有長睂擊鼓之夢禹有山書洗河乗舟過月之夢桀紂有黑風大雷之夢文王有日月丈人海婦之夢太公有輔星之夢孔子有先君芻兒三槐赤氣之夢女節有接星之夢太姒有松栢棫柞之夢伊母有臼水之夢孔母有空桑蒼龍之夢比事皆孚何爲虚妄生曰此緯錄稗說六經未載也主人曰九齡之與兩楹之奠記於禮經而春秋傳說夢尤繁若晉侯夢熊宋公夢烏呂錡夢射月聲伯夢涉洹魯昭夢襄公宋元夢平公晉文夢楚子衛莊夢良夫烝鉏夢康叔燕妹夢伯儵曹人夢振鐸鄭人夢伯有趙盾夢叔帶荀偃夢巫臯魏顆夢老人韓厥夢其父穆子遇庚宗之婦僖子納泉丘之女以至羸童二䜿天使河伯之名罔不紛陳錯綴而邑姜之夢虞實述於博物之子產往代君子覽而業之垂及千載豈皆習誕而承贋耶生曰禮記諸篇或雜漢語左氏務博未免浮誇何足符信也主人曰汝以師心之識滯其圓神爾夫商周之書小雅之詩非聖人之所刪定者邪高宗夢說審象旁求武王誓師朕夢協卜而宣王築室考牧有熊羆虺蛇衆魚旐旟之夢又使大人占之致其嚴重未敢䙝也雖幽王之朝訛言莫懲猶且召彼故老訊之占夢然則古人曷嘗忽厥夢占哉而緯稗所載足用資擇胡可概以爲寤而無辨也,,37340
卷之二十九,夢原,聖人,○聖人聖人無夢資蓋虚談云人而無夢槁形灰心之流不寐不覺不生不滅所樹異教也聖人莫加於孔子孔子壯則夢見周公卒則夢奠兩楹豈語怪哉赤子之生方浹旬日其寢而寐乳之弗受携之弗驚巳或逌然笑焉或艴然怒寤以啼焉謂之夢笑夢啼徐而叩之實未嘗寤也夫赤子無感何喜何怒而夢有所成則氣爲之充而神爲之使也聖人之心不異赤子託神靈府含陰吐陽非無夢也無妄夢以亂智爾楊朱乃謂五帝之事若覺若夢其不免岐路之悲乎,,37350
卷之二十九,夢原,感變,感變九端疇識其由然哉一曰氣盛二曰氣虚三曰邪寓四曰體滯五曰情溢六曰直叶七曰比象八曰反極九曰厲妖何謂氣盛陰氣盛則夢涉大水而恐懼陽氣盛則夢大火而燔灼陰陽俱盛則夢相殺上盛則夢飛下盛則夢墜甚饑則夢取甚飽則夢予肝氣盛則夢怒肺氣盛則夢恐懼哭泣飛揚心氣盛則夢喜笑恐畏脾氣盛則夢歌樂身體重不舉腎氣盛則夢腰脊兩解不屬短蟲多則夢聚衆長蟲多則夢相擊毁傷此氣盛之夢其類可推也何謂氣虚肺氣虚則使人夢見白物見人斬血籍籍得其時則夢見兵戰腎氣虚則使人夢見舟船溺人得其時則夢伏水中若有畏恐肝氣虚則夢見菌香生草得其時則夢伏樹下不敢起心氣虚則夢救火陽物得其時則夢燔灼脾氣虚則夢飲食不足得其時則夢築垣蓋屋此氣虛之夢其類可推也何謂邪寓厥氣客於心則夢見丘山煙火客於肺則夢飛揚見金鐵之奇物客於肝則夢山林樹木客於脾則夢見丘陵大澤壞屋風雨客於腎則夢臨淵没居水中客於膀胱則夢遊行客於胃則夢飲食客於大腸則夢田野客於小腸則夢聚邑衝衢客於膽則夢鬥訟自刳客於陰器則夢接内客於項則夢斬首客於脛則夢行走而不能前及居深地窌苑中客於股肱則夢禮節拜起客於胞䐈則夢溲便此淫邪之夢其類可推也何謂體滯口有含則夢强言而喑足有絆則夢强行而躄首墮枕則夢躋高而墜臥藉徽繩則夢蛇虺臥藉彩衣則夢虎豹髮掛樹枝則夢倒懸此體滯之夢其類可推也何謂情溢過喜則夢開過怒則夢閉過恐則夢匿過憂則夢嗔過哀則夢救過忿則夢詈過驚則夢狂此情溢之夢其類可推也何謂直叶夢君則見君夢甲則見甲夢鹿則得鹿夢粟則得粟夢剌客則得刺客夢受秋駕則受秋駕此直叶之夢其類可推也何謂比象將蒞官則夢棺將得錢則夢穢將貴顯則夢登高將雨則夢魚將食則夢呼犬將遭喪禍則夢衣白將沐恩寵則夢衣錦謀爲不遂則夢荆𣗥泥塗此比象之夢其類可推也何謂反極有親姻燕會則夢哭泣有哭泣爭訟口舌則夢歌舞寒則夢煖飢則夢飽病則夢醫憂孝則夢赤衣絳袍慶賀則夢麻苴凶服此反極之夢其類可推也何謂厲妖强死之鬼依人爲殃聚怨之人鬼將有報其見之夢寐者則由巳之志慮疑猜神氣惛亂然後鬼厲乘其纇瑕肆其怪孽故禍災立著福祉難祈也乃若晉侯受縶於秦伯燕王貶徙於房州則又其次矣此之謂厲妖之夢其類可推也凡此九端感變雖殊占應則一或同而異或異而同未可據其往規即譚凶吉王符夢列篇備矣,,37358
卷之二十九,夢原,天者,○天者天者羣物之祖至尊之位故曰天子者天帝之子也昔崔靈運夢蕭道成爲天帝第十九子而孫奉伯亦夢道成乗龍上天夫南齊之主閠餘耳猶且上應天命況勳弘混一位居正綂者乎是故漢文帝夢黃頭郞推巳上天宋神宗夢神人捧巳登天漢光武夢乘赤龍上天而馮異遂與諸將勸立趙汝愚夢負白龍升天而理宗果以素服即位此四帝者漢宋之賢主也和熹鄧后夢以手捫天而臨朝策立有功漢祚豈比宇文泰之母夢抱子升天未至而止陶弘景之母夢扶巳升天無後而絕者哉乃若劉穆之夢合丹升天竟登僕射韓稚圭夢捧天者再歷相二君陶侃薛安都夢謁天門皆秉節鉞之貴秦穆公趙簡子夢至帝所咸徵後裔之昌叔孫穆子夢人助巳勝天終有餓死之奇禍武士彠夢帝騎巳上天卒蒙追冊之僞名然而晉之小臣夢負景公登天而出厠之後即以爲殉漢之許楊夢上天爲天帝所怒乃功成善唐之賀知章夢上天遍遊帝居僅得請爲道士嗚呼吉凶可易占哉,,37370
卷之二十九,夢原,日月,○日月日月極貴之徵也昔漢武帝之母有神女授日之夢而宋之太宗眞宗仁宗寧宗其母之娠而育也蓋莫不夢日二或納日於襟懐或得日於神授或日墜而承之以手或日逼而承之以裾下至僭竊之輩夷狄之君如孫權啓吳劉淵稱漢拓䟦開魏耶律興遼咸有夢日之兆豈非據鎭一方綂馭萬姓其照蒞之誼名位之尊固有日之象也哉善乎衛靈公有言曰夢見人君者夢見日非竈君可喻也夢鬥日不勝而知齊景公之病瘳夢日繞軍營而知晉明帝之駕至陳高祖夢朱衣神人捧日而納其口唐玄宗夢緋褌兵士負巳而出諸井故魏文帝陳世祖皆夢日墜地而懐其三分之一者未能總合寰區之象也夫日爲至陽之精近之者顯程立夢捧日以立而更名曰昱韓氏夢朝日初出而命男曰暘陶母夢日精在懐而弘景以僊術揚名楊母夢日光射身而煥然以文章致貴賈隱林夢日墜於首而職陞糾察范應鈴夢日照於戸而官任少卿楊炎夢登山捧日而位晉中書鄭光夢馳車載日而爵除節度海陵守夢以身承日而驟典機密之務肥如令夢以牛挽日而終授散騎之銜玆非近君之驗耶然毛貞輔夢吞日腹熱可謂貴兆而占者僅許爲赤烏塲官蓋得推夢之圓法矣乃若月爲衆陰之長亦上天之使也呂錡夢射月而楚師敗者周王爲日而楚爲月也漢元后之生與夫齊婁后之生女也皆有懷月之夢果應妃后之尊孫策蕭繹其母皆夢月而策爲吳王定都江左繹爲梁帝肇迹湘東然享國皆不久遠豈能外其盈虧之數乎闞澤幼年夢名在月中范純仁初誕夢兒墮月中其清輝高譽傳映後世宜矣,,37378
卷之二十九,夢原,雷雨,○雷雨雷雨星電雲飈火冰晴晦之類皆天象也風雷爲號令雨爲恩澤瑞星彩雲電火爲文明氷泮爲婚媾之期此理微矣齊之竇母夢雷電耀目而泰生宋之宗母夢雷電燭身而生澤夢雨中戴帽者未沾一命之榮夢江上逢雷者果膺百里之宰若夫星爲元氣之英豈惟庶民之象故北斗爲尚書之位而士人夢此則有魁元之選長庚星應於李翰林老人星應於臧諫議黃亢之母夢吞星而亢名顯於宋代黃溍之母夢懐星而溍業著於元朝北齊高歡歩履星樞南唐伍喬名符星號由是觀之則知夢星臨身者爲吉夢星墜野者非祥火亦陽精飈爲噫氣智伯夢火光見於秦楚之邦仲尼夢赤飈起於豐沛之郡化彩雲而成鳳徐陵降誕之禎立堅氷而語人令狐媒介之兆錦虹升天驗李雄之僭號黑風破屋歎夏桀之將亡雲團入口知文譽之將興雲氣暗星測北敵之爲禍張鷟夢卿雲覆身而射策第一崔母夢碧雲授函而生女爲仙其文䖍祈晴許份禱雪達奚請雨之夢則精誠感格上下流通亦恆理爾未足訝也,,37390
卷之二十九,夢原,山川,○山川山川道路土石皆地之屬王充論衡曰山陵樓臺官位之象也人夢升山陵上樓臺輒得官位信斯言也則峰巒殿閣爲貴顯之標江海波濤爲財富之藪故劉穆之夢海峰秀而應召李虚中夢泰山裂而大還薛琡夢張亮掛絲在山謝奉夢鄭猷爭錢落水唐玄宗夢遊潛山之井齊世祖夢踐文王之田漢武帝夢登嵩山隋文帝夢遭洪水宋主夢河中水涸梁君夢田邊水深鄭獬夢遇吏而浴池張敏夢尋友而迷路謝靈運夢茅洞趙相璟夢柳河孫贊明夢浴溫泉鄧士載夢觀山水夢持浮磬之精則生令子夢浣西江之水則進佳文夢丘陵頓起果徵道路之崎嶇夢中原告平終驗寰宇之寧謐夢海濱送塔而僧言可信夢東南傾地而江左難平然則陶唐氏夢登山乘龍者豈非尊踐天位之兆高皇帝夢流水及足者又非功銘邊界之符也哉至於樓臺城郭厥兆不同漢明帝夢金人行御殿唐明王夢諸仙遊月宮王素夢至玉京牛益夢至天第方朝散夢玉華殿王平甫夢靈芝宮蔡君謨夢臥譙樓沈瑞夢書范宅應鈐之祖夢雙日照户張猛之母夢襲綬登樓衛莊公夢至昆吾臺齊世祖夢行太極陛傅游藝夢涉湛露殿荀伯玉夢上廣陵城崔元綜夢赴履信坊丁元珍夢謁黃牛廟若夫石曼卿爲芙蓉城主歐仲純爲長白山君蔣兒爲太山伯趙父爲澧州神玄宗造九天採訪宮陸洎判九州陽明府崔宅禱疾於后土徐精生子爲社公則又夢之怪誕難於究詰者也,,37400
卷之二十九,夢原,形貌,○形貌形貌聲音發於夢兆至無定也莊子曰夢哭泣者旦而田獵列子曰夢歌舞者哭長柳經曰夢吹噓者欲有求是哀樂相倚伏而氣機自旋轉知此而他可測矣昔𣈆侯夢楚子鹽其腦鄭灼夢皇侃唾其口劉之遴夢爲折臂太守張司直夢爲懷孕婦人楊子雲夢吐五臟張審通夢增一耳魏延夢頭上生角鄭獬夢臂上生鱗鄭玄夢刀破其心而尹知章之少年亦夢鑿破其心丁固夢松生其腹張志和之母氏亦夢楓生其腹齊景公夢人黑而短李林甫夢人晳而髯馮德明夢易肺肝王仁裕夢洗腸胃張后夢神劒決腸孫母夢吳門繞腸賈弼之夢人易其頭司馬懿夢帝枕其膝王處訥夢剖胸納其巨鑑武玄照夢滌腹受其靈符沈約夢斷舌而巫人之言相同唐主夢斷頭而太子之禪不爽夢舉體毛生而齊世祖即位夢舉體火熱而張敬兒伏誅夢換鬼眼而陶學士不至尊官夢變虎頭而李太守即承封誥夢與鬚者位登宰相夢擇鼻者官至郞中李廣夢苦心劉誕夢失髮周昭王夢摩臆隋文帝夢獨拳米元宗夢妻面黑痕宋羅妻夢佛手如席宋榮婦夢人流血而避亂顧琮夢母下體而得生夢臀黑而知𣈆侯受命於天神夢隱毛而知酈範豪盛於齊下推斯類也若有神明握其樞柄非人力所能轉移者矣,,37412
卷之二十九,夢原,食衣,○食衣食衣人生之切用昔何點夢服丸藥一掬而病痊齊后夢食麻粥兩甌而乳出韓退之夢吞丹篆一卷虞仲翔夢吞周易三爻張逈夢吞五色雲團李母夢吞八仙字錄趙道士夢吞靑栢葉馮侍郎夢吞紺蓮華劉贊夢吐金龜邵婦夢用玉筯侯弘實夢飲河水王仁裕夢飲西江張汝明夢服南星唐玄宗夢餐藤蕊夏侯訴夢仙藥可以痊母病陳宜中夢大黃可以愈天災江紑夢飲慧眼之泉丘傑夢噉生菜之毒謝進士夢吞珠顆而詩名大播唐僖宗夢吞棋經而奕㫖頓通然則劉敬宣夢呑土而吉梁大宗夢吞土而凶又豈可一端論乎若夫有夏神禹之初生也而修巳夢吞薏苡迨我大明太祖之方娠也而陳后夢吞藥丸此則兩儀純粹之氣鍾於二代聖母之身史冊流輝古今傳映非凡夢比也至衣服之夢亦有可占索充夢虜脫衣陳遵夢兒挽袖漢武帝夢繡衣使者王相國夢綠衣丱童李皇后夢羽衣降自牕中齊世祖夢桑屐行於殿上劉將軍夢褥席之賜竇中丞夢股肱之衣費絢夢衣錦在井而榮歸托䟦夢脫冠臥地而被害夢筆畫衣邊者徵南齊帝位之踐夢日入裙下者兆北齊後主之生鄧攸夢水旁㫁囊而授汝陰太守之符到漑夢湘東脫帽而膺會稽長史之職樂彦禎夢帶履舄而行果有警於軍士王源叔夢引紫服而進終有驗於荆公李固言夢著宰相禮衣劉審義夢受孝子緋服薛母夢錦衣一篋而生子爲秘書監仙母夢朱衣滿空而生子爲司命君至於方父夢赤衣跪告緩期裴君夢繡衣拜禰謝德乃蛇雉化形禍福有報者也,,37422
卷之二十九,夢原,器物,○器物器物應夢昔有明徵如商湯夢人負鼎劉河夢人授燭陶侃夢司馬與鎧魏武夢三馬同槽梁太祖夢對奕擾道唐武后夢雙陸不勝張猛之母夢佩印綬於樓中李白之母夢得棋子於户外劉勰夢執丹漆禮器王茂夢墮鐘磬樂器錢鞏之夢以銀盃爲珓張瞻夢以石臼爲炊王濬夢懸四刀徐溥夢授六鑰劉仁恭夢佛幡出指上沈慶之夢鹵簿入厠中陶母夢香爐降室徵弘景之登仙任母夢彩蓋懸鈴兆彥升之通顯夢女子携巨篩行空中驗金陵之漂杵夢神人舁大秤較天下知昭容之秉衡到母夢置鏡在懷而生男王子夢納鏡在腹而明術元質夢挽弓射狗而得第混墳夢載弓入海而成功夢儀衛喧迎而宣宗踐祚夢絳帳流遶而尹喜誕生夢道士持旌節而李凉公卒於天室夢僧童持寶幢而薛中丞卒於臺省乃若舟車之器應夢亦殊鄭光之夢車載日月劉之夢舟施華蓋沈嶓夢渡江覆舟水分兩段何休夢乘舟渡水舟判兩頭謝安夢乗桓溫之輿杜稜夢討侯景之艦此舟車之應夢者也舟車之外有益民用者孰非器物也哉惟聖人能制器而尚象在君子貴藏往而知來,,37434
卷之二十九,夢原,財貨,○財貨財貨之夢珠玉錢帛之類是也夢糞穢木石者得財帛夢珠玉錢帛者多光顯昔樂史之母夢珠五色佛祖之母夢珠二枚西施之母夢珠射身㓂瑊之母夢珠入口南齊桓氏夢食玉勝北齊胡氏夢坐玉盆邵康節之母夢用玉筯章得象之母夢獲玉像宰相張說夢玉燕而生郎中李朝夢玉魚而卒彥緒夢婦人取臺鏡閻涉夢母子贈金錢范母夢金席而生男晉帝夢玉盤而享位梁主夢曹武借錢謝奉夢鄭猷爭錢夢司錄貸錢千萬而貧儒頓富夢神人貿錢百萬而長子驟亡曹丕夢磨錢章奐夢積笏沈弘先夢得絹兩疋而壽算有定江文通夢還錦數尺而文名遽衰夫財貨之夢不一此固其式也,,37444
卷之二十九,夢原,筆墨,○筆墨筆墨亦器物之類也然文人才士賴此以展其情往蹟奇聞得是以傳於遠其爲器物雖微而功用甚大故特著於篇云昔吳王夢筆點額齊王夢筆畫衣舍人李嶠夢筆二枝與馬裔孫之夢相同范質和凝夢筆五色與江文通之夢弗異黄天叟夢得墨漬之筆於孔子紀少瑜夢受靑鏤之管於陸倕楊奐初誕夢神授筆而光射身旁李白少時夢花生筆而名聞天下王珣夢大筆如椽王勃夢丸墨盈袖此皆吉兆也乃若詞賦歌謠之夢則取驗紛然不一是故趙武靈王夢處女之歌司馬相如夢大人之賦令狐熾夢桐椎之語荀伯玉夢草肅之謠蕭貫夢撰曉寒之詞邢郎夢聽陽春之曲許渾夢攺飛瓊之句蘇軾夢作囘文之詩狄導度夢爲佳城篇李長吉夢爲玉樓記索綏夢題封角杜牧夢書白駒唐寅夢中呂之字而悲壽年王勃夢太極之言而著易理蔡少霞爲五雲閣吏而書碑碣山玄卿爲紫陽眞人而書宮銘王生夢作西施輓歌沈壻夢爲秦女墓刻郭仁表夢道士題紙上官魏夢煬帝借書蘇檢夢妻氏裁牋韋檢夢美姬賡律若夫蟾泣桂香長吉升天之韻蜩嗚槐綻孫樵乞巧之文池生春草謝公憶弟之章魂過大江閨婦寄夫之作張省躬夢友人賦贈李仲雲夢故弟誦詩又非夢中傳習者哉,,37452
卷之二十九,夢原,字畫,○字畫字畫屢變後世非蒼頡之舊矣而拆文解夢往往取效如松爲十八公槐爲木旁鬼垢去土而爲后虜脫衣而爲男羊無角尾而爲王筆點額顱而爲主木破天而爲未河無水而爲可狼啖脚而爲𨚫人上山而爲凶三刀爲州二山爲出片犬爲狀失禾爲秩車掛肉而爲斬箭射狗而爲第符融知馮昌殺董豐之婦李公佐知申春殺小娥之夫晉祚將盡預悟昌明之言曾妻于歸方識田日之姓崔湜座下聽法而照鏡李令戴草入水而持刀柳剌史柴欠七千孟少卿字書九十至於內人爲肉火軍爲煇絲山成幽昆皆有比角爲刀下用汝爲水邊女甄爲土西瓦聞爲門中耳與夫蘇棘丹砂丘八之字竝著徵驗豈非數有前定也哉,,37462
卷之二十九,夢原,科甲,○科甲科甲爵品莫不有前兆焉昔孫屋夢踐積木之上袁郭夢立北斗之下李迪夢剃髭曾逈夢𣸸耳胥偃夢斬項劉沆夢落頭楊通夢狀元投刺乃稱龍首山人堂吏夢狀元姓劉乃稱火山軍士王黻夢作樂迎狀元至張黼夢登第在狀元前馬希先夢靈槎之題秦少游夢殯柩之葬林榮祖攺名溫而鄉闈薦居第一孫貫攺名抃而春榜列居第三彭時岳正得魁首皆預夢於外官王鏊錢福爲狀頭竝應夢於主考王文博夢熊誼劉鑄之次第丁咸序夢龍起駱起之聯名宋嶽攺名言而春魁及第輒貞攺名著而四舉登科韋詞夢狀頭李固言樊系夢榜首王正卿楊敬之夢濮陽之姓皇甫弘夢石婆之神宋主策士夢菜齊殿基沈晦中魁夢身跨鵬背是科甲之顯實有先徵況爵品之榮又非前定者乎故文彥博入江瀆廟而巫祝巳知顯職裴玄眞過華山祠而老人報以貴期張文懿爲相巳預兆於寺僧呂夷簡當權亦先徵於濠守王播夢坐於杜之左潘玠夢立於趙之東高襄州商衡陽夢有人呼何僕射朱少卿夢聞鬼話曹確夢爲僧而杜宰相退位玄宗夢孝子而韋見素持衡根鎰夢任調拜麻奚陟夢吏書汗墨徐羡之夢先人告以當貴劉穆之夢鎭軍忽爾相迎沈裕可授五品之官邢陶難得水部之牒薛長史旬日除招討之職王小將終身掌將相之權陳安平東司異遷李輔國官祿巳盡華母夢其子爲司𨽾楊礪夢其主爲天尊至於陳文帝之夢昭達宋仁宗之夢馮京此與高宗之夢傅說成祖之夢周舟何以異哉是皆君臣神會幾兆不凡而劉禹錫所謂夢想神明之遊柳宗元所謂寤寐天顏之近要非諛詞也巳,,37470
卷之二十九,夢原,神怪,○神怪神怪之譚聖哲所閟也易稱睽鬼詩詠百神書紀六宗禮別五祀是蓋體物之㫖均非欺俗之文若謂夢魂之有交豈免謬悠之深議然緗函靑史或烱烱載焉何得概以爲虚也玆條數端用倒波蔓亦足以見事有定而難更幾有兆而莫匿詎非君子修身俟命之監乎昔唐堯夢白帝遺子夏禹夢蒼水告書迨我高皇帝夢天神授衣成祖夢城隍救駕此則聖君之夢關屬運代非可神怪論也若虢公夢蓐收趙嬰夢天使子玉夢河伯秦皇夢海神明帝夢金人丈餘劉曜夢金人東向符徤夢朱衣使者授龍驤大帥杜稜夢朱航池君稱征討將軍趙槩名更於金錄孫抃名愼於春榜鄭權名署於滄門秦彥名變於人呼張闡名定於神書曹熙名同於賢諱謝敷夢山神而得利習郁夢山神而封侯許攸夢爲北斗星君明皇夢得南山進士楚王夢遇巫山神女后羿夢逢洛水仙妃田千秋夢白頭翁而知訟太子之𡨚劉靈哲夢黃衣老而能愈母氏之病徐孝嗣夢童子請移床而免禍喬執中夢神人來𢌿職而遽殂崔浩夢與鬼爭義而定暦元王延壽夢睹鬼變形而作夢賦晉帝夢河神求馬桓豁夢山鬼告行史浦夢神人來自天上而知陳氏當興子嬰夢神人至自沙丘而知天下將亂趙旭夢靑童爲配弦超夢玉女爲妻夢羣仙奏樂而傳紫雲之音夢劉宿守邊而得石洞之像乃若呂光夢傅曜被殺范式夢元伯告亡皇甫謐夢曹爽受誅陶弘景夢蕭鏗言別蔡君謨夢張甲病死楊渥夢徐善遠來魏高祖夢嵇紹迎謁盧元明夢王由贈詩賈餗夢沈傅師報休虞集夢陳仲興對語石虎夢宣咸而託其子張駿夢子瑜而擢其孫王奉先夢愛子王家庭陸休符夢友人爲𨽾卒諸葛母夢元崇罹禍緱氏尉夢叔敏告災唐太祖夢魏徵杜如晦唐太宗夢薛收虞世南此則遊魂未久憑夢相通者也亦有往代之英遠寓後人之夢如齊景夢伊尹桓帝夢老聃吳孫皓夢霍光宋高宗夢崔令司馬括夢鄧艾呂子明夢羲文李壻夢田先生玄宗夢孫思邈孝武夢漢高祖黃翻夢孤竹君此與孔子夢周公同乎異乎至於孔子在天之靈則又劉勰張之純黃淵黃澤鄭玄譙周齊季鉉所嘗夢接者也高母夢仙語而名子爲琳劉父夢奇事而名子爲檇高彥夢道士之生而名子爲禮馬從政夢妾父致謝而名子爲涓趙葵虞集均叶夢於南衡倪岳尚書特有感於北鎭夢鄧禹而生范祖禹夢李白而生郭祥正夢謝靈運而生邊鎬夢牛僧孺而生劉沆夢戒禪師而生蘇軾夢許眞君而生宋庠若夫維嶽降神之雅詩蓋亦玄宰生人之妙道故榮王夢金帽神人入室而生理宗阿蘭夢金色神人趨榻而産六祖尹氏夢老翁賜男而名子爲瑞劉述夢神馬載兒而名子爲朝玆惟載之簡編猶未足爲奇異惟楊億始生而體有鶴蛻薛瑄初誕而肌若水晶則今昔所鮮聞也豈輪迴邪說也哉,,37480
卷之二十九,夢原,壽命,○壽命壽命短長智者不惑然光陰迅邁則聞道脩身之學聖賢所汲汲敏求者也昔文王之母夢生子壽而昌宇文之母夢生子壽而貴武王九十三而終乃文考與以三歲龔母八十二而卒乃厥孫祈得五年楊大年數至四十七而告殂劉弘敬壽增二十五而無恙李適至夢論大衍全數而壽止四十九禇彥囘夢差卜蓍一策而壽止四十八沈慶之夢絹二疋劉之亨夢鯉二頭王堇占夢棘而知爲妖徵趙直占夢桑而決其壽數竇老夢延三紀徐溥夣有兩干查道夢積善而增齡鄭玄夢歲辰而合讖顏畿齒數未終而復生之夢有驗慕容法年算將盡而禪位之夢可推宋頴夢亡婦來辭李妻夢夫君泣别婁公夢祿命之籍吕湮夢地府之官栢折夢太守相迎王瞻夢吏人奉召此則天命不移人生前定者也若夫棺槨塚墓乃送死厚終之制而形諸夢寐者亦有吉凶之殊焉是故趙良器夢棺十一而貴列中書高達夫夢棺寛大而秩攺詹事夢一棺至堂中而李公入相夢二棺落天上而索充再遷陽休之夢登冡扳柱而進位封公朱照鄰夢造棺弗成而應舉下第周堅伯夢講道坐陰堂歎其壽盡李元忠夢執燈入父墓兆在光前至於溫序李德裕之死也皆託夢而得歸葬豈非精𠁊之未嘗泯滅者哉,,37498
卷之二十九,夢原,鳳鳥,○鳳鳥鳳鳥仁鳥也德茂丹穴道光於庭蓋與麟龍竝靈矣自鳳而降總稱凡鳥而叶夢則有辨焉周宣夢書曰雞爲武吏有冠距也夢見雄雞則憂武吏若然則鶴鳬爲仙烏鷹準爲義鳥烏爲孝烏雉爲介鳥孔雀爲文鳥鴻雁爲賓鳥鵲爲喜鳥睢鳩鶺鴒爲有別有序之鳥鴟鵬爲妖鳥不可類推乎是故夢鳳下溪澤而齊世祖位禪宋朝夢鳳止家庭而段少連官居學士夢鳳集其身而娠王遠知也寶誌識其爲神仙宗伯夢鳳集左肩而生徐孝穆也寶誌歎其爲天上麒麟夢吐白鳳而楊雄甘泉之賦成夢接赤烏而劉漢太公之祥顯夢紫鳥下降而命名爲鸑夢大鳥高飛而攺名爲翀夢彩烏入口而羅含擅文藻之佳聲夢雙鳳集拳而孫氏遭削桐之凶訊夢吞金雞而產興宗是爲𨖚主之兆夢懷玉燕而孕張說是爲宰相之徵夢羣鶴而張氏生九齡夢翠雞而施氏生四子夢雁鶴來迎而康節之數盡夢雌鶴飛去而永叔之女亡夢折鸚鵡之翼而廬陵王因以召還夢駕仙鶴以遊而李抱眞終於不悟夢身跨鵬烏而沈晦得大魁之兆夢身爲蝴蝶而莊周識物化之原夢雀銜丹書而文王起爲西伯夢烏銜長傘而徐子果以惡終夢孔雀羽爲袞服此南齊之所以興夢金翅鳥食小龍此南齊之所以弱也,,37508
卷之二十九,夢原,獸羣,○獸羣獣羣以麟爲瑞昔孔子夢芻兒捶麟得麟書三卷其後西狩獲麟遂作麟經云熊爲伯鯀之神又爲晉卿之祖故晉平公夣黃熊入寢門趙簡子夣射熊在帝所此左遷之言可考也而符徤之母夣大熊據戶雷機之父夣黑熊行天非小雅所謂男子之祥乎虎稟秋殺之氣山獸之長暴虐不祥之兆也故胡亥夢虎囓左驂曹爽夢虎衘雷公倪盜因夢白虎而生周令因夢乳虎而病獅爲毛羣之特象本搖光之精故王敬則夢騎獅子而位至太尉張成遜夢得大象而官居郡守至於佛祖之生則應白象之夢焉馬牛二畜取象乾坤而占夢者或以馬爲火而卦屬離宮牛爲陰而類同廟鬼故黃平夢舍中馬舞而火作唐武夢空中馬飛而事成童豐夢乗馬停水而喪妻劉述夢神馬載兒而得子李伯鄰夢洗馬張文成夢乘驢蔣琬夢牛頭流血而進公位周繕夢牛尾垂雙而失貨財陳邑宰夢道聽牛言張丞相夢誤斷牛訟若夫坎豕艮狗兌羊亦皆家畜而夢兆有同漢景帝漢降赤彘安祿山夢化黑猪燕相夢豕變龜關羽夢猪囓足裴子夢射狗而得第王敦夢大噬而喪軀李令夢母猪極大而得爲屯主許超夢盜羊入獄而得封城陽吳夫差夢黑犬走號而滅於句踐張天錫夢綠犬偪咋而敗於符堅吳近夢白羊而賢后產於未年高宗夢白羊而孝子生於未月黃帝夢驅羊萬羣而得乎力牧李公夢食羊萬數而驗於異僧乃若狼稟金精以狗爲舅鹿涵斗曜以羊爲友故張鋋夢與蒼衣人會讌晉婦夢與黄褐人相淫此狼之爲妖也史思明夢鹿死水涸而命盡須臾吉士瞻夢鹿鞟成堆而祿遷十一此鹿之爲兆也凡爲獸羣者可不觸類而占也哉,,37518
卷之二十九,夢原,龍蛇,○龍蛇龍蛇之夢載於傳記可據而譚也有夢龍而應降誕之祥者如漢薄昭夢蒼龍據腹而生代王晉李后夢兩龍枕膝而生孝武濮王夢龍墮衣上而生英宗黃妃夢龍納懷中而生度宗豐公之妻夢烏如龍而生太公魏武之后夢日化龍而生文帝北齊婁后有四龍之夢南齊陳后有小龍之夢是也有夢龍而應尊貴之兆者如後漢光武夢赤龍上天南齊太祖夢乘靑龍逐日劉穆之夢船挾白龍而受宋武之召趙汝愚夢背負白龍而爲理宗之臣荀伯玉夢齊帝六龍出腋滕雋夢吳程赤龍化形南唐義祖夢袒身取龍而得烈祖烈祖夢殿檻繞龍而得元宗是也至於黃帝氏夢龍授白圖王積薪夢龍吐棋經蓋靈妙之理造化所泄也西京雜記謂董仲舒夢蛟龍入懷而作春秋繁露不有繇哉亦有夢龍而非祥者如郭瑀將終則夢龍止於屋孫休陶母夢乗龍無尾果著絕後之徴然吳澄之生鄰媪夢蜿蜒之物降於池中龍乎蛇乎未可知也夫蛇亦龍類厥兆不同故秦文公夢黄蛇亘天晉文公夢大蛇當道劉禎夢蛇生足隋侯夢蛇報珠唐琮夢蛇繞身而作草書范延光夢蛇入腹而蓄異志西蜀李雄之生大蛇見夢於母氏南齊遙光之敗羣蛇見夢於城人然謂虺蛇爲女子之祥豈盡然哉,,37530
卷之二十九,夢原,龜魚,○龜魚龜魚蠅蟻之屬莫不稟氣於陰陽存形於水土故抱朴子曰雞有摶棲之雄雉有擅澤之矯蟻有兼弱之智蜂有攻寡之計又曰周和王南征一軍盡化君子爲猿鶴小人爲蟲沙豈非各從其類哉昔宋君夢神龜出使於河伯高虜夢神龜隕命於秦庭劉贊夢金龜而進文才梅老夢黄龜而生男子燕相有夜光之報韓愈作玄夫之詩萬畢得名龜而夢送水中淳于棼見腐龜而夢獵山上然稽諸易象龜屬離而魚屬巽其見於夢豈特詩人衆魚之夢應豐年而巳哉漢武夢魚求去鉤而獲珠胡妻夢魚躍水盆而生姪太守劉之亨夢魚乞命與邑宰阿失里夢魚禁捕者無異也而一則延算一則溺民則悟不悟之殊爾乃若昆蟲之屬厥類實繁靑蠅止樊詩人所剌故昌邑王賀夢蠅矢積階吏部何晏夢蠅頭聚鼻皆有讒兆焉蛆蟲則依附而不散衆庶之象也故馬后夢飛蟲入膚唐祖夢羣蛆食體皆有貴徵焉至於蟻本螫蟲亦居王號奉檄南柯爲郡守而大治浮蘆江上能穴獄而報恩此或文士寓言要亦夢境所有也,,37540
卷之二十九,夢原,草木,○草木草木入夢各以類應劉向曰心應棗肝應榆周宣夢書曰松爲人君夢見松者見人君也又曰榆爲人君之德至仁也夢採榆葉受恩賜也夢居榆樹得官貴也又曰楊爲使者夢持楊奉使命也又曰禾稼爲財田之所出夢見禾稼言財氣生夫周宣善占夢其書雖不見其全玆亦可窺其概云昔太姒夢商棘周梓而國家興亾即此乎判矣丁固夢松而爲貴兆張宅夢栢而作凶徵夢楓生腹志和名動楓宸夢柳仆地宗元職居柳牧夢大魚食蒲知符生之將廢夢滿江長艾驗蕭帝之將昌李夫人夢木瓜二株劉巢林夢石橊兩樹紹宗夢蒜申母夢芝明皇夢藤花吳近夢芍藥劉浩夢籬下粟蔡茂夢殿上禾劉靈哲夢竹筍而母病可痊張之純夢嘉果而賢嗣遂誕爾朱兆興兵夢盡㧞馬藺之草劉昌言下第夢飛入剌桐之花陰貴人夢食𤓰甚美而種自蓬萊宋孝子夢得𤓰奉母而事傳魏國苻堅夢菜城而難乎爲將王戎夢桑椹而相繼遭喪何生夢桐木爲像而鄰產最良張尋夢竹節生庭而暴貴不久雖云植物之無情亦見夢占之有像也,,37548
卷之二十九,夢原,施報,○施報施報幽明之常理也善惡旣積慶殃有餘形聲所存影響不貳故普曠惠於窅冥者必蒙顯佑加慘毒於無罪者自受陰誅昔魏顆嫁父妾而老人結草於道衢李珏濟貧人而仙府書名於石壁陳妻酧古塚以茶而獲貫鈔十萬周婢𥿈髑髏之刺而得金鐶一𩀱豈覬利於渺漠迂談以惑俗者哉乃若趙氏之𡨚搏膺請帝良夫之酷被髮叫天姚萇害苻堅而率鬼相攻陶繼斬樂伎而訴天得理漢靈帝殺宋后而上天震怒宋廢帝殺宮女而佞倖肆殃高昻殺奴京兆而膏血淋漓陳悅殺賀㧞岳而精神恍惚徐溫發朱瑾之尸因得病而攺葬張湊收杲卿之髮因見夢而立祠彭妻嗜殺而死於不義之奴胡篤誣夫而亡於不育之孕商仲堪葬水漂之槨鄒潤父埋西土之尸周簿喪於土囊而二盜莫匿劉昌瘞其枯骨而衆鬼謝恩城陽王報祖仁之讎周文王許君禮之葬如斯類者蓋未暇縷計也至於昆蟲之渺微亦皆稟命於洪造如董君渡蟻方父焚一劉之亨放魚裴安祖活雉老僧哺鴿李令瘞羊金仙呪蛛桓邈救鴨厥有感報祥眚可徵而況於人鬼屈伸之間精魂變化之際乎故曰天網不漏人心難欺陽明盛者神啓其衷陰濁多者鬼瞰其尸形諸夢寐不有靈驗哉,,37556
卷之二十九,夢原,泛喻,○泛喻泛喻不如切思博評不如約說夢寐所兆事涉微茫非約說而切思將移神而蕩志故衛玠昧於夢想者寡切思之功而樂廣善於剖析者獲約說之㫖也莊子曰方其夢也不知其夢也覺而後知其夢也此語夫夢覺者也而非所以語夫夢夢覺覺者也知夢夢而覺覺則達於死生之故明於終始之端夢亦覺也覺亦夢也夢亦覺也者如莊子夢爲蝴蝶梁世子夢魚鳥者也覺亦夢也者如太史芻狗之夢周宣芻狗之占是也若夫盧少年受邯鄲之枕功成壽終而黃梁未熟楊國忠得龜玆之枕通仙渡海而玄境可遊則是宇宙一枕也進退榮枯枕竅出入者也王起所謂夢裏贏輸豈不誠然乎哉嗟夫夢之成也又非可以一竅求矣靈樞經曰淫邪襲內必發於夢則瀉其有餘補其不足而夢可巳也内經曰少陰之厥令人妄夢鍼剌違時令人善夢則合之五診而脉可知也至於鯉湖仙廟祈夢有徵蓋川嶽之靈知人休咎故託夢而泄其幾朕爾而融高之草可以占夢豈非蓍莢之類通於人心者乎然元魏詔誅沙門以明帝金人之夢出於虚妄此固闢邪之確論要非占夢之圓機不然則周之盛時文治大興何以得吉夢而拜受金之世祖華言未諳何以卜夢寐而興師也耶自衛國嬖人讒逐太叔而占夢之術始不可憑自安虜立祠援夢以欺帝楊妻生子引夢以欺夫而夢始不可占矣悲乎豈夢之不效哉吾之述逸㫖也其夢乎其覺乎吾不自覺也是亦夢也矣後之君子試覽逸㫖而耳吾曩夢━━━━━━━━━━━━━━━━━━━━━━━━━━━━━━━━━━━━━━━━━━━━━━━━━━━━━━━━━━━━━━━━━━,,37566
卷之二十九,夢原,泛喻,━━━━━━━━━━━━━━━━━━━━━━━━━━━━━━━━━━━━━━━━━━━━━━━━━━━━━━━━━━━━━━━━━━,,37582
卷之三十,夢徵,上天,○上天,,37599
卷之三十,夢徵,上天,帝堯受封於唐爲諸侯嘗夢上天故二十而登帝位,,37602
卷之三十,夢徵,天壓巳,○天壓巳,,37606
卷之三十,夢徵,天壓巳,穆子去叔孫氏及庚宗遇婦人使私爲食而宿焉問其行告之故笑而送之適齊娶於國氏生孟丙仲壬夢天壓巳弗勝顧而見人黑而上僂深目而𢔾喙號之曰牛助予乃勝之旦而皆召其徒無之且曰志之及宣伯奔齊饋之宣問曰魯以先子之故將從吾宗必召汝召汝何如對曰願之久矣魯人召之不告而歸旣立所宿庚宗之婦人獻以雉問其姓曰予長子矣能奉雉而從我召而見之則所夢也未問其名號之曰牛曰唯皆召其徒使視之遂使爲𥪡,,37609
卷之三十,夢徵,天與巳蘭,○天與巳蘭,,37630
卷之三十,夢徵,天與巳蘭,鄭文公有妾曰燕姑夢天使與巳蘭曰余爲伯鯈余而祖也以是爲而子以蘭爲國香人服𡡾之如是旣而文公見之與之蘭而御之辭曰妾不才幸而有子將不信敢徵蘭乎公曰喏遂生穆公名之曰蘭,,37633
卷之三十,夢徵,捧巳上天,○捧巳上天,,37642
卷之三十,夢徵,捧巳上天,文帝嘗夢黃頭郎捧巳上天及見乃鄧通也遂愛幸之賞賜累鉅萬相云當貧餓死帝曰富通者在我乃賜通銅山得自鑄錢後有罪寄死人家竟如相言,,37645
卷之三十,夢徵,自訴於天,○自訴於天,,37653
卷之三十,夢徵,自訴於天,靈帝后宋爲中常侍王甫等陷廢憂死後帝夢見桓帝怒曰宋后有何罪過而聽用邪孽使絕其命勃海王悝旣巳自貶又受誅斃今宋氏及悝自訴於天上帝震怒罪在難救夢殊明察帝旣覺而恐尋亦崩焉,,37656
卷之三十,夢徵,乘龍上天,○乘龍上天,,37664
卷之三十,夢徵,乘龍上天,光武召馮異曰我昨夜夢乘赤龍上天覺寤心中動悸異因下席拜賀曰此天命發於精神也遂與諸將議定上尊號,,37667
卷之三十,夢徵,捫天,○捫天,,37673
卷之三十,夢徵,捫天,和熹鄧皇后太傅禹之孫也嘗夢捫天蕩蕩正靑若有鍾乳狀乃仰嗽飲之以訊諸占夢言堯夢攀天而上湯夢及天而餂之斯皆聖王之前占吉不可言永元七年后入宮年十六爲貴人㳟肅小心動有法度十四年夏陰后以巫蠱事廢至冬立爲皇后殤帝安帝立臨朝二十年,,37676
卷之三十,夢徵,天際有三人,○天際有三人,,37685
卷之三十,夢徵,天際有三人,馬處伯少年信佛法作宣漢縣令元嘉丁丑七月夜夢見天際有三人長二丈餘臨雲下觀諸天伎樂盈於空中告曰汝厄在荆楚戊寅之年八月四日若處山澤其禍克消若過此期當悟道也處伯後爲蕭思話𠫭軍思荆楚之言懼求解職將適衡山蕭不許戊寅六月得病至八月危篤一日忽朗然遙見西方有三長人列於空中詳視之即前所夢者也頃之不見同居小大皆聞香氣因而流汗病即平復,,37688
卷之三十,夢徵,青氣燭天,○青氣燭天,,37699
卷之三十,夢徵,青氣燭天,文帝問宣曰我昨夜夢靑氣自地燭天對曰天下當有女子𡨚死是時帝巳遣使賜后璽書聞宣言而悔之遣人追使者不及,,37702
卷之三十,夢徵,天門九重,○天門九重,,37710
卷之三十,夢徵,天門九重,陶侃夢生八翼飛而上天見天門九重登其八唯一門不得入閽者以杖擊之因墜地折其左翼後侃仕至八州都督,,37713
卷之三十,夢徵,仰視天開,○仰視天開,,37719
卷之三十,夢徵,仰視天開,薛安都嘗夢仰頭視天正見天開謂左右曰汝見天門開否及宗武踐祚以功封南鄉縣男乃歎曰夢天開乃其象耶,,37722
卷之三十,夢徵,天第十九子,○天第十九子,,37727
卷之三十,夢徵,天第十九子,參軍崔靈建夢天謂蕭道成是我第十九子我去年巳使授其天子位自三皇五帝以降受命之次至帝爲十九也,,37730
卷之三十,夢徵,天中字,○天中字,,37734
卷之三十,夢徵,天中字,沈瑀宿范雲家梦坐屋梁柱上仰見天中字曰范氏宅後雲經沈攸之之變屢殆獲免瑀語陳高祖高祖曰雲得不死此夢可驗,,37737
卷之三十,夢徵,天開數丈,○天開數丈,,37743
卷之三十,夢徵,天開數丈,陳武帝微時夢天開數丈有四人朱衣捧日而至納之帝口及覺腹内猶熱,,37746
卷之三十,夢徵,升天,○升天,,37751
卷之三十,夢徵,升天,宣宗初封光王甞夢乘龍升天言之於鄭后曰此不宜人知者幸勿言歷太和會昌間愈事韜晦及武宗崩遂以皇太叔嗣大位,,37755
卷之三十,夢徵,天風海濤,○天風海濤,,37761
卷之三十,夢徵,天風海濤,張亶熈寧中夢行仙府中聞天風海濤聲振林木徐見海中樓闕金碧瓊居琅琅者數百人揖亶出紙請賦詩細視筆硯皆碧玉色且戒之曰此間文章要似隱起鸞鳳與織女機杼分巧過是乃人間語耳亶成一絕云天風吹散赤城霞染出連雲萬𣗳花誤入醉鄕迷去路𠊓人應笑忘還家有仙人曰子詩絕佳未免近凢酌酒一杯極甘寒忽覺身墮萬仭山而覺,,37764
卷之三十,夢徵,名掛天曹,○名掛天曹,,37775
卷之三十,夢徵,名掛天曹,竇禹釣漁陽人爲諫議大夫年三十無子夢亾祖父聚謂之曰汝早修行緣汝無子又壽不永禹釣唯諾禹釣爲人素長者至是愈積陰德塟貧嫁孤周困不可勝數後復夢祖父謂曰汝有陰德名掛天曹特延算三紀賜五子顯榮仍以福壽而終後禹釣年八十二卒五子登第皆爲顯官八孫亦貴,,37778
卷之三十,夢徵,大哥乘龍上天,○大哥乘龍上天,,37786
卷之三十,夢徵,大哥乘龍上天,宋主未立時有不遜語后不樂大臣有不與立太子者陰進廢立之說太后言昨夕一夢甚異見吾兒𨚫在慶寧宮坐大哥乗龍上天去大哥者神宗也韓琦即曰𨚫在慶寧乃是聖躬復舊之兆此亦好夢又從容言曰太后無親生兒女今皇帝自少鞠于宮中皇后又是外甥乃天安排此好兒婦以遺太后不易際會如此豈不愛惜,,37789
卷之三十,夢徵,天命爾子宰相,○天命爾子宰相,,37798
卷之三十,夢徵,天命爾子宰相,張君悅家蜀綿竹世以積德聞紹聖初再試制科宰相章惇覽其策以所對不以元祐爲非大怒雖得僉書劍西判官以去而科目自是廢矣仕旣不甚達益篤意植徽貤慶以貽後人嘗晝寢夢神人自天降告之曰天命爾子名德作宰相驚而寤未幾誕魏公生時魏公之兄名滉君悅不欲更何從乃字魏公曰德遴出入將相垂四十年忠義勲名爲中興第一天固有以啓之者歟,,37801
卷之三十,夢徵,捧天者再,○捧天者再,,37813
卷之三十,夢徵,捧天者再,韓稚圭知泰州日卧病數日冥然無所知倏然而蘇語左右曰適夢以手捧天者再不覺驚悟其後援英宗於藩邸戴神宗於春宮捧天之兆巳見於慶曆中固知賢臣之勲業非偶而致也,,37816
卷之三十,夢徵,天賜爾子,○天賜爾子,,37821
卷之三十,夢徵,天賜爾子,馮涓字巨濟父以中年無子置一妾極姝麗毎理髪必引避如有沮喪之狀涓父怪而問之則曰某父本守某官不幸而死家甚遠無力可歸故鬻某今猶未經卒哭約髪者實素帛暫以綘綵蒙其上不欲公見初無他也父聞之惻然即日尋訪其母還之且厚有資助是夕夢一羽人曰天賜爾子慶流涓父明年果生一子因以涓字名之及長赴試復夢羽人曰汝欲及第當中三魁旣而魁太學魁鄉薦唱名爲天下第一,,37824
卷之三十,夢徵,日月着身,○日月着身,,37841
卷之三十,夢徵,日月着身,周文王夢日月着其身,,37844
卷之三十,夢徵,日入懷,○日入懷,,37848
卷之三十,夢徵,日入懷,王皇后入宮夢日入懷後生武帝于猗蘭殿,,37851
卷之三十,夢徵,月入懷,○月入懷,,37856
卷之三十,夢徵,月入懷,王禁妻李氏任政君在身夢月入其懷及壯大婉順五鳳中政君年十八矣入掖庭爲家人子歲餘會皇太子所愛幸姬死宣帝令皇后擇後宮家人子可以虞侍太子者使掖庭令送政君太子宮見內殿得御幸有身甘露三年生成帝於甲舘,,37859
卷之三十,夢徵,負日行,○負日行,,37867
卷之三十,夢徵,負日行,王美人趙國人也以良家子應法相選入掖庭時靈惠何皇后性彊忌後宮莫不震懾美人有娠畏后乃服藥欲除之而胎安然不動又數夢負日而行光和四年生皇子協后遂鴆殺美人協養於董太后靈帝崩皇子辯即位董卓將兵入洛陽廢辯爲弘農王而立協是爲獻帝,,37870
卷之三十,夢徵,月日入懷,○月日入懷,,37881
卷之三十,夢徵,月日入懷,孫堅吳夫人孕而夢月入其懷旣而生策及孕權又夢日入其懷以告堅曰㫺姙策夢月入我懷今也又夢日入我懷何也堅曰日月者陰陽之精極貴之象吾子孫其興乎,,37884
卷之三十,夢徵,乘龍逐日,○乘龍逐日,,37890
卷之三十,夢徵,乘龍逐日,齊主蕭道成年十七時嘗夢乘靑龍上天西行逐日後受宋禪云,,37893
卷之三十,夢徵,抱日,○抱日,,37897
卷之三十,夢徵,抱日,梁武帝蕭衍以宋大明元年生于秣陵先是皇妣張氏嘗夢抱日巳而有娠遂產帝,,37900
卷之三十,夢徵,月墮懷,○月墮懷,,37905
卷之三十,夢徵,月墮懷,阮脩容之娠元帝也夢月墮懷中,,37908
卷之三十,夢徵,日鬥,○日鬥,,37912
卷之三十,夢徵,日鬥,文帝夢大小二日鬥大者光減墜地色正黄其大如斗帝三分取一懷之,,37915
卷之三十,夢徵,日化爲龍,○日化爲龍,,37919
卷之三十,夢徵,日化爲龍,北魏世宗母高夫人初夢爲日所逐避于牀下日化爲龍繞巳數匝寤而驚悸遂有娠是生世宗平城宮,,37922
卷之三十,夢徵,日入室,○日入室,,37926
卷之三十,夢徵,日入室,劉淵張夫人懷孕夢日入室覺以告淵淵曰此吉徵也愼勿言十五月而生聰焉,,37929
卷之三十,夢徵,日出室内,○日出室内,,37935
卷之三十,夢徵,日出室内,北魏賀皇后因遷徙游於雲澤寢夢日出室內寤而見光自牗燭天歘然有感生魏主拓䟦珪,,37938
卷之三十,夢徵,日入臍中,○日入臍中,,37942
卷之三十,夢徵,日入臍中,慕容德母公孫氏夢日入臍中晝寢而生德德後稱帝于廣固,,37945
卷之三十,夢徵,車載日月,○車載日月,,37950
卷之三十,夢徵,車載日月,鄭光於會昌六年夢車中載日月光芒燭六合占者曰必暴貴無何唐武宗登遐宣宗即位而孝明皇后鄭氏宣宗之母即光之姊也光以元舅之尊撿挍戸部尚書諸衛將軍出爲平盧節度使,,37953
卷之三十,夢徵,吞日,○吞日,,37960
卷之三十,夢徵,吞日,毛貞輔累爲邑宰應選之廣陵夢吞日旣覺腹中猶熱以問侍御史楊廷式式曰此夢至大非君所能當若以君而言當得赤烏塲官也果如其言,,37963
卷之三十,夢徵,捧日授巳,○捧日授巳,,37971
卷之三十,夢徵,捧日授巳,杜太后夢神人捧日授巳而有娠遂生太宗,,37974
卷之三十,夢徵,日光耀體,○日光耀體,,37978
卷之三十,夢徵,日光耀體,元德李后歸宋太宗夢日輪逼巳承以裾光耀遍體驚寤是生眞宗,,37981
卷之三十,夢徵,日初出,○日初出,,37985
卷之三十,夢徵,日初出,喬執中未過省時父竦素事普照像甚嚴日夕禱之夜夢一紫衣僧至堦前指庭之東見日初出甚近而光眀不可正視後英宗登極遂中第御名從日也,,37988
卷之三十,夢徵,月中兒墮,○月中兒墮,,37994
卷之三十,夢徵,月中兒墮,范文正公夫人有娠夜夢月中墮一兒承以衣裾得之遂生仁純是爲忠宣,,37997
卷之三十,夢徵,四日並出,○四日並出,,38001
卷之三十,夢徵,四日並出,徽宗在燕山謂閤門宣贊舍人管幹龍德宫曹勛曰我夢四日並出此中原爭立之象不知中原之民尚肯推戴康王否因出御衣絹半臂親書其領中曰便可即眞來救父母,,38004
卷之三十,夢徵,東南日光射身,○東南日光射身,,38009
卷之三十,夢徵,東南日光射身,楊奐母嘗夢東南日光射身旁一神人以筆授之巳而生奐其父以爲文明之象因名之曰奐字煥然後以文學政事爲元名臣謚文憲,,38012
卷之三十,夢徵,月花符名,○月花符名,,38020
卷之三十,夢徵,月花符名,月魯不花就試江浙鄉闈中選右㮄第一方掲曉試官夢月中有花巳而果符其名及登元統元年進士第敭歷中外頗著聲績後死倭難獲贈典謚忠肅,,38023
卷之三十,夢徵,月常四五,○月常四五,,38030
卷之三十,夢徵,月常四五,王司空一夔字大韶江西新建人父任汀洲府推官時公隨侍宦邸數夢在府前譙樓凭枋而立月常四五心頗疑之後公中會試名在第二其下第三名即婁方也,,38033
卷之三十,夢徵,北斗墜殿,○北斗墜殿,,38043
卷之三十,夢徵,北斗墜殿,後主之在娠也甘后夢北斗墜殿脊上俄如裂帛金光照天及生乃字之曰阿斗,,38046
卷之三十,夢徵,履星而行,○履星而行,,38051
卷之三十,夢徵,履星而行,高歡嘗夢履衆星而行覺而内喜後果代魏,,38054
卷之三十,夢徵,星墜壓脚,○星墜壓脚,,38058
卷之三十,夢徵,星墜壓脚,陳奇初被召夜夢星墜壓脚明日告人曰星則好風星則好雨夢星壓脚必無善徵後竟以造𧩂書見枉遂至于大戮,,38061
卷之三十,夢徵,一大星,○一大星,,38067
卷之三十,夢徵,一大星,伍喬苦學家貧嘗有羸童痩馬之嘆山中浮屠夢一大星人曰伍喬星也旣覺訪得喬傾資奉之後舉進士第一,,38070
卷之三十,夢徵,長庚星入懷,○長庚星入懷,,38076
卷之三十,夢徵,長庚星入懷,李白始生時母夢長庚星入懷而生因以名之長庚即太白星也,,38079
卷之三十,夢徵,星入懷,○星入懷,,38084
卷之三十,夢徵,星入懷,余崇龜字景望在孕時母葉氏夢星入懐童稚頴悟後擢甲科出知江州恤民禱雨人呼爲佛,,38087
卷之三十,夢徵,大星墜懷,○大星墜懷,,38091
卷之三十,夢徵,大星墜懷,黃溍字晉卿母夫人方娠夢大星煜煜然墜於懐及其生也綉川之水爲之一清蓋星靈川祥所融凝而成者故溍遂以文章大鳴一世卒謚文獻,,38094
卷之三十,夢徵,文昌星,○文昌星,,38101
卷之三十,夢徵,文昌星,呂思誠母馮氏夢一丈夫烏衣白襴衫紅鞓朿帶趨而揖曰我文昌星也乃寤遂生思誠目有神光見者異之後敭歷中外言論風㫖政事俱有聲官至國子祭酒中書左丞謚忠肅,,38104
卷之三十,夢徵,神授大星,○神授大星,,38111
卷之三十,夢徵,神授大星,小云石海涯其父楚國忠惠公名貫只哥故遂以貫爲氏别號酸齋即所稱貫酸齋是矣其母廉氏夢神人授以大星使吞之遂有娠生酸齋年十三膂力絕人能持槊跨惡馬挽强射後折節讀書目五行下爲文出人意表襲祖父爵不久讓其弟及拜官禁近又能抗疏論事巳而辭疾解組爲勝國名流云,,38114
卷之三十,夢徵,斗間氣傅體,○斗間氣傅體,,38125
卷之三十,夢徵,斗間氣傅體,常熟陳氏譚母夢斗間氣下傅體遂娠生子察舉進士爲監察御史歷官至僉都御史以直節稱享年八十三,,38128
卷之三十,夢徵,朝雲暮雨,○朝雲暮雨,,38136
卷之三十,夢徵,朝雲暮雨,楚襄王與宋玉遊雲夢望高唐之觀上有雲氣王曰昔先王遊南唐晝寢夢一婦人曰妾巫山之女也朝爲行雲暮爲行雨朝朝暮暮陽臺之下,,38139
卷之三十,夢徵,赤彘雲中下,○赤彘雲中下,,38145
卷之三十,夢徵,赤彘雲中下,漢景帝在東宫納王美人有娠景帝夢一赤彘從雲中下召占者姚翁問之翁曰吉祥也必主命世之人攘夷狄而獲嘉瑞爲劉宗盛主也及生男因名彘焉是爲武帝攺名胤,,38148
卷之三十,夢徵,雲化爲鳳,○雲化爲鳳,,38156
卷之三十,夢徵,雲化爲鳳,徐陵字孝穆母臧氏嘗夢五色雲化而爲鳳集左肩上巳而誕陵焉寶誌上人見之曰天上石麒麟也後位光祿大夫太子太傅,,38159
卷之三十,夢徵,空中凌雲而去,○空中凌雲而去,,38167
卷之三十,夢徵,空中凌雲而去,大同中釋慧約疾夢四部大衆旛花羅列空中迎之凌雲而去謂弟子曰我福報當訖踰旬日曰吾今夜去矣至五更合掌便入湼槃,,38170
卷之三十,夢徵,持節雲中下,○持節雲中下,,38177
卷之三十,夢徵,持節雲中下,武帝夜夢與少君俱上嵩高山上半道有綉衣使者乗龍持節從雲中下言太乙君召覺即告近臣曰如朕夢少君將舍朕去矣,,38180
卷之三十,夢徵,彩雲靈鳳,○彩雲靈鳳,,38186
卷之三十,夢徵,彩雲靈鳳,王遠知母丁氏駕部郞中丁超女也嘗晝寢夢彩雲靈鳳集其身因而有娠生遠知遠知少聰敏博總群書師事陶弘景傳其道法歷陳至隋煬帝爲晉王鎭揚州召之遠知來謁見須臾鬚髪變白晉王懼而遣之旋復如舊後預識唐太宗爲太平天子太宗即位將加重祿固請望山璽書褒美後將卒遠知謂弟子潘師正曰吾見仙格以吾小時誤損一童子吻不得白日昇天見署少室伯將行在即翌日沭浴加冠衣焚香而卒時年一百二十有六甘露三年追贈太中大夫謚昇眞先生,,38189
卷之三十,夢徵,錦獅雲端下,○錦獅雲端下,,38202
卷之三十,夢徵,錦獅雲端下,敬暉之將生也其母夢錦獅五自雲端而下四者跳躍鼔舞若各有所向其一向母而號者四及誕暉幼而神異毎童戲巳輒居尊位而役其衆指麾顧盻法紀森然識者奇之神龍間爲與張柬之等討武氏誅二張復唐帝位威名大著封平陽王後武三思使鄭愔告五王反卒與張柬之桓彦範𡊮恕巳崔玄暉四人同貶尋被殺乃符母夢云,,38205
卷之三十,夢徵,輕雲來掩,○輕雲來掩,,38212
卷之三十,夢徵,輕雲來掩,歸暘將生其母楊氏夢朝日出東山上有輕雲來掩之故名之曰暘暘學無師傅而精敏過人登至順元年進士第歷官至集賢學士有强幹聲且多建白爲元名臣云,,38215
卷之三十,夢徵,掃雪迎宰相,○掃雪迎宰相,,38226
卷之三十,夢徵,掃雪迎宰相,周必大紹興中監臨安府和劑局局門內失火延燒民家逮吏坐死未報必大問寺吏曰假如火自官致當得何罪吏曰當除籍爲民必大遂自誣伏坐失官更免死必大歸謁婦翁坐定大雪交下僮子掃於庭婦翁不樂意謂妻以女爲門戶計既失官觸前望殊不爲禮復私訝前一夕夢掃雪迎宰相惟必大雨雪中至姑留之宿必大旣歸益自刻苦讀書後中博學宏詞科歷官至宰相封益國公果符婦翁之夢先是試前必大夢入冥見一判官拷掠一捻胎鬼曰此人多陰德當位宰相貌陋如此奈何鬼請爲作帝王鬚及覺猶隱隱痛數日一相士挾貴人書來見適邂逅於門外相者問相公何在必大進揖曰某前此待罪監局相者起將其鬚曰帝王鬚眞宰相也必大大驚服厚贐之蓋前此種鬚事雖妻子至親亦不以告也,,38229
卷之三十,夢徵,廬冒風雨,○廬冒風雨,,38250
卷之三十,夢徵,廬冒風雨,洪武中許方知南昌府惓惓于學挍嘗夢一儒者曰吾廬冒風雨久矣冀太守修之莫詳所以及見徐孺子像方悟遂葺其亭,,38253
卷之三十,夢徵,大雷擊首,○大雷擊首,,38264
卷之三十,夢徵,大雷擊首,商紂夢大雷擊其首無何周師入而首懸太白之旗,,38267
卷之三十,夢徵,當爲雷擊死,○當爲雷擊死,,38272
卷之三十,夢徵,當爲雷擊死,吳二臨川水東小民也事母至孝一夕有神來見夢曰汝明日午刻當爲雷擊死吳以老母在堂乞救護神曰此受命於天不可免也吳恐驚其母凌晨具饌以進白云將他適請暫詣妹家母不許俄黑雲起日中天地昏暗雷聲闐闐然吳益慮驚母趣使閉戶自出野田以待其罰頃之雲氣廓開吳幸免禍亟歸撫其母猶疑神言不實未敢以告是夕復夢神曰汝至孝感天巳宥之急宜加敬事也自是孝養其母終身,,38275
卷之三十,夢徵,虎啣雷公,○虎啣雷公,,38290
卷之三十,夢徵,虎啣雷公,曹𤕤夢二虎啣雷公雷公若二升椀放著庭中𤕤惡之以問占者靈臺丞馬訓訓曰憂兵訓退告其妻曰𠁊將以兵亾不出旬日巳而果爲司馬懿所害,,38293
卷之三十,夢徵,電光奪目,○電光奪目,,38300
卷之三十,夢徵,電光奪目,竇泰之母夢風雷暴起若有雨狀出庭觀之見電光奪目駛雨霑灑而驚汗遂有娠朞而後產泰泰後以功累遷京畿大都督終御史中尉,,38303
卷之三十,夢徵,雷電燭身,○雷電燭身,,38308
卷之三十,夢徵,雷電燭身,宗澤毋劉氏夢天大雷電光燭其身翼日而澤生後爲南宋名將之冠,,38311
卷之三十,夢徵,大雷一聲,○大雷一聲,,38316
卷之三十,夢徵,大雷一聲,彭相公華字彦實江西安福人會試之夕夢大雷一聲震於其首即掣手内一編起空中其年公會元後拜學士家僕夢公陞詹事往謝侍郎家相望無何果陞詹事蓋與謝侍郞同在薦稿故也一日朝退公謂予曰夜來有一夢某立御道中手持通政司說帖一本毎說一事囬顧六卿承㫖如常時至三四事頗覺難說忽見閣下立于御道之旁謂某曰將就說過去某遂依從說訖此夢不知何兆予占之曰手持通政司說帖者當爲執政也公笑曰執政執政某思不及此旣而予謝病歸未幾公果入閣,,38319
卷之三十,夢徵,虹流華渚,○虹流華渚,,38340
卷之三十,夢徵,虹流華渚,帝時有大星如虹下流華渚女節夢接之意感生少昊,,38343
卷之三十,夢徵,赤烏戲巳,○赤烏戲巳,,38348
卷之三十,夢徵,赤烏戲巳,豐公家於沛之豐邑中陽里其妻夢赤烏若龍戲巳而生執嘉是爲太上皇,,38351
卷之三十,夢徵,雙虹自門升天,○雙虹自門升天,,38355
卷之三十,夢徵,雙虹自門升天,李特妻羅氏夢𩀱虹自門升天一虹中斷後生蕩及雄常言吾二子若有先亾其存者必大貴及蕩與羅尚戰馳馬追擊𧢲牛倚矛被傷死雄後爲成都王僣即帝位,,38358
卷之三十,夢徵,見虹飲水,○見虹飲水,,38365
卷之三十,夢徵,見虹飲水,侯弘實幼貧嘗寢簷下其毋見虹自河飲水俄貫于弘實之口及覺毋問有夢否曰適夢入河飲水飽足而歸毋黙喜後弘實果自行伍至將領遷一州二鎭皆近大江,,38368
卷之三十,夢徵,白光透臥榻,○白光透臥榻,,38376
卷之三十,夢徵,白光透臥榻,元上世阿蘭寡居夜寢帳中夢白光自天牕中入化爲金色神人來透臥榻阿蘭驚覺遂有娠產一子曰孛端义兒狀貌奇異沉黙寡言家人謂之癡阿蘭語人曰此兒非癡後世子孫必有大貴者十世後果生鐡木眞爲元太祖,,38379
卷之三十,夢徵,氷上氷下,○氷上氷下,,38392
卷之三十,夢徵,氷上氷下,索紞少遊京師受業太學博綜經籍遂爲通儒明陰陽天文善術數占候司徒辟除郎中知中國將亂避世而歸鄕人就占者如市紞曰攻乎異端戒在害巳無爲多事多患遂詭言虚說無驗乃止唯以占夢爲無悔吝乃不逆問者孝廉令狐策夢立氷上與氷下人語紞曰氷上爲陽氷下爲陰陰陽事也士如歸妻迨氷未泮婚姻事也君在氷上與氷下人語爲陽語陰謀介事也君當爲人作媒氷泮而婚成策曰老夫耄矣不爲媒也會太守田初因策爲子求鄕人張公徵女仲春而成婚焉,,38395
卷之三十,夢徵,火𤑔寢室,○火𤑔寢室,,38414
卷之三十,夢徵,火𤑔寢室,崔浩將害李順夢以火𤑔順寢室火作而順死浩與室家群立而觀之俄而順弟息號哭而出曰此輩吾賊也以戈擊之悉投於河後坐暴楊國惡以至于族地理部,,38417
卷之三十,夢徵,臼水東走,○臼水東走,,38432
卷之三十,夢徵,臼水東走,伊尹母居伊水上有娠夢有神告之曰臼水出而東走無顧明日視白出水告其鄰東走顧其邑盡爲水身因化爲桑有莘氏採桑得嬰兒空桑之中獻之于君君令乳之命曰伊尹,,38435
卷之三十,夢徵,水邊一女,○水邊一女,,38441
卷之三十,夢徵,水邊一女,鄧攸夢行水邊見一女有猛獸在後斷其盤囊占者以爲水邊女是汝事斷盤囊者新獸頭代舊獸頭也非汝南當汝陰後果然,,38444
卷之三十,夢徵,水有㟁爲州,○水有㟁爲州,,38451
卷之三十,夢徵,水有㟁爲州,殷仲堪見流棺塟焉旬日門前溝忽起爲㟁其夕夢人自稱徐伯玄云感君之惠無以報也水有㟁爲州君將爲州矣後果臨荆州,,38454
卷之三十,夢徵,走馬上山,○走馬上山,,38463
卷之三十,夢徵,走馬上山,郡主簿張宅夢走馬上山還遶告三周但見松栢不知門處紞曰馬屬離離爲火火禍也人上山爲凶字但見松栢墓門象也不知門處爲無門也三周三期也後三年必有大禍宅果以謀反伏誅,,38466
卷之三十,夢徵,山上掛𮈔,○山上掛𮈔,,38477
卷之三十,夢徵,山上掛𮈔,薛琡嘗夢張亮于山上掛絲以告亮爲占之曰山上有絲幽字也君其爲幽州數月亮出爲幽州刺史,,38480
卷之三十,夢徵,洪水没都,○洪水没都,,38486
卷之三十,夢徵,洪水没都,隋高祖夢洪水没都惡之故遷都大興會有方士言李氏當王李敏小名淇兒帝疑其應䜟因裴仁基告其叔李渾反收渾及敏族誅之不知洪水乃唐高祖諱淵也,,38489
卷之三十,夢徵,普告山水萬靈,○普告山水萬靈,,38496
卷之三十,夢徵,普告山水萬靈,許旌陽嘗因修觀旣畢欲刻石記之得古碑字刓缺不可復識因剗去舊文刋刻新記自是恍惚不安暇日徐步庭砌間空中言曰許君許君速詣水宮求救不然即有不測之釁許愕然異之乃焚香䖍祀願示求救之由良久復語曰所刻碑舊文雖巳磨没而此時爲文之人見詣水官相訟云奪我之名顯巳之名由此水官將有執對之命速宜求之許君乃訪得舊文立石刋記一夕夢神人相謝再顯名氏無以相報請作水陸大醮普告山水萬靈得三官舉名可以證道許依教修之遂成道果自此水陸𬋕法傳於人間時大中十年八月也,,38499
卷之三十,夢徵,上北邙山,○上北邙山,,38514
卷之三十,夢徵,上北邙山,右補闕母旻夢着衣冠上北邙山親友相送及至山頂回顧不見一人意甚惡之無何以熱疾暴終,,38517
卷之三十,夢徵,水際得碑,○水際得碑,,38522
卷之三十,夢徵,水際得碑,寶雲寺僧一日夢於舊寺基水際得古斷碑云寺南高基乃顧野王脩輿地志處也明日果得碑乃于基上建野王祠元成廷珪詩云塵銷壞壁書千卷土蝕殘碑字幾行正謂此也,,38525
卷之三十,夢徵,上山見道士運籖,○上山見道士運籖,,38534
卷之三十,夢徵,上山見道士運籖,淳化中李君房至餘杭患瘡瘍謁伍大夫廟見有梅數枝盛開夜夢上一山見道士運籖牌問之道士乃抽一牌朱書太字二行云時來自有期此去不憂運行心但如此不久銷疾病君房喜而别旣下山聞梅花香囬望其上乃昨所見也旣覺瘡瘍漸愈後知錢塘作文識之,,38537
卷之三十,夢徵,賜書泰山,○賜書泰山,,38548
卷之三十,夢徵,賜書泰山,帝嘗夢神人言賜天書於泰山即宻諭王欽若欽若因得之授中賜馳捧以進遂成封禪禮,,38551
卷之三十,夢徵,山花如錦,○山花如錦,,38555
卷之三十,夢徵,山花如錦,沈括嘗夢至一小山花如覆錦喬木蓊鬱山下有水甚樂之後謫居潤州覔得此山宛如夢中遂築室居焉因以夢名溪林希詩夢溪謫仙人松花遶新宅,,38558
卷之三十,夢徵,小山流泉,○小山流泉,,38564
卷之三十,夢徵,小山流泉,高皇將命藍玉等北征嘗夢殿西北隅有小山流泉直下至御足所履而止及大軍追虜進次游魂南道無水軍士渇甚至一小山下忽聞有聲如礟使人視之則四泉湧出士馬皆飲得不困乏餘流溢出如溪適符所夢,,38567
卷之三十,夢徵,上高山,○上高山,,38575
卷之三十,夢徵,上高山,尹相國直字正言江西泰和人赴京會試逆旅中忽夢上高山四顧城市皆在其下但見一人往來山峰之首遂覺公後中第二名初主考商公欲選公爲首副主考錢公盛稱彭公華經義遂置彭爲第一公爲第二,,38578
卷之三十,夢徵,戴斗登山,○戴斗登山,,38585
卷之三十,夢徵,戴斗登山,黃主事芸江西豐城人夜夢隣火將延戴斗登山而避山有兩廊見堂上冠冕者四座一人起迎曰賢哲來遂酌以酒曰公他日當司刑令坐西席飲畢出門見一赤馬又見小童撁鹿以進遂覺是秋鄕薦黃中詩經亞魁甲辰進士丙午授南京刑部主事𥨸詳火者文明之象斗者魁也戴斗者魁在頭上也赤馬者丙午也鹿者祿也壬寅年五月黃未第時夢有吏部尚書乘轎來望遂過其亾叔黃沂墳指曰當立碑入宅指門曰當贈春帖一聯云日月爭光白衣郞叔侄聯攀丹桂；乹坤毓秀黄牌樓子孫重沐恩榮黃問曰黃牌樓之說何因曰爾祖曾作吏部尚書號爲黃牌樓家言訖而去遂覺詳芸與沂俱以儒士貢於鄕正所謂白衣郞叔姪聯攀丹桂也重沐恩榮據黃氏家譜十九代祖元吉宋天福間爲吏部尚書後歷元至今别無仕進而今復顯於芸故也壬寅年四月初四日夢與叔沂入寺中訪友見人寫榜云你名字當列一百四十六名出門又别入一所見皂衣人曰爾來了見轎一乘就坐於上一人持三簷傘蓋隨行往西入一儀門見有三衙門並列芸從東入所遇者皆拘攣罪人後出又行一處復見一轎在彼傍有人云請坐轎遂過街兩廊皆兵衛問曰爾見榜耶在第三甲旣而指前三衙問之曰入東耶西耶芸應之曰東其人曰東乃按察司也後甲辰會試果中一百四十六名廷試第三甲授南京刑部主事按察之夢恐後驗之癸卯年五月六日芸夜夢失馬人云神攝之矣視之果見神廟巍峩神起立迓芸曰還汝馬爾後爲顯宦當償之芸曰喏遂授以赤馬芸詰神曰某何時顯神曰三十有四曰某壽幾何曰七十有三令芸瞑目騰雲向空而去後兩使于蜀適年三十四授南京按察司成化丙午年即赤馬之應也,,38588
卷之三十,夢徵,海水壞棺槨,○海水壞棺槨,,38646
卷之三十,夢徵,海水壞棺槨,光和元年遼西太守黃翻上書海邊有流屍露冠綘衣體貌完全翻感夢云我伯夷之弟孤竹君子也海水壞吾棺槨求見掩藏民嗤視之皆無病而死翻乃爲攺塟云,,38649
卷之三十,夢徵,河水乾,○河水乾,,38657
卷之三十,夢徵,河水乾,宋主有疾夜夢河水乾憂形於色以爲君人者龍之象今乃無水是不獲水居矣旣而詢諸宰輔對曰河無水乃可字也陛下之疾痊可矣帝欣然疾果愈,,38660
卷之三十,夢徵,海上坐玉盆,○海上坐玉盆,,38666
卷之三十,夢徵,海上坐玉盆,齊後主緯母胡氏夢于海上坐玉盆日入裙下遂有娠五月五日生緯於并州邸,,38669
卷之三十,夢徵,南處海濵明,○南處海濵明成祖嘗夢二神人言南處海濵來輔家國明日禮官言閩中靈濟二眞君事遂遣使函香請神像於官城西南作宫,,38674
卷之三十,夢徵,敗我濯龍淵,○敗我濯龍淵,,38685
卷之三十,夢徵,敗我濯龍淵,汝南舊有鴻都坡成帝時丞相翟方進奏毀敗之尋而自夢上天天帝怒曰何故敗我濯龍淵是後民失其利多致飢困,,38688
卷之三十,夢徵,江中沙石篆榴,○江中沙石篆榴,,38693
卷之三十,夢徵,江中沙石篆榴,王仁裕初事蜀蜀平歷事唐晉漢以翰林學士屢遷戶部尚書其少也嘗夢剖其腸胃以西江水洗之顧見江中沙石皆爲篆榴之文繇是文思益進乃集其平生所作詩萬餘首爲百卷號西江集竟以文章知名當世,,38696
卷之三十,夢徵,江水滿河,○江水滿河,,38704
卷之三十,夢徵,江水滿河,强掌教英字仲傑應天上元人由舉人累除逺方鬱鬱不樂者久之後以湘南永平衛學教授考滿忽夜夢江水滿河所乘馬逸而不返莫測其故旣而又除貴州赤木衛教授强以地逺竟不之官卒應馬逸之夢,,38708
卷之三十,夢徵,井水溢流庭下,○井水溢流庭下,,38719
卷之三十,夢徵,井水溢流庭下,大將軍霍光旣薨光子禹與母夫人顯及從昆弟子雲山自見日侵削有邪謀顯夢地中井水溢流庭下竈居樹上又夢大將軍謂顯曰知捕兒否亟下捕之禹夢車騎聲正讙來捕禹舉家憂愁卒與禍會,,38722
卷之三十,夢徵,池塘春草,○池塘春草,,38732
卷之三十,夢徵,池塘春草,謝惠連十歲能屬文靈運云毎有篇章對弟惠連輒得佳語嘗於永嘉西堂思詩不就忽夢見惠連即得池塘生春草之句人以爲異,,38735
卷之三十,夢徵,遊華胥國,○遊華胥國,,38745
卷之三十,夢徵,遊華胥國,軒轅黃帝嘗晝寢夢遊華胥之國旣覺怡然自得天下大治幾若華胥又夢大風吹天下之塵垢皆去又夢人執千鈞之弩驅羊數萬群帝寤而嘆曰風爲號令執政者也垢去而后在也天下豈有姓風名后者哉夫千鈞之弩異力能遠者也；驅羊數萬群是能善牧者也天下豈有姓力名牧者哉於是依二夢之占而求之得風后於海隅登以爲相；得力牧於大澤進以爲將因著占夢經十一卷又夢兩龍授圖乃齋往河洛求有大魚泝流而上魚泛白圖帝跪受之即河圖也,,38748
卷之三十,夢徵,洛陽車騎,○洛陽車騎,,38762
卷之三十,夢徵,洛陽車騎,安定皇甫謚以九年冬夢至洛陽自廟出見車騎甚衆以物呈廟云誅大將軍曹𤕤寤而以告其邑人邑人曰𠁊兄弟典重兵又權尚書事誰敢謀之謚曰昔漢之𨶒顯倚母后之尊權國威命可謂至矣閹人十九人一旦尸之况𤕤兄弟乎巳而𤕤果見殺,,38765
卷之三十,夢徵,巳出江東,○巳出江東,,38776
卷之三十,夢徵,巳出江東,咸和中丹陽尹高悝于張矦橋掊得金像付長干寺僧後西域胡僧五人來詣悝曰㫺于天竺得阿育王造像至鄴下値倭亂埋像河邊今尋覔失所我輩夢見像曰巳出江東爲高尹所得故特來言之乃送僧至寺見像皆唏嘘涕泣像放毫光燭照殿宇,,38779
卷之三十,夢徵,蝟攻鄴城,○蝟攻鄴城,,38788
卷之三十,夢徵,蝟攻鄴城,高湛夢大蝟攻破鄴城故索境内蝟膏以絕之不知後主名緯音與蝟協乃亾齊之徴也,,38791
卷之三十,夢徵,人盡南渡,○人盡南渡,,38798
卷之三十,夢徵,人盡南渡,戴洋將赴洛夢神人謂之曰洛中當敗人盡南渡後五年揚州必有天子洋信之遂不去既而皆如其夢,,38801
卷之三十,夢徵,滿城菜,○滿城菜,,38807
卷之三十,夢徵,滿城菜,苻堅將欲南伐夢滿城出菜又地東南傾其占曰菜多難爲醬也東南傾江左不得平也,,38810
卷之三十,夢徵,黃衣圍城,○黃衣圍城,,38816
卷之三十,夢徵,黃衣圍城,陳後主夢黃衣圍城乃盡去遶城橘樹及韓擒虎賀君弼兵不久入建康乃知圍城之兆云,,38819
卷之三十,夢徵,金像飛越城外,○金像飛越城外,,38824
卷之三十,夢徵,金像飛越城外,呂光攻龜兹城夜夢金像飛越城外光曰此謂佛神去之胡必亾矣果平龜兹,,38827
卷之三十,夢徵,决城而覆,○决城而覆,,38833
卷之三十,夢徵,决城而覆,至正二十三年元順帝一夕夢大豕决都城而覆因禁軍民畜猪比天兵至柳林順帝召百官議戰守計忽有二狐自内殿出帝歎且泣即命開建德門北去明年高皇聞其駐應昌也馳書開示禍福順帝因答詩云金陵使者渡江來漠漠風𤇆一道開旺氣有時還自息皇恩何處不昭囬信知海內皆王土亦喜江南有俊才歸去誠心煩爲說春風先到鳳凰臺蓋家者朱姓决城而入狐者胡人下殿而走天之示人良亦顯矣,,38836
卷之三十,夢徵,南京放榜,○南京放榜,,38850
卷之三十,夢徵,南京放榜,朱梅庄吳中士人癸酉春正月忽夢南京放鄕㮄見徽州人葉琦姓名作解元覺而識之至本年八月將終數問自京師來者解元是葉琦否人曰某來時未有㮄出不知爲誰至九月初始見京闈錄果祁門葉琦也梅庄咲曰何與於我,,38853
卷之三十,夢徵,繇獨松關,○繇獨松關,,38866
卷之三十,夢徵,繇獨松關,鄧道樞以齋科精嚴際遇理度兩朝一日謝后遣巨璫召至內後門泣降德音且令其責軍令狀使無泄乃言昨夢濟王大怒以爲吾且將兵繇獨松關滅汝社稷以此令道樞于高峰頂爲謄心章哀告上帝巳而獨松果有黃頭先鋒斬關而入,,38869
卷之三十,夢徵,行塞下沙,○行塞下沙,,38877
卷之三十,夢徵,行塞下沙,高太史啟夢行塞下沙詩云夢行塞下沙無水無蒹葭牧羊人歸霜草短平地雁群棲不暖騎馬茫茫入逺𤇆一行衝起上秋天我夢驚囬雁飛去𧢲聲吹斷江城曙,,38880
卷之三十,夢徵,清水橋邊,○清水橋邊,,38891
卷之三十,夢徵,清水橋邊,一儒生至九仙廟祈夢夢中一人語曰成不成成平不成平清水橋邊乃見分明此生久不遇毎憶此夢然卒不知所謂也一日過一橋上題曰清水橋生訝焉頃之有一老父至生乃述所夢以問之老父對曰生今年得矣成不成成戊字也平不成平午字也今年戊午將無徵乎巳而果然,,38894
卷之三十,夢徵,引登高境,○引登高境,,38908
卷之三十,夢徵,引登高境,蔣燾爲樂亭令遺胎母方在蓐怳惚見道流三人入房便失其一燾在襁褓神頴能言九歲治四書易皆通十一入爲府學生十四應鄕薦高㨗而聲蜚丁巳之歲其年十六冬月將盡一旦枕上呼母曰母寧知帝都有紫府瑶臺乎母曰不知又曰兒嘗以母老辭歸可乎母訝其不倫且謂囈語置不問至元日其姊夫劉玠入燾齋見易書中有書紙千百言取觀乃燾所記前夢事其初曰某年月日夢老父引登高境曰紫府瑶臺撰文曰翠碧重華玉殿金闕其末曰燾再拜泣請家有老母乞放歸養姑還云云玠未及讀中文燾適來奪之母亦來取視燾窘遽云母母觀泄天中機母惡之抵于地燾遂拾置冊中其年三月十一日燾竟卒,,38911
卷之三十,夢徵,神見後園,○神見後園,,38937
卷之三十,夢徵,神見後園,高湛夢神見於後園其體壯大不辨其靣兩齒絕白長鬚于唇自後大亂以至于亾,,38940
卷之三十,夢徵,以地來降,○以地來降,,38945
卷之三十,夢徵,以地來降,武帝嘗夜夢中原牧守以地來降及侯景歸附帝欣然納之,,38948
卷之三十,夢徵,墻崩無遺堵,○墻崩無遺堵,,38957
卷之三十,夢徵,墻崩無遺堵,中山王熈夢有人告之曰任城王當死死後二百日君亦不免若不信試看任城家熈夢中顧盻任城第四面墻崩無遺堵焉熈惡之無何任城薨後二百餘日熈起兵討元義被害,,38960
卷之三十,夢徵,登㟁卜居,○登㟁卜居,,38970
卷之三十,夢徵,登㟁卜居,王瞻罷令歸泊舟秦淮病甚夢朱衣吏執牒至曰君命巳盡今奉詔瞻曰命不敢辭但舟中狹隘欲寛假之使得登㟁卜居無所憚也吏許諾以五日爲期至日平明且當來也旣寤便能下床自出僦舍營辦凶具召六親爲别至期登榻安臥向曙乃卒,,38973
卷之三十,夢徵,指導見墓,○指導見墓,,38986
卷之三十,夢徵,指導見墓,伊愼幼孤長善騎射始爲果毅喪母將營合袝不識其父之墓日夜號哭未浹旬夢寐中若有指導見墓旣寤發壠果得舊記驗之大曆八年也愼以前後戰功累遷撿挍尚書右僕射兼右衛上將軍,,38989
卷之三十,夢徵,以杖指墓,○以杖指墓,,38996
卷之三十,夢徵,以杖指墓,黃贇字止敬臨江人父均道延祐間求官京師留贇江南時贇年幼及長聞父娶妾居永平乃往省之則父殁巳三年矣庻母聞贇來盡挾其貲去更嫁拒不見贇贇號泣聞庻母居海濵亟裹糧往見庻母復拒之三日不納庻母之弟憐之與偕至永平屬縣樂亭求父墓又弗得贇日夜悲哭禱於神一夕夢老父以杖指墓處曰見片磚即可得明日就其地求之庻母之弟曰眞是也有某物可驗遂啓杇棺得父骨以歸,,38999
卷之三十,夢徵,以杖指墓,━━━━━━━━━━━━━━━━━━━━━━━━━━━━━━━━━━━━━━━━━━━━━━━━━━━━━━━━━━━━━━━━━━,,39018
卷之三十,夢徵,以杖指墓,━━━━━━━━━━━━━━━━━━━━━━━━━━━━━━━━━━━━━━━━━━━━━━━━━━━━━━━━━━━━━━━━━━,,39020
卷之三十一,人物部,人物部,人物部,,39032
卷之三十一,人物部,帝王,○帝賚良弼,,39037
卷之三十一,人物部,帝王,高宗恭黙思道夢帝賚與良弼其代予言乃審厥象俾以形旁求天下說築於傅巖之野惟肖立爲相○帝與九齡,,39040
卷之三十一,人物部,帝王,文王謂武王曰汝何夢矣武王曰夢帝與我九齡文王曰汝謂何也武王曰西方有九國焉君王其終撫諸文王曰非也古者謂年齡齒亦齡也我百爾九十吾與三焉文王九十七乃終武王九十三而終○國君,,39047
卷之三十一,人物部,帝王,列子書有老役夫晝則呻吟夜則熟寐夢爲國君覺而曰吾晝爲僕夜爲君何愁○與巳言論,,39061
卷之三十一,人物部,帝王,呂蒙學易夢伏羲文王周公孔子與巳言論世祚興亡之事日月廣明之道莫不窮精極妙○攺封中山王,,39067
卷之三十一,人物部,帝王,始興王憺夢攺封中山王策授如他日惡之數旬而卒追贈之典及焉○玄元皇帝,,39072
卷之三十一,人物部,帝王,玄宗夢玄元皇帝云吾像在京城西南百餘里遣使求得之於盭屋迎置興慶宫○主君來,,39079
卷之三十一,人物部,帝王,常鄂國遇春狀貌甚偉臂有脩毫黑色如猿年二十歸群雄劉聚驍勇爲諸軍冠後察聚剽掠無遠圖聞高皇威名糾心腹數十人棄聚來歸未至困臥田間夢神人披甲擁盾呼之曰起起主君來因寤果見高皇騎從至乞歸附高皇曰爾依劉聚何忽攺圖雖然察爾氣度非聚所得有也遂用以爲前鋒,,39085
卷之三十一,人物部,聖賢,○見周公,,39098
卷之三十一,人物部,聖賢,諸葛武矦出師至蔡山夢見周公故名其山爲周公山因立文憲廟其上○孔子南行,,39101
卷之三十一,人物部,聖賢,王弼著易夢執漆器隨孔子南行,,39106
卷之三十一,人物部,將相,○携授陸渾,,39110
卷之三十一,人物部,將相,荀吴帥師滅陸渾數之以其貳于楚也陸渾子奔楚其衆奔甘鹿園大獲韓宣子夢文公携荀吳而授之陸渾故使穆子帥師獻俘於文宮○賈王爲崇,,39113
卷之三十一,人物部,將相,王凌貳於司馬懿爲懿所收道經賈逵廟凌呼曰賈梁道王凌是魏忠臣惟爾有神知之時四月也至六月懿寢疾夢賈逵王凌爲祟遂薨○爲恪所擊,,39122
卷之三十一,人物部,將相,諸葛恪爲孫峻所害及峻使呂據征魏餞之石頭入據營惡據軍嚴整稱心痛去是夜遂夢爲恪所擊恐懼發病死○劉坐其處,,39130
卷之三十一,人物部,將相,王恭舉兵以討王愉爲辭夜夢劉牢之坐其處旦謂牢之曰事尅即以卿爲北府後牢之斬顏延以降恭敗朝廷即以㳟位號處牢之如所夢云○朝士喫茶,,39136
卷之三十一,人物部,將相,奚陟少時夢夏日與朝士二十餘人喫茶陟東行首座茶起西自南而行不得至陟渇甚不堪俄有一吏抱簿書致筆硯請押陟方熱渇乘高推其案曰且將去濃墨滿硯正中文書之上并吏人之面手足衣服無不沾污乃驚覺夜索紙筆細錄藏于巾笥後十五年爲吏部侍郎請同舍郞茶會陟爲主人東面首坐坐者二十餘人甌緩行陟有痟疾加之熱乏茶不可得頗燥悶有一吏抱文簿兼筆硯請押陟懆忿乃推去井案皆倒正中吏面及簿書盡濕坐客大笑陟方悟㫺年之夢語于同省取所記事驗之無分亳差焉○劉鎭軍相迎,,39142
卷之三十一,人物部,將相,劉穆之夢有人稱劉鎭軍相迎旦占之曰吾𢀸矣今豈有劉鎭軍耶後宋武帝遣人迎之共定大業武帝時爲鎭軍將軍○謀陷清直士,,39160
卷之三十一,人物部,將相,宋遊道與李構善遊道死其子士遜誣陷構構於禁所祭遊道而訴焉士遜晝臥夢遊道怒曰我與構恩義汝豈不知何共小人謀陷清直之士士遜驚跪曰不敢不敢旬日而卒○卿可取之,,39168
卷之三十一,人物部,將相,㓂仁祖斬城陽王徽首送爾朱兆兆夢徽告曰我有金二百斤馬一百匹在仁祖家卿可取之兆於是懸祖仁首于高𣗳以大石墜其足鞭箠之問得金及馬而祖仁死時以爲陽報云○我明日當戰,,39178
卷之三十一,人物部,將相,漢王諒反周羅睺副楊素討之中流矢卒是年七月其子仲隱夢睺曰我明日當戰次早其靈座上弓箭刀劒無故自動若人帶持之狀是日絳州城陷○與徵别,,39186
卷之三十一,人物部,將相,魏徵疾太宗夢與徵别旣寤流涕是夕徵卒故御製𥓓文曰㫺高宗得良弼於夢中朕今失賢臣于覺後○靖勣求食,,39196
卷之三十一,人物部,將相,安祿山擊契丹還奏臣夢李靖李勣向臣求食上乃命祠之北郡○紫衣貴人,,39203
卷之三十一,人物部,將相,崔圓少貧賤依親李彥先彥先時爲刑部尚書待之不甚加禮一夕彦先夢桎梧其背同輩百人爲兵擁入大府呼姓名領過判云准法彥先親見紫衣貴人據案中坐乃圓也遂躍出哀呼貴人曰李彥先特收禁流汗而覺自此方厚待之因薦於楊國忠遂以知留後旬日拜相京城克復彥先坐受僞官與陳希烈等二百人俱合誅死時圓爲中書令詳决之際以姓名呼過判云准法彥先大呼曰相公獨不憶㫺年耶圓乃悟遂判李彥先收禁具表其事請贖罪許之得流嶺外○玉童爲宰相,,39209
卷之三十一,人物部,將相,王朝國夢人領一綠衣童子曰汝有憂氏之心賜此玉童爲宰相是夕夫人孕生慶之○將軍巡南岳,,39225
卷之三十一,人物部,將相,康紫霞楊州東陵聖母廟主女道士也自言少時夢中被人錄于一處言天符令稱將軍巡南岳遂撮以金鏁甲令騎道從千餘人馬蹀虛南去須臾至岳神拜馬前夢中如有處分岳中嶧嶺溪無不歷也恍惚而返鷄鳴驚覺自是生鬚數十莖○舘我羅池,,39233
卷之三十一,人物部,將相,柳宗元旣謫一日與部將魏忠謝寧歐陽翼飲醉驛亭謂曰吾棄千時而寄于此間與若等好也明年吾將死而爲神後三年可爲廟祀我及期而死三年孟秋辛卯元降於州之後堂翼等見而拜之其夕翼夢元告之曰舘我干羅池其日廟成大祭有過客李儀醉酒慢侮堂上得疾扶出廟門即死子謂元生能澤其民死能驚動禍福之以食其土可謂靈也巳○杲卿見夢,,39244
卷之三十一,人物部,將相,顏杲卿被殺棄首千衢莫敢收有張湊者得其髪持謁上皇是夕見夢帝寤爲祭○任調拜相,,39260
卷之三十一,人物部,將相,張鎰大曆中守工部尚書判度支因奏事稱旨代宗面許宰相恩澤甚厚張日冀望而累旬無信忽夜夢有人自門遽入抗聲曰任調拜相張公驚寤思中外無其人尋譯不解有外甥李通禮者博學多智張因召令研其理李沉思良久因賀曰舅作相矣張詰之李答曰任調反語饒甜饒甜無逾甘草甘草獨爲珍藥珍藥反語即舅名氏也張甚悅俄有走馬吏報曰白庥下公拜中書侍郞平章事○光晟拜相,,39267
卷之三十一,人物部,將相,張光晟家甚微而有才勇性落魄嗜酒壯年爲潼關卒屢被主將鞭笞因奉役至華州盛暑驅馳心不能平過嶽祠遂脫衣買酒致奠金天王朗言曰張光晟身負才器未遇知巳富貴貧賤不能自料惟神聰鍳當賜誠告禱訖因飲大醉晝寢於碑堂忽夢傳聲云喚張光晟迫蹙甚急即入一府署嚴邃異常導者云張光晟到拜跪訖遙見當廳貴人有如王者謂之曰欲知官祿但光晟拜相則天下太平言訖驚寤沾汙後積勞官至司農卿及建中西狩光晟爲朱泚所縻拜光晟僕射平章事統兵出戰大敗而還天下遂太平○丞相至矣,,39284
卷之三十一,人物部,將相,梅詢坐議天書出知濠州夢人告曰呂丞相至矣旣而呂夷簡通判州事待之甚厚其後援之廢斥中登貴顯皆夷簡力焉○太平宰相,,39300
卷之三十一,人物部,將相,歐陽脩以學問文章爲天下所宗一杭僧夢遇脩於江廟中廟神皆起拱立曰歐陽相公平生一念之善及人甚多將來太平宰相也豈敢不敬後果入中書参大政初知南譙日忽夢授頴州又夢公僕輩具帳夢中問主者何用對曰此宴相公物令交割與新知州明日與幕中會因說此夢未幾分移楊州又數年果差知頴州人云食祿有方信前定之不可移也○德被生民,,39309
卷之三十一,人物部,將相,富鄭公早年嘗夢靑州王相公以後事相托鄭公曰相公德被生民當得遐壽何遽及此後二年罷相知鄆州辟鄭公爲倅到任歲餘有大星墜於宅園東北𧢲家人恠之相公曰後自當見至後自薨鄭公爲主喪事故鄭公挽詞云遺德被生民正與當年夢中符契○有宰相來,,39323
卷之三十一,人物部,將相,文潞公少從父赴蜀過成都入江瀆廟官接之甚勤且言夜夢神令洒掃祠庭明日有宰相來公豈異日之宰相乎公笑曰宰相非所望若爲成都當令廟宇一新後公以樞宻直知益州新其廟及成壯甲天下○樞宻直學士,,39333
卷之三十一,人物部,將相,羅彦國累試不第祈夢于梓潼神夢神謂曰巳除君樞宻直學士矣明年彦國復下第投牒乞進舉推恩授宻州文學蓋宻學之應也○翰林學士,,39340
卷之三十一,人物部,將相,元厚之少時曾夢人告之曰異日當爲翰林學士須弟兄四人同在禁中厚之自思奈無兄弟疑此夢爲不然熙寧中厚之除學士同時先後入院四人一韓持國維一陳和叔繹一鄧交約綰一楊元素繪并厚之名絳五人各皆從朶始悟弟兄之說○項安節,,39346
卷之三十一,人物部,將相,慈聖光獻皇后嘗夢神人語云太平宰相項安節神宗宻求諸朝臣及遍詢吏部無有此姓名者久之吳充爲上相瘰癤生頸間百藥不差一日立朝項上腫如拳后見之告上曰此眞項安節也○眷如平生,,39353
卷之三十一,人物部,將相,蔡抗爲英宗所重後神宗朝爲樞宻直學士知秦州居數日夢英宗召語眷如平生驟得疾卒○故漢將軍,,39362
卷之三十一,人物部,將相,范祖禹字夢得初生母夢一偉丈夫披金甲至寢室曰吾政漢將軍鄧禹也遂以爲名後拜翰林學士○宰相碑,,39368
卷之三十一,人物部,將相,杜鴻漸之父名福舉父子而似兄弟之名蓋有繇也鵬舉嘗夢有所之見一大碑云是宰相碑巳作者金塡其字未者刋名于柱上因問有杜家兒否曰有任自看之記得柱下有烏扁旁曳脚而忘其字乃名子爲鴻漸後果爲相○中丞推勘,,39377
卷之三十一,人物部,將相,辛次膺爲湖襄提刑至武昌岳少保飛通謁執辛手曰前日夢中丞推勘驚寤不敢告人而津吏適報公至公他日必爲獨座願公救護之後秦檜誣飛繫大理獄命新除中丞何鑄勘其事方悟所夢非辛乃新除中丞也○通刺相公,,39390
卷之三十一,人物部,將相,梅侍讀知濠州嘗夢有人通刺云相公來謁睡起通判呂殿丞至乃文靖公也梅見其言論奇特遂厚待之梅後坎坷當呂作相引爲待制後至金華之拜○相公來謁,,39399
卷之三十一,人物部,將相,王文穆公作舉人時謁南頓喬給事喬晝寐夢有人告云相公來謁喬戒閽者云有賔客來即通報項之有一舉人投刺乃文穆也喬引入卧內見其容貌磊落以家人之禮待之洎公作相喬之子孫皆㧞擢○牛相公來,,39407
卷之三十一,人物部,將相,劉景洪事楊行宻爲江西牙將彭旴脇景洪附湖廣僞許之後以歸行宻景洪曰我不從彭旴因活萬餘人後必隆因名所居山曰復隆山山有牛僧孺讀書堂後曾孫沆之母夢牛相公來而生沆○爲宰相子,,39418
卷之三十一,人物部,將相,王僕射初爲譙幕因按逃田時歲飢而流亾者數千家乃力謀安集上疏論列乞貸以牛糧種子朝廷從之一夕次蒙城驛夢空中有紫綬象笏者以一綠衣童子遺之曰上帝嘉汝有愛民之心以此爲宰相子後果生一男王亦拜相○指麾方略,,39428
卷之三十一,人物部,將相,金華苗軍作亂殺𠫭政胡大海上痛念之追封越國公塑像配享晉卞壺廟初大海未遭難前一日嘗夜出入見其兩目烱烱有光若紅燈及旣薨敵兵有犯境者軍中輒夢大海坐胡牀指麾方略儼如生時或夜見火光遍野洶洶若數萬人馬聲師出輒大㨗似有陰助以大海爲神○劉秉忠語,,39437
卷之三十一,人物部,將相,姚廣孝法名道衍初從成祖於燕邸居故慶壽寺毎夢與劉秉忠語後以靖難功至太子太師,,39446
卷之三十一,人物部,佛仙,○金人頂光明,,39451
卷之三十一,人物部,佛仙,明帝夢見金人長大頂有光明以問群臣或曰西方有神其名曰佛其形長丈六尺而黃金色帝于是遣使天竺問佛道法遂於中國圖畵形像焉○金像灌湯,,39454
卷之三十一,人物部,佛仙,竟陵王崇信内典得熱病夜中垂死夢見金像手灌神湯因遂平復○觀音授方,,39461
卷之三十一,人物部,佛仙,李景純傳有一婦人久患痢將死夢中觀音授方服之遂愈用木香一味細末米飲調下○勝力菩薩,,39466
卷之三十一,人物部,佛仙,陶弘景夢佛授其菩提記名爲勝力菩薩乃詣酇縣阿育王塔自誓受五大戒○聖帝賜盒中物,,39474
卷之三十一,人物部,佛仙,崔府君父讓世爲巨農純良德義鄕里推重年將知命未立嗣讓與妻䖍誠禱於北岳是夜夫妻夢一仙童手擎一盒詣門曰聖帝賜盒中之物令吞之言訖舉盒蓋觀之見美玉二枚夫妻各吞其一忽然而覺大業三年六月六日生一子神采秀美異於常人幼而從學日誦千言不窺群子之戲因名子玉凢事過人鄉人咸以爲天賜也○二十七仙人,,39480
卷之三十一,人物部,佛仙,唐玄宗夢二十七仙人云我二十八宿也一人寓直在天門下我等寄羅底間三年矣玄宗問羅底所在仙云有音樂處是也詔訪焉於寧州東南五里地名羅川之上有山山有洞穴翳蓊不可通惟樵牧者時聞音樂乃於此窮之得石室中有石像二十七遂應詔以進○佛手摩心,,39494
卷之三十一,人物部,佛仙,羅璵妻費氏父悅爲寧州剌史費少而信誦法華經數年不倦後得病忽苦心痛闔門惶懼屬纊待時費心念我誦經勤苦宜有善祐庻不遂致死也旣而睡食頃夢見佛於牕中援手以摩其心病遂愈○念寶勝佛,,39505
卷之三十一,人物部,佛仙,安史兵亂肅宗訓兵靈武屢夢金色人念寶勝佛於御前翼日以夢中事問左右或對曰有沙門行迹不群居此山恒誦此佛號召至帝視之曰眞夢中人也○柏葉仙人,,39516
卷之三十一,人物部,佛仙,田鸞長安世家也欲求長生術入華山遇一黃冠指柏𣗳示之曰此即長生藥也但欲食之無間耳鸞歸取柏葉曝乾爲末服之漸覺煩熱至八年無間熱如火遍體潰爛鸞食之不輟一日覺小可須湯沐浴遂得寢三日方寤諸瘡掃去膚肉光澤自云初寢夢黃冠數人持節引謁上清見列仙皆云柏葉仙人來遂授以仙術勤名玉牌金字謂曰且止人間後當相召復引而歸鸞自此辟穀至百二十三歲得尸解云○來和天尊,,39523
卷之三十一,人物部,佛仙,楊礪爲舉人時夢至一大殿有坐殿上者語之曰我非汝主來和天尊汝主也指示令謁之礪後進士第一入爲襄府記室旣謁如夢中所見後襄王即帝位○囬岩客,,39538
卷之三十一,人物部,佛仙,崇仁田家黃氏子夜夢偉丈夫自稱囬岩客令語世人曰此浮雲洞也○白石洞天主者,,39546
卷之三十一,人物部,佛仙,宣和間舘職有常懷者謂宗室趙子崧曰吾夜夢帝勑公爲白石洞天主者後子崧被謫龍州尋夜自便道梗未能歸寓居潯州潯有白石山即道書所記二十一洞天也子崧竟没於潯符常夢云○仙官贊拜,,39551
卷之三十一,人物部,佛仙,蔡京以道人王老志見徽宗老志熟視上曰頗記老臣否徽宗亦記嘗夢游帝所有仙官贊拜者其面目即老志也恩禮遂渥○南嶽眞人,,39560
卷之三十一,人物部,佛仙,虞汲娶國子祭酒楊文仲女文仲守衡時以汲從汲未有子爲禱於南嶽汲妻旣有娠將娩文仲晨起衣冠坐而假寐夢一道士至前牙兵啓曰南嶽眞人來見旣覺聞甥館得男心頗異之是生集集三歲即知讀書汲挈家趨嶺外干戈中無書可携楊氏口授語孟左傳歐蘇文輒成誦比長盡通諸經以春秋名家自將仕郎十二轉爲通奉大夫贈江西行中書省参知政事封仁壽郡公元主嘗出獨見建奎章閣以延咨訪特以集爲學士且集孝友篤至有恤孤之仁有知人之鍳不獨以文章爵位顯固宜其爲神人云○捧香盒仙童,,39568
卷之三十一,人物部,佛仙,倪文僖公謙字克讓爲翰林學士時天久不雨朝廷遣祭北岳公精白一心以感格之雨應期降是夕夢岳神謂曰今日朝士致祭於予其誠敬如此予以捧香盒仙童與爲嗣焉時夫人姚氏在京亦夢紫衣人自天而降遂生文毅公其所生之日與文僖公所夢之夕適相符因名曰岳字舜咨體貌豐碩目光烱烱望之如神人少有高識人皆以爲公輔器也由進士累官至太子少保吏部尚書文學行業大用於時詩曰維岳降神生甫及申豈不信哉○劉海蟾,,39584
卷之三十一,人物部,佛仙,嘉靖乙亥十二月二十三日何少宰孟春夢至一所三四道士相與飲啜巳而有先去者何繼出門未行聞堂中人謂童子曰我劉海蟾也爾師以藥金貯食餉我殆知我者我歌其或喜之於是歌曰百年非是等閒身學道而今秪四人中有兩人須得道不知誰主更誰賔何乃駐而聽之心亦自疑不知其所謂得道指誰其人又歌數闋中一首曰此身生意與誰論紅綠年年共一根常向人門問門口却忘門口是家門語多叠字夢差了了旣覺不能盡憶,,39600
卷之三十一,人物部,神鬼,○滄水使者,,39614
卷之三十一,人物部,神鬼,禹夢綉衣男子稱滄水使者于是得知水脉○泰山神,,39617
卷之三十一,人物部,神鬼,太公望爲灌壇令文王夢見婦人當道哭問其故曰吾泰山之神也嫁爲西海婦灌壇令其當道不得作風雨夢覺召太公是日果疾風暴雨○海神戰,,39622
卷之三十一,人物部,神鬼,始皇遣方士徐市等入海求神藥數歲不得始皇夢與海神戰如人狀問占夢博士曰水神不可見以大魚蛟龍爲候今上禱祠備謹而有此惡神當除去而善人可至乃令入海者齊捕巨魚具而自以連弩候大魚出射之自琅邪北至滎成山弗見至之罘見巨魚射殺之遂平海西至平原津而病○與神遇,,39630
卷之三十一,人物部,神鬼,漢高祖父曰太公母曰劉媪其先劉媪常息大澤之陂夢與神遇是時雷電晦冥太公往視則見蛟龍於其上巳而有身遂產高祖○鬼物變怪,,39642
卷之三十一,人物部,神鬼,王延壽有雋才少遊魯國作靈光殿賦夢鬼物之變怪有蛇頭而四角魚首而鳥身三足而六眼龍形而似人群形而輩揺伸臂而舞手意欲相引牽也夢中驚怒乃作夢賦以自廣後度湘江溺死時年二十四○臨濟水神,,39649
卷之三十一,人物部,神鬼,劉伯玉妻叚氏性妬悍自溺死後七日夢與伯玉曰吾得爲臨濟水神有美人渡津者必壞衣裝不爾風波暴起伯玉終身不敢渡臨濟津○兩鬼匕首去,,39660
卷之三十一,人物部,神鬼,翼德晝臥夢一虎踞石牀爲兩鬼七其首而去寤而異之旬日後爲范張所剌○河神請,,39666
卷之三十一,人物部,神鬼,明帝時獻馬者夢河神請之及至與帝夢同即投河以奉神○與鬼爭義,,39672
卷之三十一,人物部,神鬼,崔浩奉詔學天文星曆易式九宮專心鬼書忘寢與食乃至夢與鬼爭義遂得周孔之要術○使君遣牧馬,,39677
卷之三十一,人物部,神鬼,天監初蜯湖村人獵蘇嶺見二鹿極大乃走馬逐之至嶺神廟前遂失所在唯見石鹿疑是向鹿所化遂囬夜夢一人著單巾幘黃布袴褶語云使君遣我牧馬汝何驅迫賴得無他若見損傷豈得全濟○鬼神同享醊,,39682
卷之三十一,人物部,神鬼,華僑頗通鬼神嘗夢同共享醊醒則醉吐狼籍○孝通神明,,39692
卷之三十一,人物部,神鬼,劉師貞字文通彭城人早失母長不記容狀至忌辰終日涕泣未嘗寢食忽夢見其狀謂之曰我爾母也爾孝通神明故我得見夢於爾師貞夢中大哭及覺哀號愈甚乃作偶人像以事之朝夕起居反告如常每新物必先薦然後食時人語曰孝通幽明漢有丁蘭唐有師貞父福年老患目凢飲食非師貞親調則不能食師貞偶臥疾其父食不安師貞曰飲食不精之所致耶驚起而愈兄有疾經旬不瘥師貞衣不解帶夢神人曰若兄苦風取胡王使者酒漬服愈師貞求之藥肆皆不曉因夢其母曰胡王使者𦍑活也覺而求之兄疾遂愈其後父没居喪有雙白雀飛宿戶間除几筵之日對師貞悲鳴頓翅久之乃去○龍王女,,39697
卷之三十一,人物部,神鬼,崔子武幼時夢一女子姿色甚麗自云龍王女願與崔郞私好子武悅之牽其衣裾微有裂綻未曉告辭結帶而别至明往山祠中觀之傍有畵女容狀即夢中見者裂裾結帶猶在子武自是通夢恍惚成疾後逢醫禁之乃絶○老公拜立道左,,39720
卷之三十一,人物部,神鬼,北魏主幸洪池夢一老公拜立道左云晉侍中稽紹故此奉迎神𠁊早懼似有求焉以問任城任城曰當是希恩而感夢於是求其域兆遣使弔祭焉○被訴閻摩天子,,39730
卷之三十一,人物部,神鬼,江陵力昌殺一大蛇一夕力昌死夢告其妻曰吾在生殺一蛇被訴于閻摩天子追我于冥司令蛇纒身噬嚙痛苦難忍須爲我請僧誦寫金剛經七卷懴悔救厄妻覺鬻子與蜀客得錢寫經巳而憶子日盲誦經求乞後蜀客子得其貲歸念母設齋丐者盈門中有一嫗盲目口誦金剛經自言鬻子薦夫事細問之乃其母也遂悲喜復合母目亦尋愈焉○神人覆鼎,,39738
卷之三十一,人物部,神鬼,景雲元年楊氏選入宮時太平公主用事太子心不自安楊時有娠太子宻令張說懷去胎藥而入太子躬自煑藥醺然似寐夢神人覆鼎旣寤復夢如是者三太子異之告說說曰天命也旣而太平誅太子即位是爲玄宗立楊氏爲后果生子是爲肅宗○九天使者,,39752
卷之三十一,人物部,神鬼,開元中帝夢神仙羽衛千乘萬騎集于庭中有一朱衣神來謁云我九天使者欲於廬山西北置一下宮自有木料基址但須工力耳帝寤遣使詣山果有基址信宿有巨木千數自至殿堂廊宇皆得其用○凌波池龍女,,39765
卷之三十一,人物部,神鬼,玄宗在東都晝寢夢一女子容色穠艶梳交心髻大帔廣裳拜于牀下上曰汝是何人曰妾是陛下凌波池中龍女衛宮護駕妾實有功今陛下洞曉鈞天之音乞賜一曲以光族類上于夢中爲鼓胡琴拾新舊之聲爲凌波曲龍女再拜而去○終南進士鍾馗,,39774
卷之三十一,人物部,神鬼,帝因痁疾作晝夢一小鬼衣絳犢鼻跣一足腰懸一履搢一筠扇盗太眞繡香囊及上玉笛繞殿奔戲上前上叱問之小鬼奏曰臣乃虚耗也上曰未聞虚耗之名小鬼奏曰虚者望空虚中盜人物如戲耗人家喜事成憂上怒欲呼武士俄見一大鬼頂破帽衣藍袍繫角帶靸朝靴逕捉小鬼先刳其目然後擘而啖之上問大者爾何人也奏云臣終南進士鍾馗也因武德中應舉不㨗羞歸故里觸殿階而死是時奉㫖賜綠袍以塟之感恩發誓除天下虚耗妖孽之事言訖而寤痁疾頓瘳乃詔畵工吴道子曰試與朕如夢圖之道子奉㫖恍若有覩立筆成圖進呈上視久之撫几曰是卿與朕同夢耶賜以百金○竹山神,,39784
卷之三十一,人物部,神鬼,玄宗嘗夢一人紫服自稱竹山神來獻瑞鳳翌日果有鳳翔遂名其山爲紫籜山○神介而劒,,39804
卷之三十一,人物部,神鬼,肅宗吳后夢神介而劒决脇以入燭至其文隱然生代宗○黃魔神,,39810
卷之三十一,人物部,神鬼,咸通中蕭遘自太史竄黔南泝三峽秭歸夢神人曰我黃魔神也居紫極宫西北隅將祐助公出此境○天王責,,39815
卷之三十一,人物部,神鬼,彭城劉山甫中朝士族也其父官於嶺外侍從北歸舟泊於靑草湖登㟁見有北方天王祠因詣之見廟宇摧頽香火不續因題詩曰壞墻風雨幾經春草色盈庭一座塵自是神明無感應盛衰何得却繇人是夜夢爲天王所責自云我非天王南嶽神也主張此地何爲見侮俄而驚覺風浪暴起殆欲沉溺遽起悔過然後方定○鬼押五人,,39820
卷之三十一,人物部,神鬼,吳中有朱進士者聽佛印禪師講金剛經而悅之次日夢一鬼押五人朱亦同行約二里許入一門挂靑布簾鬼掲簾俱入至厨見灶上桶内有湯五人皆飲之朱亦欲飲鬼喝曰聽經人不得飲遂驚覺明旦覔得其家叩門入問主人厨下有何動靜主人言厨下方產六犬死其一朱乃驚悟○不必吾言,,39829
卷之三十一,人物部,神鬼,黃公度字師憲自莆田赴省試初與里中陳俊卿約同行以事未辦集公度後數日乃登途過建安詣黎山李矦廟謁夢夢神告曰不必吾有言只見陳俊卿他所說者是也黃至臨安方與陳會即謁其得失陳蓋未嘗至彼廟也辭以不能知黃逼之不巳陳怒大聲咄曰師憲做第一人俊卿居其次足矣黃喜其與夢合乃以告之旣掲㮄如其言○救爾一家,,39842
卷之三十一,人物部,神鬼,滑世昌爲鄂州都統司醫官居於南市家貲鉅萬而行醫以救人爲心鄂之人盛稱其德淳熈十四年十一月望日之夜夢有客來訪車騎甚都云是城隍神主言此邦明日有非常大災民罹非命君家亦應墮此厄中以君平日用心慈仁陰功昭著我當救爾一家但貲財不可得耳世昌再拜且伸懇禱云若使幸免而貲財蕩然與死一也神曰此却易辦决不至凍餒恍然而覺聞樓鼓巳五更呼告其妻妻亦夢如是深以爲憂至旦天大風陡寒世昌方朝食漢陽武八官招之視疾及還家巳昏暮夜未半火作於市世昌居烈𦦨中念闔門十口無計自脫忽有壯夫數十輩著紫衫排列火邊驅家人登轎徑舁至將臺下相去六七里俄風雪大作適路有空屋趨避於中相看如癡黎明人轎俱不見顧舊居巳瓦礫之塲矣掇剔埃煤中得銀三十餘兩始悟不至凍餒之說旋僦宅於城中醫道復振家業愈昌子孫三世皆致大富○神延上座,,39854
卷之三十一,人物部,神鬼,李綱嘗謁歐陽祐廟夢神延令上座綱辭神曰他日更仗主盟及神加封時綱巳拜相果與署名○神杵指腹,,39874
卷之三十一,人物部,神鬼,明州王氏隨夫之任懐胎過期不產羸病漸深一夕夢金剛神以杵指腹疼不可忍及覺巳生二男在床○瑶臺女,,39881
卷之三十一,人物部,神鬼,許澶暴卒三日醒作詩云曉入瑶臺露氣清坐中唯見許飛瓊塵心未盡宿緣在十里下山空月明復寐攺第二句云天風吹下歩虚聲曰昨夜夢到瑶臺有女三百餘人一云是許飛瓊令攺二句不欲世間知有我也○鬼所枉殺,,39888
卷之三十一,人物部,神鬼,廣平太守馮孝將男馬子夢一女人年十八九歲言我乃前太守徐玄方之女不幸早亾亾來四年爲鬼所枉殺按生籙乃壽至八十餘今聽我更生還爲君妻能見聘否馬子掘開棺視之其女巳活遂爲夫婦○西域神人,,39898
卷之三十一,人物部,神鬼,吳萊字立夫父諱直方集賢大學士致仕初毋夫人盛氏懷娠七月公忽夢西域神人飛空而來止夫人之寢心異之越翼日萊生因以爲名夫人頗知書年四歲授以孝經論語春秋榖梁傳隨口成誦七歲善屬文及長博極群書至於制度沿革陰陽律曆兵謀術數山經地志字學族譜之屬無所不通遂成大儒學者稱爲淵頴先生卒應西域神人之夢○神授藥劑,,39907
卷之三十一,人物部,神鬼,陸思孝毋病痢醫禱不効思孝方欲割股肉爲糜以進忽夢神人授以藥劑寤而得之以療其毋痢果愈○神授一兒,,39918
卷之三十一,人物部,神鬼,張司冦瑄字廷璽應天江浦人公將生毋夢神授一兒旣而誕公容貭俊麗目光炯然爲庠生未幾其同門郭瑶謂曰吾昨夜夢君戴紗帽但頂上窄而平下垂兩帶嘗聞進士巾製如此君其中進士乎明年辛酉公之堂兄琮夢迎舉人見一人乘白馬來視之乃公也其年秋果中高選刋行禮經文字比春祭丁縣致膰翼日公父往謝邑宰宰降階迎笑曰令嗣巳中進士矣公父曰今日始會試頭塲宰曰不然我昨夢縣後坐山上響震一聲聞人曰送人才見一人乘車狀貌類梓潼帝君群用鼓樂送出街上至君門車中忽不見仰視君家臨街屋宇五間皆有獸頭非令嗣中進士而何踰月泥金果至後公以刑部主事憂囬其親家仰仲賢夢人以錦囊盛一印遺公文曰南宗之印見門外竪一方牌扁曰羅剸之門及任廣東布政成化乙酉都御史韓公雍奉命來征兩廣徭賊駐廣西有僉事張祚先迎韓同在廣西韓又取公與副史陳廉赴軍前議事値江水泛漲月餘不能到至九月九日始達桂林張僉事迎謂曰昨夕夢接張都御史今日二公到異哉壬辰公任都御史巡撫福建甲子轉河南過南京見司冦周公謂曰與公别數十年未嘗形諸夢寐昨夜忽夢與公同榻此其公代兆也在福建未轉河南時其弟玠夢人語曰你兄今轉河北巡撫矣旣而果然蓋黃河舊在汴城之北故也初公任吉安府時夫人劉氏嘗夢張通判衙鶴一𩀱飛集本衙庭内無何陞布政後歷四考以地方多故不得給由一日劉又夢龍鬥於空直天井內旣覺猶聞𧢲鬥格格有聲忽詔到内開有司官地方有事不得給由者俱給與本等誥勑公平生以文章政事夙負時名而其出處履歷皆有定分如此則天之生才豈偶然哉或者汲汲富貴至欲以巧力得之可謂不知命也但仲賢所夢羅剸之門稍欠明白𥨸意羅者罪𮊁也剸者裁截也公爲大司冦職司法綱剖柝刑獄其羅剸之謂乎劉所夢張通判衙內雙鶴飛集本衙蓋張乃公姓通判即布政通理一省事也,,39924
卷之三十一,人物部,釋道,○枉殺貧道,,39973
卷之三十一,人物部,釋道,宋高祖以劉毅爲撫軍荆州剌史到州便收牧牛寺主云藏桓家兒慶爲沙彌幷殺四道人後夢見此僧來云君何以枉殺貧道貧道巳得白于天帝恐君亦不得久明日毅遂得疾日羸瘦後投牧牛寺寺僧曰撫軍枉殺吾師吾師屢有靈騐云天帝當收撫軍毅嘆叱出寺自縊大𣗳死○𦕈目僧,,39976
卷之三十一,人物部,釋道,武帝夢𦕈目僧執香爐稱托生王宮旣而有采女阮氏侍帝幸之遂生繹初生患眼帝自療之遂盲一目乃憶先夢封湘東王是爲元帝○當爲汝師,,39989
卷之三十一,人物部,釋道,司空圖嘗夜夢二僧謂之曰吾當爲汝師汝昔矯於道銳而不固爲利欲所拘幸而悔悟將復從我于是且汝雖退亦嘗爲匪人所嫉宜耐辱自警庻保其終始與靖節醉吟第其品級復何求哉圖因號耐辱居士○僧入寢門,,39997
卷之三十一,人物部,釋道,龎嚴爲衢州刺史到郡數月忽夢二僧入寢門嚴不信釋氏夢中呵之僧曰使君莫怒予有先知故來相報耳嚴喜問之曰予爲相乎曰無曰節制乎曰無曰然則當爲何官曰類廉察而無兵權有土地而不出畿内過此以往非吾所知也曰然則壽幾何曰惜哉所乏者壽耳向使有壽則無求不可曰當何日去曰來年五月二十三日及明年春有除替先以狀請於臺使元積元素與嚴善必謂得請以其晦日宴客得元公復書云請候交割嚴發書曰予固知未可以□□言其夢中事於座中竟以五月二十三日發行後爲京兆尹卒○白鶴觀道士,,40007
卷之三十一,人物部,釋道,唐末祁陽縣白鶴觀有鐘重數百斤一夕雷雨鐘忽吼躍入江中後有客夜宿昭潭夢一道流曰吾祁陽白鶴觀道士欲歸久矣幸附後載客諾之遲明解䌫見有鐘卧水次有文祁陽白鶴觀鐘客悟乃載而置之觀○五戒殺貧道,,40029
卷之三十一,人物部,釋道,西明寺僧曇暢將一奴二騾向岐州稜法師處聽講道逢一人着衲帽敝衣揑數珠自云五戒夜至馬嵬店同宿五戒禮佛誦經半夜不歇暢以爲精進及四更即同發去店十餘里五戒忽袖中出兩刃剌殺暢其奴下馬入草走五戒騎騾驅䭾前去主人即夢暢告云昨夜五戒殺貧道須更奴走到告之如夢時同宿三衛子珮持弓箭乘馬赶四十餘里以弓箭擬之即下騾乞死縛送縣决殺之○鐡冠道人,,40039
卷之三十一,人物部,釋道,邵武人徐熈春夢鐡冠道人儀容修偉旣寤至城南五峰院遇所夢者自云姓蔡住武夷遺以五花草食之甘美自此不復粒食但飲清泉約以某日至武夷至期而往蔡巳先在徐以水深不能渡止于金身院修煉尸解而去○可問覺海,,40053
卷之三十一,人物部,釋道,程夷伯峽州富人也年二十九一夕夢其父曰汝今年當死可問覺海夷伯茫然不曉一日有蜀僧寤銓字覺海善相術夷伯問曰我壽幾何覺海曰君年甚促但覔求一杯呵氣入水中令夷伯飲之曰今夜有吉夢可相報即夜夢至一官府左廊下男子婦人衣冠嚴整皆相欣悅右廊下𥁞枷鎻縲絏之人哀號涕泗𠊓有人云左廊是修橋路人右廊是毁橋路人若爾要福壽自可擇取夷伯遂悟即發心凢橋梁路道一一脩整用功畢覺海復來云汝作此事壽可延矣後年至九十二而卒五世昌盛,,40065
卷之三十一,人物部,彛倫,○生子名虞,,40080
卷之三十一,人物部,彛倫,周武王與叔虞母會時夢天謂武王曰余命女生子名虞余與之唐及生子文在其手曰虞故遂應夢泉曰虞武王崩成王立唐有亂周公誅滅唐成王與叔虞戲削桐葉爲珪以與叔虞曰以此封若史佚因請擇日立叔虞成王曰吾戲之耳史佚曰天子無戲言言則史書之禮成之樂歌之於是遂封叔虞於唐○共父同出,,40083
卷之三十一,人物部,彛倫,孝女叔先雄者犍爲人也父泥和永建初爲縣功曹縣長遣泥和持檄謁巴郡太守乘舩墮湍水物故尸喪不歸雄感念怨痛號泣晝夜心不圖存常有自沉之計所生男女二人並數歲雄乃各作囊盛珠環以繫兒數爲訣别之辭家人每防閑之經百許日後稍懈雄因乘小舩於父墮處慟哭遂自投水死其夕弟賢夢雄告之曰後六日當其父同出至期視之果與父相持浮於江上郡縣表言爲雄立碑圖象其形焉○買汝長子,,40095
卷之三十一,人物部,彛倫,王導夜夢一人曰以五百貫錢買汝長子許之後掘錢一窖長子暴死○妻寢有身,,40110
卷之三十一,人物部,彛倫,咸和初徐精逺行夢與妻寢有身明年歸妻果產○新婦被處分,,40117
卷之三十一,人物部,彛倫,凉州刺史宋頴前妻劉氏亾後十五年頴夢見之拜曰新婦今被處分爲高崇妻故來辭君泫然流涕頴旦見崇言之後數日崇卒○人害巳,,40124
卷之三十一,人物部,彛倫,康王友孜使剌客刺末帝帝方寐夢人害巳旣寤起抽劍曰將有變耶乃索得剌客手殺之遂誅友孜○生貴子,,40132
卷之三十一,人物部,彛倫,欷后之母宋文帝女尋陽公主也方娠夢當生貴子乃生后○人出身中,,40139
卷之三十一,人物部,彛倫,李廣以才學兼御史修國史嘗欲早朝未明假寐夢見一人出身中語云君用心過苦非精神所堪今辭君去覺而語妻因恍惚不安數日便遇疾竟以此終○願生貴子,,40145
卷之三十一,人物部,彛倫,張仲淳秀州人忽有一商旅途中感疾投宿於其家仲淳詢其來但略言其名氏鄉里遂不能語而斃仲淳閱其行裝有金十兩乃遣人召其妻子護屍持金而歸復捐貲經營塟之是夕夢其人謝云公平生不欺心隱財陰德甚厚願明年生貴子至期果驗○妾得計矣,,40152
卷之三十一,人物部,彛倫,秦王俊有疾隋主馳召許智藏療之俊夢其亾妃崔氏泣曰本來相迎聞許智藏將至必當相苦爲之奈何次夜俊又夢崔曰妾得計矣當入靈府中避之智藏至爲俊診脉曰疾巳入心當發癎不可救也數日果以癎死○惡人生心,,40164
卷之三十一,人物部,彛倫,慕容德迎兄子超干長安旣至夢其父曰汝旣無子何不早立超不爾惡人生心覺語妻曰先帝神明所勑觀此夢意吾將死矣乃以超爲太子是月德死○男子求爲妻,,40173
卷之三十一,人物部,彛倫,李節婦嫁鄭廉未逾年而廉死夢一男子求爲妻初不許後數數夢之李自疑容色所召即自截髪毁容其鬼謝曰夫人竹栢之操不可奪也自是不復夢○汝子必貴,,40184
卷之三十一,人物部,彛倫,楊旬任夔州推司處以正直積累陰功旬有子年二十三習科舉業一目禀父欲入試旬曰汝學未充不可旬當夜夢神告曰汝陰隲有感吾特來報汝汝子將來必貴若應舉須攺楊椿納卷旬旣得夢次日令子作楊椿名納卷果得第六名次年赴省試椿自夢一神謂曰今年省題乃是行王道而王試之日果如其夢試中九十六名廷試唱名遂魁天下卒符前夢○托爲嗣,,40191
卷之三十一,人物部,彛倫,豫章李脩巳爲成都通判太守欲籍張主簿家產而非其罪李到任首以爲言得免簿具啓致禮來謝李歸德於守不受李時年四十九尚無子簿繪李像置天神前夫婦日夕拜祝願早生好兒旣而李陞守妻蔣氏有娠簿方殁夢托爲嗣而生子後登第仕至中散大夫○特賜男女,,40205
卷之三十一,人物部,彛倫,馬黙知登州先是沙門島罪人舊制有定額官給糧者才三百人每溢額則取其人投之海中黙建言朝廷旣貸其生矣即投之海中非本意也今後溢額乞選年深自至配所不作過人移登州神宗然之即詔可著爲定制自是多全活者未幾黙坐堂上忽夢一人乘空來如世間所畵符使左右挾一男一女至前大呼曰我自東岳來聖帝有命奉天符馬黙本無嗣以移沙門島罪人事特賜男女各一遂致二童乘雲而去後生男女各一黙官至河北都轉運使年八十卒贈太保○復爲君婦,,40215
卷之三十一,人物部,彛倫,王貞婦梁氏嫁夫纔數月會元兵至與夫約曰吾義不受辱若復娶湏告我頃之夫婦被掠有千戸强使從巳紿之曰夫在有所不忍乞歸之而後可千戸以金帛與夫并與一矢以𨚫後兵約行逺千戸即犯婦婦拒且罵曰吾與夫誓天地鬼神實臨之乃被殺後數年夫謀更娶議輒不諧因告其故妻夜夢妻曰我死後生某家今十歲矣後七年當復爲君婦明日聘之一言而合詢其生與婦死年月日同云○紫衣人謁見,,40229
卷之三十一,人物部,彛倫,薛文清公瑄字德溫山西河津人母齊氏夢一紫衣人謁見巳而生公年十二作詩賦監司奇之巳而從范魏二先生講周程張朱諸書嘆曰此道學正脉也遂焚其所作詩專心於是至忘寢食由進士累官至禮部左侍郎公初擢御史提學山東人皆呼之曰薛夫子國朝仕途中能以理學爲務者惟公一人而巳,,40241
卷之三十一,人物部,彛倫,━━━━━━━━━━━━━━━━━━━━━━━━━━━━━━━━━━━━━━━━━━━━━━━━━━━━━━━━━━━━━━━━━━,,40260
卷之三十一,人物部,彛倫,━━━━━━━━━━━━━━━━━━━━━━━━━━━━━━━━━━━━━━━━━━━━━━━━━━━━━━━━━━━━━━━━━━,,40262
卷之三十二,夢徵,身體,○身長十丈,,40280
卷之三十二,夢徵,身體,秦王子嬰常寢于望夷宮夢有人身長十丈髩髪絶偉納王舄而乘丹車駕朱馬至宮門云欲見秦王嬰閽者許進焉謂嬰曰予天使也從沙丘來天下将亂當有誅暴者○以筆畫身,,40283
卷之三十二,夢徵,身體,齊世祖賾年十三夢人以筆畫身左右爲兩翅後踐大位身體夢又嘗夢體生毛髪長至足○身死墜床,,40289
卷之三十二,夢徵,身體,高祖神堯皇帝將舉義師西入長安忽夜夢身死墜床下爲群蛆所食及覺甚惡之乃詣智滿禪師而宻語之𭲞即賀曰公得天下矣帝大驚曰何謂滿曰死是斃也墜于床是下也群蛆共食者是億兆趨附也人不敢直指天子故曰陛下是至尊之象也甚吉後即帝位乃命滿營其寺賜額爲興義寺今寺内見有圓夢堂及塑師像在後○裸身稱𡨚,,40298
卷之三十二,夢徵,身體,萬太守信宣德間治開封夜夢一男子裸身稱𡨚自言爲祥符氏耿羊兒所殺屍埋莊後信驚悟明日至羊兒家考驗服罪人皆異之,,40311
卷之三十二,夢徵,頭額,○頭生𧢲,,40320
卷之三十二,夢徵,頭額,諸葛亮出北谷口魏延爲前鋒延夢頭生𧢲以問占夢趙直直詐曰麒麟有𧢲而不用此不戰而自附之象退而告人曰𧢲之爲字刀下用也頭上用刀其凶甚矣果爲楊儀所殺○筆㸃額,,40323
卷之三十二,夢徵,頭額,高洋封齊王夢人以筆㸃巳額以告王曇哲曰吾其退乎哲拜賀曰王上加㸃主字也後受魏禪○斬頭持去,,40333
卷之三十二,夢徵,頭額,高浟敭歷素見令望其妃鄭氏夢人斬浟頭持去惡之數日後田子禮等刼浟爲主浟不從遂遇害○斷頭,,40341
卷之三十二,夢徵,頭額,爾朱世隆夢人斷其頭持去竟以語妻奚氏意殊不適未幾見殺○砍落頭,,40349
卷之三十二,夢徵,頭額,劉沆累舉不第天聖中將辦裝赴省試一夕夢被人砍落頭心甚惡之有郷人解之曰狀元不到十二郞做只得第二公因詰之曰砍𨚫頭留項在裏蓋南音謂項爲沆留劉同音後果第二名○兩易其頭,,40355
卷之三十二,夢徵,頭額,岳某蜀遂寧府人李某開州人各祈夢于七曲山梓潼帝君之祠二人素不相識然所祈皆功名之事岳夢至一宮殿見一王者冠冕坐于殿上侍御七八人𠊓有持簿者岳直前問曰某前程如何未幾又見李至前亦以前程叩之扶簿者閱覽姓名畢上言于王者之前忽一人下殿傳㫖曰汝二人皆可貴但身與頭不相稱必須兩易其頭岳聞之驚恐其人曰汝畏換頭無復貴矣言畢忽有一人手持斧鉞引岳至廊廡之下二人又引李至使二人瞑目而立竟易其頭夢醒頸間尚有微痛早起僕見其靣不似怪之然其聲不攺且歷言昨者祈夢之故及歸妻子各駭然問平日家庭之事應對皆無舛遂傳說夢中換頭之由妻子之心稍安其年領鄉薦明年登科岳調重慶府江源縣主簿李亦登科得簿尉之缺既歸李丁憂岳之任將滿李服除再調亦得江源主簿與岳爲代二人雖同時祈夢然各宿不相會靣以交代始得相識岳之妻子驚曰李之靣岳前日之靣也李之妻子亦驚曰岳之靣李前日之靣也飲酒極歡相與言前日之夢各大驚悟後官俱顯蜀人以爲美談○易頭,,40367
卷之三十二,夢徵,頭額,賈弼夢人易其頭還能半靣啼半靣咲○三人頭有血,,40396
卷之三十二,夢徵,頭額,高祖嘗夢三人頭有血以土傅之以爲不祥欲刑人以應之劉誠意基適入見高祖語之夢基曰是衆字頭上有血以土傅之得土得衆之象也應在得夢時三日當有報至高祖乃留所欲刑人至三日後海寧以城降報至高祖大喜悉以所留人命基縱之○頭上生羊𧢲,,40402
卷之三十二,夢徵,頭額,解學士縉字大紳江西吉水人會試時適有廬陵舉人沈舉發解南省居首及將廷試忽夢頭上生羊𧢲同年曰頭𧢲崢嶸在此舉矣傍一人曰非也羊𧢲乃解字也恐有解姓者復居首耶迨傳臚果得解縉也縉才氣豪邁遇事敢言後謫交阯𠫭議卒于官云○額有數獸頭,,40411
卷之三十二,夢徵,頭額,陳憲副宣之爲進士時數夢額上有類屋𧢲獸頭之狀旣而除御史獸頭乃豸冠也,,40423
卷之三十二,夢徵,睂髪,○睂長如髪,,40430
卷之三十二,夢徵,睂髪,舜二十夢睂長與髪等堯乃命舜代巳攝政○皓髪長身,,40433
卷之三十二,夢徵,睂髪,岳眞人母一日夢老人皓髪長身冠劒莊偉告之曰我今當寄母家矣明日州人見有靑氣西北起自天而下奔往視之止于岳家乃生自幼不嗜酒肉至元中封崇元廣化眞人丞相安童病眞人視之即愈大德初升仙而去○披髪爲厲,,40439
卷之三十二,夢徵,睂髪,刑部侍郎張昺出掌北平布政司事爲文皇所縛不屈死之文皇嘗夢昺披髪爲厲出焚其尸靣色如生,,40449
卷之三十二,夢徵,面目,面目類○目洗河西,,40456
卷之三十二,夢徵,面目,伯禹夢目洗於河西四岳舉之舜進之堯堯命以爲司空○靣目盡血,,40462
卷之三十二,夢徵,面目,渾瑊罹西蕃刼盟掌書記韓弇遇害弇素與櫟陽尉李績友善績因晝寢忽夢弇被髪披衣面目盡血績初不識及稱姓名乃相勞勉如平生弇曰今從秃髪大使塡河憔悴困辱不可言間來奉詣耳吾久飢渇明日午時于宅西南爲置酒饌錢物亦平生之分也績許之悲愴待旦至午時如言祭之忽有黑風自西來旋轉筵上飄卷紙錢及酒食皆飛去舉邑人觀之時眞元四年,,40467
卷之三十二,夢徵,口鼻,口鼻類○入口落腹,,40481
卷之三十二,夢徵,口鼻,陶繼之爲秣陵令追捕刼財李龍等因枉殺太常伎經月餘陶夢伎來至案前云昔枉見殺實所不忿訴天得理今故取君便跳入陶口乃落腹中陶驚寤俄而倒伏頭乃著背四日而亾○唾灼口中,,40486
卷之三十二,夢徵,口鼻,鄭灼幼受業于皇侃一夕夢遇侃于塗侃謂灼曰鄭郎開口侃因唾灼口中自後義理逾進○籃中擇鼻,,40496
卷之三十二,夢徵,口鼻,徐郞中夢神人携一竹籃其中皆人鼻視徐曰形体不薄但鼻曲而小劓之乃于籃中擇一鼻安之神笑曰好一正郎鼻也徐鼻自爾端直歷官正郞,,40504
卷之三十二,夢徵,齒舌,○以劒斷其舌,,40512
卷之三十二,夢徵,齒舌,沈約夢齊和以劒斷其舌乃呼道士奏赤章于天稱代禪之事不繇巳鿄帝聞之怒遣使譴責約懼遂卒帝以懷情不盡謚之曰隱○舌上生毛,,40515
卷之三十二,夢徵,齒舌,馬亮知江陵府當代夢舌上生毛僧曰舌上生毛剃不得當再任果然○剪舌,,40523
卷之三十二,夢徵,齒舌,王朝郎夔州道士也舌長呼字不正忽夢老君剪舌旣覺語遂正○齒長數尺,,40533
卷之三十二,夢徵,齒舌,滕憲長佐字良輔臨洮之蘭縣人嘗謂予曰某爲御史時嘗夢口齒忽長數尺俄遷副使昨又夢頭長數尺不知何故占者曰齒長當主衙門大頭長當得大冠俄而遷四川按察使蓋衙即牙冠即官故也,,40540
卷之三十二,夢徵,鬚毛,○鬚化靑龍,,40551
卷之三十二,夢徵,鬚毛,雲長公有鬚一莖美長而色靑婉轉生動忽夢此鬚化靑龍飛去覺而失之自是力減○陰毛拂踝,,40555
卷之三十二,夢徵,鬚毛,酈範解靑州剌史還京夜夢陰毛拂踝他日言之齊人史武進解曰使君必當重牧全齊再祿營丘範笑曰吾當爲卿驗此夢後果如其言○多鬚丈夫,,40562
卷之三十二,夢徵,鬚毛,李林甫作相甞夢一白晳多鬚長丈夫逼巳排之不能去旣寤言曰此形狀類裴寛寛謀代我故也時寛爲戸部尚書兼御史大夫乃因李適之黨斥逐之是時楊國忠始爲金吾胄曹𠫭軍不十年林甫卒國忠竟代其任其形狀亦類寛焉○被剃盡,,40571
卷之三十二,夢徵,鬚毛,李迪美髭髯未御試前一夕夢被一人剃削俱盡迪甚惡之有解者曰秀才當作狀元緣今歳省元是劉滋今替滋矣果狀元及第,,40582
卷之三十二,夢徵,手足,手足類○手熱,,40589
卷之三十二,夢徵,手足,張敬兒爲南陽守時妻嘗夢一手熱如火爲雍州夢一股熱爲開封夢半身熱敬兒意欲無限謂人曰吾妻將夢通身熱矣齊主惡殺之○手執炬火,,40594
卷之三十二,夢徵,手足,李元忠夢手執炬火入其父墓中驚起旦告其師師占曰大吉此謂光照先人後元忠名位果大顯于北齊○割落指節,,40605
卷之三十二,夢徵,手足,莊帝欲圖爾朱榮夢手持一刀自割落十指節都不覺痛惡之後帝于明光殿榮入見魯安等持刀入即馳向御前帝㧞千牛刀手刃之去其十指○無左手,,40614
卷之三十二,夢徵,手足,帝未貴時舟泊江千夢無左手惡其不祥旦登㟁入草庵爲老僧言之僧賀曰無左手者獨拳也主爲天子後帝興建此庵爲吉祥寺○拊掌而咲,,40620
卷之三十二,夢徵,手足,韓文公少時夢人與丹篆一卷强吞之一人在傍拊掌而咲後覺如有物梗胸中後見孟郊乃夢中傍咲者○以足躡之,,40629
卷之三十二,夢徵,手足,張興頗信佛法常從沙門僧融翼時受八戒興爲刼賊所引逋逃不獲妻繫獄掠笞積日偶縣失火出囚路側遇融翼妻呼闍黎何不救我融曰貧道力弱不能救唯宜勤念觀世音庻獲免耳妻便晝夜祈念經十日許夢一沙門以足躡之曰咄咄可起妻即驚起鉗鎻桎梏皆脫然閉戸警防無繇得出乃𨚫自械又夢向者沙門曰户巳開矣妻覺而馳出守備俱寢安步而逸闇行數里卒値一人懼躃地巳而相訊乃其夫也相見悲喜夜投融翼翼匿之獲免焉○手拍項背,,40637
卷之三十二,夢徵,手足,項孔恂浙江處州麗水人齋戒沭浴欲明旦往城隍廟祈籖當夜五鼓夢出監外西號門見一老者長鬚皤然以手拍項之背曰吾偕子應天府前看㮄至則果見懸㮄指云你名列在三十二言訖不見項又爲同郡友看名列第十六遂覺與王相識之是秋二人同在監應京闈鄉試及掲曉項中九十一王中八十三名未解其意後撿小錄項詩經中第三十二卷王易經中第一十六卷果符前夢名數也,,40657
卷之三十二,夢徵,背腹,背腹類○鞭背,,40674
卷之三十二,夢徵,背腹,寶祐間陳統制在城隍廟夢數卒押王都統至庭下鞭背覺以語王王怒叱之未半年王疽發于背數日始愈○腹中五色蛇,,40679
卷之三十二,夢徵,背腹,彭郞中彦充江西安福人會試先數夕嘗夢腹中有五色蛇出其長幾丈許文彩爛然是年中第四名刋行春秋義一篇策一道蓋五色乃文章象也,,40687
卷之三十二,夢徵,腸胃,腸胃類○腸出繞閶門,,40697
卷之三十二,夢徵,腸胃,孫鍾富春人也幼失父事母至孝遭嵗荒以種𤓰爲業瓜熟常以設行者家事福德神甚䖍瓜熟未獻神不以設也忽有三少年詣鍾求瓜鍾曰吾未獻神子姑坐即起入獻神引少年入設𤓰及飯飯訖三人謂曰我蒙君厚恩今示子塟地塟之後子孫世世貴不可言遂令鍾下山百許歩勿返顧見我止即塟地也鍾去不六十餘歩便返顧見三人化爲鶴飛去鍾記之遂于此塟母後鍾之妻孕夢腸出繞吳閶門以告隣母曰安知非吉祥遂生堅堅生權五世皆王于吳○出腸胃,,40702
卷之三十二,夢徵,腸胃,沙門竺法義病篤晝眠夢一道人來治其病刺出腸胃𪷇洗臟腑見有結聚不淨物甚多洗濯畢還納之語義曰汝病巳除夢覺衆患豁然尋得復常政事部,,40722
卷之三十二,夢徵,科第,科第類○四舉成名,,40731
卷之三十二,夢徵,科第,竇盧署本名輔眞貞元六年舉進士不第將遊信安謁郡守鄭式贍甚禮之館給數日稍狎因謂署曰子復姓不宜兩字爲名將爲攺之何如署因起謝且求其所攺式贍書數字若著者助者署者曰子可自擇之其夕宿于館夢一老人謂曰聞使君與子更名子當四舉成名四者甚佳後二十年爲此郡因指郡隙地曰此可以建亭臺旣寤思之四者署字也遂以爲名旣三年又下第以爲夢無徵知者或心咲之後二年果登第蓋自更名後四舉也太和元年署自秘書少監爲衢州刺史旣至周覧郡内得夢中所指隙地遂構一亭其上名曰徴夢亭○來年狀元,,40736
卷之三十二,夢徵,科第,雋宗遠在海州書表司嘗夢有告者曰來年狀元是王堯臣宗遠用題司房之地壁是年秋試開封府解㮄到見王之姓名謂同列曰此是明年狀元也洎南省㮄出又見王預奏姓名宗逺愈喜應題于壁未幾王果魁多士○五子科第,,40754
卷之三十二,夢徵,科第,宣和中方臘犯諸曁其士人黃汝楫以財物一萬緡贖賊所掠士女千人夜夢神告曰上帝以汝活人多賜五子科第其後子開閣閌閱闓皆登第焉○報狀元㮄,,40764
卷之三十二,夢徵,科第,祝染沙縣人也遇歉歲爲粥以施貧者後生一子聰慧請舉入學手㮄將開忽街上人夢㨗者奔馳而過報狀元㮄手持一大旗書四字曰施粥之報及㮄開其子果爲特科狀元○呼解元,,40772
卷之三十二,夢徵,科第,姚文敏公夔字大章浙之桐廬人鄉試時嘗與商公輅同舟夜夢一吏持方簡一片來舟所連呼解元者二簡上有商輅二字公曰吾中否其吏轉過簡後視之又有姚夔二字寤而共語曰焉有一科兩解元耶此不足信迨掲曉商公是科第一姚公後科第一由進士累官至太子少保吏部尚書○汝子登科之年,,40783
卷之三十二,夢徵,科第,卓太守天錫福之興化人始生時其父夢人告曰汝對門王老者死之日乃汝子登科之年覺而識之於冊後景泰癸酉正月王老物故是歲適當大比之年卓果中解元○明日狀元,,40797
卷之三十二,夢徵,科第,孫翰林賢河南杞縣人赴京會試偕同省舉子四人同至一驛其驛丞待之甚厚心頗疑之明年孫下第仍過其驛而驛丞稍有慢意因問其故丞曰疇昔之夜嘗夢有人告曰明日狀元到此黠旦惟公等至故不敢慢耳孫黙然後舉廷試果狀元及第○汝第十名,,40806
卷之三十二,夢徵,科第,金石浙人鄉試畢夢有人來其家報云石塘中第二名汝中第十名迨㮄出布政司門外從前張掛纔露見第二名石塘金在後呌曰我中在第十名旣而果然人問何以知之金具言其夢○三塲之兆,,40819
卷之三十二,夢徵,科第,王黃門徽字尚文南京錦衣衛人景泰丙子科鄕試前二夕夢登高梯三次至第三次墜梯而下自謂此必三塲之兆旣而領鄕薦連中會試尋聞母訃不與廷試始悟墜梯之夢又嘗夢入試院見試官排定舉子名數分爲三甲第一甲一十五名第二甲第二名乃友人江陰顔瑄第三名即公也迨掲曉中一十八名廷試名在二甲第三兩度皆奇驗後顏亦中丙戍進士名果在二甲第二公職司言路累上封章犯顔敢諫不避權幸有古諫臣風陞陜西𠫭議養高林下閉門不出士大夫咸仰望其丰采云○登第狀元前,,40830
卷之三十二,夢徵,科第,松江張進士黼未第時嘗夢人謂曰汝登第在狀元前覺而思之世豈有科名先狀元者吾殆無此望矣及丁未會試名在十五鉛山費學士宏名在十六是科宏狀元及第計得夢時費尚未生也,,40848
卷之三十二,夢徵,官祿,官祿類○君尹吾邑,,40858
卷之三十二,夢徵,官祿,鍾離介寓長安夢二女揖之曰吾家孟溪君今中第尹吾邑矣巳而果如其言介旣至仙居求其跡廟而祀之名曰慈感○君得五品,,40863
卷之三十二,夢徵,官祿,戴胄素與沈裕善胄死裕在州夢胄着故敝衣顏容甚顇見裕悲喜裕問公生平修福今者何爲答曰吾昔誤奏殺人吾死後他人殺羊祭我由此二事辨答辛苦不可具言今亦了矣因謂裕曰吾平生與君友善竟不能進君官位深恨于懷君今日得五品文書巳過天曹相助欣慶故以相報言畢而寤九年春裕將歸江南行至徐州奉詔書授裕五品爲婺州治中○河南尹,,40870
卷之三十二,夢徵,官祿,王潘以元和五年登科嘗夢爲河南尹平旦視事有二客來謁一衣紫而東坐一衣緋而西坐緋者謂紫者曰崙邦如何處置曰巳科决逓出畍訖覺乃書于誥牒之後别紙上後二十年果除河南尹旣至三日留守大將知水一院官與分司郞官偕至門答一如夢中潘遽命開篋取官誥所誌者以視客乃郞官家奴𥨸逓送出縣縣斷如此○十年作襄州刺史,,40883
卷之三十二,夢徵,官祿,高元裕於太和三年任司勲員外郞寓宿南宮晝夢有人告曰十年作襄州剌史旣寤私異之因援毫以隱語記于廳之東楹掩暎處曰太三寤襄剌十年洎開成三年爲御史中丞遂爲夢因虚耳是後出入中外敭歷貴位至大中二年由天官尚書授鉞漢南自題記後𪠘署補葺亦屢矣且謂楹上字無復存也及與好奇士同往觀之則毫翰煥然獨存高因屈指以今之年加曩之十乃二十年矣○子位正郎,,40897
卷之三十二,夢徵,官祿,査道夢神人謂曰子位至正郎壽五十七後官至右司郎中享年六十四人以爲寛厚仁孝所延云○鼓吹送狀元,,40910
卷之三十二,夢徵,官祿,馮商鄂州江夏人壯歲無子將如卒師其妻授以曰金數斛曰君未有子可以此爲買妾之資及至京師買一妾償鈔矣問妾所自涕泣不肯言固問之乃曰吾父居官因綱運欠拆鬻妾以爲陪償之計商遂惻然不忍犯遣還其父不索其錢及歸家妻問置妾安在具告以故妻曰君用心如此陰德厚矣何患無子居數月妻有娠將誕里人皆夢鼓吹喧聞送狀元入馮家次早生子即京也後領舉爲解元省試爲省元登第爲狀元世號爲馮三元後官宣徽南院使拜太子太師致仕卒贈司徒○十八嵗尚書,,40918
卷之三十二,夢徵,官祿,李宗伯本字立之蜀之富順人正統戊辰赴京會試道經河西務有某姓者先夜夢人報云明日十八歲尚書至須禮遇之翼日某張筵以待無他客詣門夜二鼓盡舉家不寐尚張燈俟之始有一人叩門投舘延之甚恭且問其姓名公曰蜀之富順會試舉人李本也某遂以前夢白之李喜後果登第授翰林撿討累官至南京禮部尚書蓋姓名二字皆含十八字意始知所夢十八歲者也○明日尚書至,,40939
卷之三十二,夢徵,官祿,滕司馬自浙江奉使至閩其驛卒夜夢明日有尚書至時公爲副都御史奉勑考官明日果至後還朝數年轉兵部侍郎正二品俸致仕亦尚書職也○爲𠫭政,,40951
卷之三十二,夢徵,官祿,陸大𠫭㫤宇孟昭蘇州常熟人少爲庠生時好遊山水頗廢學其妻憂之一夕夢白頭老父語之曰汝無憂也彼後當爲𠫭政仕宦非小婦歸告其母母亦不知𠫭政何官因問其父父曰此三品官也陸後果中進士歷官刑部郞中然倜儻好事喜交結公卿大夫咸欲薦之於朝當道疑之竟不敢用陞福建巡海𠫭政卒○舊有會元,,40959
卷之三十二,夢徵,官祿,程編脩楷字正之江西樂平人嘗夢本縣神人告曰此地舊有會元今逾二百四十年矣子當爲第二人後果中丁未會元程以郡志考之宋朝本縣有馬廷鸞者丁未科嘗爲會元至成化丁未適二百四十年,,40974
卷之三十二,夢徵,壽算,○增汝壽,,40983
卷之三十二,夢徵,壽算,孫泰山陽人姨以二女爲托曰其長女損一目汝可娶其女弟姨卒泰娶其姊或詰之泰曰其人有廢疾非泰何適衆皆服其義嘗于都市買鐡燈臺磨洗之即銀也泰往還之他日泰夢一神人紫衣象簡從容謂之曰汝平生德行不虧名知天府奉帝命宜增汝壽而昌汝後也汝宜勉之泰自是愈脩陰德壽九十七而終子孫世爲顯宦○福壽雙全,,40986
卷之三十二,夢徵,壽算,陳泊爲開封功曹時章獻太后臨朝族人杖殺一卒泊當驗屍爲卒伸其𡨚雖忤㫖太后亦不罪後泊夢卒告云陰司以公爲政公忠巳注公富貴榮顯福壽雙全及與公賢子孫我受公恩故來相報泊自此顯名歷官臺省子孫皆以詞學顯仕○壽增三紀,,41001
卷之三十二,夢徵,壽算,徐宗仁西蜀人其鄉有兩石橋夾出一江四時皆湍急下則深淵惟此處可以立渡常年溺死者甚衆蓋船小觸石即碎宗仁發心造一巨舟兩頭裹以鐵葉自顧篙手專一渡送往來之人且建善緣以薦亡者一日忽有道人登門稱善星命謂徐曰公壽止三十三徐大驚異其年生日之時夢至官府見王坐于堂上門首濕衣之鬼三四百人執一卷投于王前云徐宗仁濟生㧞死功德莫大乞與夫婦壽考子孫榮貴王者指左右以此辭示宗仁曰君壽本當盡爲此之故壽延三紀覺而異之自此益好善樂施子孫皆榮顯宗仁果逾三紀而卒人立祠于渡卒○壽六十四,,41010
卷之三十二,夢徵,壽算,陳希亮夢異人按圖告其夀止六十四後果應○注公高壽,,41025
卷之三十二,夢徵,壽算,蔡襄未仕時毎喜食鶉一夕夢褐衣老人曰來日當被害願公貸命襄問汝何人乃誦詩云食君數粒粟充君羮中肉一羮斷數命下筯猶未足口腹須臾間禍福相倚伏願君戒勿殺死生如轉轂覺而異之詢于厨中有黃鶉數十放之經夕復夢褐衣老人云感公從禱巳獲復生今上帝巳命注公高壽矣其後登進士歷官至端明殿大學士卒贈吏部侍郞孫佃廷試唱名第一○不至上壽,,41031
卷之三十二,夢徵,壽算,治平中頴賔寓京師夢入三清殿上老子高二三尺狀甚異謂蘇曰子知楊綰事乎答曰唐之賢相也子知高郢嚴震乎曰郢文臣震功臣也三人孰勝曰郢震不如綰遠矣曰三人皆終尚書僕射然綰不至上壽郢震並享𦒿年子知其說乎曰不知曰綰好殺生而郢震皆不殺此所以壽異也子其志之遂覺○必獲福壽,,41048
卷之三十二,夢徵,壽算,曾公亮字明仲泉州晉江人未顯時嘗夢人謂公有陰德必獲福壽後登相位年八十卒子孝寛官至吏部尚書竟如其言○壽延百歲,,41064
卷之三十二,夢徵,壽算,李謙嘗至歲歉出粟千石以貸鄕人明年又歉人無以償謙即對衆焚劵曰債巳償矣明年又大歉竭家資煑粥以濟之動以萬計死者復爲瘞之一日寐夢一紫衣人告之曰上帝知汝有德及人壽延百歲言訖而去後謙果百歲而終子孫皆貴顯○非久人間,,41075
卷之三十二,夢徵,壽算,黃思至京夢人告曰子非久人間上帝有命典司文翰覺而書之不逾月而卒○壽問孔老人,,41088
卷之三十二,夢徵,壽算,文温州林將之任祈壽于九仙廟夢神曰壽問孔老人文旣寤殊不解及蒞任命工解板修官船其督工老人姓孔方解板竟向文禀復林心巳訝之乃問其數孔云板止五十七塊又問之曰止此無餘矣時文年五十七聞言大驚便覺背上有芒剌不崇朝而疽𤼵於背卒○欲知壽數,,41097
卷之三十二,夢徵,壽算,解元唐先生寅中歲失意禱神祈壽神語之曰欲知壽數觀此軸首唐視之乃南呂二字餘不憶覺後亦不能解後至五十外過友人家見堂上一軸似昔夢所覩迫而察之乃是一詞首題云南呂一枝花唐駭而讀之中二句云生年半百前路苦無多唐心知非佳兆也乃以女屬太學王先生寵曰唐生止此一女以許君之子幸善視之吾據夢兆且不久矣未幾辭世,,41107
卷之三十二,夢徵,婚姻,婚姻類○刻日奉迎,,41120
卷之三十二,夢徵,婚姻,咸寧中韓劉王三子同遊蔣矦廟廟有美人像三子醉各指像戲相匹配是夕三人同夢蔣侯遣傳教曰家子女並醜陋而猥垂榮顧輙刻日奉迎三子相問皆符大懼詣廟謝罪乞哀無何俱夢蔣矦親來降巳曰君等旣巳顧之實貪會對尅䫏垂及豈容中悔經少時並亡○更生相就,,41125
卷之三十二,夢徵,婚姻,武都太守李仲文在郡喪女權厝郡城北張世之代爲郡有男曰子長年二十在𪠘夢一女年可十六七自言前府君女不幸蚤亾今當更生故來相就明忽晝見衣服薫香殊絕遂爲夫妻衣皆有洿如處女焉後仲文遣婢視女墓因過世之婦相問入𪠘見此女履一𨾏在子長牀下取之啼泣疑人發其塚持歸示仲文仲父驚愕遣問世之世之呼問兒具陳本末李張俱爲可怪發棺祝之女體巳生肉顏色如故唯右脚有履子長夢女曰我比得生今爲所發自爾之後遂死肉爛不得生矣萬恨之心當復何言遂泣别○配弄玉,,41137
卷之三十二,夢徵,婚姻,唐太和初沈亞之晝夢入秦主内史廖家廖舉亞之得見秦主累有戰功配以女弄玉,,41156
卷之三十二,夢徵,䘮塟,䘮塟類○死塟相及,,41162
卷之三十二,夢徵,䘮塟,范式字巨卿與汝南張劭友善一夕式夢劭呼曰巨卿吾于某日死某日塟子能相及式馳赴之喪巳發柩不肯前母曰劭有望耶移時式素車白馬號泣而來母曰此必元伯也劭至痛哭執紖而前柩乃進○自稱求塟,,41167
卷之三十二,夢徵,䘮塟,鄒湛夢見一人自稱甄仲舒求塟鄒悟曰宅西有積土敗瓦其中必有死人簡之果然乃塟之蓋甄仲舒字折之乃舍西土瓦中人也,,41180
卷之三十二,夢徵,祭享,祭享類○祭余福女,,41188
卷之三十二,夢徵,祭享,晉趙嬰通于趙莊姬原屏放諸齊嬰曰我在故樂氏不作我亾吾二昆其憂哉且人各有能有不能舍我何害弗聴嬰夢天使謂巳祭余余福女使問諸士貞伯貞伯曰不識也旣而告其人曰神福仁而禍淫淫而無罰福也祭其得亡乎祭之明日而亡○相奪予享,,41193
卷之三十二,夢徵,祭享,狄圍衛衛遷于帝丘卜曰三百年衛成公夢康叔日相奪予享公命祀相寗武子不可曰鬼神非其族類不歆其祀杞鄫何事相之不享于此久矣非衛之罪也不可以間成王周公之命祀請攺祀命○盂享一事,,41208
卷之三十二,夢徵,祭享,蒲咸臨于宣和癸卯冬夜宿荆山驛夢一老衣冠甚偉自云是王安石探懷中數簡與之云宜先討究盂享一事至紹興壬戌秋以繁江尉後有容殿香火官四時盂享實與行事始符夢焉○享婦人之祭,,41219
卷之三十二,夢徵,祭享,黃巖林方伯一鶚居官時嘗于中元日夜夢享一婦人之祭覺而所享之物若在齒頰街坊屋舍宛然在目公怪之命一健卒指其所向物色之果于某坊得一老婦年七十餘䘮其故夫所焚紙灰尚未寒問其祭物與夫死之年月日時以復于公其物乃公夢中所食而夫死之年月日時與公之生無不同者此亦異也,,41229
卷之三十二,夢徵,恩讐,恩讐類○中死處,,41236
卷之三十二,夢徵,恩讐,姚萇殺苻堅夢堅將鬼兵數百突入萇營萇懼走入宮宮人迎萇刺鬼誤中萇陰鬼爲語曰正中死處㧞矛出血斗餘寤而驚悸遂患陰腫醫剌之出血如夢遂死○終不相放,,41241
卷之三十二,夢徵,恩讐,李昭旣擒元樹𣗳死後昭奉使至潼關驛夢元𣗳曰我巳訴天帝待卿至隴終不相放及昭至隴口爲賀㧞岳所殺子鵠尋爲達野㧞所殺○明公雪𡨚樊宗諒爲宻州刺史時屬邑有群盗提兵入邑甿殷氏家掠奪金帛殺其父子死者三人刺史捕之月餘不獲有鉅鹿魏南華者寓居齊魯間家甚貧宗諒命攝司法掾一夕南華夢數人皆被髪列諒曰姓殷氏父子三人皆無罪而死願明公雪其𡨚南華曰殺汝者爲誰對曰某所居東十里有姓姚者乃盜魁也南華許諾驚寤數日宗諒謂南華曰盜殺吾甿且一月矣莫窮其迹豈非吏不奉職乎爾爲法司官第往驗之南華馳往忽見一狐起于路𠊓深草中馳入里人姚氏居噪而逐者以百數其狐入一穴中南華命以鍤發之得金帛甚多乃群盗刼殷氏財也即召姚氏子訊其所自姚目動詞誦即收劾之果盜魁也于是盡擒其支黨且十輩求狐卒無所見殆𡨚魂之所托也○三年未報,,41253
卷之三十二,夢徵,恩讐,陳甲獵于東野大藪歘見大蛇長六七丈玄黃五色卧岡下甲射殺之不敢說三年後至故見蛇處語同行云昔在此殺大蛇其夜夢一人烏衣黑幘至其家曰汝無狀殺我我昔醉不識汝靣故三年未相報今自來就死欲安逃乎其人驚覺明旦腹痛而卒○讎雪,,41279
卷之三十二,夢徵,恩讐,都押衙何群倚勢凌物毒殺孔目官宋柔一夕夢柔向群大叱曰吾讎雪矣遂驚覺無何竟以謀叛爲禆將竇思禮所殺○死當如我,,41288
卷之三十二,夢徵,恩讐,李全乞靈毛司徒廟無應全怒斷神像左臂或夢神告人云李全傷我左臂全死亦當如我至其敗果斷左臂而死焉○訴帝復讎,,41298
卷之三十二,夢徵,恩讐,元入宋臨安帝㬎旣降封瀛國公使爲僧號合尊有子完普亦爲僧俱坐說法聚衆見殺其舅有陘全翁夢二僧曰吾趙㬎也被虜屠害巳訴諸上帝可復讎矣及韓山童倡言彌勒佛下生而中原之亂沸起元鼎竟遷趙濕復仇庻幾驗云,,41306
卷之三十二,夢徵,酬酢,酬酢類○十五事酬君,,41316
卷之三十二,夢徵,酬酢,楊國忠初名釗未貴前寄居永興寺寺僧慧曉與言此寺基爲漢侍中張建宅晉明時六代孫傑施爲寺而建墓實在佛殿下往往托夢言得名卿爲我作誌銘令死不朽足以無恨釗因戲言名卿舍我其誰于是爲作誌并爲立碑以表之碑成之夕釗忽夢緋袍金帶貌類神人揖釗而言曰感君表素美譽過甚思無以報願以十五事酬君語訖而覺後釗于天寶七年領度支郎中兼侍御史善迎上意一歲領十五餘使人以爲張之報云○媿謝之意,,41321
卷之三十二,夢徵,酬酢,劉昌至平凉刼盟之所收聚亾殁將士骸骨坎瘞之因感夢於昌有媿謝之意昌上聞德宗下詔深自克責遣秘書少監孔述霽及中使以御饌内造衣服數百襲令昌收其骸骨分爲大將三十人將士百人各具棺槥衣服塟于涉水原大將曰旌義塚將士曰懐德塚詔翰林學士譔銘志祭文昌盛陳兵設幕次具牢饌祭之昌及大將皆素服臨之焚其衣服紙錢别立二石題以塚名諸道莫不感泣,,41337
卷之三十二,夢徵,囑託,囑託類○僕居頽毁,,41348
卷之三十二,夢徵,囑託,唐韋建除武昌軍節度使將行夢一朱衣導從數十詣韋曰公將鎭鄂僕所居頺毁非公不能葺治韋寤而志之至鄂經宋無忌廟覩其像即夢中所見遂爲新之○莫管閒事,,41353
卷之三十二,夢徵,囑託,胡仲徽赴省試有富家子倩之代筆許以重資爲謝胡𨚫之夜夢黃衣卒報㮄胡詢巳之得失卒曰正爲公姓名在㮄所以來報旣去復還曰秀才解名雖定然須莫管閒事乃可胡矍然覺因思晝之所囑力𨚫之果預薦○將毀吾居,,41361
卷之三十二,夢徵,囑託,韓子師鎭平江夜聞鼓笛喧訇問何處作樂老兵言後園百花大王生日府民年例就廟獻送韓意謂非典祀行將毁之兵馬都監夢有客入謁曰吾百花大王也久獲血食府園今府主將毁吾居願賜一言勸止都監醒寤旦詣府禀曰尚書欲拆百花廟乎韓驚曰夜來有此念初不形言君何知之具以夢告韓嘆其靈議遂寢○家屬爲託,,41371
卷之三十二,夢徵,囑託,葉子澄吳人貧而好義與黟縣達魯花赤伯顔交至正壬辰㓂起浙省調兵守昱嶺時伯顏没于王事其家在嘉興崇德州訃至家人招黃冠師追薦攝召之顏云旦夕杬城且危爾輩速依吾弟處逃生母妻以無弟再扣之曰松江葉子澄乃吾存日生死交也可往依之即備船東行比至前三日葉夢伯顏相見以家屬爲託比伯顏家人至葉即留居供給不怠後杭城果陷,,41385
卷之三十二,夢徵,囑託,━━━━━━━━━━━━━━━━━━━━━━━━━━━━━━━━━━━━━━━━━━━━━━━━━━━━━━━━━━━━━━━━━━,,41403
卷之三十二,夢徵,囑託,━━━━━━━━━━━━━━━━━━━━━━━━━━━━━━━━━━━━━━━━━━━━━━━━━━━━━━━━━━━━━━━━━━,,41405
卷之三十三,夢徵,舟檝,舟檝類○乘船赴任,,41421
卷之三十三,夢徵,舟檝,蜀葉逢夢乘船赴任江上候吏旁午迎入石窟忽報勑下授水部簡較員外郎後覆舟于特爲郡靑衣灘而死○舟來載汝,,41426
卷之三十三,夢徵,舟檝,揚王姓陳氏世爲揚州人爲善好施鄉里有貧困者輒周濟之未嘗自以爲德也宋季從大將張世傑扈從祥興帝駐南海元至元巳卯春與元軍戰師敗多溺死王所乘舟亦爲風破幸及㟁與同伍累石支釡煑遺糧以療飢旣而食盡聞髑髏山有死馬欲往割烹之王未及行疲極而睡夢一白衣人曰汝平生多陰隲愼勿食馬肉今夜有舟來載汝也王寐未之信俄又睡夢如初時夜將半夢中彷彿聞櫓聲有衣紫衣者以杖觸王之胯曰舟至矣奈何不起王驚寤身忽在舟上見舊所屬統領官時統領巳降於元將元將畏舟重凢有來附舟者輙擲棄水中統領憐王藏之艎版下日取乹餱及漿從版隙濳投飼之居數日元將知之綂領及王皆𢔚徨不自安忽颶風盤旋如轉輪元將大𢙢統領急告元將王有異術白而延之王仰天叩齒俄而風濤恬息元將喜飲食王復厚贈之遂得還揚州久之遷居於盱眙津里鎭年九十九而終次女歸仁祖淳皇帝誕生太祖高皇帝及即位追尊淳皇后追封王爲揚王○僚友並舟,,41432
卷之三十三,夢徵,舟檝,車方伯寧嘗夢與其僚友劉觀並舟俱入廣中俄又並舟而還無幾車陞廣東右布政使劉陞廣西右布政使遂並舟而往踰年劉卒舟載寜喪行至廣東河下會車亦卒正以其日發喪於是又並舟而還○登舟,,41464
卷之三十三,夢徵,舟檝,孫本京庠士人也鄉試畢夢與衆友北行登舟內同學一人陶元素相牽而上其年京庠中鄉㮄者惟陶孫二人,,41471
卷之三十三,夢徵,車輛,○乘車掛肉,,41479
卷之三十三,夢徵,車輛,易雄爲春陵令爲王敦所虜夢乘車掛肉其𠊓寤而解曰肉必有筋筋者斤也車𠊓有斤吾其斬乎尋而敦遣殺之○黑幰繞車,,41482
卷之三十三,夢徵,車輛,陸機爲成都王頴参軍爲孟玖所讚將見收機夢黑幰繞車手决不開及頴遣牽秀兵至遂遇害軍中○邀車駕,,41489
卷之三十三,夢徵,車輛,太祖幼時嘗從辛文悅受學周顯德中太祖爲殿前都㸃檢久不復見一日文悅夢邀車駕旣拜乃太祖也太祖亦夢其來謁因令左右尋之次日文悅果自至後累官至員外郎○挽車三十輛,,41495
卷之三十三,夢徵,車輛,潘擇可貢入京師夢挽車三十輛其弟端甫隨其後時崇寧五年也至政和三年端甫始就恩科相去巳三十年乃悟挽車者三十載也○聲言救駕,,41505
卷之三十三,夢徵,車輛,平都督安帥師與靖難兵戰于淝河安操長鎗馳馬追文廟幾及之會馬蹶不克先是文廟夢與安戰將敗一男子豐貌美髯乘白馬持刀自西向東聲言救駕即砍倒安馬文廟得脫問之曰臣莘城城隍神也及與安戰始末一如夢云,,41511
卷之三十三,夢徵,武械,○以刀開心,,41520
卷之三十三,夢徵,武械,鄭玄師馬融三載無聞過𣗳陰下假寐夢一人以刀開其心謂曰子可學矣於是寤而即返遂洞精典籍後東歸融曰詩書禮樂皆東矣○刀懸于梁,,41523
卷之三十三,夢徵,武械,王濬夢三刀懸于梁上又益一刀李毅賀曰三刀州字也後又益一刀明府其臨益州乎果遷益州剌史○持六刀,,41531
卷之三十三,夢徵,武械,洪興祖夢持六刀覺曰三刀爲益今倍之其饒乎巳而擢知饒州○斑劒授之,,41539
卷之三十三,夢徵,武械,大通三年徵晉安王綱入朝未至而昭明太子綂夢與晉安王奕以斑劒授之曰王當有此後昭明薨立晉安王爲太子○寶刀授巳,,41546
卷之三十三,夢徵,武械,陳蒨夢梁武帝以寶刀授巳及陳武帝受禪立蒨爲臨川王○千牛刀,,41552
卷之三十三,夢徵,武械,初爾朱榮將與葛榮戰夢一人從葛榮索千牛刀榮初不肯與此人自稱爲道武皇帝榮乃與之武接以授爾朱榮榮寤而喜果于陣擒葛榮巨斧鑿心,,41558
卷之三十三,夢徵,武械,賀知章少年未遇夢人持巨斧鑿其心若劑焉驚寤志思開徹遂通六經○大斧鑿心,,41565
卷之三十三,夢徵,武械,尹知章少勤學嘗夢神人以大斧鑿開其心以藥内之自是日益開朗盡通諸經精義未幾而諸師友北靣受業焉睿宗即位中書令張說薦爲禮部員外郞俄轉秘書監○刀砍我足,,41571
卷之三十三,夢徵,武械,濮州李植與弟概赴省試名將出同榻而卧概忽驚呌植問之曰夢人以刀砍我足覺猶痛楚明日放㮄概預奏名後數日偶間行有人拜于途次乃濮州軍吏云喜六郞過省某今𨽾名貢院昨以六郎出㮄某幾遭笞捶問之何故乃曰六郎之名乃木𠊓旣誤書槩字爲旣下木主司大怒然巳逼出院許修攺無異則免責罰遂以刀子刮其下水幸而得免叩其修字之時乃概夢刀斫足之頃也植嗟異久之○帶劒斫桂,,41578
卷之三十三,夢徵,武械,王大臨赴試夢帶劒上樹斫桂一枝甚喜及舟次劔江以銀盂嗽口墮之急自取之身亦隨溺及得其尸手執桂一枝乃知帶劒者劒江也,,41595
卷之三十三,夢徵,幡幢,○旙出指端,,41603
卷之三十三,夢徵,幡幢,劉仁㳟夢大旙出指端後建旄節○龍旂豹尾,,41606
卷之三十三,夢徵,幡幢,劉后十七歲時裴方明爲子求婚酬許巳定后夢先有迎車至猶如家常迎法不肯去次有迎車至龍旂豹尾有異於常后喜而從之旣而占裴不成婚竟𡣕于帝○旌旗鶴雁,,41611
卷之三十三,夢徵,幡幢,鄭公母韓夫人有娠夢旌旗鶴雁降其庭云有天赦巳而生公爲宋室賢相○立旗於門,,41620
卷之三十三,夢徵,幡幢,平江士人姓潘初名某其母夢神人立黃旗於門上乃易名夢旗復自夢神曰當用交龍爲旂之旂遂更夢旂是歲登科○幢軿廣樂迎巳,,41626
卷之三十三,夢徵,幡幢,張秋官鳳翔舉進士𧢲尚丱聲大起一旦病疽告休沭夢幢軿冉冉自天下廣樂導之若迎巳者及病之革也起端坐索紙筆掃詩一十八章言意漫渙弗次漸昏漸竭末詩有一章三句者一章一句二句者投筆而氣絕矣時部寮李夢陽王崇文經紀其䘮事旣以之歸塟夢陽復上孝廟言鳳翔老母孤兒幼妻不免凍餒溝壑乞追繹鳳翔大馬之微勞體古敝帷敝蓋之義查例勑有司月給米一石養贍終其母妻之身奏下吏部准行,,41635
卷之三十三,夢徵,祭器,○負鼎抗爼,,41648
卷之三十三,夢徵,祭器,商湯思賢夢見有人負鼎抗爼對巳而笑寤而占曰鼎爲和味俎爲割裁天下豈有爲吾宰者哉後伊尹負鼎俎要湯舉以爲相○芻狗,,41651
卷之三十三,夢徵,祭器,魏太史嘗問周宣曰吾昨夜夢見芻狗其占何也宣答曰君欲得美食耳有頃出行果遇豐膳後又問宣曰昨夜復夢見芻狗何也宣曰欲墮車折脚宜戒愼之果如宣言後又問宣昨夜復夢見芻狗何也宣曰君家欲失火當善護之俄遂火起語宣曰前後之時皆未嘗夢也聊試卿耳何以皆驗耶宣對曰此神靈動君使言故與眞夢無異又問宣曰三夢芻狗而其占不同何也宣曰芻狗者祭神之物故君始夢當得飲食也祭祀旣訖則芻狗爲車所轢故中夢當墮車折脚也芻狗旣轢之後必載以爲樵故後夢應失火也○湯鼎負龍,,41658
卷之三十三,夢徵,祭器,趙汝愚嘗夢孝宗授以湯鼎背負白龍升天後翼寧宗以素服登大寶蓋其驗也○三鼎一卑,,41679
卷之三十三,夢徵,祭器,楊司徒鼎字宗器陜之咸寜人未第時嘗夢三鼎二鼎高出半空一鼎稍卑後公鄉試會試俱第一廷試第二乃一鼎稍卑也公名鼎故三鼎見夢如此,,41685
卷之三十三,夢徵,樂器,○鈞天廣樂,,41694
卷之三十三,夢徵,樂器,秦繆公夢至帝所觀鈞天廣樂帝錫以策秦遂昌○鐘磬自墜,,41697
卷之三十三,夢徵,樂器,散騎常侍王茂以元勲受鐘磬之賜及刺江州夢鐘磬在格無故自墜及覺命奏樂旣成列鐘磬在格果無故編皆絕墮地謂長史江詮曰此樂天子所以賜老臣也樂旣墜矣能無危乎俄而病卒○二磬相沓,,41702
卷之三十三,夢徵,樂器,淮安楊淮赴秋試祈夢于都城隍廟夢二磬相沓初不解中式後授重慶府同知始徵夢焉,,41713
卷之三十三,夢徵,印笏,○六印加劒,,41719
卷之三十三,夢徵,印笏,凌䇿初登第夢人以六印加劒上遺之其後知益州往劍外凢六任之○庭横象笏,,41722
卷之三十三,夢徵,印笏,章得象字希言生時母夢庭橫象笏因以得象名之仁宗朝作相,,41728
卷之三十三,夢徵,家伙,○與君杖,,41737
卷之三十三,夢徵,家伙,樂安太守楊沛夢人曰八月一日曹公當至必與君杖飲以藥酒使周宣占之是時黃巾賊起宣對曰夫杖起弱者藥治人病八月一日賊必除滅至期賊果破○兩杖函打,,41740
卷之三十三,夢徵,家伙,宋桶夢內中有一人著赤衣桶手把兩杖函打之紞曰內中有人肉字也肉色赤也兩杖箸象也函打之飽肉食也俄而果驗○下梯六七級,,41748
卷之三十三,夢徵,家伙,童學憲軒於丁卯秋赴試畢夢坐梯上一級頃之有王坊長者捧茶其前童下梯六七級取之遂坐其處及放榜則中六十七名赴鹿鳴時李府尹敏謂言初擬子爲榜首疑對策太詳似宿搆者巳落之矣及塡榜過半王翰林一寧偶取落卷視之見子名予言是小試首卷王瞿然歎曰幾失此人遂援筆批曰三塲超出衆作取之童次日領卷始悟一級及六七級之意,,41758
卷之三十三,夢徵,梳籹,○懷明鏡,,41772
卷之三十三,夢徵,梳籹,劉漑子鏡母初孕夢懐明鏡因名○講堂照鏡,,41775
卷之三十三,夢徵,梳籹,崔湜附太平公主事敗配流行至荆州夢于講堂照鏡曰鏡者明象也吾當爲人主所明乎以告占人張繇繇曰講堂者受法之所鏡者於文爲立見金此非吉徵其日追使至縊于驛中○梳化月,,41780
卷之三十三,夢徵,梳籹,金王某夢二玉梳化爲月生二女後選入宫長爲淑妃次爲元妃後相繼進位坤寜,,41788
卷之三十三,夢徵,雨具,○,,41793
卷之三十三,夢徵,手舉一傘,錢御史山字靜夫滁州人會試畢夜夢手舉一傘覺而詰諸同舍友江西臨江縣傅恕云吾鄉曾夢舉傘者人或占云當中第六名也君當應此兆蓋傘字五人今夢舉傘者在五人之下故也迨掲曉果符前占至三月二日又夢啣頭髪口內以手取出人占云髪從衙門出當在法司也後果觀政刑部授南臺御史棟宇部,,41801
卷之三十三,夢徵,樓閣,○登樓而歌,,41819
卷之三十三,夢徵,樓閣,張奐爲武威太守其妻懷孕夢帶印綬登樓而歌訊之占者曰必將生男復臨兹邦命終此樓旣而生子猛以建安中爲武威太守殺刺史邯鄲商州兵圍之急猛耻見擒乃登樓自燒而死卒如占云○白玉樓成,,41822
卷之三十三,夢徵,樓閣,李賀夢人持版告曰天帝白玉樓成請君爲記寤以語其母不久有𤇆氣起賀卒○登閣上,,41829
卷之三十三,夢徵,樓閣,王邁乞夢九仙廟夢登一閣上設四席邁㨿其首童子謂曰君當坐第四次年入試初擬首卷移置第四,,41836
卷之三十三,夢徵,屋舍,○求治舍宇京口新城有鄧艾廟毁巳久晉譙王司馬恬爲都督夢一人自稱鄧公求治舍宇恬乃令修造云○松戸棗屋,,41843
卷之三十三,夢徵,屋舍,楊子系謹善占夢一人夢松生戶前一人夢棗生屋上謹言松丘隴間所植棗字重來呼魄之象二人俱卒○先進塲屋,,41850
卷之三十三,夢徵,屋舍,有士子將赴試夢先進塲屋譔書巳訖而其他始至覺而語諸妻喜曰今秋大比之魁焉知擢非某耶妻曰非也子不憶魯論曰先進乃第十一也及撤闈視㮄果然又有座主欲擇㮄首而未决夢軍持火乃首名煇者果符輿論○起屋騎梁,,41857
卷之三十三,夢徵,屋舍,莫行人灝字景淵順天宛平人一日在朝接本于時御史沈義郎中史敏進士王祐等同坐午門東廊下史問曰莫兄向中解元時曾有吉夢否莫曰有之夢本家起屋某騎梁頭身掛紅帛一叚僉曰是矣史又問曰兄前日中進士時豈亦有夢耶莫曰有之夢人授黃曆十五冊無他也占曰君當中一百八十六名莫曰然僉問何以知之曰以月數耳曆十五冊得一百八十月三年一閠五年再閏積十五年得六閏故中一百八十六名也諸公共嘆其夢之神且謂占之巧於是相顧一笑,,41870
卷之三十三,夢徵,堂院,○第十院坐,,41894
卷之三十三,夢徵,堂院,煬帝入棲鸞院是夜天暑院𡚱慶兒臥簾下睡中驚魘帝扶起問之曰妾夢帝握妾臂同遊至第十院坐殿上火燒見帝坐烈熖中驚呼人救方覺帝解曰火有威勢吾居中有威也及幸江都被弑帝入第十院居火中一如夢中所見云○侍中堂,,41897
卷之三十三,夢徵,堂院,仁宗策士時韓琦年始二十名在第二唱名至第一甲方終太史奏曰下五色雲見左右從官皆賀於殿上先是赴省進士元綘有叔同待試於都下因疾委頓久而復蘇具言夢中嘗至一官府殿閣甚嚴中有一堂㮄云侍中堂俯窺堂中則列人之姓名曰趙普曰丁謂曰馮拯曰韓琦字皆黃金外以靑紗覆之此事甚播于當時然韓琦猶未第但閉門爲學未嘗妄與人交人亦莫知公爲誰何及省㮄出始見公姓名衆驚相謂曰此非元氏所夢者乎後公卒踐相位○講於陰堂之奥,,41905
卷之三十三,夢徵,堂院,周磐年七十三歲會集諸生講論終日因令其二子曰吾日者夢見先師東里先生與我講於陰堂之奥旣而長歎豈吾齒之盡乎若命終之日桐棺足以終身外椁足以周棺歛形懸封濯衣幅巾編二尺四寸簡寫堯典一篇并刀筆各一置棺前示不忘聖道其月望日無病忽終學者以爲知命焉,,41918
卷之三十三,夢徵,門梁,○○門署權字,,41926
卷之三十三,夢徵,門梁,程執㳟領滄凉節度使嘗夢諸門悉署權字乃攺名權後朝廷詔鄭權代之○玉擲於門李盛作安南守夢人以玉擲于門盛曰閏字也○梁傾折,,41932
卷之三十三,夢徵,門梁,魯京尹崇志字惟功浙之天台人父爲僉憲嘗夢澡浴胸前隱隱生獬豸紋公占之曰大人行當居内臺矣旣而陞僉都御史意謂獬豸乃風憲花樣不衣于外而生于內是在内也果驗又嘗自夢做官方視事見吏人捧印至前諦視之乃銀章也後公位至京尹果應銀章之夢又夢府堂上梁傾折黠旦語諸同寅且曰恐本府有不虞之憂衆以爲然逾月公病不起士民哀之如喪父母焉,,41942
卷之三十三,夢徵,神宇,○招提寺終爾身,,41957
卷之三十三,夢徵,神宇,周朝壽任泗州罄家資修城貧不能堪夢老叟謂曰若往招提寺可終爾身明日往寺遇者僧僧問姓名鄕貫即請沭浴更衣設供止宿旦具香花迎入法堂會衆升座曰尊君侍郎所寄錢十萬貫老僧被此覊留十年謹用歸納授以簿書訖端坐而化○城隍廟門懸鄕㮄,,41960
卷之三十三,夢徵,神宇,閻司徒本字宗元陜之邠州人初應正綂甲子科鄉試夜夢城隍廟門懸鄉㮄急往視之乃見貔貅名第十四詰旦語諸同行僉謂貔貅邊傍是兩豸字他日官爲風憲其兆於此乎是年公果中鄕試四十名登景泰甲戌科進士授戶部主事似與前占不合旣而陞郎中五年遂有巡撫之命始知貔貅之夢不𠁊矣及休致時成化巳亥七月十五日夜將二鼓忽夢與莆田陳亞卿俱穿三品服色各受勑一道自五鳳樓出遂寤乃呼其子讓於榻前以夢告之且曰予自休致以來固無仕進之心亦無仕進之夢今夕之夢果何謂耶其子對曰大人平㫺居官奉公守法今雖休致誠恐公道難冺必有起復公𥬇而不答後于八月十五日有奏事者來自京師得通報果起爲戸部右侍郎乃是七月十五日晩報也夫以恩命方出瞬息即見於夢何其神速哉迨庚子年陜西榆林有警朝廷出師命公督餉乃與陳亞卿同行是時受勑出朝儼若夢中所見况陳亞卿先於癸巳年亦是陜西督餉者其兆之見於夢又無不脗合矣○入玄妙觀,,41970
卷之三十三,夢徵,神宇,丙寅九月初二日乃吾母許太夫人誕辰是日也起自五鼓覺太早復就枕則夢入玄妙觀觀本無廊夢中乃有廊至東廊下遇全眞數人蹣跚而來共一人秃頂予戲曰此似倭奴後一人長身廣頥向予曰吾輩八仙子何得倭奴我予訴以病求療仙𥬇不答予哀懇仙曰我爲汝視脉因屈予中指而按其下云子胸中有瘀血不下則死我與子藥乃探筐中先取一味色如甘草又丸子一撮如今靑州白丸子然予請曰師仙也今我夢中得見耳何從取藥曰子無論此當以腹中響爲驗予問所寓寓雷殿即覺覺則中指尚痛腹中轆轆有聲明日與友人王君之輩同至雷殿物色之則皆星像無有仙君之謂羽士房中或供之乃轉殿後見湧壁塑渡海八仙其身長廣頥者張陽子也此後予病漸減後乃得花木丸色白如夢中益有驗鳳翼自誌,,41995
卷之三十三,冠裳部,冠裳部,冠裳部,,42017
卷之三十三,冠裳部,衮衣,○衮衣升御座,,42024
卷之三十三,冠裳部,衮衣,姚襄夢其弟服衮衣升御座諸酋長皆侍立覺謂將佐曰此兒志度非常或能大起吾族後萇自稱秦王○脫上衣,,42027
卷之三十三,冠裳部,衮衣,索充夢見一虜脫上衣來詣充紞曰虜去上衣下半男字夷狄陰類君婦當生男終如其言○綉衣曲領,,42034
卷之三十三,冠裳部,衮衣,裴安祖嘗以天熱舍于樹下有鷙鳥逐雉雉急投之遂觸𣗳而死安祖乃取置陰地護視良久得蘇飛去後夢一丈夫衣冠甚偉着綉衣曲領向安祖再拜安祖怪問之答曰感君前日見救故來謝德○着衮倚槐,,42041
卷之三十三,冠裳部,衮衣,廣陽王元淵夢着衮衣倚槐𣗳問楊元稹元稹言當得三公退語人曰死後得三公耳槐字木傍鬼不久果爲朱榮所殺贈司徒○着朱衣行水上,,42051
卷之三十三,冠裳部,衮衣,鮑泉之爲南討都督也其友人夢泉得罪于世祖而告之未旬世祖遣王僧辦代泉辦至乃背泉而坐曰鮑郎有罪令㫖使我鎻卿因出令示衆鎻之牀下頃之其友人乃夢泉着朱衣行水上因告泉曰勿憂尋得免矣因說其夢泉宻記之俄復見任○兵着緋禈,,42059
卷之三十三,冠裳部,衮衣,玄宗夢入井有一兵士着緋禈背負而出明日使于兵號中尋訪無此人又於𫟍中搜訪見一掌關者緋禈便引見上問汝昨夜作何夢對曰夢從井中背負日出登天上覩其形狀與夢相似乃問汝欲官乎答曰臣不解作官臣家貧遂勑賜錢五百千○着緋乘驢,,42070
卷之三十三,冠裳部,衮衣,張鸑初爲岐王屬夜夢着緋乗驢夢中自怪我衣綠乘馬無爲衣緋𨚫成驢其年應舉及第授鴻臚丞未經考而授五品此夢始應○靑衣女子,,42083
卷之三十三,冠裳部,衮衣,趙文若病亾經七日家人欲歛忽縮一脚遂停旣甦云被一人來追即隨行入一宫城見王戒以猪羊充飽從此不食肉後因公事至驛忽夢一靑衣女子求哀因問驛吏曰有何物食報云見備一羊甚肥嫩詰之乃靑㹀也文若曰我不吃肉遂不令殺○白衣人助知慧,,42089
卷之三十三,冠裳部,衮衣,許知可嘗獲鄉薦省闈不利而歸舟次平望夜夢白衣人曰汝無陰德所以不第知可曰某家貧無貲何以與人白衣曰何不學醫吾助汝知慧知可輒寤歸踐其言果得盧扁之妙凢有病者無問貴賤診候與藥不受其直所活不可勝計後又艤舟平望復夢前白衣人相見以詩遺之曰施藥功大陳樓間處殿上呼盧喚六作五思之不悟其意姑記于牘紹興壬子以第六人登科因上名不祿遂升第五其上則陳祖言其下則樓材也省前夢也○白衣女子,,42100
卷之三十三,冠裳部,衮衣,夏駕里民羅滿于水中獲一石觀音供于家僧守齋停舟于此夢白衣女子曰我舟覆父與夫皆溺死幸容我守齋拒之女曰假一篋宿何傷守齋開篋納之遂驚寤迄旦至羅氏見石觀音如初出水守齋黙念與夢相合因乞以歸○錦衣貼月飛,,42116
卷之三十三,冠裳部,衮衣,沈彬字子文舉進士時夢着錦衣貼月飛人謂身不入月宮必不第果然後爲吏部郞中○衣冠高古,,42129
卷之三十三,冠裳部,衮衣,王元規慶曆末將赴吏部選一夕夢一人衣冠高古若術士者因訪以當授何地官職早晩其人書八字與之云時生一陽體合三水旣覺莫曉其意及注官果授河南府河清縣主簿凢三字從水到官日正冬至○求衣,,42136
卷之三十三,冠裳部,衮衣,衣眞人何中立逝前兩日太皇太后夢何來求衣亟持賜之至巳卒遂易之以瘞焉,,42147
卷之三十三,冠裳部,衫甲,○○金甲執槊,,42152
卷之三十三,冠裳部,衫甲,至德二年十月二十三日豐樂里開業寺閽人宿門下夢一人長二丈餘被金甲執槊立于寺門外俄而以手曵其門扄鐍盡解神人即俛而入寺行至彿殿顧望而没閽人驚寤及曉視其門巳開矣即其以夢白于寺僧寺僧共視見神人足跡甚長遂告於京兆京兆以聞肅宗命中使驗之如其言○披甲者數百,,42158
卷之三十三,冠裳部,衫甲,曹魯公放生以蜆蛤之類以爲人所不放而活物之命多也一日夢披甲者數百人前訴旣寤而問其家乃有惠蛤蜊數筐者即遣人放之夜復夢披甲者來謝○紫衫人,,42170
卷之三十三,冠裳部,衫甲,銓部雲南談公正未第時游學四川舘于巨族其主翁夢着紫衫人引至一第碧瓦琉璃朱楹彫棟如帝王居中有一扁大書天曹字見談公穿藍繡袍束犀𧢲帶面南坐而冠則如吏帽無二左右擁簿書列行横侍主見驚趨出聞內大聲曰我東道去可傳語之其子亦貴人也母泄須㬰前紫衫人追至語如所傳遂覺不數年公以春秋登二甲進士任司理入諫垣遷南冏卿巡撫江右今官吏部右侍郞主翁子嚴學亦舉進士今任應天武學教授嚴與予交厚故知其詳云,,42177
卷之三十三,冠裳部,巾帶,○巾帶備具,,42194
卷之三十三,冠裳部,巾帶,陳元植初有家道而好行陰隲至於禽獸亦蒙其惠毎將食於高原之上百鳥逢見必飛鳴前後或來逼其坐隅元植甚憫之禽鳥亦不畏懼一夕夢有綠衣人長三尺餘巾帶備具謂元植曰爾甚有陰德及物然爾將來壽命短促以此物來延爾壽汝宜勉之覺後飲食加增于常時年九十九歲一旦袖有一物投地化爲著緋衣人拱立于前曰君壽本不逾四十爲有陰功是以延爾之壽今近百歲須歸常理倏然不見元植遂與子孫述之令選地封墓未幾卒○吏巾一頂,,42197
卷之三十三,冠裳部,巾帶,章都憲鳴鳳爲刑部主事時嘗夢於日中行見頭上吏巾一頂覺而異之後數日公陞員外郞所懸牙牌爲縧鬚邊蓋員字止露外郞二字始悟吏巾之夢,,42212
卷之三十三,冠裳部,衾褥,○褥席見賜,,42221
卷之三十三,冠裳部,衾褥,柳慶遠從兄世隆曰吾昔夢太尉以褥席見賜吾遂亞台司適又夢以吾褥席與汝汝必光我門族慶遠果開府○覆錦衾,,42224
卷之三十三,冠裳部,衾褥,朱長文母周夫人有娠夢覆錦衾說者曰是生子必能文矣巳而生長文十歲能屬詞十九擢乙科進士第旣冠授秘書省挍書郞,,42231
卷之三十三,冠裳部,鞋靴,○使玉脫鞋,,42240
卷之三十三,冠裳部,鞋靴,隴西李益初與鄭縣霍玉締好誓不攺娶巳而以母命再婚長安盧氏玉微聞之雖怨益尚期一相見益旣歸鄭縣自慚渝盟絕不與玉相聞時玉旣病矣一夕夢黃衫丈夫抱益來至席使玉脫鞋玉即驚寤以告其母因自解曰鞋者諧也脫者解也旣合而解亦當永訣繇此占之必遂相見相見之後當死矣明日果有黃衫丈夫挈益至蓋豪士恨益之薄行故兼以酒肴兾與二人合歡也二人旣相見玉引左手握生臂擲杯于地長慟數聲而絶○靴笏與之,,42243
卷之三十三,冠裳部,鞋靴,松陵陳益少有俊材領鄉薦嘗夢一人衣道服促左右於巾笥中取綠衣靴笏與之益詢左右則曰楊文公也益穿袍覺毛骨寒凛似不能勝者歎曰惜乎有此才而無此緣即命褫去益後不一年卒飲食部,,42259
卷之三十三,冠裳部,五穀,○西籬下有粟,,42273
卷之三十三,冠裳部,五穀,劉殷字長盛新興人也七歲喪父哀毁過禮比長同妻張氏事曾祖母以孝聞殷嘗夢人謂之曰西籬下有粟寤而掘之得粟十五鍾銘曰七年粟百石以賜孝子劉殷自是食之七歲方盡及王氏卒夫婦哀毁幾至滅性後有二白鳩巢其庭𣗳自是名譽彌顯太傅楊駿表其行於朝勑有司供其衣食蠲其徭賦賜帛二百疋穀五百斛後拜新寜太守○兩甌麻粥,,42276
卷之三十三,冠裳部,五穀,齊陳皇后生高帝帝二歲時乳人乏乳后夢人以兩甌麻粥與之覺而有乳○煑小麥漬之,,42292
卷之三十三,冠裳部,五穀,孛禮之與妻鄭氏相重妻先亡遺言終不獨死未幾禮之脚上發腫夢妻云煑小麥漬之即愈旣寤如其言而治之反創甚而卒○篩紅豆成人,,42298
卷之三十三,冠裳部,五穀,乹德中金陵城破或夢一女子以巨篩篩落紅豆成人須臾一貴人盛冠服墮地云徐舍人也旣寤聞徐錯死○食麻糍,,42307
卷之三十三,冠裳部,五穀,太學生葉文鳳年十八登進士官天台赴任途遇生辰午睡夢食麻糍覺聞鄰嫗哭因扣之言今日亡兒生辰期以麻糍祭葉又詳問嫗曰兒陳希曾以詩亞薦尚存稿在葉求閱即及第之作無一字差舛是知前生子遂携之赴官焉○支米,,42314
卷之三十三,冠裳部,五穀,張少卿守規四明人會試畢夢入倉厫間支米其吏人唱至七十二人纔到其名迨掲曉果中七十二名,,42323
卷之三十三,冠裳部,酒羮,○縱酒宻會,,42331
卷之三十三,冠裳部,酒羮,唐開元中宫禁有美人忽夜夢被人邀去縱酒宻會極歡而歸歸輙流汗倦怠後因從容奏於帝帝曰此必術士所爲也汝若復往但隨宜以物識之其夕熟寐飄然又往美人半醉見石硯在前乃宻印手文於曲房屏風之上寤而啓帝乃潜以物色令於諸宮觀中求之果於東明觀得其屏風手文尚在所居道士巳遁矣○玉筯食羮,,42334
卷之三十三,冠裳部,酒羮,邵康節母李氏夢神人令以玉筯食羮一杯告曰當生佳兒後李夫人因山行見雲霞間大黒猿有感而孕臨蓐慈烏滿庭人以爲瑞是生康節七歲戲於庭蟻穴中别見一日雲氣往來,,42347
卷之三十三,冠裳部,藥劑,○憐孝賜仙藥,,42356
卷之三十三,冠裳部,藥劑,夏矦訢字長况寧陵人也母疾屢經危困訢夜不解帶者一年母憐其辛苦令出便寢息訢方假寐忽夢其父告之曰汝母病深痼非凢藥可愈上帝憐汝至孝賜以仙藥在居後桑樹枝上訢忽起如所言得藥進之母病頓瘥○授丸一掬,,42359
卷之三十三,冠裳部,藥劑,隱士何㸃少患渇痢不愈後在石彿寺講所晝夢一道人形貌非常授丸一掬夢中服之自此而差○人投藥,,42371
卷之三十三,冠裳部,藥劑,王頒僧辦子也從韓擒虎伐陳被傷不堪復鬥嗚𠰸自悲夜睡夢有人投藥比寤而創不痛陳滅後竟發霸先塚報父讎云○牛黃金虎丹,,42377
卷之三十三,冠裳部,藥劑,趙子固母劉左足面一瘡下連大指上連外踝痛楚殆不可忍而百藥不驗如是二十餘年病轉劇一夕趙夢四神僧坐一室中趙亦坐因而發嘆一僧問故趙以實告僧曰可食牛黃金虎丹旣覺驚異試取藥半粒服之良久腹大痛舉家且悔俄而下礧塊物如鐵石者數升是夕瘡但微癢而無血數日成痢遂愈蓋誠孝所感云○乳香飲方,,42385
卷之三十三,冠裳部,藥劑,吳大嘗以泥補葺善神後因結屋墜梯折傷腰勢殊亟夢神來云汝㫺嘗救我我不敢忘授以乳香飲方覺而能記即喚子買藥服之一旬而愈○服天南星,,42396
卷之三十三,冠裳部,藥劑,張汝明至孝居喪飯粟脫飲水無醯鹽草木之滋浸病羸行輒踣夢父授以服天南星法用之驗人以爲孝感云蕃彚部,,42402
卷之三十三,冠裳部,植木,○三槐之間,,42412
卷之三十三,冠裳部,植木,孔子夜夢三槐之間豐沛之祁有赤𤇆起驅車對楚西北觀之見芻兒敵鹿傷其左足薪而覆之○梓樹數株,,42415
卷之三十三,冠裳部,植木,武帝幸平陽公主家幸衛子夫遂納于宫中歲餘不得見子夫請出上曰吾昨夜夢子夫中庭生梓𣗳數株豈天意乎是日幸之有娠生女凢三幸生二女一男男即戾太子也○松生腹上,,42420
卷之三十三,冠裳部,植木,丁固嘗夢松生其腹上謂人曰松乃十八公也後十八歲吾其爲公平卒如所夢○柳𣗳仆地,,42430
卷之三十三,冠裳部,植木,𬂪宗元自永州司馬徵至京師意望錄用一日詣卜者問命且告以夢曰予柳姓也昨夢𬂪𣗳仆地其不祥乎卜者曰無苦但憂遠官耳蓋生則桺𣗳仆則桺木木者牧也君其牧𬂪州乎卒如其言○楓生腹上,,42437
卷之三十三,冠裳部,植木,張志和母夢楓生腹上而產志和志和後入仙班○側栢葵花,,42449
卷之三十三,冠裳部,植木,光化中劉道濟止天台山夢一女子引入牕下有側栢葵花無何前至奉化縣古寺見有一牕側栢葵花宛如夢中所見問之寺僧云有一客官女甚美至此中心疾而死蓋道濟所夢乃此女之魂也○紅杏三十餘顆,,42456
卷之三十三,冠裳部,植木,丁太守鏞字鳳儀應天上元人赴京會試舟經吕梁河下夜夢神人衣冠甚偉頎然幾三丈餘丁見之將欲退避神即詣前揖曰吾河神也下曰汝神必知吾來春科申之事神曰大吉旣而以紅杏三十餘顆與之覺而語諸同行僉以爲杏園之祥明年春榜果中三十一名,,42464
卷之三十三,冠裳部,草花,○㧞馬藺,,42480
卷之三十三,冠裳部,草花,爾朱兆謀入洛夢登一高堆㧞馬藺手至無不盡出故兆謂必尅馬藺管屬可爲席者也○摘紫薇花,,42483
卷之三十三,冠裳部,草花,齊澣未任時寓居京邸鬱鬰不自慊嘗夢游禁中見一王者澣懼趨拜如人臣禮頃之王者傳呼内侍摘紫薇花一大枝擲澣前曰可將去澣復拜如謝賜禮遂懐而出旣寤不知所解未幾登第以應制詩稱㫖玄宗悅授紫薇舍人召見内庭一如夢中而帝貌亦肖王者始知夢不爽云○紺蓮花,,42490
卷之三十三,冠裳部,草花,馮元七歲時讀易其母夜夢異人以紺蓮花與元吞之且曰善讀此後必貴顯元果登進士第歷官戸部尚書迨老率三日一誦易云○持三花,,42503
卷之三十三,冠裳部,草花,胡忠安公濙字源潔常州武進人生之夕母夢持三花者以一遺之覺而生公居數日有僧自吳來訪公家見徐夫人問曰近見何祥瑞夫人無以應但新婦生孫差頴異耳僧固索視之比見公微有咲容問之則曰吾師天池高僧旣老圓寂後嘗示夢我今生某家後當顯爾宜來我以一咲爲記今果然聞者咸以爲異七歲知讀書不習嬉戲事容止異人如老成人後登洪武庚辰進士累官至太子太保禮部尚書學行事業蔚爲一代名臣雖愚夫孺子皆知爲長者也○芝產門楣,,42510
卷之三十三,冠裳部,草花,王文安公禕字子充浙之義烏人大父石峽書院山長一夕夢五色芝產門翼日公生識者以爲文章之兆公幼秀𠁊敏惠稍長師事黄文獻公溍隱靑巖山中著書立言○花一枝,,42528
卷之三十三,冠裳部,草花,潘二守珩字仲玉應天上元人鄉試畢其妻夢有人挑二盒至其家開視一盒乃花一枝紅帛一𫨻留而去之因問彼一盒花紅送與何處其人曰送胡璟家其年二人俱中鄕榜,,42539
卷之三十三,冠裳部,瓜菓,○人與𤓰宋瓊母病冬月思瓜瓊夢見人與𤓰竟得之手中時稱孝感云○櫻桃一盤,,42549
卷之三十三,冠裳部,瓜菓,宣宗皇帝夢以櫻桃一盤賜夏忠靖公二子其長者珫退避不敢受仲子瑄受之後珫早卒帝曰繼夏氏者必此子也逮忠靖公即世時瑄年十三上特命爲尚寶司丞累宫至南京太常寺少卿掌尚寶司事蓋櫻桃果品之貴者尚寶貴品夢不誣也,,42558
卷之三十三,冠裳部,柴薪,○木上破天,,42567
卷之三十三,冠裳部,柴薪,王敦謀逆夢將一木上破天許眞君曰此是未字未可動耳一日明帝微行察敦營壘敦正晝寢夢日環其城驚寤曰此必黃鬚鮮卑兒來耶帝母鮮卑出也亟遣人追之不及○欠柴一千七百束,,42570
卷之三十三,冠裳部,柴薪,韋正貫應舉時嘗至汝州剌史柳凌留署軍事判官𬂪嘗夢有一人呈案中言欠柴一千七百束因訪韋占之韋曰柴薪木也公得非不久乎月餘柳卒素貧韋爲部署米麥鏹帛金前請於官數月矣唯官中欠柴一千七百束韋披案方省柳前夢,,42583
卷之三十三,冠裳部,柴薪,━━━━━━━━━━━━━━━━━━━━━━━━━━━━━━━━━━━━━━━━━━━━━━━━━━━━━━━━━━━━━━━━━━,,42595
卷之三十三,冠裳部,柴薪,━━━━━━━━━━━━━━━━━━━━━━━━━━━━━━━━━━━━━━━━━━━━━━━━━━━━━━━━━━━━━━━━━━,,42597
卷之三十四,飛走部,飛走部,飛走部,,42609
卷之三十四,飛走部,四靈,○玄龜啣符,,42614
卷之三十四,飛走部,四靈,帝伐蚩尤夢西王母遣道人披玄裘以符授之曰太乙在前天乙備後河出符信戰即克矣帝寤以告風后力牧風后力牧曰此兵應也戰必勝牧與帝至盛水立壇祭以太牢有玄𪚧啣符置壇中而去帝佩之以征禽蚩尤○蒼龍㨿腹,,42617
卷之三十四,飛走部,四靈,漢虜魏王豹薄姬輸織室詔納後宫歲餘不得幸始姫少時與管夫人趙子兒相愛約曰先貴無相忘巳而管夫人趙子兒先幸漢王坐河南宮成臯臺此兩美人相與𥬇薄姬初時約漢王聞之問其故兩人具以實告漢王心惨然憐薄姬是日召而幸之薄姬曰昨夜妾夢蒼龍㨿腹王曰此貴徴也吾爲汝遂成之一幸生男是爲代王其後薄姫從子之代高后崩大臣迎立代王是爲文帝○口吐白鳳,,42627
卷之三十四,飛走部,四靈,楊雄作甘泉賦夢口吐白鳳○龍頭授巳,,42640
卷之三十四,飛走部,四靈,孫權幸潘夫人有娠夢有以龍頭授巳以蔽𦡀受之遂生孫亮○兩龍枕膝,,42645
卷之三十四,飛走部,四靈,李太后爲簡文宮人時數夢兩龍枕膝日月入懐意以爲吉祥向同儕說之帝聞而異焉竟生武帝○乘龍至屋,,42650
卷之三十四,飛走部,四靈,王穆將害索嘏郭瑀諫不從輿疾而歸旦夕祈死忽夢乘靑龍至屋而止寤而嘆曰龍飛在天今止于屋屋之爲字尸下至也龍飛至尸吾其死乎古之君子不卒於内寢於是還酒泉南山赤崖閣飲氣而卒○白龍夾舫,,42656
卷之三十四,飛走部,四靈,劉穆之初夢與宋高祖裕俱泛海忽値大風驚懼俯視船下見有二白龍夾舫旣而至一山峰崿聳秀林𣗳繁宻意甚悅之後竟爲裕佐命元勛云○捉龍脚,,42665
卷之三十四,飛走部,四靈,孫奉伯與蕭道成欵明帝遣奉伯往淮南道成與奉伯同室臥奉伯夢道成乘龍上天於下捉龍脚不得及覺叙夢因謂兖州必大庇生靈而弟不得與也時道成爲兗州故云後道成即位奉伯先卒○龍㨿屋,,42672
卷之三十四,飛走部,四靈,蕭賾之將產也二毋並夢龍㨿屋故小字爲龍兒即世祖也○四夢龍祥,,42680
卷之三十四,飛走部,四靈,婁太后孕文襄夢一斷龍孕文宣夢大龍首尾屬天地張口動目勢狀驚人孕孝昭夢蠕龍於地孕武成夢龍浴於海○靈鳳集身,,42685
卷之三十四,飛走部,四靈,王曇逸母夢靈鳳集身因有娠又聞腹中有啼聲僧寶誌曰生子當爲神仙宗伯○龍出身中,,42691
卷之三十四,飛走部,四靈,煬帝生時獨孤后夢龍出身中飛高十餘里墮地尾斷以告文帝帝黙然○鳳鳥集手,,42697
卷之三十四,飛走部,四靈,有孫姓者夢鳳鳥集手上以問蕭吉吉曰不祥孫不悅未旬忽喪母往叩吉吉云鳳棲梧桐食竹實所以止君手上者手中有桐竹之象也苴杖竹削杖桐是以知必有重憂耳○龍吐棊經,,42702
卷之三十四,飛走部,四靈,翰林學士王積薪夢靑龍吐棊經九部授之藝乃精○金龍遶身,,42710
卷之三十四,飛走部,四靈,晉劉暠未遇時爲岳節度幕軍岳有女年及笄未字忽夢金龍遶身及旦見一卒酣睡鼻中有氣如龍盤旋直逼巳身因異之與私焉後岳覺而譴之女以實告遂娶之後果登九五岳爲后○吞金龜,,42715
卷之三十四,飛走部,四靈,劉贊夢吞金龜文思大進忽一日夢吐金龜旣寤不悅未幾卒○贈⿔一枚,,42725
卷之三十四,飛走部,四靈,梅聖俞生男前一日夢道士贈⿔一枚作詩曰夜夢有人衣帔霓水邊授我黃龜兒明朝我婦忽在蓐乃生男子實秀睂○龍降,,42731
卷之三十四,飛走部,四靈,文天祥母將誕夢有龍降其家公遂生其所居之傍有潭成巨浸自公之生潭水日淺公長讀書吉水山中往來中途有客店一夕店主夢龍蛻爪於門外石上迨曉開戶見公脫屨於石少憇而去又公好與客奕水中客不能勝公鎭日怡然自若及公卒潭水復深夢龍之徵不誣也○麟入室,,42739
卷之三十四,飛走部,四靈,陳麟之母夢麟入室中自取門間蟲以餵之及生乃以麟名之字曰兆夢後爲閩縣尹民皆仰之稱爲循吏○二龍繞鬥,,42750
卷之三十四,飛走部,四靈,高皇夜夢内殿左右楹柱有黑白二龍繞之而鬥左黑者勝明日偶見太孫與燕邸各抱一柱而嬉燕邸在左焉○爭騎龍項,,42757
卷之三十四,飛走部,四靈,秦司徒綋山東單縣人母朱氏夜夢雷雨大作見二物蜿蜒攀窻內窺頭𧢲如麟目光如電因而驚覺遂生公旣長見書便愛有紙便寫無紙則畫沙爲字人頗奇之爲庠生嘗宿於本學帝君廟前槐樹下時將一更夢一官人衣冠秀偉與公藥水一碗視之水面光浮星月飲之而覺自此讀書日進因領鄕解赴京過德州時天寒河凍就在西㟁旅宿夜夢河開公入河取魚見深淵一龍奮躍而起公甚恐不得巳手攀龍𧢲身騎龍項又見河邊一人强來爭騎龍項公騎龍腰龍就飛起少刻公在山頂高處立其龍與爭騎者不知何往旣而會試三塲畢主考江侍郎欲定公爲第一因同事爭論乃以吳滙爲詩經第一卷公爲第二卷公禀性方剛才兼文武總制邊方豈非一代偉人哉○龍頭一枚,,42763
卷之三十四,飛走部,四靈,計進士禮字汝和江西浮涼縣人鄕試畢嘗夢以科目事禱於龍王廟中夢龍頭一枚隨來其家迨掲曉果中解元將會試之夕忽夢船滿河內一船龍頭分明計船在龍船之傍再三欲過彼舟竟不能上遂寤其年八月會試榜出計中第六十九名其六十八名乃龔膺也,,42781
卷之三十四,飛走部,百獸,○白虎,,42790
卷之三十四,飛走部,百獸,帝堯爲天子夢白虎遺吾馬啄子其母曰扶始升高丘睹白虎上有雲感巳生臯陶索扶始問之如堯言明于刑法罪次終始故立臯陶爲大理○黃熊入寢門,,42793
卷之三十四,飛走部,百獸,鄭子產聘於晉晉矦有疾韓宣子逆客私焉曰寡君寢疾於今三月矣並走群望有加而無廖今夢黃熊入其寢門其何厲鬼也對曰以君之明子爲大政其何厲之有昔堯殛鯀於羽山化爲黃熊以入於羽淵實爲夏郊三代祀之晉爲盟主或者其未祀矣乎韓子祀夏郊晉矦有間賜子產莒之二方䁀○鹿跡日炙,,42801
卷之三十四,飛走部,百獸,魯宗範妻凢許嫁數人毎至親迎之夕其夫輒死一夕夢人謂曰田頭有鹿跡田尾有日炙乃汝夫也後嫁乃悟其夢○大象,,42813
卷之三十四,飛走部,百獸,張茂夢大象解者曰象者獸也獸者守也君當爲郡然不能善終象有齒焚身皆如其言○狼啖一脚,,42820
卷之三十四,飛走部,百獸,郡功曹張邈奉使詣州夜夢狼啖一脚紞曰脚肉被啖爲𨚫字會東虜反遂不行○五色獸逼衣,,42828
卷之三十四,飛走部,百獸,王宗侃妻有娠夢周公山神牽五色獸逼其衣遂生承肇後節制揚州入洛爲行軍司馬○騎獅子,,42834
卷之三十四,飛走部,百獸,王敬則嘗夢騎五色獅子後貴達○白虎齧指,,42840
卷之三十四,飛走部,百獸,張弘士夢白虎齧其指寤而惡之後至野遇白物驚還覺指痛不久而弘士死○群鹿渡水,,42845
卷之三十四,飛走部,百獸,賊將史思明僭稱大號在永寧時以泥城未畢怒其孽子朝義云待收屯州斬却此賊朝義大懼乃與其将駱悅謀圖思明一夕思明夢而驚寤據牀惆悵左右問其故曰吾夢見水中沙上群鹿渡水而至鹿死水乾言畢如厠其伶人相謂曰鹿者祿也水者命也胡祿命盡矣巳而駱悅入問思明所在衆指在厠思明覺變踰垣入廏取騎出奔悅令周子俊射中其臂落馬擒赴柳泉驛縊殺之○虎囓傷死,,42851
卷之三十四,飛走部,百獸,晉陽縣有人殺其妾妾將死言曰吾無罪爲汝所殺必報後數年殺妾者夜半起至母寢呼其母母問故其人曰適夢爲虎所囓傷甚遂死覺而心驚悸甚故特啓之母曰人言夢死者反生夢想顚倒故也汝何憂然汝夜來未飯牛亟飯之乃往飯牛闇中見物似牛之狀乃前執之不知其虎也遂爲所噬其人號叫竟死則人以虎爲所殺之妾也○虎行月中,,42865
卷之三十四,飛走部,百獸,滕元發母夢虎行月中墮其室遂生元發舉進士授大理評事召試爲集賢較理以直道策名于英神哲三朝○袖障叱虎,,42879
卷之三十四,飛走部,百獸,蘇長公知揚州一夕夢在山林間忽有一虎來噬巳方驚怖有一紫袍黃冠者以袖障之叱虎使去及旦有道士投謁曰昨夜畏否公知其真術遂叱之曰鼠子敢爾欲杖其脊道士慚懼而去○殺猴,,42887
卷之三十四,飛走部,百獸,南野人伍寺之見社樹上有猴懐孕便登𣗳擺殺之夢一人稱神責以殺猴之罪當令重謫不半年寺之病作醫不能療遂卒○舁一巨狼,,42896
卷之三十四,飛走部,百獸,夏忠靖公元吉字維喆胡廣湘陰人其母將誕之夕夢教人舁一巨狼來家遂寤俄而生公自少頴異不凢洪武庚午以詩經選鄕貢入太學累官至太保戸部尚書贈太師公文章德量夐異於人一時諸公鮮有能及之者人謂奎木狼神宿之下降云○綠毛虎,,42903
卷之三十四,飛走部,百獸,金宗伯純字尚素營州中屯衛人夜夢一綠毛鉅虎目光如炬爪牙獰猛可畏伏于前公驚呼起坐良久方能言乃欬欬笑不休侍人問所以具道其事自謂平生無他夢何爲者哉明日定襄伯郭公拜公舘下求卒業而服色與所夢略同公異之後郭公自舍人以武功歷陞至前職掛征西將軍印節制大同諸軍事抱負文武長材忠義凛凛眞所謂王命召虎式辟四方者也其見於夢不亦異哉○二鹿一羊,,42912
卷之三十四,飛走部,百獸,金御史章字相用雲南中衛人赴京會試道經湖廣常德府忽夜夢二鹿一小一大後有一羊隨之及至京與同鄉舉人陳俊同一旅邸一夕陳之從者夢放春㮄見金名列一百八十一名陳下第迨掲曉金果中一百八十名惟差一名耳陳中副㮄始悟先夢二鹿乃鄕省禮闈二錄羊乙未流年所肖也○虎躍入其家,,42927
卷之三十四,飛走部,百獸,鄭揮使懷玉有女幼讀書頗諳象緯之學居嘗自負不肯許凢子必得名公鉅卿者乃行是年巳三十六矣成化丁未正月上元之夕忽夢天門洞開紅光閃爍俄有一虎躍入其家遂驚寤而起未幾魏國徐公適喪其偶乃遣媒妁爲續絃之聘焉○白象,,42938
卷之三十四,飛走部,百獸,金齒人周玉爲人淳朴至老不識衡量嘗夢白象詰旦而生子奕中嘉靖戊子鄕試知灌縣縣瘠土又當咸茂二邊餉道奕食不兼味以廉靖聞○二鹿擾庭,,42947
卷之三十四,飛走部,百獸,甲子秋予兄弟應試南都予夢二鹿馴擾於庭但大小不倫放㮄後予與季弟燕翼與焉說者以爲鹿宴鹿鳴也大小不倫季弟時方弱冠與予年齒不倫也後季弟不幸短命然則鹿之小者抑豈其祿命之不永耶,,42957
卷之三十四,飛走部,六畜,○兩黑犬,,42966
卷之三十四,飛走部,六畜,吳王夫差夢兩黑犬嘷以南嘷以北公孫聖曰黑者陰也北者匿也○乘白馬入梨山,,42969
卷之三十四,飛走部,六畜,建安人夢李囬乘白馬入梨山及囬凶問至因立祠于梨山世傳靈應○行見白雞,,42975
卷之三十四,飛走部,六畜,謝安還都夢乘桓温輿行十六里見一白雞而止因謂所親曰乘温輿者代其位也十六里者今十六年矣白雞主酉今太歲在酉吾病殆不起乎乃遜位尋薨○斷馬足,,42981
卷之三十四,飛走部,六畜,牽騰以咸和三年爲沛郡太守出行不節夢烏衣人告云何數出不輟唯當斷馬足騰後出行馬足自斷○乘馬飛半天,,42990
卷之三十四,飛走部,六畜,崔慧景之逼長沙宣武王入援至越城夢乘馬飛半天而墜而鿄武所馭化爲赤龍騰虚獨上○犬羊御座,,42997
卷之三十四,飛走部,六畜,朱耽直禁省夢大羊各一在御座覺而惡之告人曰犬羊非隹物也今㨿御座將有變乎旣而天子蒙塵侯景登正殿焉○騎馬登山,,43002
卷之三十四,飛走部,六畜,帝嘗夢騎馬登山路危欲墜陳子高推捧而升後討張彪彪夜襲城帝出走子高自亂兵中慰勞散兵因導帝入徐○五色鷄,,43008
卷之三十四,飛走部,六畜,西施母有娠夢五色鷄自天而下化爲鶚飛去遂產女是爲西施○逐羊㧞𧢲尾,,43015
卷之三十四,飛走部,六畜,高祖皇帝始爲亭長時夢逐一羊㧞𧢲尾皆落辨者曰羊去𧢲尾乃王也及送徒咸陽觀警蹕嘆曰大丈夫當如是○豬嚙足,,43020
卷之三十四,飛走部,六畜,漢前將軍雲長關公出軍圍樊夢豬嚙其足語子平曰今年衰矣然不得還果爲吳人所襲○牛頭在門,,43027
卷之三十四,飛走部,六畜,蔣琬見推之後夜夢有一牛頭在門前流血滂沱意甚惡之呼問占夢趙直直曰夫見血者事分明也牛𧢲及鼻公字之象君位必當至公大吉之徵也後果驗云○三馬同槽,,43033
卷之三十四,飛走部,六畜,曹操聞司馬懿有狼顧相又嘗夢□馬同食一槽甚惡焉因謂丕曰司馬懿非人臣也必預汝家事後與師昭相次當國竟遷魏鼎云○白犬嚙之,,43040
卷之三十四,飛走部,六畜,王敦舉兵犯順病作夢白犬自天而下嚙之覺後病轉劇乃以身後囑錢鳳俄而敦死文育營彪遂降似夢驗云○妾爲猪傷,,43047
卷之三十四,飛走部,六畜,江都民有一妾夢其夫率勇士數十入江捕魚得巨猪數十而出其妾爲一猪所傷及建陽軍作亂入江都妾夫爲鄕保率鄕兵擊賊營擒賊百餘人其爲首姓諸其妾果爲逃賊所砍折其臂民乃與妾俱辭功而隱焉○繫二黑犬,,43056
卷之三十四,飛走部,六畜,徐元杰嘗夢神人繫二黑犬過堂下授之是歲登科有黙思黙通云者主司見之以爲神語乃悟黙字有黑犬重複用之二黑犬之徵也○擁一羊遺之,,43064
卷之三十四,飛走部,六畜,宋太祖六世孫秀王偁夫人張氏夢人擁一羊遺之巳而有娠生伯琮于秀州及元懿太子薨高宗未有後昭慈聖獻皇后語以異夢高宗曰太祖以神武定天下子孫不得享朕若不法仁宗爲天下計何以慰在天之靈于是以選育宮中後立爲皇太子更名眘即帝位是爲孝宗○獨𧢲靑牛,,43071
卷之三十四,飛走部,六畜,阮登炳夢毛自知乘獨𧢲靑牛以火照交于身上因自解曰靑牛年庚也火照交身上乃登炳之義花甲告周將代毛自知矣蓋毛自知乃前乙丑狀元也後乙丑果狀元及髪不爽○大猪,,43080
卷之三十四,飛走部,六畜,徐御史宗四川營昌人初赴鄉試道經浙之換鵝驛驛丞夜夢人報云接御史俄而出止見一大猪杠來覺後有三舉人至驛官具道前夢其二人曰徐君本命巳亥也亥肖猪所夢接御史後接得猪者即徐君之兆也是秋徐果與鄕薦連登甲戌進士擢南臺御史,,43090
卷之三十四,飛走部,羽族,○瓦墜化鴛鴦,,43099
卷之三十四,飛走部,羽族,文帝問周宣曰吾夢殿屋兩瓦墜地化爲鴛鴦此何謂也宣曰後宫當有惡死者帝曰吾詐卿耳對曰夫夢者意耳苟以形言便占吉凶言未畢而黃門令奏宮人相殺○五色鳥,,43102
卷之三十四,飛走部,羽族,羅會夢吞五色鳥自後文章顯著○大鳥止庭,,43112
卷之三十四,飛走部,羽族,張薦祖鷟爲兒時夢紫翅大烏止其庭大父曰吾聞五色赤文鳳也今紫文鸞鷟也若殆以文章瑞朝廷乎鷟後果以文名時號靑錢學士○鸚鵡拆兩翼,,43117
卷之三十四,飛走部,羽族,武后夢鸚鵡拆兩翼仁傑曰鵡者陛下姓也兩翼者陛下,,43126
卷之三十四,飛走部,羽族,范狀元機坊中人,,43138
卷之三十四,飛走部,羽族,羅狀元第一進士,,43154
卷之三十四,飛走部,羽族,張狀元羅衣相遺,,43162
卷之三十四,飛走部,羽族,陳狀元雲霄蓮座,,43168
卷之三十四,飛走部,羽族,諸狀元背抵冠裳,,43176
卷之三十四,飛走部,羽族,丁狀元仙女奏樂,,43180
卷之三十四,飛走部,羽族,徐狀元紅日照帷,,43184
卷之三十四,飛走部,羽族,楊狀元辛巳牌坊,,43190
卷之三十四,飛走部,羽族,龔狀元龍神書額,,43194
卷之三十四,飛走部,羽族,沈狀元餌藥生香,,43198
卷之三十四,飛走部,羽族,秦狀元馳馬天門,,43202
卷之三十四,飛走部,羽族,唐狀元庭梅隱字,,43206
卷之三十四,飛走部,—,夢微小引原夫夢開休欲祥夢占矣而復以微綴之者何诚謂不微諸已往則無以信于将来耳爰遡鴻古下迄輓代凡帝王卿相士庶賢愚男女老幼之夢所夢若天地日月雷雨風雪人物鬼神用羗事為山川州水辭札姓名之類稽之经史谶記筆載彰明廣羅肆攷採其尤可信騐者悉彚而輯焉𠈷人覧之觸類而通稽古而信是亦占夢家之龜鑑也若乃玄幾宻谛真化無窮凶吉互藏妖祥迭現殊未易推苟思媲索謝之微言曲中如燭炤數計而劵合焉在慧心者之精心以領之耳倘泥昨夢以徵今猶之膠柱而調刻舟而覓何以语于通達之智哉然則夢微之集其不可以巳乎曰不也夫夢徵之集固引而不彂者機也高眀專技剖祕抉玄神明揣測亶自有得苐不脩覽乎此慮亡以擴術業之未宏資敏悟之弗逮借彼一葦作兹寳筏又奚辭搜擷之勞而缓此一编也伯𧺫張氏感夢病瘳遍為類考其採錄博其叙述精其用心良苦而余復為之補缺軼訂舛訛彚成全帙顏之曰微以視前编蓋不翅倍之矣良以人生之成敗興死生禍福强半必形于夢而占之者頋執一見以求不克旁参之𩔗長之使鬼物神魂隠隠若詔者當前迷昧寧不誤人趋避之機乎故夫夢微之于夢占也譬猶夜行之炬也前車之軌也而實占夢家之𪚿鑑也淂是集而及覆精探错综引悟其不足以語通達之智而窺造化之靈幾者有是理哉戊申夏五白门老人李登書,,43212
卷之二十五,甘德圖,天日月星,天日月星,,29319
卷之二十五,甘德圖,天日月星,天日月星,,29338
卷之二十五,甘德圖,天日月星,天日月星,,29421
卷之二十五,甘德圖,天日月星,天日月星,,29491
卷之二十五,甘德圖,風雷雨雪,風雷雨雪,,29525
卷之二十五,甘德圖,風雷雨雪,風雷雨雪,,29526
卷之二十五,甘德圖,風雷雨雪,風雷雨雪,,29541
卷之二十五,甘德圖,風雷雨雪,風雷雨雪,,29609
卷之二十五,甘德圖,風雷雨雪,風雷雨雪,,29661
卷之二十五,甘德圖,地山水路,地山水路,,29855
卷之二十五,甘德圖,地山水路,地山水路,,29856
卷之二十五,甘德圖,地山水路,地山水路,,29887
卷之二十五,甘德圖,地山水路,地山水路,,29945
卷之二十五,甘德圖,地山水路,地山水路,,29998
卷之二十五,甘德圖,地山水路,地山水路,,30050
卷之二十五,甘德圖,田囿橋城,田囿橋城,,30098
卷之二十五,甘德圖,田囿橋城,田囿橋城,,30099
卷之二十五,甘德圖,田囿橋城,田囿橋城,,30104
卷之二十五,甘德圖,田囿橋城,田囿橋城,,30172
卷之二十五,甘德圖,田囿橋城,田囿橋城,,30234
卷之二十五,甘德圖,田囿橋城,田囿橋城,,30298
卷之二十五,甘德圖,田囿橋城,田囿橋城,,30349
卷之二十五,甘德圖,春夏秋冬,春夏秋冬,,30391
卷之二十五,甘德圖,春夏秋冬,春夏秋冬,,30392
卷之二十五,甘德圖,春夏秋冬,春夏秋冬,,30416
卷之二十五,甘德圖,春夏秋冬,春夏秋冬,,30483
卷之二十六,甘德圖,樓屋臺亭,樓屋臺亭,,32004
卷之二十六,甘德圖,樓屋臺亭,樓屋臺亭,,32005
卷之二十六,甘德圖,樓屋臺亭,樓屋臺亭,,32021
卷之二十六,甘德圖,樓屋臺亭,樓屋臺亭,,32073
卷之二十六,甘德圖,樓屋臺亭,樓屋臺亭,,32123
卷之二十六,甘德圖,樓屋臺亭,樓屋臺亭,,32172
卷之二十六,甘德圖,梁柱門垣,梁柱門垣,,32309
卷之二十六,甘德圖,木葉花果,木葉花果,,32436
卷之二十六,甘德圖,木葉花果,木葉花果,,32437
卷之二十六,甘德圖,木葉花果,木葉花果,,32465
卷之二十六,甘德圖,木葉花果,木葉花果,,32695
卷之二十六,甘德圖,舟車書筆,舟車書筆,,32696
卷之二十六,甘德圖,舟車書筆,舟車書筆,,32697
卷之二十六,甘德圖,舟車書筆,舟車書筆,,32753
卷之二十六,甘德圖,舟車書筆,舟車書筆,,32817
卷之二十六,甘德圖,刀硯鏡釵,刀硯鏡釵,,32846
卷之二十六,甘德圖,耜網弓矢,耜網弓矢,,33008
卷之二十六,甘德圖,頭齒手足,頭齒手足,,33159
卷之二十六,甘德圖,麟虎獅象,麟虎獅象,,33448
卷之二十六,甘德圖,鳳鸞鶴雁,鳳鸞鶴雁,,33572
卷之二十六,甘德圖,鳳鸞鶴雁,鳳鸞鶴雁,,33573
卷之二十六,甘德圖,鳳鸞鶴雁,鳳鸞鶴雁,,33592
卷之二十六,甘德圖,鳳鸞鶴雁,鳳鸞鶴雁,,33652
卷之二十六,甘德圖,鳳鸞鶴雁,鳳鸞鶴雁,,33754
