卷,部,類,條名,占文,行號
卷之首,總論,—,大覺希聞竊媿達天人之際小言略舉敢云闡造化之幽,夢之術非達乎天道人事之妙者不能精故謙言未至大覺不得指點大夢况夢乃神遇眞造化之幽幾非易闡明也,1391
卷之一,天象部,天,天地相合大吉,天地交暢于卦爲泰夢者君臣相得父母曰雙寧亨昌之象謀無不遂求無不利元吉,1435
卷之一,天象部,天,天地分開貞吉否凶,上下隔絶之象貴者夢此名位肅清常,1446
卷之一,天象部,天,天地黑陷凶,象,1463
卷之一,天象部,天,天日雲山朗霽吉,天下有山雲間有日萬物相恱喜氣奕奕天日朗曰霽大明中天之象也雲山朗霽瑞靄凝蒸之象也,1474
卷之一,天象部,天,天開九重吉,天門者貴地也見居權要曰者一重一位循此爲推,1482
卷之一,天象部,天,天上登天貞吉,天行健君子以自强不息夢此者名上加名利上曰增利登天則七政五行皆屬于下安富尊榮之兆,1490
卷之一,天象部,天,二天三天四天九天,夢二天者主得人覆庇夢三天者主有奇遇曰夢四天者主入空門夢九天者主證玄修,1500
卷之一,天象部,天,三十三天天內有天,夢登三十三天主意外超曰㧞夢天中有天怙冒重重,1504
卷之一,天象部,天,上天鑿池吉,鳳飛振羽集天池鑿井逢源又失雌曰圖利問名君莫阻乘高盡力一生資,1513
卷之一,天象部,天,洞中窺天見光大吉,玄中之玄明光洞達當有棄暗投明曰之喜名利漸通官訟得白病者將瘥,1517
卷之一,天象部,天,升天立橋上見牌額大吉,所履者象爲雲梯所睹者象爲文㮄文士夢曰此攀龍附鳳在位者必官升極品之兆也,1521
卷之一,天象部,天,天上獲稻吉,此夢功名商賈交易宅舍酒食謀事田土曰婚姻諸事皆吉孕婦夢此必產麒麟之子,1525
卷之一,天象部,天,天上掘塚露棺吉,此爲貴人遇貴之夢也掘者非地露者曰爲官貴人得此天官之爵大昌之象,1529
卷之一,天象部,天,天晴雲雨散吉,重陰開憂疑解霽色來胸懷泰凡曰求功名謀財利先難後易之兆也,1533
卷之一,天象部,天,升天大寒受凍吉,此夢兵戈爭𨷵之兆,1537
卷之一,天象部,天,天上拜冕服王矦大吉,乘高遇貴福祿榮華躬爲抑折履獲亨嘉曰錫天之圭受神之祚王公氓庻雲衢得路,1543
卷之一,天象部,天,與天神言語吉,此爲堂陛賡歌之兆,1547
卷之一,天象部,天,負人登天貞吉否凶登天貴之徵負人賤之役人非其人隕身阸也如,小臣夢負晉景公登天而遂以從塟爲與主俱殂曰之兆,1556
卷之一,天象部,天,金甲神捧巳上天大吉,捧上天履至尊也神披甲巨力助也作曰存不善懼神禍也德有所積𫉬天祐也,1564
卷之一,天象部,天,見狀元遊天街大吉,雲霄路貴人來見之吉瑞懷胎見主貴曰人接引之兆若夢同遊則同登之兆矣,1572
卷之一,天象部,天,兵馬遍天凶,此兆帝王夢之天下擾庻人夢之家庻曰變經商交易財利虚功名爭訟多浮泛,1576
卷之一,天象部,天,上天求妻兒六親吉,此夢遇緣𫉬慶之兆也升彼高明曰問爾陰小積善者慶凡事有緣,1580
卷之一,天象部,天,上天見父母貞吉否凶,利見大人在田在天于夢爲殃主入幽曰冥之府父子團圓矣追薦保禳無咎,1584
卷之一,天象部,天,與天女相會吉,牛郞織女鵲橋初渡天際奇緣曰婚姻有路相彼吉人佳偶至也,1589
卷之一,天象部,天,抱子升天吉,此乃父子同登之兆若未得子者必產曰奇種瓊枝巳得子者必主公矦卿相,1597
卷之一,天象部,天,上天見聖眞求道,學問主有進益科試主有人扶問婚成孕曰生貴病宜禳求財吉凡事必有陰庇也,1601
卷之一,天象部,天,上天拜世尊諸羅漢吉,於佛有緣江河之上獲利平安主修行曰善果者得慈悲感應福壽無彊之兆,1605
卷之一,天象部,天,天上對奕,此夢對壘紛爭之象,1609
卷之一,天象部,天,天上坐大吉,此爲首掇魁名之象也天者至高之位曰坐其上高而過亢科第則吉餘宜愼之,1615
卷之一,天象部,天,天門張㮄,天門張㮄名冠皇都㮄上何人視曰其有無如蒙昧不明不爲佳兆也,1619
卷之一,天象部,天,補天,此兆文人佐主中興婦曰人傷夫再𬋕凡百皆祥,1623
卷之一,天象部,天,向天號泣貞吉否凶,蘭房如素有𡥉心者爲誠意所感必主得父母之,1627
卷之一,天象部,天,焚香祭天𤇆上達大吉,祭天祈寧而禱福也,1634
卷之一,天象部,天,天門赤色凶,此夢四方兵動之象天門者帝闕曰色赤者兵戈四方騷動一德能禳,1640
卷之一,天象部,天,仰卧視天,伏龍雛鳯待時奮發晩年榮貴吉昌之兆卧者身曰在地仰視者目暏天爲身倚實地得見天日之兆,1644
卷之一,天象部,天,登天欲上復墜落凶,上天名位得也復落得復失也常人則主曰延年作事謀望恐有阻隔難成宜守舊,1648
卷之一,天象部,天,天開見金殿森嚴大吉,天闕舒主國寧金殿呈主位登霞光燭身曰森嚴寵臨仕進夢此朝天闕歷金門之兆,1664
卷之一,天象部,天,上天升屋吉,此乃吉祥進爵之兆夢之者遷移宅舍更攺事業曰官位高陞功名顯達凡百事貴賤之人皆得亨佳,1668
卷之一,天象部,天,登天上月臺見羣仙大吉,歩雲梯登月殿名譽彰而無疑曰晤瓊姿會諸仙福壽綿而無算,1672
卷之一,天象部,天,攀天柱大吉,搴槎旦夕忽騰驤擎柱王家作棟梁曰閨梱必懷龍鳳種達人名譽德方彰,1676
卷之一,天象部,天,天上霞光燦爛照身大吉,寵光薦至災病全除,1687
卷之一,天象部,天,天開眼大吉,天舒目察世人也,1697
卷之一,天象部,天,天張口舌貞吉否凶,此夢大不祥爭訟不宜營謀不利作事不成家道曰不寧功名不遂婚姻有阻口舌紛紛愼之無咎,1703
卷之一,天象部,天,以舌餂天大吉,維彼成湯獲此佳祥命式九圍綏撫萬曰方非至德之聖人不可妄言此兆也,1708
卷之一,天象部,天,捧天大吉,此爲匡扶社稷之兆非大貴人不足曰當之也女子夢之當事貴夫育貴子,1712
卷之一,天象部,天,天缺一面,缺者西北位也往無攸利大臣夢此曰面去一畫爲回回天之力補天之功,1718
卷之一,天象部,天,上天摘得蟠桃食大吉,瑶岩有奇種華食幾千秋俄從至尊處摘食海添曰籌孕婦夢之必產壽星老人夢之必綿永算大吉,1729
卷之一,天象部,天,天女裁衣吉,夢此者男逢美女情意相依夫得嬌妻身心相帖曰功名之士主宮袍傳御内衣錦看花回吉祥如意,1733
卷之一,天象部,天,巡天摸星大吉,此兆凡人夢之官爵必應台宿功名必曰獲魁元家門必藏金寶子嗣必產麒麟,1737
卷之一,天象部,天,袍服飄飛上天大吉,衣裾翩躚指日昇天此指文人脱白曰掛綠指日靣君有不假薦引之力意,1741
卷之一,天象部,天,扶梯上天大吉,名位陞遷極品榮華之兆靑雲有路紫誥曰重來凡事夢此大吉之象惟病人不宜,1758
卷之一,天象部,天,天樂合作大吉,此夢天籟和鳴之象父母順兄弟和夫妻合曰官訟解音信至聲名起技藝精無不吉利,1768
卷之一,天象部,天,天鼓大鳴大吉天嗚鼓朝堂會集之象夢此者聲聞帝閽名傳天,壤○王曆經曰君失德不從臣諫則天鳴在天則曰凶爲夢,1778
卷之一,天象部,天,天上張網身被𫉬貞吉否凶,天上網羅人間牢獄征戰爭訟病人商賈諸曰事夢此不吉惟應試投軍之類得取用之祥,1785
卷之一,天象部,天,天神授經書紙筆大吉,天授書筆皆吉兆也必當展經濟爲大手筆曰如夢筆生花也細推其意祥瑞不能盡述,1790
卷之一,天象部,天,天落錢凶,錢乃金屬金乃刑官于世爲利于夢爲貪從曰天而下天災可愼也急須修省以轉移之,1800
卷之一,天象部,天,上天得大珠,吉人夢此產貴子𫉬奇福兇人夢之曰受災殃遭天戮應試夢之當占大魁,1804
卷之一,天象部,天,上天折蘭大吉,此夢紉瑞佩祥之象功名大貴財利富足得賢妻曰納美妾招秀女主應春秋之月必逢清貴之祥,1812
卷之一,天象部,天,身飛上天變鳯凰大吉,鳳凰鳥中王變之者人中鳳也丈夫定爲卿相女曰子必配王矦文人遇試必占魁元以文章名世,1816
卷之一,天象部,天,跨鶴升天吉,此象老人夢之福壽綿綿文人夢曰之秀發翩翩婚姻得成疾病罔痊,1820
卷之一,天象部,天,聞天雞唱,雞人初報玉皇宮傳道神仙第一峰曰提醒世間憧憧子一聲寒闕旭方東,1824
卷之一,天象部,天,乘龍上天吉,乘龍御天大爲貴象文士占龍頭武曰臣掛蟒袍之兆遇婚姻謀望俱吉,1828
卷之一,天象部,天,抱麒麟下天大吉,天上麒麟懷之下降乃大貴之象人若夢此曰必得奇異之子初仕夢此當遷𮙥補之職,1836
卷之一,天象部,天,白魚化龍飛上天大吉,此乃脫白衣錦之象也文士夢之蛟龍雲曰雨從此飛騰若富者夢之大非佳祥耳,1847
卷之一,天象部,日月,日月同宮大吉主爵祿榮耀,夢此者父母俱泰夫婦齊睂子孫孕育凡事向明,1861
卷之一,天象部,日月,日月生草吉,沾需子嗣昌盛也日旁有月爲明明上生草爲萌曰夢有萌兆,1879
卷之一,天象部,日月,日月交蝕凶,此兆,1885
卷之一,天象部,日月,日月雙吞入腹大吉,此夢必產大貴兒生大貴女王矦之種曰后𡚱之祥也主建勛猷享名譽之兆,1892
卷之一,天象部,日月,日初昇吉,此兆位將陞福將至業將興病將起曰子將生財將發壽將增人將到也,1907
卷之一,天象部,日月,二日十日或日無數,夢此皆羣雄並起天下不寧之象平人曰主陽精不固氣體虛浮必火症發也,1911
卷之一,天象部,日月,日出雲霞映射吉,孤陽初振彩霞生中有蘢蔥佳氣萌曰光射蘭昆運新轉驀然騰出鐵圍城,1915
卷之一,天象部,日月,日黑暗凶,夢此者諸事不佳國主弱家主昏奸邪欺蔽之兆,1919
卷之一,天象部,日月,日鬪貞吉否凶,天無二日土無二王,1930
卷之一,天象部,日月,日缺半輪凶,月有圓缺日無盈虧夢此者主至尊曰駕幸雙親身損諸事不利大不祥也,1942
卷之一,天象部,日月,雲開見日吉,此夢爲臣遇君僕得主訟有理商獲利曰口舌散疾病除凡事吉慶非常之兆也,1946
卷之一,天象部,日月,日沉水底,凶有孚在道以明何咎日昃之離不鼓缶而歌則曰大耋之,1950
卷之一,天象部,日月,登山捧日大吉,登高山而捧旭日曰履帝居而輔聖君,1960
卷之一,天象部,日月,日蝕凶,此兆帝王夢之夷虜相侵官員同寮相妬曰平人椿萱憂患手足懷欺病者鬼神作祟,1968
卷之一,天象部,日月,山啣日大凶,日在上山在下夢此者主下人懷欺之曰兆臣弑君子弑父僕弑主大不祥也,1976
卷之一,天象部,日月,入日宮見聖眞大吉,步乹戶謁眞君爵位高陞名譽彰著也平曰人夢此事業隆盛羽流夢此道術精通,1980
卷之一,天象部,日月,神女授日吉,此爲孕獲麒麟枝生金玉之象夢之者必產曰王矦之子大吉祥也若捧日納口所孕尤奇,1984
卷之一,天象部,日月,羣兒弄日輪飛轉大吉,係小子失丈夫係丈夫失小子隨有曰求得利居貞幹父之蠱有子考無咎,1992
卷之一,天象部,日月,抱日大吉,此夢位至公矦子生睿聖之兆,1996
卷之一,天象部,日月,日中考試對策吉,夢中考試又在太陽之宮無不美利,2001
卷之一,天象部,日月,日光入戶吉日光入戶主貴人來也求名有意外之𮞸謀財有,望外之獲産孕有奇異之祥凢百事皆近貴榮寵曰臨門又有日光自窻中照身者必生大貴之子如北魏文昭皇后是也,2030
卷之一,天象部,日月,雙日照戸,此兆主有貴者聯車而至喜氣重重曰福祿綿綿也孕者主得𩀱貴子女,2036
卷之一,天象部,日月,日華五彩大吉此爲富貴光華之兆也貴人夢之主權埶日隆文,章日進常人夢之主事業新榮壽命遐永病者痊曰孕生貴百事無,2051
卷之一,天象部,日月,吞日大吉,此夢仕者夢之必登相位文人夢之必擢曰魁元孕者夢之必生貴子此大吉之占也,2058
卷之一,天象部,日月,日宮設宴大吉,此夢宴赴瓊林之象仕宦者當蒙賜曰宴,2070
卷之一,天象部,日月,日食懷中吉,此夢士人主佩玉璽金章婦人必產龍見曰鳳種吉祥異兆也,2075
卷之一,天象部,日月,日墜頭貞吉否凶,太陽之精墜于諸陽之首,2080
卷之一,天象部,日月,日繞帷入衾吉,此兆貴于功名瑞于子女,2105
卷之一,天象部,日月,車載日入室大吉,兆主驟貴乘車駕馬榮顯門楣商賈𫉬財曰滿載而歸士人登第傳驛而至無不吉利,2110
卷之一,天象部,日月,見日內有文字,此夢文明之象功名遂志餘以文字之意曰推之當有别應或文學日進制作垂名,2122
卷之一,天象部,日月,日宮折花吉,日宮兆爲春宮折花兆爲折杏文人主登雲曰歩月婦人主配虎諧龍平人主生貴美之女,2126
卷之一,天象部,日月,乘龍逐日大吉,此夢士人夢之主辰年擢魁元近天子大展經曰綸宏濟蒼主王矦夢之極貴常人莫及之兆,2130
卷之一,天象部,日月,鳳鳴立日中大吉,嗚鳳立于當陽夢此者主朝廷之上有忠諫曰之臣其在常人亦雞巢之鳳凰主丹宂生雛,2144
卷之一,天象部,日月,日照葵花吉,葵乃向陽之花葵心向官日光被葵君臣相曰得明良相慶也夢此者諸事必得忠心扶助,2162
卷之一,天象部,日月,日化龍吉,化龍變鳳皆爲貴象日乃雞穴西年生者夢曰之更吉人臣夢之遇明主人子夢之主親壽,2166
卷之一,天象部,日月,日生一𧢲,日一𧢲白字也,2170
卷之一,天象部,日月,月暗,月陰象暗陰中之陰也孕婦則吉,2183
卷之一,天象部,日月,新月如鈎啣大星,新月啣星兆主女主信老臣幼君侮宰職,2189
卷之一,天象部,日月,月墜落凶,此夢主國母凶憂之兆凡功名商賈交易諸事皆曰爲不祥病人孕婦尤爲不宜父母妻妾防有大悔,2194
卷之一,天象部,日月,燒香拜月,此象男女夢之主有私情暗約凡𡚱𡣕妻妾當曰得夫主懽心事事隱暗之中必有際遇吉祥也,2202
卷之一,天象部,日月,登山擎月大吉,兆主乘龍嬌婿也功名秋㮄首經曰商秋利興酒食豐需子嗣榮貴,2212
卷之一,天象部,日月,林中明月吉,兩木成林兆戰爭太陰明耀氣豪英曰霜翎一矢將軍勝凱唱旋師四海寧,2216
卷之一,天象部,日月,山啣月,月在上山在下月爲山所啣上陵下替入山𫉬曰兎又爲月屬陰山屬陽陽克陰之象因人而占,2220
卷之一,天象部,日月,月出海中吉謀望無不遂心,婚姻成財利至孕貴子名譽起,2224
卷之一,天象部,日月,波底映月凶,月沉水底凶象也,2232
卷之一,天象部,日月,月中見放㮄大吉,此爲秋闈㨗喜之兆也旣見其㮄曰有各無名誰名巳各必記之眞,2257
卷之一,天象部,日月,月中娶妻吉,主有王矦之女妻之太陰之府姮嫦曰居也得諧其偶天仙降也夢此皆利,2261
卷之一,天象部,日月,月入懷大吉,月爲貴徵懷爲孕象曰化家之裔弄瓦弄璋,2271
卷之一,天象部,日月,捉月貞吉否凶,此夢獨利文人應主,2285
卷之一,天象部,日月,月中有身影吉,老人病者則身入陰虚之地不爲隹祥小人夢之曰月中有人爲肉主得酒肉之喜,2291
卷之一,天象部,日月,月繞房屋大吉夢此者問名將起,問利將通問婚女求男問信陰人傳官訟有人和曰疾病祈陰私之鬼祭月孛太陰眞君,2300
卷之一,天象部,日月,月穿入戶吉,主有美人私至娠姙夢之必招貴曰女亦主遠信至或遠人來顧之兆,2308
卷之一,天象部,日月,月入樓懸樑上貞吉否凶,此兆,2312
卷之一,天象部,日月,帶鋤人坐月中,月屬陰鋤助金也坐安享意主陰人曰内助得力之象亦主國泰年豊之兆,2325
卷之一,天象部,日月,月裏美人折花喚大吉,美人仙娥也花仙桂也喚有名也文人夢曰此歩蟾宫攀秋桂平人夢此主得貴子,2329
卷之一,天象部,日月,吞月輪大吉,月入口者貴人入腹也大吉之兆又主曰文人才學日進表裏通明爲宇内名士,2340
卷之一,天象部,日月,兒從月中墮貞吉否凶,月主陰屬孕婦,2346
卷之一,天象部,日月,巵中飲月凶兆主虚花無實,此者功名不進商賈無利婚姻孕育皆爲空喜卯曰酉之期不,2353
卷之一,天象部,日月,衣帶駕空取月下大吉,繡帶翩翩高駕姮娥苒苒臨凡曰竚盻泠泠霄漢頻添馥馥生香,2360
卷之一,天象部,日月,月飛入袖大吉,此乃陰精入懐之兆也夢之者主曰得貴子賢姬名利亨通諸事大吉,2364
卷之一,天象部,日月,兩月相擊,王矦之府宫闈見妬士庻之家間室爭妍,2372
卷之一,天象部,日月,登梯摸月大吉,登梯足上升摸月手得瑞平地升曰天必用雲梯文士飛騰平人遇貴,2384
卷之一,天象部,日月,開卷出明月吉,開卷見蟾宮蟾宮垂奇彩文人夢此曰取秋解占春魁平人夢之未爲不吉,2388
卷之一,天象部,日月,名字在月中,此夢名題桂籍之兆常人夢之當有大貴之人出曰于其地病人當主名登鬼籙須急保禳乃無咎,2392
卷之一,天象部,日月,珍寶裝成月吉,群仙拱壽玉萃瓊圍利名之美妻妾之娛,2398
卷之一,天象部,日月,入月取寶吉求名貴于卯酉兩月,求利宜于西北二方也,2403
卷之一,天象部,日月,月裏有花,元月魯不花中式浙闈第一方掲曉試官夢月曰中有花,2411
卷之一,天象部,日月,蚌化月貞吉否凶,此乃冊𡚱爲后易妾爲妻之兆也,2423
卷之一,天象部,日月,月裏栽蘭大吉,仙窟栽仙種天葩散畹香,2433
卷之一,天象部,星斗,大星明朗大吉,大星公卿之應明朗祿位顯也革故𪔂新欽曰天治曆夢此者當有正人扶持成國成家,2448
卷之一,天象部,星斗,星行動吉,新求利轉方求名遊學官訟别訴病者禳星孕防曰墮婚不成行人歸音信至閨中夢之主有媒至寡居夢之主有子女來探也,2454
卷之一,天象部,星斗,星行列整,星宿分位大君得臣主人𣸸僕也兄弟協睦妻妾曰安順子孫茂盛士人文章進益平人財利充盈,2459
卷之一,天象部,星斗,星辰散亂,星辰者群工象也散且亂曠官越爼直職辭曰朝主大臣憂危之兆平人作爲紛擾不順,2463
卷之一,天象部,星斗,星芒光彩,此乃光芒絢彩文章盛進之象女人得之子有曰文譽夫當榮顯五星聚奎太史奏賢人聚是也,2467
卷之一,天象部,星斗,流星墮地凶,流星體不寧墮地命應傾其人非所當官非旦夕曰臨流星主賢士墮地者凋謝之象有光主享貴,2471
卷之一,天象部,星斗,接大星如虹,孕生睿聖曰勿妄覬也,2475
卷之一,天象部,星斗,星如月明大吉,吉曜弘朗運命亨嘉文士夢此台階之輔曰兆無不慶天子養老尊賢俊傑在位之應,2481
卷之一,天象部,星斗,大星揺動隕地大凶,有流星隕地者主體不寧官訟至飛災來宜謹避曰之如王璵道,2485
卷之一,天象部,星斗,星月雲霞吉,君君臣臣父父子子夫夫婦婦兄兄弟弟團圓曰康泰之兆夢此者當有秀貴子孫以文章名世,2491
卷之一,天象部,星斗,流星入口中否凶流星者飛殃也入囗者閑非也主官訟不得辨明,疾病不能脫體財利爭競必費口舌惟文人孕婦曰大爲吉祥行人,2495
卷之一,天象部,星斗,吞星吉,碧落沉沉𠊓太陽台芒入口異膏粱,2516
卷之一,天象部,星斗,星流不落貞吉否凶,流而復舍兆應遷移病人有救曰遠行未歸懷孕未產求利虚浮,2521
卷之一,天象部,星斗,足履星樞歩,北齊高祖高歡夢履衆星而行寤而自喜後果曰代魏爲帝夢此主爵位崇高威權在手之兆,2526
卷之一,天象部,星斗,大人星○或云此星即穀星,主五榖約三十六星春如衣冠拱立夏漸鞠秋漸曰俯以求秋成也農事畢則隱矣夢,2542
卷之一,天象部,星斗,文昌星大吉,兆主文明才名大利女人曰夢此夫榮子貴大吉昌也,2549
卷之一,天象部,星斗,手執斗杓吉,此兆執掌朝綱權傾四海之夢也如夢執曰星者女配貴夫僕投明主亦壽命之兆,2558
卷之二,天象部,風雲,狂風驟雨,霪雨烈風怒號傾注主朝廷有威命號令常曰人夢之諸事有阻驚險沉迷謀作顚連之狀,2602
卷之二,天象部,風雲,風走砂石吹塵垢,風者動象走砂石地不寧也移徙則吉○又曰主有憂事下害上小害大奸邪閉正之象,2611
卷之二,天象部,風雲,塞外風起貞吉,行師防賊兵盗刧商賈疑强人擄掠親友生風訟曰事更端尤主邊方有警報應在西北地秋冬時,2619
卷之二,天象部,風雲,風送雲開見三光,風捲雲去無踪也光明亮運通達也夢此者當去曰暗投明否去泰生父母兄弟之間有喜事彩色,2623
卷之二,天象部,風雲,風捲波浪涌,此夢事主更變之象也風捲無定準浪生有曰波瀾交易訟事婚姻百事湏防變遷反覆,2627
卷之二,天象部,風雲,熱極凉風忽至士人科選之兆,求利者宜審人世炎凉相看閨中定有遠信病中曰定遇良毉訟者,2631
卷之二,天象部,風雲,風披頭髪吉,櫛風之微創業勤辛應之以德順天而行曰爲亂爲理豪有𫝑乗苟或自逞虞召災迍,2638
卷之二,天象部,風雲,當風飲酒吉,臨風飲酒曠懷樂意也人若夢此解悶曰消憂吉祥之兆也文士臨試夢之大利,2642
卷之二,天象部,風雲,神人驅風吉,此乃乗權迸惡之兆夢此者必曰有忠良除奸佞國泰及家寧也,2646
卷之二,天象部,風雲,風伯,風伯主灑塵夢此主憂疑釋外侮消更曰有貴人扶持家政清睦小人𨓤避之兆,2650
卷之二,天象部,風雲,風母出九德縣似猨,夢此主來日風起亦主陰人暗損小人窺伺曰恐有訟事無端而興宜遠慮謹防之可也,2654
卷之二,天象部,風雲,風送父母入雲端,風送不寧雲端仙兆也父母病中不宜夢此如曰父母巳故者主二親冥中超昇成果現靈之應,2659
卷之二,天象部,風雲,乘風身如飛貞吉否凶,夢此兆者馮虛御風輕身上騰之象必曰主病内損外熱否亦飄揚浮浪不佳也,2671
卷之二,天象部,風雲,大風中卧吉,兆主安穩承平○盛暑中夢此乃乘風之令應作曰事便易寒冷間夢此乃侵侮之兆宜潛修自𠈃,2676
卷之二,天象部,風雲,風吹人衣,風飄飄而吹衣意優游以忘懷夢者謝職歸曰田之象○和風吉烈風凶憂疑時憂疑解,2680
卷之二,天象部,風雲,巾幘風吹落地,此夢士人主變儒冠進袍服貴人主曰解朝衣歸田里常人主有讌會飲食,2684
卷之二,天象部,風雲,風送霞帔披身上大吉,霞兮帔兮披兮覆兮不日騰驤名譽彰矣婦曰女夢之主夫榮子貴釋道夢之主功成果證,2688
卷之二,天象部,風雲,風撼樓閣欲倒凶,樓閣崔嵬忽欲傾綠知意氣實無情曰人間應有移家兆更隄門戶少人撑,2702
卷之二,天象部,風雲,風送舟車行大吉,是夢也名成利就訟勝謀通○舟車得風送曰而行乃舟車籍風力主作事有好人輔助,2708
卷之二,天象部,風雲,逆風掛帆,此夢凶中藏吉轉移之力求名問利先難後曰易事有反覆音信覊遲行人阻隔官訟宜和,2712
卷之二,天象部,風雲,風翻㮄文,文人夢此題名金㮄病者夢此錄籍幽冥曰餘皆美兆○謀事恐有翻覆難成之意,2716
卷之二,天象部,風雲,風飄經史入帝都吉,文傳內府譽著皇都士人得第之象○曰平人夢此必有親戚故舊得第高擢,2720
卷之二,天象部,風雲,風起金穴,金屬商主刑穴生風刑獄事發財將曰散也○考試夢此爲神助進取之兆,2729
卷之二,天象部,風雲,風送桂香大吉,桂秋花貴徵也送香㨗信也孕婦得貴子閨女配曰貴夫凡遇三秋之期當有天綠奇合意外隹音,2733
卷之二,天象部,風雲,狂風吹折大樹大凶,夢此者䘮大臣亡妻子傷勇將損良僕卑幼曰兆此殃家長殞君親行商虧本謀望有阻,2747
卷之二,天象部,風雲,風吹松響吉,過雲開錦綉松響奏笙竿曰耳聽好消息眼望㨗旌旗,2751
卷之二,天象部,風雲,風猛雁行散,風吹雁散主兄弟友生分離飄散之兆又曰曰夫妻本是同羣鳥大限來時各自飛,2759
卷之二,天象部,風雲,風中蝶舞凶,浪蝶乎林飛狂風乎披擊夢此乎浮踪曰飄飄乎寄跡游無定準寄食他鄉之兆,2763
卷之二,天象部,風雲,風送𩿾烏飛騰大吉,鵬飛九萬斯蒙休之夢言士人君子曰主前程遠舉常人商賈主獲利他州,2767
卷之二,天象部,風雲,雲散亂,動作輕狂虚游無實凡事有初弗克有曰成之兆經商者防財物耗散同夥異心,2775
卷之二,天象部,風雲,祥雲四起,可望事可求嗣可聯婚凡事四面皆有喜氣不謀曰自至機括現成官訟未結行人即囘士女有所懷不期而合軍兵有警必嚴而治,2779
卷之二,天象部,風雲,雲遮星斗凶,星移霧掩斗轉雲迷朦朧昏蔽之象也夢之曰者羣臣竊柄婢僕專權文名不進諸事淹留,2789
卷之二,天象部,風雲,衝開雲路走大吉,衝雲衢開天戶羣英莫敢争先凌曰霄翀漢之象餘者夢此皆爲吉兆,2795
卷之二,天象部,風雲,洞中綵雲貞吉否凶,别一洞天雲行彩繞名登金㮄位列瑶池孕曰生貴子婚配良人羽流兆此必仙家之侶也,2799
卷之二,天象部,風雲,黑白雲繞身凶,黑者色玄主陰白者色素主刑繞于曰身非有凶喪之故必主兵革之災,2808
卷之二,天象部,風雲,呵氣化雲飛,氣吐虹霓萬丈筆掃風雨千軍文士名楊四海營曰謀利取兼金凡事佳祥之兆也女人主有酒食,2812
卷之二,天象部,風雲,吞彩雲大吉,五彩雲吞九重澤被騰驤富貴學問曰聰明如張逈夢之而精雅道是也,2816
卷之二,天象部,風雲,神女行雲,夢此者主有美人求配貴女投胎之象也高唐曰事何幻巫女在山陽了得行雲趣朝朝髩帶香,2820
卷之二,天象部,風雲,兒乘雲起大吉,雲瑞氣乗之上達也夢此者子位台垣孫榮桂闕曰富貴莫及兆應宋文丞相大父夢一兒乘紫雲車,2824
卷之二,天象部,風雲,登雲貞吉否凶,歩雲飛漢夢此者求名成龍求婚跨鳳求利騎曰鶴凡事皆有向上之兆惟病人兆之未爲佳美,2828
卷之二,天象部,風雲,剪衣成雲,此夢雲想衣裳天孫爲織之兆主懷思美女宻約曰私期如老病夢之雲爲烟氣剪衣起烟大非吉祥,2833
卷之二,天象部,風雲,雲成壽字吉,夢之者介景福綏睂壽年同日月福比山河孕者曰生子以此名之必非凡器乃富貴福壽之徵也,2837
卷之二,天象部,風雲,靑雲生履上,足上生雲雲色靑靑文人際會病隔紅曰塵○主商賈得利有遠行事驛馬星動,2841
卷之二,天象部,風雲,雲捧日大吉,捧者拱也兆主臣補衮闕子舞斑爛曰女子夢之孕懷奇貴婚配英雄也,2845
卷之二,天象部,風雲,祥雲滿室大吉,祥烟萃于高堂瑞氣靄于深闥産賢孫于鳳曰穴騰貴子于龍門萬事豐亨富貴福澤之兆,2849
卷之二,天象部,風雲,紅雲起庭中吉,雲之物游無定也紅之色喜隹祥也居官曰遷位在舍移家大財將發奇瑞當來大吉,2853
卷之二,天象部,風雲,筆硯生雲,雲生書錦繡錦繡壓羣英○主文士文思曰泉湧筆花墨霧名世不朽學問日進之兆,2861
卷之二,天象部,風雲,乘雲至佛國,夢此兆者仙遊近矣素奉佛教者誠意所曰感當得樂界之分○當了父母之香願,2865
卷之二,天象部,風雲,撥開雲霧見靑天大吉,撥雲開霧佳兆也文人夢此名成平人訟勝曰商賈利益病者立愈此爲破暗求明之象也,2869
卷之二,天象部,風雲,拂雲見書文大吉,舞袖翻雲拂雲展卷上達兆也雲映書文書曰文明朗招賢象也主胷中渣滓去清虛來,2873
卷之二,天象部,風雲,玉中雲出貞吉否凶,兆玉逢凶化吉利貞君子多識前言往行以曰畜其德美玉發光結成祥雲亦得君之應也,2877
卷之二,天象部,風雲,雲飛化金錢,間卜之兆○此夢春夏則吉有天降曰之福意秋冬則凶有天降之災意,2882
卷之二,天象部,風雲,雲中牡丹盛開,牡丹屬陰富貴花也茂于雲中産鸞凰爲后𡚱也曰結而易散秀而不實主有姚黃之客貿利求名,2886
卷之二,天象部,雷雨,大雷大吉,雷有聲名譽傳也在易爲震文明號令震驚曰修省之兆得此夢者主名利之客譽起業興,2907
卷之二,天象部,雷雨,雷從地起大吉,平地一聲萬物啓萌英雄遂懐狂愚警曰省當遷移應之○應試首擢文名冠世,2911
卷之二,天象部,雷雨,雷收聲貞吉否凶,此夢收歛𨓤藏之兆凡事宜三思而後作無曰咎遷移交易婚姻營謀不利文士聲名不起,2915
卷之二,天象部,雷雨,雷電風雨貞吉否凶,此夢可驚可危可修可省可遷可避可忍可止曰湏謹愼方吉貴人得之或又見蛟龍主大吉也,2920
卷之二,天象部,雷雨,雷起四方大吉,雷主名起四方馳四遠也坐賈行曰商交易暢利騰蛟起鳯名譽蜚英,2925
卷之二,天象部,雷雨,雷聲喧震關塞外,威震邊關行師大利英才得志此爲名振華曰夷聲聞四海之兆也君相夢此主邊疆有警,2929
卷之二,天象部,雷雨,雷電光燭身,雷電火文明之象光燭身榮寵之臨祿位至曰矣婦人夢之夫榮子貴婢僕夢之家長顯達,2937
卷之二,天象部,雷雨,雷燒鬚髪去大吉,此解慮除煩之意功名大利財源盛獲出行曰遇貴人疾病散口舌消出頭高皓馳辨蘇張,2941
卷之二,天象部,雷雨,雷擊頭碎凶,警人修省之象官不宜見病者未痊功名不曰利爲商遇盗行人被阻出行受欺大不祥也,2945
卷之二,天象部,雷雨,雷驚失飲食,靑梅之會先主紿曹孟德使之如在夢中而自獲曰勝算今夢合之爲口食失濟之兆不爲吉祥也,2953
卷之二,天象部,雷雨,懼雷掩耳,灌耳姓名傳掩耳姓名湮○夢于春夏曰主作事退怯夢于秋冬主外侮不侵,2957
卷之二,天象部,雷雨,雷震子大吉,子受皇恩之兆凡人夢之未得子者必産麒曰麟巳得子者主登科第平人夢之主驟富,2962
卷之二,天象部,雷雨,人與紙丸作雷響,此夢虚驚不實凡事多說而少成反有驚恐曰家宅不寧交易不就凡百行事防有災傷,2966
卷之二,天象部,雷雨,雷震殿宇貞吉否凶,遷官起宅大吉殿宇動者見地雷霆降者有田地曰動成田墾闢田園富而益富得産進業之兆也,2970
卷之二,天象部,雷雨,鬼驅雷電凶,驅雷逐電皆爲不祥鬼隨雷去曰者魁名不能遂志凡事失意,2975
卷之二,天象部,雷雨,雷火燒身上衣,脫白掛綠之兆功名遂志營謀吉病曰人即愈官事大勝交易利酒甘食珍,2981
卷之二,天象部,雷雨,雷擊樓房被火焚吉,攺門闢戶離祖更業遷移宅舍之兆夢之曰者財利驟益事業興隆光前而耀後也,3002
卷之二,天象部,雷雨,雷神繞室行吉,此夢皇恩頒賜封妻蔭子之象女子夢之配曰榮夫官事夢之得權力病者夢之遇毉扶,3006
卷之二,天象部,雷雨,懼雷避棺中,文明迅烈趨之者吉避之者凶避曰而入棺君命居官當官兢凛之象,3010
卷之二,天象部,雷雨,雷車轟轉至家,白日門前神者車天公飊發入萊居曰此生須恨稀人識猶幸轟霆爲我驅,3014
卷之二,天象部,雷雨,雷打木折凶,此夢主損口亡丁急宜禳解少者夢之喪父母老曰者夢之亡長子僧道夢之俗家凶貴人主失高位,3020
卷之二,天象部,雷雨,卷冊作雷篆文吉,金榜題名錦心掞藻之兆功名早就出師大曰勝表奏丹犀大吉祥也讀書者慧益才高,3024
卷之二,天象部,雷雨,聞雷讀易,有驚恐宜懴悔凡事自省種福無咎病曰人夢此了愿祈神即愈商賈有驚宜備,3028
卷之二,天象部,雷雨,大珠內作雷響,珠內雷鳴異寳傳聲防子孫之殃口曰腹之害○主作事意外變動不成,3039
卷之二,天象部,雷雨,雷電隨虹去凶,雷有聲虹有形聲隨形去不吉之兆也功曰名遺落病入膏盲商賈食本凡事不利,3043
卷之二,天象部,雷雨,騎虎驅雷吉,功名大貴經商獲利交易成病者速痊事曰業更新百事遇寅年月日必主亨昌也,3047
卷之二,天象部,雷雨,雷雨蛇奮起,穴中濳蟄忽達重穹旣變變而化化復烈烈曰而轟轟榮顯臨祿位至病人夢者非爲隹兆,3051
卷之二,天象部,雷雨,被霹靂打大吉,此夢得天之力有德能當惟曰正獲吉否亦爲殃不可妄貪矣君子得之主貴人助力,3055
卷之二,天象部,雷雨,陰雨貞吉否凶,陰雨爲憂疑沉晦之象夢此者貴賤懷愁曰男女多悔凡事宜小心謹愼以求趨吉,3063
卷之二,天象部,雷雨,紅雨肉雨毛雨血雨,夢紅雨主陰人有災夢肉雨主赤祥夢雨毛主曰有黨人之禍或主明日得錢如雨血主有大禍,3068
卷之二,天象部,雷雨,雨聲如音樂吉,未遇夢之必聞㨗報未娶夢之必得良姻曰官事夢之必主全勝商賈夢之必獲大利,3072
卷之二,天象部,雷雨,久晴得大雨吉,否極泰來之兆功名大貴行人未至經營曰利交易通暢行路遇相知婚姻有良媒,3076
卷之二,天象部,雷雨,大雨井溢獻出錦衣貞吉,此夢錦衣故里寵錫天恩求名曰大貴經商滿載吉祥榮顯也,3084
卷之二,天象部,雷雨,細雨,凡事不成官事少吉病者不能痊經營不遂曰志行人不至祿位不臨口舌不明出行不利,3090
卷之二,天象部,雷雨,半天晴半天雨貞吉否凶,此夢南順北逆東敗西成凡事半喜半曰憂之兆營謀作事當得去暗投明也,3094
卷之二,天象部,雷雨,行路逢雨吉,游䰟所依宻雲得雨凡人夢此口腹沾濡當曰得酒食宴樂逢雨而身不行者隔一日應,3099
卷之二,天象部,雷雨,雨中登山凶,人在山上此兆爲凶雨中豈吉乎此乃曰險阻不利之象病者夢之西歸近矣,3103
卷之二,天象部,雷雨,大雨池水溢大吉,凡夢池井漲滿皆大吉之兆主大富貴經曰商十倍事事吉昌宅舍安寧財源大利,3107
卷之二,天象部,雷雨,行雨吉,借神之力倚人之勢陰中曰得力親友相扶事皆吉祥,3111
卷之二,天象部,雷雨,大雨中朝君,臀無膚其行次且包無魚以杞包瓜含章有曰隕自天遇而不遇之兆或霖雨蒼生之應,3117
卷之二,天象部,雷雨,雨中耕田吉,此夢大有之象天相吉人不求自至論財大利功曰名貴人相扶病人遇仙醫出仕者當雷州之任,3121
卷之二,天象部,雷雨,抱子雨中走隨父母行雨中凶,抱子者喪女亡兒小口災殃不祥之兆也隨父母曰行必主老人幼口損折之事諸凡謹愼修省爲上,3125
卷之二,天象部,雷雨,披髪雨中行凶,朿髪者吉披髪者凶此夢陰私相擾鬼神見曰咎之象還愿無咎○主作事舛錯不利之象,3140
卷之二,天象部,雷雨,祈雨吉,太陽當空萬物皆亨此夢女子得之婚姻曰成男子夢之守孤獨病人夢之不藥而愈,3144
卷之二,天象部,雷雨,祈晴,陰巳盛陽欲開商羊舞祝融來疾曰,3148
卷之二,天象部,雷雨,迎婚逢雨吉,此夢乹坤將合忽逢潤澤夫婦必白頭相守父曰子必綵舞承歡兄弟必手足相扶吉祥之兆也,3153
卷之二,天象部,雷雨,雨中厮打否凶,此争恩奪寵之兆官事不明交易未定曰病者宜禳○主有失脫是非之咎謹之,3157
卷之二,天象部,雷雨,大雨中考試吉,應試逢雨不爲亨利夢中得之乃吉徵耳曰功名大利○蛟龍得雲雨春秋兩闈大利,3161
卷之二,天象部,雷雨,天雨忙奔欲尋躱,避難趨吉未爲不祥求名須扶病人投醫曰婚姻託媒出行擇伴訟事和解諸事皆吉,3165
卷之二,天象部,雷雨,雨中舞,此乃水裏狂游之象雖樂帶憂雖安藏險曰主凡事得意中須防失意樂不可極矣,3169
卷之二,天象部,雷雨,受雨入口以手承雨,雨入口飢餒之兆惟病者服藥則爲天醫曰賜澤其疾可痊也夢手承雨露隹祥立至,3173
卷之二,天象部,雷雨,在雨中飲食,錦衣玉食君恩賜宴之象在任必陞曰官致仕必起𠮥常人夢之亦皆吉利,3177
卷之二,天象部,雷雨,雨中戴帽,夢戴帽者爲加冠遷位大富貴也若値求曰名之時又爲不得出頭以沾恩潤之象,3181
卷之二,天象部,雷雨,雨溼衣凶,病禍臨身憂愁多悔此夢訟事不宜興争曰闘不宜勸病人不宜問交易不宜作保,3187
卷之二,天象部,雷雨,雨溼街道行脫履吉,脫離濘滯出步而行仕宦夢此旦夕高遷之曰兆病者愈經營利凡在禍患者皆得脫也,3191
卷之二,天象部,雷雨,大雨破墻屋凶,敗國亡家之兆○又曰士君子曰夢之主沾恩澤除舊更新之應,3195
卷之二,天象部,雷雨,雨中庭水泛大吉,此夢財利盈箱經商滿載萬事豐殷吉祥之曰兆也庭爲井井中有泉泉爲貨貨者財也,3199
卷之二,天象部,雷雨,坐獄中見大雨吉,此夢獄中夢之遇赦病中得之有良毉又獄禁錮曰之地値大雨不出之兆必待貴人力以應雨乃出,3203
卷之二,天象部,雷雨,雨中乘舟車大吉,簇我軿輪重羅覆身甘霖垂澍名利咸亨泛曰彼小艇載重帆輕零零四灑身世非眞也,3211
卷之二,天象部,雷雨,門外雨成波浪吉,此夢禹門浪激之兆士人得第仕宦得官常曰人得橫財婦人得孕無事不有吉祥來臨也,3215
卷之二,天象部,雷雨,硯上雲起成雨下吉,勺水起蛟之兆求名大貴交易有成婚曰姻必就營謀遂志○考試大利謀望成,3219
卷之二,天象部,雷雨,雨中使兵器凶,此象英雄困頓文不能施武不能展名不能曰揚功不能就也○洗兵欲韜兵也歛藏之兆,3223
卷之二,天象部,雷雨,赤雨凶,赤地千里災荒不雨兵火離散之象行人曰遇難作事遭阻也○夢此主有血光之災,3227
卷之二,天象部,雷雨,雨晴吉,虹銷雨霽彩散雲衢之象求名遇貴問利將亨官曰事主解憂事主散家道中興凡事否極㤗來也,3231
卷之二,天象部,雷雨,雨打書籍貞吉否凶,此兆夢于應試前後,3235
卷之二,天象部,雷雨,天雨落紙成文字吉,雨者水也水成文爲波也落于紙上曰爲伸紙揮毫也主文思波瀾之夢,3241
卷之二,天象部,雷雨,雨水入宅化金銀,此爲驟富驟貧之兆諸事雖吉不能悠遠曰交易反覆宅舍遷移亦憂中生喜之兆,3249
卷之二,天象部,雷雨,雨下庭中捕魚吉,諸事遂吉功名得貴商賈得利訟事得勝曰婚姻得偶交易得就出行得食病人得愈,3253
卷之二,天象部,雷雨,雨中螢火貞吉,周羅星斗隱隱熒熒蔽野徹生如蟻如雲曰空中霖沛乍滅乍明孤陽未絕衰處謀興,3261
卷之二,天象部,雷雨,天大風雨龍騰起吉,飛龍在天利見大人功名顯貴頭曰角峥嶸衣錦還鄕吉祥之兆也,3265
卷之二,天象部,雷雨,大雨騎馬折花大吉,折杏攀花題名金榜金勒紫衣燈燭煇煌曰此爲登科佳配状元歸去馬蹄輕疾之兆,3269
卷之二,天象部,雷雨,雨點變花貞吉否凶,此夢孕婦夢之必産貴女男子夢曰之必得美妾披錦簪花之兆也,3273
卷之二,天象部,霞電,落霞光散凶,此兆曰暮無光夢之者晩景凄凉桑曰榆飄落作事不終疾病不吉之兆,3290
卷之二,天象部,霞電,彩霞光映身貞吉,霞照身寵臨名遂也孕婦生賢子處女配曰良夫臣𪧛恩寵降文士藻思多無不亨吉,3294
卷之二,天象部,霞電,霞照衣裾大吉,衣錦榮身之象有大喜慶生賢子得良曰友作事利謀望有益貴人靑盻之兆,3302
卷之二,天象部,霞電,桃杏開花襯霞色貞吉否凶,映祥光而桃艷襯瑞色以杏芳曰幹功名而得遂求婚媾以爲良,3306
卷之二,天象部,霞電,電落山中吉,此乃憂煩解散之兆病人速愈官事緩口舌曰散若婦人夢之主墮胎或落澗中必生貴子,3315
卷之二,天象部,霞電,電光照人吉,功名榮交易利作事好出行遇貴人病者得良醫曰官事勝宅舍寧行人至酒食豐孕生子事無不吉,3319
卷之二,天象部,虹霓,絳虹一名美人虹,夢之者主荒餒之象○又恐有私淫之曰禍女奪男權陰操陽柄室家欠正所致,3338
卷之二,天象部,虹霓,虹斷貞吉否凶,夢此兆者謀事阻隔壽命不長凡夢虹者曰以紅赤爲吉黑白爲凶斷者大不祥也,3347
卷之二,天象部,虹霓,吞虹霓,虹霓雲雨乃現夢中食之孕婦主産剛强之曰兒文人主伸英雄之氣壯士主生戰陣之威,3352
卷之二,天象部,霧露,黑霧迷身開復合大凶,黑霧瘴厲也惡氛也易曰迷復凶也有災曰青用行師必有大敗作事亦主阻隔難成,3364
卷之二,天象部,霧露,大霧中行貞吉否凶,霧中行行雲之意夢此者凡事皆有潤澤曰至如疾病未痊憂悶未散訟事難明失物不見求望不眀,3368
卷之二,天象部,霧露,霧迷宫室,此夢霧迷宮室乃烟繞屋宇之象家門防有囘祿曰之災也急須設醮祈禳保安轉𥚟爲福修省爲上,3373
卷之二,天象部,霧露,黃霧塞天凶,霧塞者天地不明日月不現夢之名不成利不就曰事隔絶也貴人主邊疆有警奸佞僣竊諸事不祥,3377
卷之二,天象部,霧露,手持布帛化大霧,朝非雲氣暮非烟來亦無踪去亦然曰嬴得妖氛九里布却令掌握有威權,3381
卷之二,天象部,霧露,露霧昏迷否凶,此爲蒙昧不明之兆凡事曰不祥不宜進前切須愼之,3385
卷之二,天象部,霧露,露溼衣吉,露者仁瑞之澤濃露溼衣吉祥之兆行路逢酒曰食婚姻佳偶商賈得財皇恩雨露喜慶異常,3391
卷之二,天象部,霧露,露滴花開吉,逢恩遇澤之象功名得際官事得助病者得曰毉經商得利交易得就出行得食怨女得夫,3395
卷之二,天象部,霧露,月明露下,此象不問男子婦人夢之者必有私情事曰至如夢甘露主沾恩澤生賢子家事殷庻,3403
卷之二,天象部,霧露,吸露貞吉否凶,餐靈受澤之象陽虚陰盛陽現陰消文士胸懷虚曰曠道人體骨清高病者必逢良劑下人必遇恩膏,3407
卷之二,天象部,霧露,滴露成珠貞吉否凶,陰結爲陽虛變爲實柔轉爲剛小人夢之幻曰妄君子夢之吉昌露潤萬物成珠萬事有成,3421
卷之二,天象部,霧露,取露磨墨硯水溢,主文章進益毉理神明○天澤龍池相濟曰而麟髓佐之夢此者神明之妙所出也,3426
卷之二,天象部,霜雪,霜露降下大吉,露降霜敷皇恩被澤士人夢之寵臨曰祿至常人夢之貴助賢扶佳祥兆也,3438
卷之二,天象部,霜雪,踏霜早行,履霜堅氷陰氣始凝趨利乃吉徤愼則亨霜曰以殺物早踏行亦遇事坎坷謀爲艱難之兆,3446
卷之二,天象部,霜雪,筆頭霜結不可解凶,此象文人筆凛秋霜其餘兆此不可輕易曰作書慎之無咎作事不諧憂疑不釋之兆,3450
卷之二,天象部,霜雪,雪珠大下,雪成珠六歸一方爲員花結果但堅而易曰消夢此象者望有小財至防有小憂來,3454
卷之二,天象部,霜雪,雪飄吉,兆主病除煩解訟息憂消若經商夢曰之不能聚財謀望夢之不得遂願,3458
卷之二,天象部,霜雪,雪消貞吉,無煩無惱是天仙睍蜆來時陰氣濳曰縱是膏肓有𥪡子朝看勿藥自安痊,3462
卷之二,天象部,霜雪,大雪下大凶,此兆大不祥夢之者椿萱辭世手足曰分張夫妻喪偶子嗣遭殃切宜禳解,3466
卷之二,天象部,霜雪,山上雪堆,積憂聚悶之象商賈得之艮爲山山色如銀曰銀聚成堆大獲財利也父在堂恐有憂服,3470
卷之二,天象部,霜雪,雪積關隘不得進凶,文人夢之功名不遂武士夢之征曰戰難勝諸事有阻隔病者不爲殃,3474
卷之二,天象部,霜雪,有人雪中相訪貞吉,雪中三顧乃起臥龍此爲君臣相遇朋友相曰投陰陽會合之象,3480
卷之二,天象部,霜雪,冒雪歸吉,初九不出戶庭无咎六三不節若則嗟若曰无咎九五甘節吉往有尚初困終亨之兆,3484
卷之二,天象部,霜雪,雪中舞貞吉否凶,戲舞斑衣之兆老者夢之必生孝子順孫少曰者夢之必獲瞻父依母亦疾病脫體之象,3488
卷之二,天象部,霜雪,行䘮遇雪,兆主重喪大爲不祥若貴人夢之行喪之反爲赴曰官遇雪之反爲被澤必主遷權赴任占不一律也,3493
卷之二,天象部,霜雪,人呼看雪吉,天花瑞徵也呼名揚譽也賞心樂意禎祥之兆曰也陽春白雪寡和之調呼看則屬和有人也,3498
卷之二,天象部,霜雪,臥雪地大凶,雪而在地是爲陰地臥其中是爲陰中之陰曰夢此者文士虚名商人虚利家庭更有孝服,3502
卷之二,天象部,霜雪,雪落身上大吉,夢此兆者文士披綵武士更袍經商曰獲利婚姻成偶交易暢利諸事皆成,3510
卷之二,天象部,霜雪,吞雪,窨心汲齒之兆夢此者功名商賈諸事曰枉費勤勞防有閑非口舌六日内見,3518
卷之二,天象部,霜雪,雪飄體上成珠絡吉,天降佳祥之夢人若得之功名異路珠玉橫生凡曰事不謀自至病者雖纒身而無覊絆不爲凶也,3522
卷之二,天象部,霜雪,雪成宫殿凶,粉宫銀殿豈爲吉兆夢此者不宜遷徙曰不宜興造有親在堂恐有制服之變,3526
卷之二,天象部,霜雪,玩雪大吉,天花亂墜何紛紛幽人宴賞誰爲賔曰錦上添將成地六拈來詞句兆瓊林,3530
卷之二,天象部,霜雪,庭中積雪凶,兆主家有凶喪孝服臨身之夢宜禳解爲吉然積曰雪終消雖在庭中必不能久占作事有始無終,3534
卷之二,天象部,霜雪,擔雪送人吉,擔天花負地力獻良朋貢貴戚慶賀之兆也曰若夢人送至大吉雪花六出爲魁花應魁名,3538
卷之二,天象部,霜雪,燃雪燈,雪見火消無剰也夢此者家道日減經營失利諸曰事不祥莫能盡述惟陰暗憂病之事又爲佳祥,3548
卷之二,天象部,霜雪,雪裏行舟,雪裏行舟與陸地行舟何異凡事難成也曰蓋雪本瑞物以之行舟不能寸進之兆,3552
卷之二,天象部,霜雪,大雪耕田,農家夢之當主田禾豐熟收穫倍曰常春耕時夢不吉秋成時夢有收,3556
卷之二,天象部,霜雪,弄雪化牛羊貞吉否凶,雪化牛羊成大𪔂文士夢之頭𧢲峥嶸魁曰名天下于丑未年月應兆居六六之數,3560
卷之二,天象部,霜雪,聚雪成玉石,吉夢也文人主懐竒抱瑾女子主孕鳯胎龍曰玉石堅固之物以雪聚成恐亦虚貴不久,3569
卷之二,天象部,霜雪,梅花化雪飛,梅化雪凡作仙成雪陣舞層玄天香花𤼵曰之象梅暗香雪呈瑞此夢功名懐孕皆吉,3577
卷之二,天象部,霜雪,雪中現靑蓮花貞吉,兆主與佛爲緣化生彼土雪屬陰夢曰花原屬空花此夢必有空門之願者,3581
卷之二,天象部,霜雪,雪壓榖菜倒凶,榖爲食菜爲羮人之本也雪壓爲欺曰糓寒菜凍夢此者主有小人侮弄也,3585
卷之二,天象部,霜雪,燕子飛雪中貞吉否凶,玄禽兮春鳥舞雪兮飛高孕婦必生貴子曰秋元必獲春魁若父母有病不宜兆此,3589
卷之二,天象部,霜雪,雪作鵞鳬水上遊,鳬鵞性喜水水結成雪雪化爲鳬爲鵞以水曰濟水浮游無定虚泛無實凡事謀望不眞,3594
卷之二,天象部,霜雪,雪成蛾吉,女子夢之招賢夫産秀女男子夢此納美妾曰買良婢借問廣寒曾有種人間留得雪蛾名,3606
卷之二,天象部,霜雪,蟹噴泡作雪吉,瑞吐虹霓之象蟹者解也甲也士人曰夢此主解首攅花黃甲驚濤之兆,3610
卷之二,天象部,氷雹,水結氷吉,財源結聚之象婚姻就交易成功名亨諸事曰吉昌水着點成氷凡事須争一點不可忽也,3618
卷之二,天象部,氷雹,氷擁成山,易成易敗乍辱乍榮山勢崔峩可觀而氷山曰見日即消太陽一顯羣陰自伏不可恃之象,3626
卷之二,天象部,氷雹,硯水爲氷,硯水成氷揮毫閣筆士人夢之功名不曰克大遂若婚姻事必成凡事小就而巳,3639
卷之二,天象部,氷雹,簷水滴成氷,此雖淹留濡滯之象而交易有成官曰事和解疾病夢之不吉婚姻有成,3643
卷之二,天象部,氷雹,敲氷渡舟吉,水解木通之象氷散爲水水生木木爲舟曰舟行水路往無不利凡事猛力向進爲上,3647
卷之二,天象部,氷雹,卧氷上否凶,此夢未爲吉祥陰消陽陷訟事夢曰之防陷縲絏病人夢之恐歸泉壤,3651
卷之二,天象部,氷雹,吞氷,入口消鎔此夢商賈徒自飱風宿露不能獲利曰謀事枉費勤勞病者夢之爲解煩消熱之兆也,3655
卷之二,天象部,氷雹,渡河水忽合吉,此兆婚姻夢之大吉宅舍安寧交易有成曰出行得遇凡事多成少敗吉祥之夢也,3659
卷之二,天象部,氷雹,弄氷作鏡照人影,鏡中之物但見而不能取何况氷鏡乎凡事曰皆不實若主試應試者夢之當有知人之遇,3663
卷之二,天象部,氷雹,梅梢結氷成珠吉,清香寒徹韻幽玉視我仙肌謾光燭曰夜明鼂采綴夭心未造暮齡綏景福,3667
卷之二,天象部,氷雹,伐氷出魚吉,王祥卧氷出魚救母今若夢之父母有病漸曰愈婦人有孕主生孝子經商有意外之望,3671
卷之二,天象部,氷雹,天雨氷塊亂打身貞吉,此夢婚姻大吉凡事恐有陰人相犯陰鬼相纒陰曰事相擾病者急保禳無咎訟者用貴人扶助方勝,3675
卷之二,天象部,氷雹,雹落田禾吉,此爲結實豐有之象農家大利餘者夢此事皆曰有獲也亦陰脅陽所致禾稼受傷夢之吉少,3679
卷之二,天象部,氷雹,雨雹凶,此乃傷殘花草之象夢此者萱親染患蘭曰女被殃諸剚防有損傷大宜修德轉移,3683
卷之二,天象部,烟火,烟雲四起吉,烟氣生四方名利馳四遠也夢此者功名顯曰家業興商滿載訟獲勝凡事興發通達之象,3691
卷之二,天象部,烟火,烟迷山徑不得路凶,此夢名譽不著謀望不通商賈不利壽命不長曰官訟不勝音信不來疾病不愈淹留不進之象,3695
卷之二,天象部,烟火,滿屋烟迷目,迷目不明也滿屋不寧也滿屋烟迷曰咫尺不見或奸邪掩閉或火燭之虞,3699
卷之二,天象部,烟火,口中氣出如烟吉,口吐烟霞胸藏雲霧文人大吉平人口舌消曰散經云邪氣客心則夢見烟火亦宜愼之,3703
卷之二,天象部,烟火,衣上烟起吉,烟從衣起名從身傳財從身發病從身曰生君子有當體之榮小人有切膚之患,3707
卷之二,天象部,烟火,吞烟貞吉否凶,主口舌紛争包承小人吉大人否亨包羞曰傾否先否後喜防有疾病臨身火光之禍,3711
卷之二,天象部,烟火,竈中烟大𤼵吉,此爲家業興隆之夢兆主衣食饒足富貴吉祥曰也又曰烟雲繚繞欝勃炎蒸百事昌熾之應,3716
卷之二,天象部,烟火,筆底烟氣騰雲上大吉,英雄捉筆烟雲生矯矯絶跡龍蛇騰曰驚眸閃眼抵不匝一天長嘯離成羣,3720
卷之二,天象部,烟火,烟中鴉亂飛貞吉否凶,惡聲之鳥亂飛烟中災禍重重口舌官非之象曰兆應介子推白鵶繞烟之事又爲高隱馳譽也,3733
卷之二,天象部,烟火,空中火大發吉,火光大發陽氣所乘夢此者威聲大振家曰業大興經商獲利官事大勝諸事大吉,3738
卷之二,天象部,烟火,火光繞天吉,十人得朋名利交成易曰火在天上曰大有君子以遏惡揚善順天休命,3742
卷之二,天象部,烟火,野火凶,此夢盗賊蜂起奸佞羣生家國不寧之象曰火乃王氣見于其方則勝見于他地則衰,3746
卷之二,天象部,烟火,山上大火起吉,山上有火易卦爲旅旅覊旅也商賈夢此客曰邸興發官宦夢此祿宦高遷凡事尊光之象,3752
卷之二,天象部,烟火,老人送火至大吉,陰衰陽盛至尊垂恩之兆婚姻主女求男閨婦曰主夫遠歸病者主壽祿長家業主添丁進口,3756
卷之二,天象部,烟火,鬼神口吐火焰貞吉否凶,此夢鬼有鬼氣神有神威文人必中魁選平人曰家有虚耗病人當祀焰口鬼王餘防虚驚險事,3760
卷之二,天象部,烟火,身行火中吉,火者陽屬闢邪除穢也夢者主病曰即瘳身即發名即成貴人扶也,3765
卷之二,天象部,烟火,火驅車輪轉如飛,兆主氣轉新運轉亨利轉殷位轉陞家曰轉豐業轉興此爲恩綸飛報之夢也,3769
卷之二,天象部,烟火,火裏烏亂飛大凶,此兆帝王夢之邊關亂士庻得之家庭變夫婦失曰羣父子飄零紊亂災荒之象更防有火燭之災,3773
卷之二,天象部,烟火,取水澆火,水火旣濟豫防之象事事謹愼戒懼曰無咎心氣虚腎氣壯坎旣升離宜降,3777
卷之二,天象部,烟火,火滅凶,夢此者主家亡財散病入膏盲訟困縲絏不曰祥莫大焉仕宦夢此當有見幾明哲之思矣,3781
卷之二,天象部,烟火,見臍中火光起,董卓謀逆臍燈市耀夢臍有火是爲腹曰有光明惟正則生貴子不德必遭奇禍,3785
卷之二,天象部,時令,賀年吉,元旦令辰也夢此者不論往來主益壽延曰年之兆元吉凡考試經商皆有年相慶,3793
卷之二,天象部,時令,元宵賞燈大吉,此夢上元之節觀燈之會登元之兆也文士大吉曰餘者家業豐隆氣運亨通婚姻諧合骨肉團圓,3797
卷之二,天象部,時令,清明祭掃祖塋吉,耀祖榮宗之兆清明爲良辰令節展思曰一本得意者之爲也夢此見前人有光,3801
卷之二,天象部,時令,觀龍舟貞吉否凶,此兆非有虚喜必有虛驚浮而不實險而曰不害凡事皆宜小心謹愼應在木鄕午運,3810
卷之二,天象部,時令,大熱避暑入山凶,暑氣炎令也避之就寒氣也貴人曰兆此解組歸山若夏令夢之無妨,3816
卷之二,天象部,時令,穿針乞巧吉,人間乞巧天上佳期渡銀河入金穴也夢曰此者婚姻配偶財貨豐盈兆應七七之期,3820
卷之二,天象部,時令,中秋玩月大吉,此夢文章秋捷家室重圓之兆文人功名曰遂至女人孕秀女貴子也諸事吉祥如意,3824
卷之二,天象部,時令,重九登高吉,重九九重也登高高登也貴人夢此位佐九曰重士人夢之名高天下經商厚望訟事全勝,3828
卷之二,天象部,時令,登高雨阻,夢此兆者功名不能上達取利不能盡獲曰訟事息解病人漸愈立朝宜功成身𨓤,3832
卷之二,天象部,時令,寒凍吉,主炎運將囘否極泰來之兆寒爲歲曰之終凍爲陽之伏惟經商疾病不吉,3836
卷之二,天象部,時令,風雪中汗淋揮扇,風有令雪有光汗出不返扇以恩榮主上人曰恩命寵光不期而至謀不及謀望不虚望也,3840
卷之二,天象部,時令,除夕換符,此兆文人夢之攺門换閭光前耀後常人曰得之除遷居移舍事事隆盛氣運重新也,3844
卷之三,地理部,地土,地平曠大吉五方五色土居,中央至哉坤元萬物資始生生息息其利無窮夢曰此者富厚福,3875
卷之三,地理部,地土,地氣冲天,氣有五色紅黃逢良善靑黑遇强徒白主刑曰患赤主兵戈,3909
卷之三,地理部,地土,地開裂大凶,此夢土崩之象主公矦疾病主常人家業衰替人曰口不寧兄弟分居母妻有變奸雄鼎踞諸事不祥,3914
卷之三,地理部,地土,地高下不平,不平履險也夢此者主疾病訟不勝姻曰不成利不獲諸凡作事必艱難勞困也,3918
卷之三,地理部,地土,地動吉,兆主遷居移業攺舊圖新女人有悔,3922
卷之三,地理部,地土,居地土中大吉,物生于土人居土中處生地也,3931
卷之三,地理部,地土,人以地來降,梁武帝夜夢中原牧守以地來降曰吾爲人曰少夢此夢甚佳及矦景歸帝欣然納之,3936
卷之三,地理部,地土,掘地出土貞吉否凶,掘地人陰出土事動兆此者被人辱侮與曰人口舌易地轉土之象病者須告土保禳,3940
卷之三,地理部,地土,地下入地,純坤之卦利用陰私夢者恐有深入地曰府一重一罪之災急宜解禳鎭壓也,3945
卷之三,地理部,地土,伏地聽雷,陽氣濳藏陰欲通震來𧈅𧈅喚東風曰側聽耳根消息到驀地一聲驚卧龍,3953
卷之三,地理部,地土,下地見鬼神貞吉否凶,地下冥府鬼神皆陰象夢此者西遊近矣諸事不曰祥若見鬼神而蒙釋放或許延壽算又爲佳兆,3961
卷之三,地理部,地土,立地上與地下人語,兩陽隔陰下陰有陽上陽有陰,3984
卷之三,地理部,地土,地上交合吉,陽之英兮陰之精陰陽媾兮地之靈曰兆生子兮開大業凡人夢兮私事成,3991
卷之三,地理部,地土,掘地得金銀珠貝,平人主財名遂志女人主得奇男異女曰也,4001
卷之三,地理部,地土,埋兒入地貞吉,埋兒得金天感其孝意外之福永言有道曰有子應試當得科第吉有子病夢之凶,4018
卷之三,地理部,地土,滿地𤓰菜,此乃結實蔓衍之兆也夢者名利殷曰服子嗣森森田園暢茂婚媾通亨,4026
卷之三,地理部,地土,地上有宂見䑕入,子年月日必主遷移宅舍若曰病者屬本命生辰大爲不祥,4030
卷之三,地理部,地土,開土見棺屍,病者最不吉訟者尤不祥惟農圃得此稻曰黍豐熟菜麥全𭣣也止見棺吉若見屍凶,4038
卷之三,地理部,地土,食土到地大吉,此夢主福祿綿綿無限有源之象貴賤男曰女老少得之者無不福至祿增亨昌大利,4046
卷之三,地理部,地土,夫妻同土中,寢則同室死則同穴豈爲佳祥哉曰若病者夢之須防不測愼之愼之,4050
卷之三,地理部,地土,塟棺木入土吉,此夢仕宦者官居地官營運者隨地曰得財爭訟和解疾病不祥功名大吉,4054
卷之三,地理部,地土,土塊大吉,土生金利象也人與塊得業也夢此曰者主創大業獲大財出行得酒食,4058
卷之三,地理部,地土,取土吉,兆主不意之中横獲財利謀望有成曰遷移大吉行路拾遺物婚娶得妻財,4062
卷之三,地理部,地土,行上土堆大凶,土堆塚墓之形也行于其上非吉兆曰也夢此者主病不瘳諸事不利也,4066
卷之三,地理部,地土,吞土,非穀非肉莫煿莫烹𠰸之語塞咀之舌曰耕夢此者宜謹愼省畏修德以囬之耳,4070
卷之三,地理部,地土,土傳頭上血,此夢黃來掩赤陰氣成凝之兆得曰圡得衆下人上附占主大昌也,4080
卷之三,地理部,地土,宅中土漸高起大吉,土漸高名位陞家業豊交易貴營謀曰利貴人來疾病除諸事興盛隆𤼵,4086
卷之三,地理部,地土,入土中吉,身入土安穩象也,4090
卷之三,地理部,地土,攢土上宅大吉,貴人食祿千鍾經商獲利無窮,4096
卷之三,地理部,地土,運土石入家大吉,土乃厚重爲富之徵石乃峻大爲曰貴之象運入家庭富貴逼人矣,4101
卷之三,地理部,地土,空中起土貞吉,夢此兆者祿位高陞喬遷新厦之占萬物曰生于土空中起土者空手成立之兆也,4105
卷之三,地理部,地土,團土作彈丸貞吉否凶,丸泥封關英雄偉志孕婦得子謀事望空求之曰得遂與人爭競有小利病人恙入泥丸愼之,4109
卷之三,地理部,地土,打土成鹿大吉,此夢仕宦得之必祿享地卿曰之兆庻人夢之無往不利,4114
卷之三,地理部,地土,泥放寶光大吉,此夢地有光榮之象文人大貴市人巨富羽曰流證道緇服開山田家豊足凡事詳有土色,4122
卷之三,地理部,山水,崆峒,爲山之望入夢乃財物虚花之占崆爲空峒爲同曰主營求不得客伴不祥惟修煉家兆之主得道,4142
卷之三,地理部,山水,大小鐡圍,極樂大千世界之地非曰奉信空教者兆此不祥,4146
卷之三,地理部,山水,遊五嶽人鳥蛾睂天下名山,凡夢登名山巨鎭俱高明顯達之象宜以曰方向時地及查古先聖跡而推兹不概詳,4150
卷之三,地理部,山水,空山曠野,空曠乃利達之象山野乃往來之途曰兆主逺人來至凡事疏豁亨嘉也,4159
卷之三,地理部,山水,奔二山,此夢陷于囚獄者遇赦困于征戰者得曰脫病于床褥者逢醫事有扶助大吉,4163
卷之三,地理部,山水,山色雲籠,朦昧不明象也夢此者臨事必須謹愼斟酌曰徐待分明無咎一曰山出雲雲行則雨施吉,4178
卷之三,地理部,山水,山上流泉貞吉否凶,山上有水君子反身修德利見大人夢此曰官高祿顯獲利身殃必有扶助事貴也,4187
卷之三,地理部,山水,靑山大吉,少者夢之靑春佳偶才名遂吉病者返曰老還童壽無涯矣客旅夢之思鄉所致,4194
卷之三,地理部,山水,山有赤氣起吉,暑氣蒸人五穀生炎雲峻嶺突崚峋曰神移心膽遊旌指君子占之事得亨,4198
卷之三,地理部,山水,山上喚名,山頂相呼寵臨祿至利獲婚成英傑賢良神曰交心契山鳴谷應身濳一室名聞四達之兆,4206
卷之三,地理部,山水,上山恐懼貞吉否凶,靖共爾位受祿于天貴人夢之祿位至平曰人夢之福壽增惟婦人夢之非爲佳祥也,4210
卷之三,地理部,山水,山林中行吉,此兆商賈大吉餘皆獲利茂盛禎祥之夢高曰處行似吉以人配山仙也以人配木休也凶,4215
卷之三,地理部,山水,登山欲墮人推上,屈而得升曰急中有救,4223
卷之三,地理部,山水,在山穴中大吉,兆主文士位躋帝居,4229
卷之三,地理部,山水,高山上有深阬凶,此夢爲危爲陷若露若藏不論富貴貧曰賤男女老幼僧俗凡兆之者必大不祥,4234
卷之三,地理部,山水,山上拜古人廟,維山有神維人有靈神靈之交係有所矜曰審其誰氏斯判妖禎凡夢得焉匪爲惡徵,4240
卷之三,地理部,山水,負山有力,此兆任大位握大權食大祿獲大曰利諸事亨通暢利威福赫奕也,4244
卷之三,地理部,山水,上山人扶手脚大凶,人在山上爲凶扶手扶脚爲曰何徵兆不病而西歸有期矣,4248
卷之三,地理部,山水,手拍山大吉,掌有權山有埶在位加官平人遇貴婦人主曰得榮華福祿之子僧人主住持興旺之基,4252
卷之三,地理部,山水,抱物上山,孕婦夢之大吉論財利高山從下而曰上更抱物懐中此先難後易之占,4256
卷之三,地理部,山水,環山奔吉,夢主國運中興家業重整婚事還成訟者復曰勝,4265
卷之三,地理部,山水,𬨶見高山吉,隱隱峰巒嵬嵬睇盻好事多成圖謀風便曰主凡事成就如雙親在堂主多壽之兆,4270
卷之三,地理部,山水,掛絲山上,此兆病人曰不宜夢之,4274
卷之三,地理部,山水,鑿山開路吉,亨通進歩之兆夢此者文人曰上達啇賈運泰諸事吉祥,4284
卷之三,地理部,山水,山中飲澗,山下有泉蒙非我求童蒙童蒙求我再三凟瀆則曰不告于此飲之學問進益財利亨通但不可大望,4288
卷之三,地理部,山水,登山頂飲食吉,山頂絶高之地位登之以飲食其兆當共天位曰治天職食天祿非官卑祿薄者比百事皆吉昌,4292
卷之三,地理部,山水,山上掛冠,此夢居官主罷職居商主曰歸家乃安寧休息之象,4296
卷之三,地理部,山水,居住高山大吉,夢此者主益壽延年加官獲利文人曰異日當卓越人羣𣗳立不小之兆,4300
卷之三,地理部,山水,上山登塔,此夢高上登高土人得此連科及第位居曰極品若僧人夢此圓寂病人夢此昇天也,4310
卷之三,地理部,山水,驅山,此象主遷居移舍變產曰更業病人尤不宜夢此秦始皇驅山岳擬塞東溟嘗役鬼移之山𫝑欲動有人叱鬼以身扼崖石使不得去今崖上有肩披簪冠跡以手摩拭作古桂香云祖龍木仙枉用力駕海欲驅山下石神人倚住不與行留得巖前隱仙跡兆此奇夢更動異常,4314
卷之三,地理部,山水,山穴中得大筆,夢主壽𣸸永算士進長才應試大利立劵有曰益閨閤之中文廻蕙錦淄黃之客篆印靈機,4328
卷之三,地理部,山水,坐山上彈琴吉,美哉巍巍乎高山伯牙絶調鍾子知音主有曰知巳之遇文人有四遠馳聲同方向道意,4332
卷之三,地理部,山水,上山讀書吉,聲傳空谷天恩頒赦,4343
卷之三,地理部,山水,山化銅錫金銀寶物凶,夢此者業消財散謀利曰成虚更防刑責不吉也,4348
卷之三,地理部,山水,耕山大吉,石田可耕衣食豊盈就此老農詢之占夢曰厥夢維何曰麥與禾堪以療飢神非形栖,4352
卷之三,地理部,山水,走馬上山貞吉否凶,凡仕宦從險中祿馬高擢商賈從險曰處獲利嬴餘凡事先難後易之占,4356
卷之三,地理部,山水,上山見羣牛吉,上山陞位也羣牛聚力也士人夢此頭角崢曰嶸女人夢之夫榮子貴餘者夢此皆爲吉兆,4363
卷之三,地理部,山水,泰山崩大凶,兆主至尊崩至親䘮若身曰居高位者則應在本身,4371
卷之三,地理部,山水,峰巒挺秀,峰巒山之頂也忽然挺出接雲漢也夢曰此者文人大貴應舉必居羣英之首,4375
卷之三,地理部,山水,丘陵頓高起,丘頓高陵忽起夷狄侵邊盜賊犯境也,4379
卷之三,地理部,山水,大水澄清大吉,夢此者貧而富賤而貴氣運亨通諸事曰吉祥士人清明在躬志氣如神亦致之,4384
卷之三,地理部,山水,飲水不止,飲不止利無窮水爲利飲爲通利通達來縱縱商曰賈夢之宜賽五路財帛有生有靑龍招利之事,4390
卷之三,地理部,山水,水流汪洋,兆主氷泮河航新婚喜慶之兆財源曰來名譽溢憂事消凶事去壽命長也,4398
卷之三,地理部,山水,水中見日月貞吉否凶,此夢功名,4408
卷之三,地理部,山水,水面雲起風起吉,波紋雲起文明之象,4415
卷之三,地理部,山水,水上虹升吉此蛟騰龍起之象,孀居子秀無子亦有意外寵榮也,4421
卷之三,地理部,山水,洪水,洪水大泉也,4429
卷之三,地理部,山水,溝渠水流大吉,此兆溝渠之水常流而不斷曰者夢主壽與山高福同流水,4439
卷之三,地理部,山水,水長浸城郭,論何城郭辨其吉凶守城之官邏城之曰卒或兆此者虞有不測之冦驟臨城郭,4443
卷之三,地理部,山水,水有岸吉,水有㟁舟有倚也夢者主有倚𠊓夾助吉祥曰亨通之兆水有岸爲洲當爲沙洲之主也,4447
卷之三,地理部,山水,水邊見女子,水邊女字爲汝女與子字爲好夢者事事曰佳美吉昌之兆也水邊相映主好事多端,4451
卷之三,地理部,山水,僧浴水中吉,此夢除煩去垢之兆盂蘭浴佛男女曰夢之當持齋受戒必有佛力扶持,4458
卷之三,地理部,山水,落水鬼,人落水爲鬼鬼落水曰思人夢者宜細詳之,4462
卷之三,地理部,山水,水上行走大吉,水上行神相佑也文人主有寵臨祿至曰必獲奇貨大財凡事貴人扶助之象也,4473
卷之三,地理部,山水,水中相毆鬥大吉,濡兮沫兮亭洶湧兮傷兮殘兮罹骨肉兮爲曰恩波兮寵光豈攘澤兮競良主奪寵爭恩也,4477
卷之三,地理部,山水,浴水中大吉,浴者淨也去舊垢更新運也夢主文章上曰達利獲無窮諸事咸亨如經商遠行愼之,4481
卷之三,地理部,山水,墮水中半身濕,沾濡恩濊,4496
卷之三,地理部,山水,水中取菓食,此兆必得倘來之物意外之財,4512
卷之三,地理部,山水,水中拾釵貞吉,吉祥之兆未易之占釵者貧人娶曰妻荆釵裙布水中拾者諧魚人也,4518
卷之三,地理部,山水,家中大水大吉,兆主兒女添增之夢財利生基業盛官訟曰解散疾病無傷壬癸之日主有喜客臨門,4526
卷之三,地理部,山水,大水驟至屋欲浮貞吉否凶,屋欲浮産欲去家欲移也夢者王曰驟貧驟富居處不常遷徙則吉,4530
卷之三,地理部,山水,以門作舟泛水中吉,家門飄蕩身得濟渡夢此者棄祖離家孤身曰撑立起業開基前阻後通先危後安之象,4535
卷之三,地理部,山水,水中流觴,王右軍集友蘭亭流觴曲水今人曰夢之主暮春之日有酒食宴會,4539
卷之三,地理部,山水,爭錢落水凶,金主刑落水無形也夢曰者刑消訟息安寧象也,4543
卷之三,地理部,山水,水中得金銀凶,虚利虚名無有實益之象兆主交易不成曰口舌之禍惟捕魚之人又當大獲財利也,4549
卷之三,地理部,山水,坐水中作文詞吉,詞源不竭物豈池中文人大利,4560
卷之三,地理部,山水,水中遇仙子,兆如龍宫遇龍種,4565
卷之三,地理部,山水,水面鷺鷥,絲絲織得水紋敉針線拈來大異常,4571
卷之三,地理部,山水,𧺆馬水上貞吉否凶,此夢火行水上坎離得位主有虚驚而無實曰禍,4577
卷之三,地理部,山水,水流如燕尾大凶,兆主夫妻分散父子分離親友曰分别臣叛奴逃大不祥之夢也,4583
卷之三,地理部,山水,入水捕蛇吉,水底源頭也,4587
卷之三,地理部,山水,水中大魚躍起,此爲魚化飛升之象,4594
卷之三,地理部,山水,蓮開池水清吉,池靣紅妆澄清映水,4599
卷之三,地理部,山水,井水流溢大凶,禍起穽中罹之者窮,4605
卷之三,地理部,山水,溪水流汨汨大吉溪水源源通達之兆文人夢此功名立效常人夢,之財利立到閨中夢之逺來音耗病中夢之壽增曰耋耄主事事遂懷也,4617
卷之三,地理部,巖石,登巖上石大吉,石巖巖位赫赫夢此者官上加官利中得利曰崇高富貴矣而得享盤石之安大吉之兆,4628
卷之三,地理部,巖石,入丹巖碧嶂求仙貞吉否凶,仙風何處宅丹崖洞府飄飄落綘霞曰寄語離塵烹煉客人人開得不凡花,4632
卷之三,地理部,巖石,峰巖嶮㟓,此夢氣運淹蹇營謀不利諸事阻絶不通曰之兆也凡遠行經商防陸路山徑之險,4637
卷之三,地理部,巖石,大石安地吉,家業安康壽源永固諸事佳祥無憂清曰泰之兆也經商營運本厚無虞次吉,4641
卷之三,地理部,巖石,大石柱大吉,此夢父母享年子孫賢秀貴爲棟梁曰,4645
卷之三,地理部,巖石,石人,夢在家者吉在野者凶又在家門爲鎭在丘墓曰爲𣗳表有虚名無實用作事有名無實之兆,4650
卷之三,地理部,巖石,移大石入屋宅大吉,大石人家必有大貴人至舍也營謀必獲曰大利家業必增大財吉慶佳祥之兆也,4654
卷之三,地理部,巖石,手弄小石吉,小石瓊瑶也夢此曰者多子多女多孫,4658
卷之三,地理部,巖石,定柱礎,家宅安人口寧財利穩基業成更主得撑持,4664
卷之三,地理部,巖石,進砂石大吉,砂裏有金石中有玉金玉兼進富而且貴之曰象夢者男子有堅貞之侶女人有剛介之夫,4669
卷之三,地理部,巖石,砂飛眯目,砂爲碎石眯目視不逺也,4673
卷之三,地理部,河江,河神巨靈人名,夢此者皆大曰吉之兆也,4693
卷之三,地理部,河江,河水砂石吉,此夢男主文章進益女主妊孕佳祥凡交易曰多金疾病逢醫爲人師者當多得高足大吉,4698
卷之三,地理部,河江,開通河渠溝洫,諸道開通流動氣運更新交暢營謀作事無蹉曰遂意寛懐除暢凡仕宦文人商賈進益無量,4702
卷之三,地理部,河江,河中水涸貞吉,河無水魚不生舟不行,4710
卷之三,地理部,河江,過河水吉,需有孚光亨貞吉利涉大川,4719
卷之三,地理部,河江,長江,順流者吉逆浪者凶,4727
卷之三,地理部,河江,江水瀰漫大吉,家豊國泰氣運亨新出仕進取有乘長風破曰巨浪之意經商身主財利盈滿如意之兆,4733
卷之三,地理部,河江,江中石柱起吉,江中有岩中流砥柱夢此者當有台元之位,4737
卷之三,地理部,河江,江水如血,水性清白如血者變火色也主有血曰光之災或火症𤼵諸事不祥宜禳解,4743
卷之三,地理部,河江,波浪湧凶,此爲驚疑憂困之象商賈爭訟乘舟曰駕馬皆有驚恐凡事宜謹愼無咎,4747
卷之三,地理部,河江,波濤洶湧舟如飛貞吉否凶,驚恐飛揚之象夢此者險而有助曰無咎主心氣虚腎氣旺肝氣乘也,4751
卷之三,地理部,河江,問渡,命運將通意外扶濟之兆遇時訪道女子夢曰之當有丈夫遠信至有疾遇醫有訟官剖,4756
卷之三,地理部,湖海,湖中雲起吉,此夢水生雲霧雲映波光祥瑞之兆也利曰外益利喜中生喜婦人夢之主有閑氣,4768
卷之三,地理部,湖海,湖水冲天起,此夢文人得之連登甲曰第祿位高遷平人驚恐,4777
卷之三,地理部,湖海,海上坐盆,齊後主高緯母夢于海上坐浴盆日入曰裙下遂有娠五月五日生後主于邸舍,4783
卷之三,地理部,湖海,海水忽涸凶,海水難竭夢之者當有奇異之災不祥之曰事惟好酒者夢之當主戒飲延年吉兆也,4793
卷之三,地理部,湖海,海中日昇,海日高陞平人文士仕宦僧道九流天不平曰地高升横財𤼵祿太陽起于太陰之兆也,4797
卷之三,地理部,湖海,浴池照影見鱗角,成龍魚化之象文人夢此題名金㮄折桂蟾宫貴曰人夢此位登極品如鄭獬得之而選鼎元之類,4801
卷之三,地理部,城市,雷電環城貞吉否凶巡守夢之防,有驍騎猛將猝然攻城凡事當小心謹愼不可忽曰也,4830
卷之三,地理部,城市,城毁凶,城郭傾毁家庭變異之象若夢此曰者蕭牆禍起門屏災至不祥難述,4837
卷之三,地理部,城市,修築城垣吉,重修基宇再整門牆之兆夢此家業亨曰通商賈獲利遷移宅舍攺業更基也,4841
卷之三,地理部,城市,見大將守城,兆主他人得𫝑之夢容入乃吉見拒則凶惟曰王者夢之主有干城之助餘夢此俱不爲利,4845
卷之三,地理部,城市,城外軍至,兵冦至城門閉𭣣歛固藏之象也夢此者士不宜曰官居不宜遷商不宜市訟不宜爭修省祈禳可也,4854
卷之三,地理部,城市,城上哭貞吉否凶,此夢平人主遠行女人主孤宿訟者夢之曰防坐謫戍之科貴人夢此主城垣失守,4859
卷之三,地理部,城市,身卧城樓,城樓不寧之所宿其上者勞辛象也夢此兆曰非佳美若貴人夢此戈横戟動身被刀兵,4864
卷之三,地理部,城市,城上懸頭以手取吉,頭者首也取之大吉文士夢此必登魁首戰士曰夢之必錄首功商賈夢之交易必成首獲大利,4868
卷之三,地理部,城市,登城飲酒凶,城垣禦冦豈高人雅士遊玩飲宴之地乎曰夢者主家業消散若兵戈亂時夢之乃吉,4872
卷之三,地理部,城市,遊城見宮殿樓臺吉,升之高環之轉旣壯麗亦巍絢遊其都當移椽曰莫安土之别縣黃冠士成仙苑靑衿子登金舘,4876
卷之三,地理部,城市,上城彈琴吉,兆主高士知音良朋盟契,4880
卷之三,地理部,城市,城上拾玉帶三條大吉,夢此士人位列三公常人子嗣連登伯曰子貴仲子賢季子秀翩翩三鳳齊鳴,4886
卷之三,地理部,城市,滿城旌旗軍器,兵臨將守之象,4895
卷之三,地理部,城市,城外四面掘深溝,藏隱高深四方環護夢此征戰爭訟諸事曰不宜懈怠賈人不能遠出內外隔絕之占,4901
卷之三,地理部,城市,城上有棺吉,城者高阜也棺者官也仕人主遷官高職曰平人主財利充盈疾病必愈大吉之占,4905
卷之三,地理部,城市,城上金碧如寶石,此夢成金成玉財利環圍平人夢之富足光彩貴曰人夢之官祿寵要僧人夢之化城說法佛力扶持,4909
卷之三,地理部,城市,城外有城,城外城廓也凡夢此兆諸事皆有就緒皆有曰防護主郭姓之人際遇會合成其美事也,4913
卷之三,地理部,城市,入地下有城圍凶,地下之城冥府鉄圍也但見而不入或入而得出曰猶可若夢入之病者西遊訟者幽囚大不祥也,4917
卷之三,地理部,城市,城上種松柏楓檜,松者成公柏者成迫楓者成風檜者成會各因曰其種隨事詳之老者夢此佳城種𣗳凶兆無疑,4921
卷之三,地理部,城市,鳳鳴城上貞吉否凶,兆主其地有聖賢出世鳴非其地生不逢時曰耳鳳鳴于城文人聲聞四海商賈財利四集,4925
卷之三,地理部,城市,騎馬環城走吉,遊街帝都之兆文人夢此掛名魁首跨曰馬遊街武士夢此戈鳴戟動走馬邊彊,4930
卷之三,地理部,城市,持兵器攻城門貞吉否凶,此夢攻破則得利弗克則失意其功名商曰賈爭訟征戰俱按此推之吉凶可知矣,4934
卷之三,地理部,城市,大蛇繞城吉,匝蛟龍于棘闈卧英雄于外閫文士變曰化有待經商腰纒萬貫病人不吉之兆,4939
卷之三,地理部,城市,龜出城,兆主城中有高年之叟命數巳絕辭世而去曰也門有龜成𨵜凡事當拈𨵜者必主吉兆,4943
卷之三,地理部,城市,身鎭關隘,身鎭關隘當大任也夢此兆者主曰官高位顯平人則主受人重托,4947
卷之三,地理部,城市,虎牢關,穆天子射猿擒虎畜之東虞是曰曰虎牢秦以爲關兆主兵戈起,4951
卷之三,地理部,城市,入市交易大吉,市井居商寓賈送往迎來入貨出貨長利生曰財福地也于中交易獲利之夢主家業富足,4959
卷之三,地理部,城市,市中𤇆火起吉,此兆商賈夢之生涯隆盛利帛盈箱,4963
卷之三,地理部,城市,市買海中貞吉否凶,海市奇觀珍寶所聚夢中市買浮曰名虚利文士夢之主文思進益,4968
卷之三,地理部,城市,鬼市交易,此夢經營無利仗托非人交易欺誘疾,4979
卷之三,地理部,城市,爭市厮毆吉,商賈經營之兆,4988
卷之三,地理部,城市,賀人開市肆,賀人開張市舗彼實我虚不爲佳曰美,4993
卷之三,地理部,城市,市街撒污,夢街市有污污及于身獲利大吉曰若夢自撒之失財散利未爲佳美,4998
卷之三,地理部,城市,市買牛羊肉吉,丑未二支年月日時望外之利不得曰而辭或有酒食或有口舌爭𧢲事,5002
卷之三,地理部,城市,市中易筆大吉,此夢易人利頴主文章進益功名顯貴女子夢之曰子嗣聰明若以筆易物科塲落魄不祥之兆也,5010
卷之三,地理部,城市,市中虎闘否凶夢主虚驚無害,忍而謹愼女子夢之主兩家爭聘二子爭雄男子曰主有官訟,5014
卷之三,地理部,城市,市買米榖歸入倉吉,米積陳倉豊餘充足家曰業興隆永壽安康之兆,5036
卷之三,地理部,城市,市合大吉,市之合夢之悅貴之占富之業事之成曰謀之决告君子非誑說喜慶來不終月,5045
卷之三,地理部,城市,過市中人紛碌吉,酒食豐需之兆女子夢之主來日天雨曰有客至家供以酒食財利亨通之兆也,5049
卷之三,地理部,城市,以書籍易琴吉,文章遇合知音見賞之夢也二王相並一曰木孤撑貴人夢此縱横如意解愠阜財,5063
卷之三,地理部,橋路,駕橋升天貞吉否凶,駕接銀河之象文人夢此雲路天梯病者曰夢此仙航鬼歩商賈夢此得良伴有大利,5077
卷之三,地理部,橋路,橋跨大河大吉,揷地成虹跨大河擎天作柱有恩波曰權高萬姓歌周渡不用憂虞福澤多,5082
卷之三,地理部,橋路,橋上人接引吉,此夢名成利取病愈婚合訟勝商利主諸事曰有扶持救濟交亨之象私期暗約不謀而至,5086
卷之三,地理部,橋路,人携自手上橋梁,兆主妻妾懷孕育貴子作棟梁生秀女成鸞曰鳳富貴佳祥之夢也兼有貴人提㧞之兆,5090
卷之三,地理部,橋路,渡過高橋貞吉否凶,久病遇良醫之兆若半渡曰之間或折斷或身墜大凶,5094
卷之三,地理部,橋路,造新橋吉,橋成事濟也夢之者往來和曰合福德康寧喜生祥降也,5105
卷之三,地理部,橋路,橋上飲食,下虚上險不得家食之兆主家業飄零浮踪浪跡曰也若現居官位者則爲高登王路曲賜天祿之兆,5109
卷之三,地理部,橋路,橋下過吉,夢此者光彩明亮河水順流諸事大曰吉若暗昧不明水混風波不祥也,5113
卷之三,地理部,橋路,脫履過橋欲動,夢此者文士足下生雲指日高升遷舊曰移新疾病退喜事逢平人主逺行之兆,5117
卷之三,地理部,橋路,橋上有亭樓否凶,虹形蜃氣虚浮無實之徵夢者主交易不成婚姻曰難就豎造不久家宅不寧事事小心謹愼無大咎,5121
卷之三,地理部,橋路,橋上開肆凶,酒肆之中不論賢愚貴賤有錢爲客夢此曰者妻女懷私口舌交至勤苦勞辛之象,5125
卷之三,地理部,橋路,持鎗立橋吉,此夢乘高有威凡人得𫝑之兆武士主戰勝曰論功文人主應試報㨗平人百事有利大吉,5135
卷之三,地理部,橋路,登橋折花否凶,士人夢此廣寒攀桂登雲象也,5154
卷之三,地理部,橋路,竹橋凶,此夢浮動不寧之兆,5160
卷之三,地理部,橋路,驅羊上橋吉,此象主未運亨通未年富貴,5165
卷之三,地理部,橋路,橋成大蛇橫跨起貞吉,騰蛟起蜃跨海升天之象,5178
卷之三,地理部,橋路,橋被火燒橋濟渡處也火,聲熖物也火來尅木其下有水人不能行主逺行曰未歸遠信不到也,5184
卷之三,地理部,橋路,橋上生草,主凶年之象病危者之占愼之愼之橋生曰草罕人行也當主行事不成中多阻隔,5195
卷之三,地理部,橋路,橋壞折凶,兆主口舌相爭官訟相連經商流落病者,5199
卷之三,地理部,橋路,橋斷忽接,橋兩截不得渡斷復接運轉通凡百事𮕩曰而再興敗而再成隔而再通絶而再續,5205
卷之三,地理部,橋路,橋柱折毁大凶,柱折則橋傾往來絕矣老者夢之損曰子孫少者夢之喪父母諸事不祥,5209
卷之三,地理部,橋路,道路平闊吉,路濶宜藏市塗平利渉塵紛紛貿易子曰兆此滿懷春主營謀得志財利稱心,5213
卷之三,地理部,橋路,路險隘貞吉否凶,險者陷也隘者狹也夢此險阻艱難之象主來日曰有虚驚閑氣憂事相侵宜小心謹愼方得安寧耳,5217
卷之三,地理部,橋路,路絕得通大吉,兆主阻復通失復得負復勝死復生散復聚曰往復來商賈出行大利囚獄之中更爲吉占,5222
卷之三,地理部,橋路,大路裂陷凶,此夢商人失財利士人䘮功名訟者陷牢圄病者曰久床褥男女夢之婚姻不美往來隔絶主凶兆也,5230
卷之三,地理部,橋路,人指路吉,兆主大吉凡事有薦引扶助謀成曰利就亨通遂志進前達逺之象,5234
卷之三,地理部,橋路,見路四通大吉,兆名兮四馳兆利兮四達文人大吉平人大利若曰有可危之事者急須走避當得亨通無阻隔也,5238
卷之三,地理部,橋路,岐路難進,此夢主謀事不决營利曰不明憂疑不進之象劉迅大賈也將往漢沔貿易舟泊江于忽夢路岐不能前進遂止舟不行是日晴明忽起風濤同行蚤𤼵者皆𮞸覆溺兆貴靈悟如此,5242
卷之三,地理部,橋路,小路幽暗多轉曲否凶,氣運不通事多險隔愈轉愈幽再謀再失曰輾轉崎嶇萬事窒塞若忽然明亮者大吉,5246
卷之三,地理部,橋路,行路漸高亮大吉,此兆文人夢之位漸高運漸通市人夢之業漸興曰家漸隆謀成訟勝事事吉昌或忽低暗者不佳,5250
卷之三,地理部,橋路,門墻路缺陷,牆缺者有出入路陷者無往來主諸事曰不成之象富家夢之主門戶衰基業壞,5260
卷之三,地理部,橋路,去路不得囬凶,浪跡浮踪之象夢之者夫妻分别親友分離曰運不亨名不通病不愈商不歸大不吉也,5264
卷之三,地理部,橋路,開路吉,爲各足兩家同富兩人異途老人夢之防有䘮殯曰之行,5268
卷之三,地理部,橋路,街道泥濕荆棘凶,吉商客之家防有小人𥨸刼路途之上大宜小心曰勿忽,5280
卷之三,地理部,橋路,大道中來往大吉,踏大道履坦坦往來和合謀事暢滿曰夢此凡百大爲亨昌吉利病人即愈,5286
卷之三,地理部,橋路,遊行郊野吉,郊野稀人曠達之所遊行其間夢主曰高人有疎酒之懷女人有尋春之樂,5290
卷之三,地理部,橋路,郊外烽煙大起,奸雄竊起盗賊羣興之象帝王夢之邊塞不寧士曰庻夢之家宅不寧兵將夢之防有猝然之宼也,5294
卷之三,地理部,橋路,出村沽酒,信步離家逐野光逺帘高挿指漁郞曰濁醪沽得春無限遍地風光萬斛香,5298
卷之三,地理部,橋路,村中相毆罵,近鄰相扶相助若素與鄰家有隙者又主有口舌曰爭鬥三日内應,5302
卷之三,地理部,橋路,空野無人,凡事謀望落空疾病難痊曰婚姻不成遠行驛馬動,5308
卷之三,地理部,橋路,坵墟掃去荆棘吉,此夢運道中興才學漸進家業先衰後旺文𠙵章先鈍後通在朝除奸去佞在路剪盜鋤惡,5312
卷之三,地理部,橋路,丹行見兩㟁漸起貞吉否凶,此夢夾㟁舟行兆主兩鄰欺侮岸漸高舟愈下也曰夢者文章未達病人未痊牢獄未出諸事愼之,5316
卷之三,地理部,田園,置田地大吉,貴人夢此祿位高陞市人夢此家業中興曰婦人夢此子嗣翩翩老人夢此福壽綿綿,5325
卷之三,地理部,田園,種田寛大大吉,此兆年豊國泰人慶家寧位遷祿曰厚事業殷盛亨通吉祥之夢也,5329
卷之三,地理部,田園,天神下種田地吉,天種神栽育貴秀獲金珠凡曰事扶助興隆之象夢此大吉,5333
卷之三,地理部,田園,見人種田吉,人種田土生谷谷者祿也祿隨位授文曰人夢此主位祿來臨之兆餘亦爲祥,5346
卷之三,地理部,田園,自耕田吉,兆主出行之夢經商有財帛親友往來主酒曰食豐需平人夢此妻妾懷胎家業豊盛也,5350
卷之三,地理部,田園,田中大哭貞吉否凶,于田號哭大舜之孝當有不明曰之事急宜解禳符鎭無咎也,5354
卷之三,地理部,田園,繞田拍手大笑大凶,拍手空手無存也懽笑反爲哭泣也夢曰此者家業散凶悲哀將至大爲不祥,5365
卷之三,地理部,田園,平地開田,此夢滋財育利之兆白地開田曰夢之者主氣運亨通家業益增,5369
卷之三,地理部,田園,山中農田耕稼,此夢不耕于土而耕于山爲處高豐碩之兆曰艮止生𤼵之占但農家夢之主歲旱歉𭣣也,5377
卷之三,地理部,田園,田邊飲酒貞吉否凶,主酉日有雨西方水至歡呼大樂也,5386
卷之三,地理部,田園,田中大水至,此兆夢于春秋凡事有不求自至曰吉祥亨遂,5393
卷之三,地理部,田園,田旱,田旱土無水也,5398
卷之三,地理部,田園,張惟田間卧凶,帷者羅象田間獵地夢此者不宜征戰不曰宜官訟不宜商不宜病不宜遷移動作也,5406
卷之三,地理部,田園,行舟田中㟁移走否凶,田乃五穀之所產岸乃田之疆界也舟曰行田地圩岸傾頽大水滔天之象也,5414
卷之三,地理部,田園,掘田得金銀寶石吉,掘者耕也寶石金銀結實豐盈象也夢曰之者諸事獲利農家夢此其瑞異常,5418
卷之三,地理部,田園,田中圍獵凶,主天下兵荒之象農夫夢此曰更爲不宜兆主禾麥無𭣣,5424
卷之三,地理部,田園,耕田讀書大吉,且耕且讀務本之象必曰名利𩀱全大富大貴也,5428
卷之三,地理部,田園,田中群䑕凶,鼠乃耗粮食粟之物田中豈宜群聚哉此夢曰主散財生禍子年月日夢此不宜置買田產,5444
卷之三,地理部,田園,見田間龍掛下,見龍在田利見大人天下文明之象曰得此夢者身離泉石牧民于天下也,5448
卷之三,地理部,田園,入菓園吉,此夢食之不盡曝之不禁種種結秀樹𣗳芬芳瑞曰,5456
卷之三,地理部,田園,上天遊園貞吉,遊踪于上苑玩景于天關士人曰夢此登龍門女子夢此配豪閥,5461
卷之三,地理部,田園,遊園遇美女吉,穿花踏翠䄄尋芳驀然遇粲彼麗姝仙天緣意曰外至夢此者主有無媒之姻契野合之奇逢也,5482
卷之三,地理部,田園,園中遇男子贈物吉,投桃贈玖表情留意也女子夢此曰秦晉偶伉儷諧孕賢良產俊傑,5490
卷之三,地理部,田園,遺釵鈿園中大吉,此夢女子兆之主失財利獲姻緣曰一憂一喜意外吉祥不可詳述,5494
卷之三,地理部,田園,園中亭榭新焕吉,新者變換也煥者光明燦爛也士人曰夢之攺門闢戸易舊更新富貴象也,5505
卷之三,地理部,田園,園中登假山峻巧,假山人力也雖秀而不峻雖巧而不久曰夢者主目前小有所就當無遠大之圖,5513
卷之三,地理部,田園,園池内乘船遊玩,此爲房中走馬之象浮而不定樂而曰不暢夢此者宜記其事當有後應也,5517
卷之三,地理部,田園,園内黃鸎啼聲巧,此夢主黃衣語細妻妬妾婢閨怨之象也曰内有怨女外有曠夫姻緣不偶伉儷未諧,5525
卷之三,地理部,田園,園中剌繡,女工之事作于玩遊之地夢者主心事曰未遂力倦神縈幼女夢之主針線情工,5533
卷之三,地理部,田園,入園門犬吠,吠犬嘮嘮驚阻奸邪之象夢者主曰有野鬼相侵須祀祖解禳爲吉,5537
卷之三,地理部,田園,園地瓜菜滿吉,菜者𡙡也瓜者菓也𡙡菓盈園納曰聘之兆也男女夢之速遂良姻,5541
卷之三,地理部,田園,園池金魚跳起吉,池中仙種水面靈花鮮妍文彩之曰象士人夢此占鰲頭奪錦標也,5545
卷之三,地理部,田園,園牆頽蕪凶,此夢荒蕪衰敗之兆主家園傾廢墻戸凋零曰女人夢之防小口災殃急須書符解鎭無咎,5549
卷之三,地理部,田園,園池中鴛鴦飛吉,鴛鴦交頸夢裏分飛還在園中不散夫妻夢主男曰女相思之情神魂凝結成兆懽會不出一月之中廣南吴信卿情士也遊學黔中落魄無倚一日旅寓無聊散步至一園中見池水清潔解衣濯足仰,5553
卷之三,地理部,田園,種圃吉,老父之事福壽之徵主曰有蔬菜酒食旬日始應,5559
卷之三,地理部,田園,入林木中凶,林中樹木雜亂爭戰之曰兆也夢此者家國紛爭,5563
卷之三,地理部,墳墓,新塚吉,陽之旣陰之初鬼之始人之終夢曰此主凡百憂虞之事皆得散去,5572
卷之三,地理部,墳墓,塚墓高大吉,夢之者兆主家業豊隆曰子嗣昌賢大吉之占也,5576
卷之三,地理部,墳墓,塚上火起貞吉,塚屬陰火屬陽陰中陽旺當有曰子孫𤼵達之兆也夢者大吉,5584
卷之三,地理部,墳墓,塚中騰起雲氣吉,瑞氣騰于隹城祥雲覆于先宅曰夢主產貴子賢孫光耀前後也,5592
卷之三,地理部,墳墓,水泛塚凶,此象先人不寧于九泉祖業飄零之曰占防有小人偷竊仇家興訟愼之,5596
卷之三,地理部,墳墓,高山造墓,鑿峻嶺以爲塋夢主陰私之事艱險曰費力文人主耀祖榮宗子孫貴顯,5600
卷之三,地理部,墳墓,塚中有金甲神,夢主陰宅有神靈守護上帝曰有子嗣來錫須修德以當之,5604
卷之三,地理部,墳墓,見墳中人起,身遇文人之兆亦主出潜入見進取有成曰家業再造若陰人起防有小人竊偷之禍,5612
卷之三,地理部,墳墓,祭掃坟墓吉,此夢士人文章日進平人孝行宜曰修女子主丈夫逺歸凡事清吉,5616
卷之三,地理部,墳墓,卧塚中凶,塚者幽居也身寢其内歸陰曰兆也若病人夢之解禳無咎,5620
卷之三,地理部,墳墓,掘塚見一人頭吉,武將功高文臣貴顯文家曰首占市物爭先夢者大吉,5624
卷之三,地理部,墳墓,坟上坐飲食,此爲子孫祭祖之象病者夢之大凶曰又主骨肉間有口舌是非訟事自息,5628
卷之三,地理部,墳墓,塚中得衣冠貞吉否凶,士人夢之朝中之冡宰餘皆富貴曰之詳疾病者夢之恐往冥途矣,5632
卷之三,地理部,墳墓,塚有窓戶,夢此者文士主心靈平人主有曰光明通達之象病人當薦祖先,5637
卷之三,地理部,墳墓,塚門開,陰戶開張諸事不祥開而有棺吉也開而曰無棺凶也主作事落空功名無望之兆,5641
卷之三,地理部,墳墓,高枕睡塚上,憂散清寧之象夢此者憂散煩除曰安居無事老病之人又爲不吉,5649
卷之三,地理部,墳墓,掘塚獲財寶古器,夢主繼先人之業獲陰人之曰財享冥中之祐遇意外之緣,5653
卷之三,地理部,墳墓,墳上掛劍吉,土山橫一劍玉字也夢者佩玉之曰兆也女人夢之主產大貴之子,5657
卷之三,地理部,墳墓,塚空穴,主官事來臨身爲仕宦者主曰失職凡事虚損多凶少吉,5661
卷之三,地理部,墳墓,塚墓明亮貞吉否凶,明者吉暗者凶主陰事白訟事曰理功名顯達百事通利之兆,5665
卷之三,地理部,墳墓,塚上𣗳生花樹枯折,夢生花者主文人大貴市人大利孕婦曰育貴子○夢枯折者主䘮大臣亡長子,5670
卷之三,地理部,墳墓,塚上生蓮大吉,及第連科之兆常人夢此利曰益壽綿婦人夢此連生子嗣,5674
卷之四,人物部,帝王,奪享,兆主幽冥之中各爭血食夢者宜各追所本報曰功報德勿得視爲虚幻而匱乏享獻乃獲休祥,5738
卷之四,人物部,帝王,帝王降吉,爲福澤爲祐庇曰爲胤嗣爲祈望,5762
卷之四,人物部,帝王,迎送帝王貞吉否凶,迎之至孕貴嗣送之去少福庇詳其地曰有何帝王古跡可占神靈來往之幾,5786
卷之四,人物部,帝王,女媧氏大吉,夢之者主其人有補天奇績建業北方文曰成五彩天子之祥人臣之極非凢兆也,5831
卷之四,人物部,帝王,少康貞吉否凶,恢復故都克纘祖服千古中興非君誰屬夢曰之者非大禎占防有不寧之患衰病相侵,5865
卷之四,人物部,帝王,夏桀大凶,桀雖人主無道亾國殘賊匹夫形于夢寐主曰先樂後憂若孕婦兆之必產敗家亾身之種,5870
卷之四,人物部,帝王,太甲,前凶後吉之祥見于兆者曰當攺過自新三年後騐,5878
卷之四,人物部,帝王,紂凶,殘虐之君曰荒淫之兆,5889
卷之四,人物部,帝王,后稷大吉,積功累仁世耕世耘有邰家室王矦子孫夢者後曰世昌榮農家兆之不惟田禾大稔兼有賢德之嗣,5893
卷之四,人物部,帝王,周武王吉,弔民伐暴陳範明倫順人之心纘祖之緒貴曰者夢之主有征戰之事創業開基之象也,5901
卷之四,人物部,帝王,幽王凶,此惑于婦色誤天下而殺其軀之君也恐曰有烽烟戎冦之警否則沉迷困苦之妖,5912
卷之四,人物部,帝王,平王凶,見之者定主遷曰移亦衰替之兆,5916
卷之四,人物部,帝王,秦莊襄王,夢見王者他鄕曰得濟故國重榮,5940
卷之四,人物部,帝王,項王凶,其力拔山其氣蓋世西楚稱伯江東羞曰歸夢之者宜祭賽其神可免强厲之禍,5948
卷之四,人物部,帝王,元帝凶,優游不斷之君雖有文才無足稱也兆見之者曰柔懦之主必爲群小所排蒙昧不明之象也,5971
卷之四,人物部,帝王,孺子嬰,孺幼也嬰孩也子者父母之所生受制莽賊國祚曰幾移見之于兆主育秀兒祿而不壽不吉之占,5975
卷之四,人物部,帝王,簡文帝凶,受制權臣位纔二年而卒雖無失德而亦曰不足稱也于夢見之主抑鬰不伸壽亦促,6009
卷之四,人物部,帝王,東昏侯凶,寶卷淫佚無度窮奢極欲嬖幸𡚱宦迄曰于䘮身兆之者有敗亾之禍修省則吉,6013
卷之四,人物部,帝王,隋文帝,兆之者幼臻顯秩長成大業成名赫奕曰但多逆子究爲所戕兵傳不能永久也,6024
卷之四,人物部,帝王,中宗凶,人夢見之應爲母氏所棄權歸外家後雖得復然巳必放浪無度不足稱守成也更防有點籌之婦,6047
卷之四,人物部,帝王,後梁太祖凶,兆見之人必貌陋心險于衰亂之世曰定能成功立業撫有疆宇當生逆子,6056
卷之四,人物部,帝王,後唐莊宗貞吉否凶,英雄絕世前明後昏兆見之者騐當曰如是或有父兄之讐必主報復在邇,6060
卷之四,人物部,聖賢,隨聖賢古人行或與坐臥,從前哲而歩趨主文行之進益曰或衰年而兆此必晩景之熹微,6157
卷之四,人物部,聖賢,聖賢古人贈遺詩文或召作詩文或以簡籍相授夢召作詩文者宜詳作何詩文可推厥兆,者宜精探員測甚有幻妄之應不足爲占矣,6219
卷之四,人物部,聖賢,見某聖賢古人毆刺或被毆刺,主幽冥之中古先神靈有所譴咎如係巳身素所曰敬奉者又主陰力助祐凢被毆被刺見血者吉無血者凶不傷者吉折斷者凶亦宜詳是何聖賢古人以辨禍福也,6248
卷之四,人物部,將相,后夔吉,典音之領一而巳足名輔中天分猷曰半局文士夢中見之知音有遇之兆,6272
卷之四,人物部,將相,傅說吉,夢𧶘于帝見夢于人曰咸有一德魚水同心,6306
卷之四,人物部,將相,周公旦吉,有大勲勞享王者祭有土一方仲尼志之恒曰形夢寐今兆之者必非無志當時世務者耳,6334
卷之四,人物部,將相,鮑叔,夢之者必疎財仗義周濟親友曰以是見知于人爲名卿上大夫,6344
卷之四,人物部,將相,子產吉,兆之者必柄國家之政推惠愛民行必端謹謙下曰爲賢士所欽重女子兆之必爲慈母得佳兒女,6348
卷之四,人物部,將相,老子吉,其人猶龍孔子稱之夢見之主益算知禮曰能自成一家以清凈爲宗仕者主爲侍御,6362
卷之四,人物部,將相,伍員,子胥在楚則烈在吳則忠父子之義凡弟之曰情鴟夷無目千古如生夢者凢百主有神助,6366
卷之四,人物部,將相,太宰嚭凶,夢太宰嚭者主其地有惡鬼爲祟或心術曰之隱形于魂交急宜自反以求其福也,6370
卷之四,人物部,將相,閔損,夢之者德進名高家庭骨肉閒主孝曰友著聞少年兆此主有喪毋之厄,6403
卷之四,人物部,將相,原宪吉,貧如水介如石古之畸士人之吉占曰不論賢愚夢此人者主富貴亨通,6407
卷之四,人物部,將相,卜商,文人夢之宜曰習詩宜爲師,6411
卷之四,人物部,將相,樊遲,兆爲農圃叟夢得智仁占曰常人忽見此身作馬牛牽,6438
卷之四,人物部,將相,司馬牛,以兄爲惡憂無兄弟不憂不懼訒言是契夢之者曰防有䦧墻之變然終無大故餘以缄口愼言爲吉,6442
卷之四,人物部,將相,陽虎凶,陽虎貌惡心奸囚主執政而實類大聖夢之曰者防有外是心非之變凢事須小心謹愼也,6446
卷之四,人物部,將相,伯牙,夢此人者主有知音之遇或將絕調之悲高曰山流水湯湯巍巍身是何人兆此爲靈午,6454
卷之四,人物部,將相,百里奚吉,五羊皮食牛兒圖伯顯歌扊扅夢者文爲令尹武曰建牙旗平人夢此經商得利倚主營生之兆也,6458
卷之四,人物部,將相,李牧吉,北邊良將也夢中曰形之助力添威,6462
卷之四,人物部,將相,田单吉,火中設策騎刼丧師盡復齊地公子中之英杰也曰夢者復仇復業志遂名成常人夢之防火盜之侵,6504
卷之四,人物部,將相,藺相如吉,完璧兮報主謙㳟兮睦寅有容有節如曰夢見之出使不辱君命友結刎頸之交,6508
卷之四,人物部,將相,春巾君吉,夢之者爲時名宰輔授地錫爵曰在荆襄之間後必血食萬世,6512
卷之四,人物部,將相,范雎,逃魏西奔得志于秦乃因蔡澤之說力辭相位兆曰之者始事艱難後必得志能納善言各位可保,6516
卷之四,人物部,將相,孟子吉,爲聖之亞接道之傳上下今古功在乾坤文士于曰夢中見孟子者主道學有傳文才超越氣象軒昂,6520
卷之四,人物部,將相,樂正子吉,夢之者德位兼隆無不吉利凢在交與之中曰防有比匪之夫文人臨試擬主司命題爲要,6528
卷之四,人物部,將相,淳于髠,滑稽之口强辭奪理妄議聖賢夢見之者主小人曰自任爲是傲侮正人鹵莽無知大言不慙之應也,6536
卷之四,人物部,將相,吳起凶,兆見之其人必貪位固寵沽名釣譽曰多行不義之事究當客死異鄕戒之,6540
卷之四,人物部,將相,王翦吉,夢之者主晩年奮翮學人曰雄視文壇介士威行邊塞,6544
卷之四,人物部,將相,呂不韋,名爲大賈實爲大盗以呂易嬴機謀淵奥夢見之曰者防閑人暗中謀繼其宗祀買妾當察其所從來,6552
卷之四,人物部,將相,李斯貞吉否凶,夢之者主顯名異邦威權赫奕然不克曰令終父子難保宗族受殃非佳兆也,6556
卷之四,人物部,將相,趙高凶,奸僞之徒喪人身亾人國帝王夢之防肘腋曰有奸常人見此遇午年月日爲有虚名虚利,6561
卷之四,人物部,將相,張良吉,夢之者益智延年軍陣得此主有探謀之臣曰遇戰必勝山林得此必爲𤇆霞侣脫俗成仙,6569
卷之四,人物部,將相,韓信貞吉否凶,韓淮陰乞食出𦜮拜將登壇後以疑望受戮曰夢之者主生子英雄多謀先貧後富之兆也,6579
卷之四,人物部,將相,陳平,兆此人者主遇事曰紛雜逢人狡詐,6584
卷之四,人物部,將相,酈食其凶,以口舌得禍殞身曰䘮命非佳兆也,6593
卷之四,人物部,將相,樊噲吉,奮勇鴻門排闥禁死兆之曰者勇冠三軍功蓋一世,6597
卷之四,人物部,將相,叔孫通,夢之者爲春官爲司理常人見之曰有知禮之名或行冠婚䘮祭之禮,6609
卷之四,人物部,將相,陸賈吉,先暌後合之兆𤼵蒙啔新之符夢之者能以文學曰佐寛弘之主化行一世彬彬濟濟爲昭代各儒,6613
卷之四,人物部,將相,王陵,兆之者必遇明聖之君以忠直自任曰爲賢宰輔常人夢之須防北萱之憂,6617
卷之四,人物部,將相,周勃吉,夢此君者主以忠𫝗曰持身能濟國家大事,6621
卷之四,人物部,將相,劉章吉,朱虚矦復漢業于累卵之日平諸呂于反掌之曰間兆見者非復祖宗基業則能以一身除外難,6625
卷之四,人物部,將相,李廣吉,夢之者才高遇蹇主得神助奇力武人騎曰射精超功冠三軍之士位居平等之儔,6629
卷之四,人物部,將相,周亞夫凶,主以紀律動貴人身膺顯任第晚年恐有曰不測之禍當見幾而作常人兆之主餓死,6633
卷之四,人物部,將相,賈誼,遇而不遇志不得伸治安之略未展曰而梁傳殞星如來入夢必與之符,6637
卷之四,人物部,將相,晁錯凶,夢之者多智而譎有口辯能以策動王矦曰然必爲人所忌當死于非命戒之念之,6641
卷之四,人物部,將相,董仲舒吉,學究天人志追賢哲正誼明道直斥利功曰孔孟之傳庻幾不絕爲大儒者乃夢見之,6645
卷之四,人物部,將相,汲黯吉,明主欽服權貴畏威兆之者直聲扼天下曰彈劾奸宄特蒙主眷必爲朝廷耳目之寄,6649
卷之四,人物部,將相,李陵凶,背君降虜身死絶域夢之者負不忠曰不孝之名客死異鄉大凶之兆也,6653
卷之四,人物部,將相,轅固,功名晩成祿曰位不久之兆,6665
卷之四,人物部,將相,司馬相如吉,兆此君者主得俊慧傾城之女不因曰媒妁而通文士兆之當以辭章得幸,6669
卷之四,人物部,將相,霍去病吉,貴人相親疾曰病痊可之兆,6677
卷之四,人物部,將相,灌夫,兆之者宜戒性戒酒不然則以此曰二者之故必招殞身覆宗之禍也,6681
卷之四,人物部,將相,趙廣漢,摘奸𤼵伏明敏如神仕者夢之必爲曰賢京兆平人夢之有人發其陰私事,6685
卷之四,人物部,將相,卜式吉,因富得貴之兆□天子歡悦爵祿曰驟加但後必見疎位終不失也,6689
卷之四,人物部,將相,韓安國吉,夢之者有人引曰薦功名必成,6693
卷之四,人物部,將相,公孫弘,曲學汗世布被矯潔兆之者能節儉則家豐能曰從順則位顯苐不能免直臣之議後世之譏也,6697
卷之四,人物部,將相,丙吉吉,夢見之翼保幼主于患難之秋不宜自曰矜其功然日後之貴顯不可言盡也,6701
卷之四,人物部,將相,霍光吉,麒麟首位石柳瑞興漢室安危子孟一人夢之者曰非求祠祀則願托生當王位極人臣禍延後裔,6705
卷之四,人物部,將相,蘇武,遠客還曰鄕之兆,6709
卷之四,人物部,將相,趙充國吉,夢兆之者主基業曰有成固守不墜,6713
卷之四,人物部,將相,吉,二公入夢宜辭爵歸致則令名不替美譽永曰垂林泉之樂享用無窮也亦主爲人師傅,6719
卷之四,人物部,將相,韓延壽,能以德化下恩信固結卒以鑄刀之罪棄市曰故夢之者于小事能加謹焉則無不吉矣,6723
卷之四,人物部,將相,匡衡吉,勤學之符台鼎之兆曰其位易高居之不久,6731
卷之四,人物部,將相,王莽凶,兆此人者夜行遇毒外家有變平曰人之家夢之來降主有孝服動也,6735
卷之四,人物部,將相,楊雄吉,心通大易之理節靖炎祚之衰夢之者當主曰六書敏妙意外奇才女子兆之主生貴子,6739
卷之四,人物部,將相,馮異吉,兆之者當佐中興曰之主兼文武之材,6743
卷之四,人物部,將相,鄧禹吉,杖策而來功化雲臺曰形之於夢位躋三台,6747
卷之四,人物部,將相,馬援吉,夢主孕生貴秀否亦神有所求或爲建祠曰或爲立像或爲修葺殿宇或爲春秋設祀,6751
卷之四,人物部,將相,嚴光吉,爲客爲友志不在魚夢曰之者主有山林之樂,6755
卷之四,人物部,將相,卓茂吉,有含容巽順之德爲人所愛慕者曰乃得兆見此君主來天子之宣,6759
卷之四,人物部,將相,耿弇,士欲建業須堅其志志旣堅則事無不成亦曰當應天順時不可妄爲也兆耿公者省之,6763
卷之四,人物部,將相,班固,負盛名而身不依于正士人兆之雖奇才絶曰學位列清貴未免受權奸之累弗克美終也,6767
卷之四,人物部,將相,班超吉,勲名成于塞外封矦志在投筆才兼文武抱負非曰常異日必專權閫外久任邊疆者乃能夢見此公,6771
卷之四,人物部,將相,苐五倫吉,兆之者嚴厲中有温和剛柔相曰濟享福介壽守正不囬之徵也,6775
卷之四,人物部,將相,竇憲,恃椒房之親大肆奸横雖討虜著功終不曰能保其身家兆之者宜安分自守則吉,6779
卷之四,人物部,將相,巨無覇凶,巨無覇貌狠力雄能聚毒獸形之于夢寐必曰有爪牙𧢲毒之害山野行動切宜愼之也,6783
卷之四,人物部,將相,楊震吉,夢之者主爲清白曰吏子孫多賢達吉,6787
卷之四,人物部,將相,何武,夢之者令人去後思曰念不置死必以節,6791
卷之四,人物部,將相,劉寵吉,兆之者必得曰一注大財,6795
卷之四,人物部,將相,郭泰吉,居入顧之首而不罹党錮之禍得明哲保身曰之道兆見之患難自免而盛名不致損也,6799
卷之四,人物部,將相,李膺貞吉否凶,受其接引爲之登龍門士人夢之𤼵高第曰望重于時防爲小人嫉忌難免刑獄之災,6803
卷之四,人物部,將相,梁冀貞吉否凶,貴戚之家兆之修德則吉不則有大禍不止一曰身一族也如積善之人夢之主子孫富貴者衆,6808
卷之四,人物部,將相,杜喬貞吉否凶,兆之主爲正人君子爲忠節直臣曰朝野倚望但逺奸佞則吉否凶,6818
卷之四,人物部,將相,鄭玄吉,博雅精敏之儒作經籍羽翼兆之者才學曰進益思致靈通孕婦夢之主產名儒之子,6827
卷之四,人物部,將相,孔融吉,七子一人建安表表文祠蔚會丰範孤超曰文人夢之則貴于身平人夢之則貴于子,6831
卷之四,人物部,將相,王允凶,有忠無義兆見之主曰夫妻相背令名不全,6835
卷之四,人物部,將相,范滂貞吉否凶,夢之者主產于賢母防有朋曰黨連及之禍而令譽自傳也,6839
卷之四,人物部,將相,蔡邕吉,名傅後世神示先幾曰感于知巳式孕清姝,6844
卷之四,人物部,將相,諸葛孔明吉,開誠布公鞠躬盡瘁三顧感知一死不惴曰綸巾羽扇鼎足吴魏靈兮見夢國家之瑞,6848
卷之四,人物部,將相,董卓凶,播遷天子殘虐黔黎宜其殞身郿鄔碎首落曰陽也如兆之當鍳其爲人而深自戒省也,6852
卷之四,人物部,將相,曹操,曹瞞眞亂世之奸雄豈治世之能臣哉曰夢之者主所居有古塚宜移徙以避之,6856
卷之四,人物部,將相,呂布凶,英雄無敵才淺謀疎夢之者事主不一姓曰奔馳無巳徒負虚名久當爲人所困也,6860
卷之四,人物部,將相,孫權吉,兆見之者能承先緖雄㨿一曰方賢才爲用可與守成者也,6864
卷之四,人物部,將相,左慈,道術之家見于夢曰際定主幻技精高,6876
卷之四,人物部,將相,周瑜貞吉否凶,有才之士夢之必少年夭折志不曰克酬女人見之俊兒誕生之兆也,6886
卷之四,人物部,將相,張遼吉,文遠爲魏之猛將然恂恂如君子夢之者曰必剛毅中有溫柔之德猶能以義自守也,6891
卷之四,人物部,將相,呂蒙,三日刮目兆之者曰有進學之士來見,6895
卷之四,人物部,將相,魏延凶,主遇譎詐之人以術御之必爲我禽曰病人見夢主有二十七八女鬼相侵,6904
卷之四,人物部,將相,黃忠吉,晩年遇主白曰首𣗳勲之兆,6908
卷之四,人物部,將相,陸遜吉,見之于夢乃少年有成建曰功立勲父子相繼之兆,6912
卷之四,人物部,將相,姜維吉,膽大如斗氣可吞牛夢之者曰上膽氣倍人必作三軍之帥,6916
卷之四,人物部,將相,楊修吉,兆之者生曰子爲神童,6920
卷之四,人物部,將相,鄧艾吉,夢之者主其地有祠宇未新急宜修葺以慰其神曰或夢艾來降當生子口吃而貴且存機頴也吉占,6924
卷之四,人物部,將相,司馬懿吉,多陰險柔而剛身爲公子孫曰昌夢者陰謀克遂後裔興隆,6928
卷之四,人物部,將相,羊𧙖凶,兆見之音疾病淹淹壽算不曰永想慕丰裁令人悲涕耳,6932
卷之四,人物部,將相,索靖吉,有先見之明曰者必夢兆之,6936
卷之四,人物部,將相,王渾凶,此翁來兆主同列嫉妬爭曰執是非以謙讓勝之則吉,6940
卷之四,人物部,將相,阮籍吉,竹林賢友放誕清高之士夢之者主山林得曰趣詩奕傳名平人見于夢者防有萱堂之厄,6944
卷之四,人物部,將相,劉伶貞吉否凶,頌酒德歌酒功夢者飲量日洪主其家于曰酒中得利素性嗜酒者慮有亾身之禍,6948
卷之四,人物部,將相,山濤吉,兆之者幼年有人簡㧞或典試𣗥曰闈得羅賢才名士隨所處而占之,6953
卷之四,人物部,將相,稽紹,忠臣之血爭光日月夢之者主英靈不泯見于同曰氣之投否則防有血光之災車馬之間大宜謹愼,6957
卷之四,人物部,將相,杜預吉,業春秋左傳者夢之主精通其理曰世爲武臣者夢之主水戰大利,6961
卷之四,人物部,將相,石崇吉,夢石崇降主曰生富貴之子,6965
卷之四,人物部,將相,謝靈運貞吉否凶,主生子年少有才文翰風流超超絶曰世第恐祿位不固以疎簡取殃也,6969
卷之四,人物部,將相,謝玄,如夢見之必著績水濵能以虛聲諕人使人曰畏而不敢即藝士兆之主以奕名擅一時,6974
卷之四,人物部,將相,祖逖吉,起舞于中夜擊楫于中流勵志中興夢之者主曰有恢復之圖文人夢之先着一鞭名居人上也,6978
卷之四,人物部,將相,陶侃吉,見于夢者主勤于王事身躋高曰官或其家產忠勤廉儉之子也,6988
卷之四,人物部,將相,謝安吉,安石望係蒼生酋夷機警談笑而𨚫百萬之師曰風流人傑也貴人夢之出入將相子嗣齊賢也,6992
卷之四,人物部,將相,王羲之吉,夢之者翰墨精工平曰人當產佳兒之兆,6996
卷之四,人物部,將相,畢卓吉,放達之士主居銓司昭代風流曰人物也兆之者必高曠之士,7004
卷之四,人物部,將相,王敦凶,昆仲不和陰蓄異志主兆見之若不曰悛攺事旣不成宗族受殃大不祥也,7008
卷之四,人物部,將相,卞壼吉,孤介自持廉潔爲守不與時依違使人曰畏而敬之品地若此方能兆公于夢,7012
卷之四,人物部,將相,𢈔亮吉,登樓醉月兆見之人必爲風流台曰輔第恐才智有餘而識見不遠耳,7016
卷之四,人物部,將相,温嶠,夢之者功成于外謀智過人旅中兆曰之家有萱堂之難平人兆之得美妻,7020
卷之四,人物部,將相,石勒凶,除奸佞遇異僧擅專國政征伐曰四方目中無人者必兆見之,7024
卷之四,人物部,將相,符堅,前興後衰之兆見之者須納人曰言順天時否則敗亾可待也,7028
卷之四,人物部,將相,姚萇吉,蠻夷之雄兆之于夢創業易成曰興隆三世邊將夢之當備巽虜,7036
卷之四,人物部,將相,沈約,夢見休文爲詞壇領袖曰士人則多病之兆也,7047
卷之四,人物部,將相,任昉吉,兆之必爲王公上客以清介文曰章擅名常人夢之生賢達之子,7051
卷之四,人物部,將相,高歡吉,如公來兆主興業于坎方雄才偉略世無其曰匹人民欽服朝野瞻仰南靣稱孤之劵也,7059
卷之四,人物部,將相,侯景凶,朝秦暮楚反覆不常背義忘恩其心不良曰人或夢之知非吉祥宜修宜省庻免災殃,7063
卷之四,人物部,將相,楊素吉,夢之者成不爲王敗不爲冦無心富貴而富曰貴逼人生子當爲將相之臣但主不得令終,7067
卷之四,人物部,將相,韓擒虎貞吉否凶,勇略冠世僚佐忌功夢其神降主生虎兒平曰人兆之防遇虎災神靈庇祐當脱其厄也,7071
卷之四,人物部,將相,李宻貞吉否凶,見之于夢者必爲一時曰之傑但恐不成大業,7076
卷之四,人物部,將相,魏徵吉,先否後泰君明臣良言無不盡謀無不忠曰能見諒于英主則魏公入夢之後騐也,7089
卷之四,人物部,將相,房玄齡吉,德位兼隆夢之者生子必爲曰學士瀛洲首選凌烟標列也,7098
卷之四,人物部,將相,杜如晦吉,王佐之才文學之士夢之者曰知明主策名天府利貞,7102
卷之四,人物部,將相,長孫無忌吉,兆公者爲貴戚之臣篤㳟匪懈以事一人曰芳聲不替麟閣標名女子夢之主大貴,7106
卷之四,人物部,將相,李世勣貞吉否凶,受託孤之寄而左袒武曌雖有美行其曰何取焉兆見之者墜其聲名子孫不振,7115
卷之四,人物部,將相,薛仁貴吉,跨大海而東征致高麗之喪氣勇冠曰三軍名留千古夢者主發膽勇之祥,7126
卷之四,人物部,將相,王勃貞吉否凶,夢之者文曰而不壽,7134
卷之四,人物部,將相,駱賔王凶,有才有學而不得以才學顯終身寡曰遇之兆也士人未顯者有刑獄災,7139
卷之四,人物部,將相,張柬之吉,夢之者有囬天轉運之功猶剝之遇復其曰勲不可及也當自愼𢙢終爲人所排也,7143
卷之四,人物部,將相,婁師德吉,兆見之者主有曰人暗中薦引,7147
卷之四,人物部,將相,張昌宗凶,女主嬖倖之人遇其兆者主遭淫亂之難喪身亾曰家貽及宗黨戒之哉平人夢之或主生美貌之子,7151
卷之四,人物部,將相,武三思凶,草去根存唐室之禍所由萌而更熾也此人見曰夢主閨室之中有私淫之事凢百須隄防隱禍,7155
卷之四,人物部,將相,姚崇吉,唐家名相業望日臻令名垂世曰幽靈見形主生子位極人臣,7159
卷之四,人物部,將相,宋璟吉,夢之者與賢輔齊名心曰貞金石德譽傳千古也,7163
卷之四,人物部,將相,虞世南吉,士人兆之讀書中曰秘爲玉堂貴客,7167
卷之四,人物部,將相,袁天綱吉,夢之者主遇精明風鑑之士指迷登覺幼曰童夢之聰慧過人女人夢之主生仙子,7171
卷之四,人物部,將相,李淳風吉,先生世傳爲謫仙故夢之者主明鉴今古曰預知禍福否則爲太史令司朝廷正朔,7175
卷之四,人物部,將相,張九齡吉,千秋之鏡一代之師曰夢之者兄弟聯芳,7179
卷之四,人物部,將相,安祿山凶,羯奴奸賊牛腹藏春傾人之國千載罵名夢曰者主其人身家不靜防宅有異人伏于左右,7183
卷之四,人物部,將相,李白吉,斗酒而詩百篇尺階而氣自遒捉月月何在曰騎魚魚不遊形之于夢主生天才逸發之子,7187
卷之四,人物部,將相,陸贄吉,宣公忠正人所罕及見重于君奏議頻入曰望高台輔位遜宰執能兆之者德建名立,7191
卷之四,人物部,將相,韓休吉,此公入兆非以直諫動曰主畏必爲群小所忌,7195
卷之四,人物部,將相,郭子儀吉,夢之者必富貴功名卓絶千古男主多曰婿女主生兒文武全才福壽兼隆之兆,7199
卷之四,人物部,將相,顏杲卿吉,寸舌寒敵膽雙眸耀史書常山一片月今古動曰人思夢之者主其神求妥急宜祭奠以慰忠魂,7203
卷之四,人物部,將相,張巡吉,作一方之保障受四靣之敵開曰夢此勁骨忠肝豈非同心合調,7207
卷之四,人物部,將相,顏師古吉,博極群書志安社稷文人夢之主胸羅故曰典業建鴻模帝王夢之主得安邊之佐,7211
卷之四,人物部,將相,顏眞卿吉,兆見顔先生主受小人之制宜砥節礪行以正自曰持則品槩操守庻幾亞于先生而名亦可與齊驅,7215
卷之四,人物部,將相,許遠吉,主與同心之彦共濟艱難爲曰人臣者靖㳟之節永播靑史,7219
卷之四,人物部,將相,魚朝恩吉,威權重大者夢之宜曰自韜晦以保令終,7223
卷之四,人物部,將相,元載貞吉否凶,胡椒八百他物稱是奢侈若此籍没曰何疑夢之者當節儉損抑則吉否凶,7227
卷之四,人物部,將相,李泌吉,山人夢之徴聘立至見禮于君芥曰拾靑紫士子夢之主得書詩千卷,7232
卷之四,人物部,將相,李光弼吉,見公于夢必獲曰大盜靖大亂,7236
卷之四,人物部,將相,李林甫凶,逢迎取悅笑裏藏奸壞人曰家國兆之必遇此等之人,7240
卷之四,人物部,將相,高力士凶,兆之主陰人用曰事僕侵主權,7248
卷之四,人物部,將相,盧𣏌凶,藍靣鬼也夢其人曰降主生子不臧,7252
卷之四,人物部,將相,李晟吉,忠義感激斬北國賊社稷以安令終而殁夢之曰者主身都將相子嗣蕃昌唐李之姓必產麟兒,7256
卷之四,人物部,將相,柳宗元吉,柳矦見夢文曰星降祥也,7260
卷之四,人物部,將相,韓愈吉,學貫六經之奥文起八代之衰夢見之曰者主士人文學絶羣孕婦必產儒彥,7264
卷之四,人物部,將相,裴度吉,夢之者主始貧終富先賤後貴曰出將入相更產緋衣小兒也,7268
卷之四,人物部,將相,張旭吉,夢之者筆機飛舞書法妙絕不臣曰天子不友諸矦超凢入仙之品也,7272
卷之四,人物部,將相,杜甫吉,春日兆之有踏青之約平時兆之曰詩思超卓紀律莫踰名位亦顯,7276
卷之四,人物部,將相,柳公權吉,兆之者正直無曰私忠心不貳,7280
卷之四,人物部,將相,朱泚凶,叛君僭號肆掠帝都𫝑崩逃竄彭原受誅曰君王兆之乘輿可虞豫綏將卒庻可免夫,7284
卷之四,人物部,將相,陽城凶,兆之者必受人譏議曰出仕者主言事受謫,7292
卷之四,人物部,將相,鄭綮吉,名傳歇後識炳幾先宰相之占達人之兆曰亦須詳見夢者何人何時何地以斷吉凶,7306
卷之四,人物部,將相,黃巢凶,見巢入夢士子不能登曰第商賈防遇盗惡兆也,7320
卷之四,人物部,將相,李克用吉,如兆見之身膺重寄曰多英嗣子孫大貴顯,7324
卷之四,人物部,將相,李存孝吉,百戰百勝世之飛虎幼䘮椿曰庭長爲上將此夢之兆也,7328
卷之四,人物部,將相,桑維翰吉,兆之者主得一古硯士曰人則志必酬之符也,7332
卷之四,人物部,將相,史弘肇吉,好武而不好文生魯曰喭之子則有是夢也,7336
卷之四,人物部,將相,陳搏吉,一舉不第遁而入山服氣辟榖飴酒延年睡躭百曰日隱于華山垂三十年見之于夢羽流道行超凢,7340
卷之四,人物部,將相,趙普吉,乘時賢相以半部論語佐天下干太平仕宦曰夢其人主君臣遇合魚水投歡堂簾合德也,7344
卷之四,人物部,將相,㓂準吉,夢之者主行曰師不戰而克,7352
卷之四,人物部,將相,王欽若凶,此奉佛弟子也仕宦夢之曰蒙帝寵邊疆夢之有盗至,7356
卷之四,人物部,將相,范仲淹吉,先天下之憂而憂後天下之樂而樂爲人物之第曰一必神靈之不爽夢之者身貴子奇佳祥莫迹,7360
卷之四,人物部,將相,司馬光吉,形先賢于夢兆必史學之專工主小兒有頴敏曰過人之資或所著論往事有所疑義故來見告,7364
卷之四,人物部,將相,文彦博吉,文翁入兆爲天下異人華夏共仰德曰位崇隆籌添海屋大富大貴之符也,7380
卷之四,人物部,將相,呂端吉,小事糊塗大事則否眞宗之立其功爲首故夢曰之者當愼大畧小則囬天捧日之勲可立奏也,7384
卷之四,人物部,將相,楊業吉,兆之者主威行夷虜曰勇敢無匹謀事有成,7388
卷之四,人物部,將相,李沆吉,兆公入夢主能知人能用曰人識見明遠爲時重臣,7392
卷之四,人物部,將相,張齊賢吉,先抑後伸于遇之中似乎無遇榮及曰他人爲明主輔兆見之者知必同之,7402
卷之四,人物部,將相,富弼吉,仕者見之主奉使外國克光君命德望曰遠欽武臣兆之主出鎭邊封著名絕域,7406
卷之四,人物部,將相,呂夷簡凶,順父出母陷君失德雖有他善無足取焉兆之曰者或夫婦乖睽或順成人過二者所宜愼也,7410
卷之四,人物部,將相,蘇老泉吉,士人夢之主中年學就曰餘人夢之主生兩才子,7414
卷之四,人物部,將相,程顥吉,先生見兆主明理學接道綂爲奕世大儒帝曰王夢之興學挍重儒臣四海文明之象也,7418
卷之四,人物部,將相,程頥吉,先生見兆主伯仲以道學名世仕宦兆之曰主司學挍必于河内之地得英俊之彦,7422
卷之四,人物部,將相,王安石吉,夢安石至者必誕貴兒享榮封若將曰相夢之主風俗移易海内不寧之兆,7437
卷之四,人物部,將相,蘇軾吉,長公仙才也人夢之才思超群女子夢曰之主娠奇男若仕宦者主名著睂川,7441
卷之四,人物部,將相,蘇轍吉,見頴賔于夢主弱曰冠以文名著天下,7445
卷之四,人物部,將相,丁謂凶,夢之者主遇曰邪鬼宜禳之,7449
卷之四,人物部,將相,趙抃吉,事有後悔直道不阿曰功業自著見之者吉,7453
卷之四,人物部,將相,包拯貞吉否凶,龍圖見夢主斷疑難之事或有𡨚鬼求伸曰如夢此公相招則閻君之凶訊即至矣,7457
卷之四,人物部,將相,胡寅吉,以正論匡時爲世曰所敬畏者兆之,7506
卷之四,人物部,將相,胡安國吉,文人見于夢寐宜習曰春秋必名高天下也,7525
卷之四,人物部,將相,朱子吉,學集一代之成幼學夢之主異日必成大曰器道德冠世宜釋奠以祀則學識日進矣,7535
卷之四,人物部,將相,文天祥吉,鼎甲之兆顚沛之占忠心正曰氣非常人所得形之夢也,7539
卷之四,人物部,將相,范祖禹吉,通明經史忠誠許君曰品詣如是必兆于夢,7543
卷之四,人物部,將相,劉子羽吉,忠臣之子文武兼才孝友足稱報國盡忠曰來之于夢主生賢良之子主受託孤之寄,7547
卷之四,人物部,將相,趙孟頫吉,宋太祖之苗裔元世祖之大臣王右軍曰之弟子凢夢之主精良筆硯馳譽丹靑,7557
卷之四,人物部,將相,耶律楚材吉,縉紳夢之邊壃不虞曰九流夢之能知七政,7561
卷之四,人物部,將相,薩天錫吉,凡夢之者皆主曰貴顯美譽之徴,7565
卷之五,人物部,后𡚱,太任大吉帝王夢之主生明聖之子賢人夢之必育天挺之,英女人夢之占亦如是惟常人與雜役見夢反爲曰不祥或主以女匹人,7598
卷之五,人物部,后𡚱,鄧太后大吉,主登政府或宰大邑以文著名曰士人登第賢才顯達總佳徵也,7626
卷之五,人物部,后𡚱,梅𡚱貞吉否凶,兆之者少年得意中年有阻弗克終始如願凢曰一見兆即宜早爲善計毋至失時乃生怨悔也,7697
卷之五,人物部,賢德,錢維妻吉,兆之者主𫉬大財曰富冠天下吉象也,7741
卷之五,人物部,節孝,曹娥貞吉否凶,兆之者主聰俊過人孝聞遠播,7772
卷之五,人物部,才俠,孫夫人吉,兆之者乃子孫賢明之徵老年夢之主得女孫必曰貴顯未娶者夢之主有才慧之姿共諧佳偶也,7867
卷之五,人物部,才俠,韓蘭英,遷出自望外濳伏者協夢卜乎動聖明之物色致曰弓旌之下賁皆其徵也,7871
卷之五,人物部,淫奔,姑德吉,始邪終正夢之者不憑媒妁得配仙姿雖有淫奔曰之醜䆒以節烈自居誕賢予育秀蘭亦此兆之徵,7997
卷之五,人物部,名妓,鄭康婢凶,仕宦受不臣之愬庸人有箠撻曰之苦此夢之兆也修省爲吉,8018
卷之五,人物部,名妓,步揺凶,兆之者生子不壽曰生女聰俊而品下,8046
卷之五,人物部,佛仙,釋迦佛大吉,此佛祖也兆之則明心見性可悟上曰乘爲佛弟子智慧日增西土生蓮也,8388
卷之五,人物部,佛仙,如來吉,開大法眼轉大法輪爲佛教祖爲禪曰門師夢之主心通內典名註禪宗,8401
卷之五,人物部,佛仙,文殊菩薩吉,若人兆之主生曰慧女得無碍財,8409
卷之五,人物部,佛仙,定光吉,兆見如來主得含曰利證無上菩提,8418
卷之五,人物部,佛仙,地藏王吉,兆見菩薩志願得就恢弘曰事業博施濟衆之象也,8422
卷之五,人物部,佛仙,羅漢,像不一兆不同隨夢詳推吉凶可知長睂主壽降曰龍伏虎主生英雄之子夢金身者帝王出世之徵,8426
卷之五,人物部,佛仙,上帝玉皇大吉,兆見天帝乃大貴之符或尊居九五曰或首班仙陛垂紳正笏佩玉鳴珂,8436
卷之五,人物部,佛仙,玄天上帝吉,位崇北極攝伏群魔夢天尊者威鎭坎方令行曰天下病者兆之愈可之後須躬詣金殿進香,8440
卷之五,人物部,佛仙,茅山祖師,兆之者主證仙果羽化飛㫒曰將相夢之主食邑三易也,8452
卷之五,人物部,佛仙,東岳聖帝,赦罪之尊生死之案來現于夢主有罪當赦或當曰决急宜詣殿祈禱則吉者不必言而凶亦可解也,8456
卷之五,人物部,佛仙,文昌帝君大吉,文名日熾學問有成平歩雲梯先登月曰窟谷桃浪宴瓊林文昌示夢之符也,8460
卷之五,人物部,佛仙,韋馱吉,護法之尊兆之者有化緣僧曰至或施錢刀布帛證成善果,8475
卷之五,人物部,佛仙,金剛吉,堅强不壞夢之者必益算長年疾病得愈,8479
卷之五,人物部,佛仙,善才貞吉否凶,主生俊異之兒聪慧過人但恐壽曰折宜寄易姓名則可保福智也,8484
卷之五,人物部,佛仙,龍女吉,得大珠或投師亦主得,8489
卷之五,人物部,佛仙,目連尊者,慈親有難必夢見之如巳故者曰主欲超度須作善事以資冥福,8494
卷之五,人物部,佛仙,和修尊者吉,胎息六年心明十七轉妙法輪曰遊摩空國兆之者主生慧兒,8498
卷之五,人物部,佛仙,阿難吉,兆之當懴悔佛前證無上道必益福利曰女人夢之主有佛緣得見如來妙相,8502
卷之五,人物部,佛仙,慧可大師,頂如五秀之峰胸有三乗之典是心是佛是心曰是法夢之者防有不虞之誣囹圄之凶無咎,8510
卷之五,人物部,佛仙,法融禪師,兆此禪師于夢者當主學富心曰明百烏啣花三生解結之祥,8514
卷之五,人物部,佛仙,俱胝和尚,夢之者主童子得慧女人曰𫉬福當于一指之間悟焉,8518
卷之五,人物部,佛仙,支公,𫉬駿馬選山林之勝談空說曰玄無出其右皆此兆之徵也,8526
卷之五,人物部,佛仙,佛印吉,主能㸃悟能了塵緣,8530
卷之五,人物部,佛仙,彭祖大吉,夢之者主其人多子多妻多壽修曰道之人當得延齡之術爲王者師,8551
卷之五,人物部,佛仙,王子喬吉,子喬有周靈王世子好吹笙作鳳凰嗚遊伊洛上曰嵩山後不知所之夢此主聲馳鳴鳳子貴非常,8555
卷之五,人物部,佛仙,鐵拐先生吉,李仙之兆必資人扶持之力或有曰足疾之苦者當遇異人醫療也,8559
卷之五,人物部,佛仙,鬼谷子吉,凝神守一朴而不露縱横之師易卜之祖見之者曰數學精微或有靑溪人至或家有邪崇宜禳壓之,8569
卷之五,人物部,佛仙,王次仲吉,夢見之者主字學高妙文曰人主變化飛冲吉徵也,8573
卷之五,人物部,佛仙,呂純陽吉,朝北海暮蒼梧去來蓬島揮黃鶴醉酒壚遊戲人曰間夢之者主遇仙得奇術修眞傳道神通度世,8589
卷之五,人物部,佛仙,韓湘子貞吉否凶,兆之者主善音律飄飄欲仙人不可及曰女人夢之産仙子常人夢之主叔貴,8593
卷之五,人物部,佛仙,張果老吉,暮年豪興不減少時且福壽兩全而曰瀟洒自如乃能于夢中會見此老,8598
卷之五,人物部,佛仙,麻姑貞吉否凶,夢之主林木茂盛子女凋曰殘凢事有桑田滄海之變,8602
卷之五,人物部,佛仙,何仙姑吉,一塵不染姿容雅淡有仙風道骨曰者能夢見之亦主生聰俊之女,8607
卷之五,人物部,佛仙,紫姑仙吉,主仙女臨凢欲擇曰所托故來入夢也,8615
卷之五,人物部,佛仙,安期生,謫仙溷世人不能識恐其曰自昧故于夢中指迷耳,8623
卷之五,人物部,佛仙,葛洪貞吉否凶,與翁夢會乃丹客來謁之徴士子夢之可棄儒業,8631
卷之五,人物部,佛仙,孫眞人吉,如兆眞人必爲世之名醫能不以利爲計則功曰德所致必生顯達之胤身享榮華克終壽考,8638
卷之五,人物部,佛仙,張仙吉,夢仙來兆圡爲人以孝友聞于時頴敏曰過人無子者夢之龶得子賢而且繁,8642
卷之五,人物部,佛仙,蕭史吉,吹簫好道弄玉成交鳳鳴竒跡龍乘仙曰遨形,8650
卷之五,人物部,神鬼,自稱某神鬼,祐助或有所責譴或有所指示或有所告報詳是曰何神鬼見何形,8703
卷之五,人物部,神鬼,神鬼來降或至家入室,夢之者主誕生富貴之嗣元吉𤼵祥之曰占惟不德之人積惡之家反此爲殃,8728
卷之五,人物部,神鬼,謁神鬼或來謁,夢之者往謁彼者昌彼來謁者凶亦須詳曰是何神鬼往謁何象來謁何言以判吉凶,8740
卷之五,人物部,神鬼,神鬼延接送行或來請來謝,夢延接者主其人有大福德夢送行者主陰曰中有所祐護夢來請者不祥夢來謝者無咎,8756
卷之五,人物部,神鬼,神鬼交合配偶,夢之者非有夙緣必有陰禍否曰則荒唐幻合之夢也豈爲吉占,8771
卷之五,人物部,神鬼,神鬼呼召,巳者主指授其凶其吉須推召巳何爲如以冥司曰事相託則生人,8890
卷之五,人物部,神鬼,𨶒王凶,陽數將盡故來兆夢無問男曰女老少見之者皆大不祥,8984
卷之五,人物部,神鬼,龍王大吉,御世之兆也市人夢之必𫉬奇珍異寶富冠海内曰大吉,8988
卷之五,人物部,神鬼,天曹猛將,士夫夢之掌銓選武將夢之封公矦農人曰夢之田禾熟五六月見兆當有旱蝗之災,8994
卷之五,人物部,神鬼,楊山太尉貞吉否凶,兆之者主有癰疽瘡癤之災祈之則曰解如仕宦夢之主成開渠水利之功,8998
卷之五,人物部,神鬼,王靈官,兆之于夢必眞武見責宜許曰武當香愿并祈祀靈官則吉,9003
卷之五,人物部,神鬼,金龍四大王貞吉否凶,行人夢之宜防風波之險賽神乃曰吉士子夢之則科第聯登之兆也,9007
卷之五,人物部,神鬼,嫦娥吉,夢見之者主得長生之術士人夢之高攀仙曰桂獨歩蟾宫更諧美麗佳人永成連理也,9017
卷之五,人物部,神鬼,風佳貞吉否凶,舟行有警作事須相時度勢而行,9021
卷之五,人物部,神鬼,雨師吉人如見之則功當,亦與之同也非居台鼎之列其爲牧民之宰乎吉曰象,9027
卷之五,人物部,神鬼,電母吉,兆之者主得賢内助光曰明正大爲女中丈夫,9039
卷之五,人物部,神鬼,織女貞吉否凶,夫妻遠隔會少離多之象或生仙曰姿之女巧藝絕人或得奇錦裳服,9043
卷之五,人物部,神鬼,天𡚱吉,兆之者必事女主保有富貴女子夢曰之主大貴孕者夢之生女爲后𡚱,9060
卷之五,人物部,神鬼,東厨司命,如夢見之恐有火災或眼目曰痛損禳解防愼庻無患也,9083
卷之五,人物部,神鬼,土地否凶,爲一境之福神保庻民之樂業忽來現夢則人口曰不寧家宅不安急宜禳之可免或主遷移動圡,9087
卷之五,人物部,神鬼,天救孩童司,夢之者宜防小兒之災雖見凶危曰終必無事須禮祀之可無虞也,9099
卷之五,人物部,神鬼,井泉童子凶,井者阱也泉者水也訟事恐有縲絏之難常人防曰有失脫之憂或主小口落井之厄宜愼之無咎,9103
卷之五,人物部,神鬼,鍾進士馗凶,利武士不利文人病人兆之早曰治後事平人須防失跌之災,9107
卷之五,人物部,神鬼,招財吉,文士兆之才思進益啇賈兆之曰𫉬利遠方或進得力人口也,9115
卷之五,人物部,神鬼,無常凶,無常一到萬事皆休我形欲離彼得見我彼即我曰之魂魄魂升魄降長大無踪雖在夢寐亦非吉象,9119
卷之五,人物部,神鬼,方相開路吉,兆之者主暗中神助運道亨通士子名曰顯達商賈利豐隆老年夢之歸山何疑,9123
卷之五,人物部,神鬼,魑魅魍魎,爲人如鬼如蜮變詐百出取憎于人而曰猶自以爲得計者此夢之所繇來也,9127
卷之五,人物部,神鬼,夜义凶,兆見之者主生怪異之子或遇奸詭之曰人亦主鬼魅相侵疾病來擾宜告遣之,9131
卷之六,人物部,彛倫,爲奴𨽾,業凋踪跡飄零骨肉離散謀名不遂營利徒勞如曰夢巳亡故者主冥司受苦,9229
卷之六,人物部,彛倫,鬻買,凡夢五倫親屬中人買曰于人者吉賣與人者凶王導夢人以百萬錢買其子悅潜爲祈禱者備矣尋掘地得錢百萬意甚惡之一皆藏閉及悅疾篤導憂念特至不食積日恱竟卒,9236
卷之六,人物部,彛倫,索食,之占凡夢索食者當隨其所索何物如索五榖禾曰黍不豊如索酒肴宜清心寡慾如索菓子孫殃如索葷食當持齋奉佛又同飲食如同亡者飲食大凶同生者雖無咎亦主閑氣又或與我飲食者詳是何飲食非錫以福則貽以殃宜細推之,9356
卷之六,人物部,彛倫,與器物,凡五倫親屬中人與物如夢君與物錫贈之兆臣曰與物貢獻之兆父母與物授深之兆子女與物甘,9383
卷之六,人物部,民庻,酒作,夢中學做酒家工鼎鼐譋和建異功曰若是貪杯無别事自醲自飲自經營,9519
卷之六,人物部,術技,鞦韆,夢此者主身有遠行夢見人鞦韆者主逺行曰客至女子夢之主酒食宴樂喜慶歡娛之事,9599
卷之六,人物部,術技,擲骰,夢擲得純色者吉主有財彩餘主事多反覆小曰人不足之占婦人夢之主得夫懽又有秀孕也五竈楊平義夢與人擲骰方下手窩中不見一色未幾而妻病卒,9613
卷之六,人物部,術技,牙牌貞吉否凶,夢之者貴人遷擢平人進歩如曰夢拈得亡牌者兆爲諸事不成,9619
卷之六,人物部,術技,葉子,夢主人叢競勝手有威權兆應四旬六曰六之數定有小遇小喜獲利大吉,9624
卷之六,人物部,術技,學射御,曰中的行道之象御世成功之兆,9637
卷之六,人物部,夷蠻,見夷虜戎蠻,夢之者主臣下奴僕懷有貳心曰出外遠行防有異變非爲吉占,9646
卷之六,人物部,夷蠻,夷蠻進貢大吉,此夢如見夷國蠻邦進獻寶物者曰主國家祥瑞四海安寧之兆也,9650
卷之六,人物部,夷蠻,夷狄入國至家,夢見夷狄入國者主有兵戈騷動曰見夷狄入家者主有盗賊𥨸登,9654
卷之六,人物部,夷蠻,與夷狄交戰,夢戰勝者凢事有氣戰敗者曰凢事無力兆主有小人之侮,9660
卷之六,人物部,夷蠻,與夷狄交易貞吉否凶,夢此者主商人獲寶平曰人疫厲遠行吉利之兆,9664
卷之六,人物部,夷蠻,身變夷狄居皮幕凶,夢此兆者罪流裔土身繫囹圄之象官訟曰大凶餘人夢之急宜解禳鎭壓可保無咎,9669
卷之六,人物部,夷蠻,拜見番王,夢者市利業興惟大貴之人不宜兆此曰主耻辱屈身之事征討之日尤爲不祥,9678
卷之六,人物部,夷蠻,配靼婆爲婿,夢之者主得佳偶士人兆之當有異曰人之遇意外之緣老而無妻者凶,9684
卷之六,人物部,夷蠻,與夷人同騎,夢此者兆主内人與外人通情合謀午命生人曰午年月日必有所應貴人兆大平人兆小耳,9694
卷之六,人物部,夷蠻,見倭人入𡨥貞吉否凶,夢此横財驟富之兆惟貴人曰孕婦不宜得此爲不祥耳,9700
卷之六,人物部,夷蠻,與倭泛海航入倭國,此夢舟中敵國之象凢商賈合夥者須防異曰心變故謹愼爲佳如求不義之財兆此大吉,9705
卷之六,人物部,夷蠻,倭人作書畵,夢之者文士聰明平人口舌富曰貴夢此不宜交易立劵契也,9709
卷之六,人物部,優妓,身是優人搬戲,夢者主明日有閑非閑氣曰身心紛擾門户不寧之占,9721
卷之六,人物部,優妓,人教作戲凶,夢此爲小口災侵平人涉訟之象凢曰事須防自生爭𨷖小心忍耐可避也,9725
卷之六,人物部,優妓,塗面爲優人,夢見人塗面爲優者主他人心變凢事防有欺侮曰誕詐夢自身塗面爲優者主有災病至有耻辱事,9729
卷之六,人物部,優妓,優人迎拜,此夢文人身貴富家有宼曰女子夢之主有亵侮之臨,9733
卷之六,人物部,優妓,演戲身衣冕服凶,夢者兆主外孝服動内虛曰驚事老人夢此當有疾至,9737
卷之六,人物部,優妓,見優人來别,此夢文人不吉名落聲銷之象平人夢曰之又爲虚耗去財利滋愁除邪散大佳,9741
卷之六,人物部,優妓,群優歌唱過門,夢之者如不入門主有讌會行樂之喜曰如人門主有盗𥨸之虞旅邸夢之不吉,9745
卷之六,人物部,優妓,優人騎馬乘車,富貴非曰眞之兆,9749
卷之六,人物部,優妓,見提傀儡,夢之者主陰小有曰人提掇病人爲凶,9753
卷之六,人物部,優妓,門首弔傀儡大凶,夢主家有横禍曰之至大凶兆也,9757
卷之六,人物部,優妓,與妓相别吉,此夢陰非遠棄之象凢事得理疾病曰脫身其占爲浪子回心花凋蝶散,9761
卷之六,人物部,優妓,呼妓陪席飲酒,口舌悲哀破財招禍無曰因見夢者尤爲不祥也,9765
卷之六,人物部,優妓,見妓拜迎,夢主事有小喜身有小災一憂一樂惟途曰路夢之當主交易獲利行樂費財之象,9769
卷之六,人物部,優妓,妓同寢,主疾病臨身陰私相擾之象夢者㥯宜解曰鎭如妓係素所愛慕者又爲想夢無妨,9780
卷之六,人物部,優妓,諸妓歌樂列侍凶,夢主憂悲之事邪祟相侵群陰羅網百口曰喧爭事宜戒性病者防凶破財䘮丁之夢,9784
卷之六,人物部,優妓,妓索物,此夢暗中耗陰中消美中不美宜曰詳所索何物圓通推測方有靈准,9788
卷之六,人物部,優妓,娼妓倚門迎巳入,夢此主妓擅專家凢人兆之歡合之門迎曰而入之主事事有緣惟官訟之時不吉,9792
卷之六,人物部,優妓,與妓女相毆,夢主得情助𫝑門戶昌榮氣象之兆也技藝曰之人爭長奪色老者得之主有虚症不祥,9796
卷之六,人物部,優妓,買妓歸家凶,陰禍來曰臨也,9804
卷之六,人物部,優妓,與妓爲夫妻大吉,夢此者夫妻昌吉也未配者主得技藝美色曰之妻如素愛𤇆花之人夢爲直叶妓女合心,9808
卷之六,人物部,優妓,身作樂工,主有憂悲事如手有瘡患者曰不口即愈又有大吉之占,9812
卷之六,人物部,優妓,見人爲樂工,夢主明日其人所在有大曰風起丹行宜備不可忽也,9816
卷之六,人物部,優妓,見歌童歌舞,夢主小口喧爭是非反覆意曰外之悲少陽脉病便溺之災占,9820
卷之六,人物部,奴𨽾,人投作僕,夢主得人助力添丁進口之象女子夢之主得曰庸兒不爲佳瑞老者夢之病至貧者夢之得財,9833
卷之六,人物部,奴𨽾,見人作僕被鞭朴,此夢主其人不祥不作冥曰中鬼卒當爲陽世囚夫,9837
卷之六,人物部,奴𨽾,被奴僕欺侮凶,陽消陰長上替下陵之象夢者防曰内有異心家有二主私小之應也,9841
卷之六,人物部,奴𨽾,婢女詬罵,夢主小口不寧之占或主其婢曰有變兆爲陰氣吹于家門口舌,9849
卷之六,人物部,奴𨽾,賣奴婢,此夢賣奴爲主人失助羣力解散凢事少曰扶少佐無威無𫝑也如賣婢者又爲吉祥,9853
卷之六,人物部,奴𨽾,見他人是𨽾卒,夢主其人有死䘮之厄詳是曰何人身居何地吉凶自見,9866
卷之六,人物部,奴𨽾,被𨽾卒呼叱鞭撻,此兆藉人力得人助夢之者凢事必有扶曰庇如身至冥府見冥王使冷叱撻者大凶,9870
卷之六,人物部,奴𨽾,人召作𨽾卒,此夢平人小遇如身係貴人當曰有冥司之苦必非福德之報,9874
卷之六,人物部,奴𨽾,𨽾卒前驅導,此夢貴人吉平人凶文人曰兆應將來主有顯榮之象,9882
卷之六,人物部,老幼,身化小兒,夢之者不論男女中年夢之主業消財退老年夢曰者主疾病死亾凢人夢此爲僧削髪以應之可解,9929
卷之六,人物部,男女,見女子,阻財退夢與婦人同坐食主喜吉夢與女人厮毆曰主失財夢見婦人厮毆主訟事閑氣奸情夢見女人曉敉事散晚籹者事成夢與女人姦好者凢事皆凶夢與女人陰謀主營謀不遂夢見女子觀天象星斗雲物者主凶事至,9950
卷之六,人物部,男女,夢占女子化男部大吉,夢之者主陰轉爲陽主作事遂意曰疾病除口舌散凢事無不吉利者,9968
卷之七,形貌部,身體,身體類全現巳身大吉,人之相貌誰能自知自知之明徵祥備矣曰君子得之榮顯小人得之康健當默識之,9995
卷之七,形貌部,身體,畵兩翅在身大吉,兩翅者二支也又兩次也有吉無凶曰夫翅非翼也翼似飛鳥翅似飛蛾,10011
卷之七,形貌部,身體,身生一翼一翅,無佐者吉或左或右有人助之爲飛爲逸吉曰有兩人相輔而夢一者必失一個人也不吉,10017
卷之七,形貌部,身體,身體光滑吉,孽散災消憂除愁解利茂名登病瘳運泰曰諸事皆祥遂吉貴人夢之主德隆譽廣,10046
卷之七,形貌部,身體,一身長大如泰山大吉,此夢名重天下之兆也曰,10055
卷之七,形貌部,身體,身軀扁薄凶,扁者貶也精血不足之象侍中上曰官夢巳身扁薄其年貶爲典簿,10072
卷之七,形貌部,身體,身小如兒童,老年夢此再世生身少年夢此學問不足病曰人夢此不祥脩行得道者夢此是體中嬰兒,10076
卷之七,形貌部,身體,一身二叚,文人應試伊尹命題曰武將臨期身首異處,10080
卷之七,形貌部,身體,一身變爲三,此三生同會一時三魂各分一處曰因詳此夢動靜語言以驗吉凶,10084
卷之七,形貌部,身體,身陷入地吉,半身在上者是出頭之象得土之兆吉夢也曰或夢橫或夢俛或夢没入土中皆爲大凶,10094
卷之七,形貌部,身體,一身都是鬼大吉,隸卒衆多之象眼見許多鬼衆魁同寅者乎巳身曰在中大干衆位其爲元之兆乎兆此者金㮄第一,10098
卷之七,形貌部,身體,身忽黑凶,身若紅黃光彩富貴之兆身忽昏黑暗昧灾禍曰突至疾病臨身不祥之夢急宜保禳解鎭无咎,10102
卷之七,形貌部,身體,遍身華彩如虹大吉,此文明之象又爲金光爲好光景爲美觀爲美麗曰得華服之兆但丙丁日天火日夢之宜防火燭,10106
卷之七,形貌部,身體,洗身被跌,洗者去穢交新也跌者阻隔遲緩也曰夢者宜細推當土几事延緩之象,10110
卷之七,形貌部,身體,疥癩瘡癤滿身不沭凶,爲人子者夢之父母有災平人夢之爲人曰來損之之兆小兒童夢之須防即日眞應,10118
卷之七,形貌部,身體,遍體生毛吉,毛者血氣之餘肺主皮毛蓋肺之餘氣曰也夢生毛爲文明之象又爲掩閉之象,10122
卷之七,形貌部,身體,遍體生鱗吉,春屬木其蟲鱗于臟腑爲肝之餘氣生鱗乃曰血氣有餘之兆又爲化龍之象其吉可知,10128
卷之七,形貌部,身體,遍體無皮凶,兩人皮是彼也波者水之皮也皮有病爲疲也曰無皮露肉肌也皮膚父母也無父是無衣也,10132
卷之七,形貌部,身體,詳玩五體吉,惟善養者得有是夢若非用心調理者則是曰一時之惑耳若夢他人玩我者囚多吉少,10136
卷之七,形貌部,身體,體濶大吉,濶者活也病人夢濶不死訟事夢濶必得意曰女人有孕夢濶生男少年夢濶爲肥壯之兆,10142
卷之七,形貌部,身體,半邊形體不見貞吉否凶,是左癱右瘓之象若人遇難夢此者是半曰隱遯也急以正心調理之道亦可移吉,10146
卷之七,形貌部,身體,體分成二身,一人兼兩人之事棄產成家曰一國作二國之王分京各主,10151
卷之七,形貌部,身體,體上有誌吉,此夢身羅星斗之象士人顯名女人育貴曰隨其誌之所在及所見而詳之不可拘一,10155
卷之七,形貌部,身體,體熱如火,貧者得衣孤獨有喜曰病寒者生病勞者死,10159
卷之七,形貌部,身體,遍體生瘡疥吉,夢瘡是昌盛癩疥是有所倚賴生癬爲宣曰明都吏夢生瘡出血以舌舐之選爲倉官,10167
卷之七,形貌部,身體,遍體蓬塵灰土,主被辱曰,10171
卷之七,形貌部,身體,五體皆斷凶,股肱心臂不相接此夢主分離之兆曰名利廢交友無情病體劇作事無成,10175
卷之七,形貌部,身體,光彩倍常大吉,神清氣旺故有此夢病者得之非佳兆也曰若他人夢見病者光彩不比平日大凶,10179
卷之七,形貌部,身體,肥吉,貧人夢肥財來致富富人夢之族富家財曰長旺冲齡夢此大吉病者夢肥無藥可治,10183
卷之七,形貌部,身體,痩,夢痩者骨力强壯之象少者夢之家貧無患老曰者夢之老窮富貴者不祥女子懷胎夢大凶,10187
卷之七,形貌部,身體,長大吉,長者長也爲衆人之長爲長利爲長旺大吉曰爲長壽爲才長爲德長爲長策病夢變長凶,10191
卷之七,形貌部,身體,方吉,方者方也爲方正爲得方爲有方爲方曰法爲有事有防惟病人夢方者必死,10195
卷之七,形貌部,身體,半隱半露凶,胸藏背出不爲祥露尾藏頭定有殃曰鬼魅眞情從此現仙遊借意莫思良,10203
卷之七,形貌部,身體,如木偶人貞吉否凶,此爲偶然也求名利者夢此當是有人提挈曰衣錦榮歸之兆病者夢此是筋絡枯槁也,10207
卷之七,形貌部,身體,如老季景象貞吉否凶,一少年病後夢身如𦒿耋兒孫滿前果大壽曰一豎子夢巳身老皮皺鬚鬂皓然未旬卒,10212
卷之七,形貌部,身體,隱入字紙內,此夢學者之美䜟也,10217
卷之七,形貌部,身體,丈量尺寸,數有定也富貴壽祿所係多則吉少則不曰吉若病者夢此其數與年歲相同者大凶,10222
卷之七,形貌部,身體,與人比并大小高低,大吉小凶高吉低凶曰,10232
卷之七,形貌部,身體,寒如臨氷履雪凶,覺來眞冷是睡不安甦後安和心事驚疑有曰大災出行在路須防盜賊或家中有事耳,10244
卷之七,形貌部,身體,寒顫大凶,主有虚驚若在清閑燕安之際夢此曰者須防疾病又防孝服口舌之灾,10248
卷之七,形貌部,身體,剝瘡蓋吉,主得錢財若夢瘡蓋失落是克剝曰錢糧之象又爲灾悔消除之兆,10252
卷之七,形貌部,身體,倒立凶,頭在地下足反在上夢醒安然者其禍小若曰心中不安者須防水火之灾或下欺上者,10256
卷之七,形貌部,身體,横跌着地凶,仰吉俯凶夢痛大凶曰或因疼痛夢之不妨,10260
卷之七,形貌部,身體,立在空中四懸不着實凶,無所倚歸之象曰,10264
卷之七,形貌部,身體,跌入水中,此乃神歸腎腑之夢夢後七日曰内防有火災水厄過旬無忌,10268
卷之七,形貌部,身體,見配偶作二形凶,夫夢女其妻有外意曰婦夢男其主有二心,10272
卷之七,形貌部,頭額,斷頭而行大吉,見羣龍無首吉天德不可爲首也曰兆主喜慶來至平人主事無頭緒,10299
卷之七,形貌部,頭額,換頭大吉,求名進取必居第一平人覔利頭等交易若曰病人夢此無藥而瘳未病夢之夢後得病死,10303
卷之七,形貌部,頭額,引劒斷頭大吉,頭斷未嘗無劒引尤吉惟臨敵交戰爲絕兆病人曰見之爲無病徵女子夢之主孕育生男亨嘉之兆南唐烈祖周宗請之烈祖曰夜夢人引劒斷吾首宗下拜賀曰當冊立居數日而内禪,10309
卷之七,形貌部,頭額,尋頭吉,無頭光景之兆曰,10313
卷之七,形貌部,頭額,斫取人頭吉,取者獲也頭者首位也夢此者文人曰首㮄武士首功諸事進達之兆,10325
卷之七,形貌部,頭額,一頭三面,兆主交易契劵得成之占曰作事有光彩當敵防伏兵,10329
卷之七,形貌部,頭額,變豹頭貞吉否凶,君子豹變小人革靣曰,10333
卷之七,形貌部,頭額,頭化作鳳凰吉,鳳凰頭上客百烏盡知音此夢文官曰入相武將封矦女戴鳳冠老而育稚,10342
卷之七,形貌部,頭額,頭上有火星,少陽從心中出爲夢中火太陽寒水得之而濟曰火點冲天是吉祥富貴火星落地子孫殤夭,10350
卷之七,形貌部,頭額,頭中出水滴凶,此夢血枯水狼籍點水便成氷髪渝多曰污穢不祥孰甚焉又爲火災當自警戒,10354
卷之七,形貌部,頭額,藏頭,此夢文人夢之掛冠歸里曰諸事宜小心不宜出頭,10358
卷之七,形貌部,頭額,頭頸斷復聯大吉,乾坤交接震兊和洽曰死而復生貧窮再富,10366
卷之七,形貌部,頭額,頭生羊𧢲大吉,解字也平人主事曰解散惟貢士爲祥,10387
卷之七,形貌部,頭額,頭顱生草,頭出草木有生發也夢此者士人加冠貴人錫曰纓病人不祥女人主有草頭之姓匹配良緣,10391
卷之七,形貌部,頭額,頭上䪿門忽開大吉,兆主逺行䪿者性也性開情達之象愚曰者智多憂者豫惟守藏庫者宜防失脫,10395
卷之七,形貌部,頭額,頭中無腦貞吉否凶,空虚之象病者夢無腦是陽虚必曰死诸事皆凶惟訟者夢見大吉,10399
卷之七,形貌部,頭額,將首與人凶,此夢以我之頭爲人之頭乃交易曰不成之象文人應試不得首薦,10404
卷之七,形貌部,頭額,自求其首吉,眞無首䰟去求頭在頸何須如此向來事曰事無頭緒今日求來眞有𧼈求得大吉,10408
卷之七,形貌部,頭額,梳頭大吉,法通道合得理有儀凡夢之時値多慮多曰憂今朝暢快事當難蘇難省今後清安,10414
卷之七,形貌部,頭額,持三首大吉,此夢文人得之聯報三元武士得之三戰三曰勝官宦得之位列三台平民得之利獲三倍,10439
卷之七,形貌部,頭額,以首承日大吉,首爲乾日爲離離在乾上大有也曰日者天之子天子之下一人也,10447
卷之七,形貌部,頭額,首變似虎大吉,虎屬寅同寅協曰㳟大貴兆也,10453
卷之七,形貌部,頭額,首變蛇,爭訟口舌百事不利如合曰夥作事當爲衆人之長,10459
卷之七,形貌部,頭額,頂刅吉,危而得安之象刅者忍曰也凡事宜忍耐爲佳,10463
卷之七,形貌部,頭額,露頂出門凶,此夢無冠之象曰又失財之占,10467
卷之七,形貌部,頭額,頂顱光大吉,頭上光明而廣大此夢文人大貴常曰人不利病人不祥高年主有老運,10471
卷之七,形貌部,頭額,頂尖,小人吉大人凶曰,10475
卷之七,形貌部,頭額,頂中生出童子大吉,上人寵生男兒一人得兩人之曰壽又爲修煉家嬰兒姹女之象,10479
卷之七,形貌部,頭額,點額大吉,德占天罡名傳國史夢人點我額驗曰在尊重名號士中首甲平民得利,10487
卷之七,形貌部,頭額,額上加頭如獸面大吉,夢此者官爲顯長將爲帥長吏爲衆曰人之長必封王矦大爵世襲公矦,10493
卷之七,形貌部,頭額,額中生一目大吉,文人爲一目數行之象曰是天門開也主貴壽,10509
卷之七,形貌部,頭額,額生長毫大吉,顙出長毫是夢中天庭豪邁必成功曰文明俊傑多榮顯短短粗毛便見凶,10517
卷之七,形貌部,頭額,拍額吉,自拍巳顙心中快也人來拍之得人力也拍人曰之顙將誨之也如此夢者必得進取必能去病,10521
卷之七,形貌部,頭額,掩額露頭面貞吉否凶,假寤佯羞隱風厭雨革㡭曰奸陰厲態覆蔽昆儕妙情,10525
卷之七,形貌部,頭額,額上㸃珠粒吉,此珠冠冕旒之象曰兒童夢之防跌,10530
卷之七,形貌部,頭額,額上生一癤吉,男得美名女爲貞潔曰,10536
卷之七,形貌部,頭額,被人剌額凶,逺行防盜安居慮疾曰刺之者誰詳審可測,10540
卷之七,形貌部,頭額,額上畵山吉,主遠行也女子夢曰之爲畫眉之象,10544
卷之七,形貌部,頭額,額上生五彩吉,增爵增福壽增一紀曰,10550
卷之七,形貌部,頭額,額上書名大吉,求名求利與求人必得高明曰若行邪路作非爲必然被戮,10554
卷之七,形貌部,頭額,額上畵朱圈大吉,上人取用之兆曰佛收病者之夢,10558
卷之七,形貌部,頭額,易去頂骨吉,愚者智智者愚貧者富富者貴頂骨名曰天靈夢中換易天易之也欺心者凶,10562
卷之七,形貌部,頭額,𧢲上掛刀凶,主䘮服生𧢲本非佳掛刀何所用刀用爲曰𧢲掛刀增一點甬字也宜以人地推之,10567
卷之七,形貌部,䪿腦,䪿門開復合大吉,諸事皆吉貧窮孤曰苦當合同心之儕,10575
卷之七,形貌部,䪿腦,劈開䪿門入藥大吉,諸病皆除之兆多曰愁慮者有樂事至,10579
卷之七,形貌部,䪿腦,破䪿門腦流出凶,腦者胎中之寶夢此者祖業散亡非命之曰兆若與人爭門者夢之攺惡從善則吉,10583
卷之七,形貌部,䪿腦,䪿門不動腦流如雨大吉,大貴之兆金蟾之象曰,10587
卷之七,形貌部,䪿腦,開䪿見腦復掩閉大吉,夢之者主因禍得福曰之象再離再合之占,10591
卷之七,形貌部,䪿腦,人啖巳腦吉,以寶保人曰,10595
卷之七,形貌部,䪿腦,取得人腦,兆得財寶曰,10603
卷之七,形貌部,䪿腦,寫字腦頭上,字吉則吉字凶則凶曰,10607
卷之七,形貌部,䪿腦,腦出復入凶,大怒不寧之兆曰,10614
卷之七,形貌部,䪿腦,腦從口中出凶,禍從口入腦者于我爲至貴于人爲至柔貴曰出則賤柔則愈弱矣女子又爲煩腦消除,10618
卷之七,形貌部,面目,面目類面大頭長與身軀等大吉,頭高額闊天倉滿盈九竅清潔大聖賢明曰億兆百體莫見其形夢形似是南山壽星,10625
卷之七,形貌部,面目,面生三口大吉,貴升一品之象天三生木地曰八成之口一夢三百事大嚞,10637
卷之七,形貌部,面目,面變如鬼形吉,陽上升曰神陰在下曰鬼鬼形魄之本來也曰夢中見之晝夜相反非變之眞是吉非患,10641
卷之七,形貌部,面目,見人面醜如鬼凶,夢中人是誰其人必不祥同伴與曰交遊必有非心在或彼有天殃,10645
卷之七,形貌部,面目,面生黑疵凶,夢疵在何處以相法詳之有曰凶無吉但輕重大小不同耳,10649
卷之七,形貌部,面目,面色靑黑黃痩凶,病恙驚憂不祥之兆曰,10653
卷之七,形貌部,面目,面赤吉,赤紫黃皆喜色夢之必有喜慶夢如醉如怒曰紅似赤而嫩爲怒爲䘮紫而無光三者皆凶,10657
卷之七,形貌部,面目,面上有金錢凶,爲生瘡爲失物爲被人曰欺侮若夢瘡𤸱者反此,10661
卷之七,形貌部,面目,面塗垢凶,王儁如凉州夜宿市肆夢塗泥面上窹問兄曰宻宻曰塗有難如之何果遇難儁爲賊所掠,10665
卷之七,形貌部,面目,面色枯槁凶,枯者苦也稿者蒿也夢此者業曰消減病殞命諸事苦百憂集,10673
卷之七,形貌部,面目,引鏡自照變醜面吉,自知之兆以自巳目睛于夢中鏡照本來美好而曰變成醜狀明鏡不能自照夢照見者自知之明也,10677
卷之七,形貌部,面目,面帶假臉吉,詐昧佯羞之象得人覆庇之兆夢中假臉,10681
卷之七,形貌部,面目,妻面變常大凶,此爲夫妻反目之象又爲鰥寡别曰離之兆若義夫夢之爲破財之兆,10687
卷之七,形貌部,面目,見人面變,我有喜人行禮我有災人情曰哀若是𡨚家債須防覿面來,10691
卷之七,形貌部,面目,麻面忽光顏色不變貞吉否凶,此夢乃蒙羞被辱之象若夢光彩曰異常爲大吉兆病人夢此大凶,10695
卷之七,形貌部,面目,人面生麻,不光兆曰,10701
卷之七,形貌部,面目,半面醜美吉,半得半失虚浮見喜之象左爲父兄長老左曰親隣友右爲弟侄幼輩右隣仇讐以此詳之,10705
卷之七,形貌部,面目,掩面凶,掩者羞愧散藏也夢此兆者曰必有幽昧之事至懼見人也,10709
卷之七,形貌部,面目,面忽長吉,相知久長延齡未央酒肉快樂心中怏怏曰夢長夢短眼見更移無榮無辱無變無疑,10713
卷之七,形貌部,面目,面籹粉,男子夢之主愧耻不祥曰女人夢之主榮華都麗,10717
卷之七,形貌部,面目,面塗墨大凶,夢見自巳主自巳身危曰夢見他人主他人心惡,10721
卷之七,形貌部,面目,洗面有蓬垢不凈凶,有禍難逃有過難隱有仇曰難辟有病醫必當問卜,10725
卷之七,形貌部,面目,面生鱗甲凶,遇難曰,10729
卷之七,形貌部,面目,臉上畵花文凶,君子兆之大凶小人兆之反吉曰若夢半邊花臉一事或得或失,10737
卷之七,形貌部,面目,臉帶護鬚凶,奸邪盜賊之占曰,10741
卷之七,形貌部,面目,用𥿄糊於臉上,詐詭隱避對敵不宜夢此須防曰奸細如病人見夢大爲不祥,10745
卷之七,形貌部,面目,自光照天大吉,光明千丈博學之象曰威權萬里高爵之徵,10753
卷之七,形貌部,面目,一目吉,細視十行逺觀千里若問財利曰滿眼金錢得此夢者富貴極矣,10757
卷之七,形貌部,面目,四目大吉,照見四方之象曰,10765
卷之七,形貌部,面目,目中有剌凶,有盜賊奸細來臨之兆曰若夢他人有刺拔之吉,10769
卷之七,形貌部,面目,見人瞽目吉,彼見地獄我看天堂我見他他不見我他聽曰我我不聽他此夢中人也覺來以此詳之,10777
卷之七,形貌部,面目,目中有血大凶,眼中涙流如血情乖意蹇之象若爲子者夢曰之爲泣血之兆無父母者夢之身死非命,10781
卷之七,形貌部,面目,目昏不見人物大凶,昏昏黑黑家何處杳杳冥冥身可危若曰此夢中另有吉祥之兆不過小疾耳,10785
卷之七,形貌部,面目,怒目視人吉,使人畏懼之象貴人夢怒主太平平民夢曰怒主生意病人夢怒肝氣旺有吉無凶,10789
卷之七,形貌部,面目,𥄑目而視凶,夢中𥄑目視人者必有疾病災患若見曰他人𥄑目視巳是彼有非情切須防慮,10793
卷之七,形貌部,面目,目中又生一目凶,旱蝗災眚家事曰顚危病患重重,10801
卷之七,形貌部,面目,懸目凶,懸目而視心事急切夢中有此出自心曰經絡伍胥懸兩目于吳城不宜夢此象,10805
卷之七,形貌部,面目,兩眼垂珠凶,珠似淚心哀珠淚曰流夢主哭泣之兆,10809
卷之七,形貌部,面目,兩眸高出似蟹眼吉,烏瞦出睚外龍睛之象夢此富貴顯榮之兆曰若遇難時有此夢必其目力所到禍患解脫,10813
卷之七,形貌部,面目,睛墜凶,主凶喪晴者精之主旣墜其精何以曰得生夢此者其難免號咷之惨乎,10817
卷之七,形貌部,面目,黑白異色,世亂身强黑者白家寒身困白者黑曰睛黃病體靑大吉口舌强梁滿眼赤,10821
卷之七,形貌部,面目,兩眼金光照土星吉,買田取僕之兆鼻者中央之正于五行屬土又曰爲財物之主金光照鼻是費金用以成家也,10825
卷之七,形貌部,面目,睛入鼻孔中吉,志在山林之象鼻者山根主壽夢目睛曰歸于中是無心于左右也有吉無凶,10839
卷之七,形貌部,面目,人引鍼剌眼吉,目審蒼黄辨好惡見高卑夢人以曰鍼刺之不祥若病人夢之大吉,10847
卷之七,形貌部,面目,眼無瞦凶,瞦眸子也眼無瞦差訛曰不識也驕不顧人之象,10851
卷之七,形貌部,面目,摘人眼珠納自眼中吉,此兆目倍明名倍升利倍取運曰倍亨家倍豊壽倍增夢主兼吉,10855
卷之七,形貌部,面目,出眼眵吉,夢此心中有不悅之人巳遠不喜曰之物巳消若患目疾者夢此即愈,10859
卷之七,形貌部,面目,換眼吉,以龍眼換之文貴以虎眼換之武榮以鵬鶚鳳鸞曰眼換之皆貴兆以鷄犬鬼眼換之賤者之占也,10863
卷之七,形貌部,面目,瞳睛兩重大吉,此大貴之兆睛光重叠可以細端詳可以遠眺曰望聖似虞帝勇似覇王夢此是前生氣脉也,10871
卷之七,形貌部,面目,洗眼大吉,目凈心喜眦清貌揚學文夢曰之生智慧作事夢之得光明,10875
卷之七,形貌部,耳鼻,耳鼻類洗耳大吉,洗耳聽佳音見美信諸事得明之兆功名曰聞捷報商賈獲家書憂疑盡洗枉屈得白,10884
卷之七,形貌部,耳鼻,耳聾貞吉否凶,耳聾聲不聞音不辨不知逺近响寂吉凶禍曰福夢此兆者不祥病者夢之肺氣不足也,10890
卷之七,形貌部,耳鼻,修耳吉,去穢濁進聰明也夢人修巳耳或自曰巳與人修耳者當有相識語言得合,10895
卷之七,形貌部,耳鼻,執持大耳吉,夢此者必于有事之秋爲人解紛之兆不然曰則是與人生息得財耳似錠錠大元寶也,10899
卷之七,形貌部,耳鼻,三耳四耳吉,攝行相曰位之兆,10914
卷之七,形貌部,耳鼻,被人割耳去凶,五刑也耳以觀貴賤斷貧富能曰察聽知律呂也夢受刑不祥矣,10920
卷之七,形貌部,耳鼻,耳内生長毫吉,肺氣盈腎水旺故有此夢曰當時消息好到底嵗年增,10924
卷之七,形貌部,耳鼻,耳上生龍𧢲凶,龍在耳上聾字也龍無耳以𧢲聽夢曰巳應此夢他人耳生𧢲者必有非心,10928
卷之七,形貌部,耳鼻,耳無孔凶,耕植歲大旱行人信不至兒童學不長,10932
卷之七,形貌部,耳鼻,中流血污肩大凶,爲人子家中有變曰爲人父自巳身危,10938
卷之七,形貌部,耳鼻,耳内生出肉凶,家人受辱曰,10942
卷之七,形貌部,耳鼻,耳内生舌大吉,甜言美語朋相契傾聽良詞樂在中曰表裏心苗和腎水情諧志協幸遭逢,10946
卷之七,形貌部,耳鼻,兩耳垂乳旁大吉,爲人臣爲人友惟汝言是聽好修行曰奉佛教得自在安閒生男生女之象,10950
卷之七,形貌部,耳鼻,移耳頂上吉,主遠行有威可畏有信可通虎比將曰才馬比君子夢中形像何若乎此,10954
卷之七,形貌部,耳鼻,移耳口下,口在上耳在下以手移之揖字也久無交曰友夢之必有客至廣交天下謙尊而光,10958
卷之七,形貌部,耳鼻,脩耳見丹砂大吉,此身榮家富延齡再度子孫昌茂災病無曰憂之夢也凡夢脩耳不拘痛泥血皆吉,10962
卷之七,形貌部,耳鼻,耳生兩顴鬂在耳後吉,顴權也權乃稱錘便宜行事爲權曰夢此者月下有佳音有遠信至,10966
卷之七,形貌部,耳鼻,鼻長大吉,中年發達之兆人之生也三十日壯四十日曰强鼻主富其運在四旬外夢見長大佳兆也,10970
卷之七,形貌部,耳鼻,鼻上有長毛貞吉否凶,鼻上長毛非富貴之兆也夢者主名曰不遂財不聚惟老年夢之又爲壽徵,10976
卷之七,形貌部,耳鼻,被人截鼻吉,其人天且劓無初有終得曰此兆有禍必輕有病必療,10987
卷之七,形貌部,耳鼻,鼻孔𤇆出吉,土中飛霞光騰大地之兆也文曰人夢此大貴常人夢此大利,10995
卷之七,形貌部,耳鼻,鼻腐爛凶,鼻準齊而豊起富貴之兆腐爛大曰凶也夢者臣僕𮞸殃田土失脫,10999
卷之七,形貌部,耳鼻,增一鼻貞吉否凶,土星人靣之主也增者贈也夢者寵臨曰祿至陞遷之兆出行大吉尊位得圭,11003
卷之七,形貌部,耳鼻,鼻涕入口中吉,口舌消散是非解釋之夢涕自鼻中出曰將來嚥入喉明朝多酒食爭訟各含羞,11008
卷之七,形貌部,耳鼻,洗鼻大吉,只洗鼻不洗兩顴口耳是外靣無事但清曰心肺之象除去憂疑取來香馥大吉之夢,11012
卷之七,形貌部,耳鼻,鼻塞凶,氣不通也胃口肺門壅閉污濁必値臭穢曰故有此夢不然則是心中藴結遭惡境也,11016
卷之七,形貌部,耳鼻,鼻内生長毫吉,肺氣充盈之象夢曰主英豪輔弼之占,11020
卷之七,形貌部,耳鼻,鼻齃内生牙大吉,兩虎排牙威曰振千里之象,11028
卷之七,形貌部,耳鼻,鼻無兩孔吉,夢此者氣通暢象應曰虎豹大吉無息者凶,11032
卷之七,形貌部,耳鼻,鼻中無息,當有朋友相愚曰,11040
卷之七,形貌部,耳鼻,鼻孔乾,平安夢乹當有恙病中夢乹藥曰未良遠行防雨露酒醉亦無傷,11044
卷之七,形貌部,耳鼻,鼻柱傷大凶,大痛無聲之兆此夢主闘毆刼殺家曰破難存爲人母者夢之子孫夭殤,11048
卷之七,形貌部,耳鼻,鼻在顴側大吉,左輔右弼之象曰,11052
卷之七,形貌部,耳鼻,鼻上有火星凶,家人离散曰,11058
卷之七,形貌部,耳鼻,鼻上放光如燈吉,威權萬里光輝千丈平曰民夢之須防灶下火災,11062
卷之七,形貌部,耳鼻,鼻上有黑㸃凶,陰人起禍之象曰,11066
卷之七,形貌部,耳鼻,鼻赤吉,酒醉鼻頭紅先知兆夢中曰,11070
卷之七,形貌部,耳鼻,鼻上裝粉,得白之兆曰,11074
卷之七,形貌部,耳鼻,鼻梁破碎,無事破敗有財難保父母喪亡田園被刧曰若夢有血不過失財血流垂地身死人手,11082
卷之八,形貌部,睂髪,睂忽白大吉,福壽白睂之兆諸事得白子曰孫有喜病者夢之壽增一紀,11114
卷之八,形貌部,睂髪,落一睂貞吉否凶,眼如日月睂若祥雲雲護日日附雲日月無曰雲則不能光華矣斯乃夭折孤貧之夢也,11118
卷之八,形貌部,睂髪,兩睂盡落吉,額,11123
卷之八,形貌部,睂髪,睂分四叚凶,左睂斷男有灾右睂斷女有禍曰冲齡應在父母𦒿耋應在子婦,11130
卷之八,形貌部,睂髪,畵睂吉,高年夢之得延齡童子夢之得賢傅女子夢曰之良人貴貴者夢之得美姿病中夢之痊可,11134
卷之八,形貌部,睂髪,剃睂吉,眼見光鮮此夢安曰閑富貴之兆也,11138
卷之八,形貌部,睂髪,兩睂聯如一畫,兆主憂愁思慮高平華蓋眼前光景一曰片繁霞臉上儀容夢睂聯結懐抱難開,11142
卷之八,形貌部,睂髪,披髪戴冠吉,髪被無愁結也整冠新氣象也兆曰主通亨夢巳巳就人夢人人助我,11148
卷之八,形貌部,睂髪,被髪遊市㕓中吉,爲商爲賈利獲千金爭鬥詞訟彼屈我伸曰功名際會宰令高升貧窮孤苦閙熱康寧,11152
卷之八,形貌部,睂髪,披髪不出戸庭,同居不睦夫婦反目曰若修煉大方爲吉夢,11156
卷之八,形貌部,睂髪,披髪爲厲凶,惱恨傷神之象夢他人若是曰其實即至兆應于渾良夫矣,11160
卷之八,形貌部,睂髪,割髪與人貞吉,夢主受刑被刼之兆但看所與者爲誰耳兩情曰濃故有此夢授人以法又主師徒傅受之占,11168
卷之八,形貌部,睂髪,髪忽散,髪亂如麻心萬結有計難梳曰不能梳理爲私情無簪可替,11176
卷之八,形貌部,睂髪,編髪自撥亂凶,夢之主獨夫之兆曰,11180
卷之八,形貌部,睂髪,緶髪吉,早諧秦晉徐合姮娥曰主與人爲敵之兆,11184
卷之八,形貌部,睂髪,髪白落凶,少者夢之主憂憾壯者夢之曰主疾病老者夢之主衰朽,11188
卷之八,形貌部,睂髪,髪斷又聯短髪接長,病幾死而復生事將敗而再續斷又聯也男曰再娶女再𬋕戰敗降敵捕捉逃賊髪接長也,11199
卷之八,形貌部,睂髪,髪白再黑吉,壽永無疆𡨚沉難雪曰,11203
卷之八,形貌部,睂髪,髪盡白吉,夢之者主多愁多曰壽得白得光之象,11207
卷之八,形貌部,睂髪,頭髪上指如魁星大吉,髪屬血血屬肝肝主怒怒髮冲冠之象夢者曰武戰勝文章戰捷童豎將來貴女子得貴夫,11213
卷之八,形貌部,睂髪,髪根骨頭破碎凶,天綱破萬事凶國破家亾身死人手其兆大曰凶子夢父母祖宗應驗妻夢應夫僕夢應主,11217
卷之八,形貌部,睂髪,半邊髪撒亂,撒亂難梳洗必是憂愁夢此夢左爲男右爲曰女皆應子孫遭祻疾病若後鬂撒應絕嗣凶,11221
卷之八,形貌部,睂髪,頂上皮碎髪根浮痛,不得見人之兆曰,11225
卷之八,形貌部,睂髪,髪内有蛆虫吉,夢見生蛆與生虱皆是生財好消息曰若夢蒼蝇蚊子刺必有小人相拮榾,11229
卷之八,形貌部,睂髪,髪披至足,清理者大吉曰結亂者大凶,11233
卷之八,形貌部,睂髪,髪黑吉,人爲士髪乃草木草木茂曰盛土得氣也福壽之徵,11237
卷之八,形貌部,睂髪,髪垂顙齊睂大吉,男子應得美婦女子應得良人老曰者應子孫多壽出家者夢之不祥,11251
卷之八,形貌部,睂髪,開一竅在髪際下吉,天開于子乾龍出穴學者大貴商賈大曰富生貴子農夫得豐年女子得寵愛,11255
卷之八,形貌部,睂髪,髮藏𧢲内凶,鬥無法曰,11259
卷之八,形貌部,睂髪,髠貞吉否凶,髪髠本非嘉何况夢中兆子憂父母女憂曰夫老年一定血乾枯惟有蒙枉禍反爲吉,11263
卷之八,形貌部,睂髪,自看後大吉,此夢主生貴子之兆成家立業子孫英俊作曰事有厚名買賣得利若夢見後髸衰敗者凶,11270
卷之八,形貌部,顴顋,顴骨聳突大吉,兩顴高聳威振天關今夢見之曰一時權盛應驗當權有榮反辱,11279
卷之八,形貌部,顴顋,兩顴露骨凶,骨露無面皮當權夫其體左露東與男曰右露西和女國事非一身夢見在心理,11283
卷之八,形貌部,顴顋,顴上生瘡癤吉,當權昌盛之兆又曰爲目下從權之兆,11291
卷之八,形貌部,顴顋,顴上占梅花吉,主壽徵少年夢之有喜事貧人曰夢之有濟遇病者夢之得康健,11295
卷之八,形貌部,顴顋,顴上生人頭大吉,威振天下曰,11299
卷之八,形貌部,顴顋,顴化出魚頭大吉,當權才力有餘之兆功名遂曰財利博病體蘇求子生男,11305
卷之八,形貌部,顴顋,兩顴有睂毛吉,睂壽無疆之兆又曰爲良媒得權之象,11309
卷之八,形貌部,顴顋,被人穿顋,夢主爭鬥被辱詞訟曰被囚餘者倣此而推,11313
卷之八,形貌部,顴顋,胲落,人無胲不能飲食不食曰不祿也夢者宜細詳之,11324
卷之八,形貌部,顴顋,顧間肉起吉,頥養也兩頥肥壯爲得善養也曰夢此者得肥甘美酒有吉無凶,11328
卷之八,形貌部,口齒,口變小貞吉否凶,當有小口舌之兆,11351
卷之八,形貌部,口齒,凈口吉,口淨氣清之象,11358
卷之八,形貌部,口齒,人跳入巳口,夢此者必有曰獄中人擾之,11375
卷之八,形貌部,口齒,口中粉碎,大禍將至急宜解禳鎭曰壓四日或四旬後見,11383
卷之八,形貌部,口齒,二口吉,兩口善言此夢一口在上一口在下曰是呂字爲佳音一正一偏爲多嘴,11387
卷之八,形貌部,口齒,人唾口中吉,唾人之津英也得人之精氣曰夢者文章進逵才名遂志,11397
卷之八,形貌部,口齒,口啣頭髪大吉,髪者法也夢此者爭訟得勝陷人囹圄曰前程爲刑曹爲司寇脩行得道之象,11401
卷之八,形貌部,口齒,見人口中有毛吉,嘉慶喜吉之兆曰,11405
卷之八,形貌部,口齒,口流涎凶,貪盃之象夢見巳身精氣曰之不足夢見他人來索食,11409
卷之八,形貌部,口齒,被人掩口不能言,爲人禁閉氣不曰得吐聲不得揚,11413
卷之八,形貌部,口齒,口吐火熖凶,此夢心火炎薰寒氣欲盡曰主舊仇巳解心病將生,11417
卷之八,形貌部,口齒,口中有鳥飛出,南方朱雀本唇舌何處飛來多折折曰如今飛去到天涯小過爻中第一節,11425
卷之八,形貌部,口齒,口内生杏花大吉,文士登科室女配貴上官蒙曰寵平天遇達求財得求子多,11433
卷之八,形貌部,口齒,燕飛入口大吉,瓊林賜宴之兆,11437
卷之八,形貌部,口齒,被打嘴吉,夢見他人手偶丁自巳口曰他人手出力加我我大吉,11449
卷之八,形貌部,口齒,啣墨大吉,學者夢博學能文訟者夢墨爲黙字之曰兆主和息,11453
卷之八,形貌部,口齒,啣玉吉,貴者夢之善諌上從富者夢之曰良言人信,11459
卷之八,形貌部,口齒,啣氷,天寒水冷氷清玉潔得此夢者身安病曰痊,11464
卷之八,形貌部,口齒,啣睂,睂入口中其長可知,11469
卷之八,形貌部,口齒,啣鬚,多心之象夢主口舌平和曰,11474
卷之八,形貌部,口齒,啣自巳手足在舌,兄弟股肱在我口中事必周旋曰言必信從見血得利傷損則凶,11478
卷之八,形貌部,口齒,啣巳肉具吉,肉具陽物也相火會精命門所係曰此夢屈身之象屈身以求直也,11482
卷之八,形貌部,口齒,啣稱紐掛垂在手,委權掌印此夢爲百事稱心之兆衡在曰兩頰手中得權貴人相府貧遇大財,11486
卷之八,形貌部,口齒,咬人手足凶,他人之手足我得以扶持曰夢咬之者交爭之象也,11490
卷之八,形貌部,口齒,咬人貞吉否凶,口仕他人後他須慮我傷我去曰傷仙也不見他來背我我先知,11494
卷之八,形貌部,口齒,齒咬人頭大吉,文明名盛戰爭必𫎣求財得利曰用人得合胎孕生男病遇良醫,11499
卷之八,形貌部,口齒,齒牙露,此爲爭訟之象夢此遷移交易經營諸事切宜忍曰耐無咎是唇不衛齒有訟事而鄰人不來救護,11511
卷之八,形貌部,口齒,齒大如乕牙,夢此者得猛將出曰賢臣𭣣義僕也,11515
卷之八,形貌部,口齒,洗齒吉,去穢也夢者主口舌散除是非曰消解有仇不爲害有過不爲灾,11524
卷之八,形貌部,口齒,擊落齒牙血出凶,破財之兆親丁有災而費曰肉裏之錢也若母病無救,11528
卷之八,形貌部,口齒,齒長大吉,此爲位高爵尊壽曰長嗣盛之夢也夏文正永興人十四歲家疫癘死者十又三人負土營墳廬墓夜夢齒長九寸後爲都尉遷五官中郎將壽年八十有七,11532
卷之八,形貌部,口齒,齒落更生大吉,更生兆復生也夢此主椿萱康曰泰蘭桂登賢晚景榮華之兆,11536
卷之八,形貌部,口齒,齒揺動凶,揺動不寧之兆父母有憂子孫將曰危產業將散遷移行動有凶無吉,11540
卷之八,形貌部,口齒,換齒貞吉,夢者父母寄居異姓子孫承嗣曰他業但須知所換爲何齒耳,11544
卷之八,形貌部,口齒,人授齒裝自巳口中吉,病者夢之遇良醫罪死夢之得大赦曰逺行夢之逢異人獨夫夢之胤賢嗣,11556
卷之八,形貌部,口齒,刷凈齒牙吉,主有美味至當有秀兒生曰,11560
卷之八,形貌部,口齒,牙黃,有繁襍事曰,11564
卷之八,形貌部,唇舌,唇薄吉,主人信其言之兆曰,11572
卷之八,形貌部,唇舌,人割去嘴唇吉,夢人持刀去兩唇鼻頦齒舌無傷損是非爭曰閧皆歇息但前鄰徙去獨居無畔亦不妨,11578
卷之八,形貌部,唇舌,唇尖被人割碎凶,夢見人來割我必因財利交乂唇尖破碎難曰說話或是親丁或近隣禍匪他人即巳身,11582
卷之八,形貌部,唇舌,攺換唇皮吉,夢此兆者氣運新酒食豊需舊時所處更換曰好諸難消除若利口者夢之恐有難說難詳,11586
卷之八,形貌部,唇舌,見人張唇凶,此有人訕𧩂𮗸誚呼呌生事之象曰但看其唇作何狀貌便知前兆,11590
卷之八,形貌部,唇舌,糊嘴唇吉,掩蔽唇舌富者不與人爭利貧曰者爲大吉之兆傳曰以糊子口,11594
卷之八,形貌部,唇舌,舌長吐彩吉,氣吐虹霓之象夢之則文章進達曰功名顯貴諸事亨隹禎祥之夢也,11598
卷之八,形貌部,唇舌,多一舌,口舌紛紛爭訟連連權奸蜂起宜預防曰之文士主善文辭兆有二古人助力,11602
卷之八,形貌部,唇舌,割去舌頭凶,舌屬心心爲國主割傷心國無主則朝亂曰家無主則財散身無主則命危此夢不祥,11606
卷之八,形貌部,唇舌,舌上生毛貞吉否凶,鸚鵡能言舌有毛無方揷入水魚力夢舌如曰鸚鵡者不論大小吉凶凡百事無法替代耳馬亮知江陵府任滿當代夢舌上生毛解者曰毛生舌上剃不得也君當復任巳而果然,11610
卷之八,形貌部,唇舌,舌生蓮,文人大士曰,11615
卷之八,形貌部,唇舌,無舌吉,無舌無聲也心不出聲不與人爭惟無曰爭故藏于内而不露其苗故夢無舌,11621
卷之八,形貌部,唇舌,舌上書貴字凶,桂薪玉粒能得幾何舌子生字曰無可奈何日用不足所貴在何,11631
卷之八,形貌部,唇舌,吐舌舐巳目凶,犬舌舐鼻蛇舌舐額夢曰舌舐眼主泣淚之占,11635
卷之八,形貌部,唇舌,舌生兩尖,兆主蜷蛇事多唇舌之象曰,11639
卷之八,形貌部,唇舌,三舌吉,一口三箇舌誰人說得過便有快刀來曰到底割不破若人破此象决不閉口坐,11643
卷之八,形貌部,唇舌,挿凈舌黃吉,禍去禍來主脾家有恙曰五榖之苗可以愈之,11647
卷之八,形貌部,鬚鬂,鬚髪相結如織縷吉,上下同心之象夢此遇難曰成祥有怨難解病者無妨,11659
卷之八,形貌部,鬚鬂,以鬚結舌吉,仇怨閉口爭訟紏結血氣和平諸事皆畢曰若有志諌諍遊說者夢之爲無言之象,11663
卷之八,形貌部,鬚鬂,鬚化龍大吉,龍形變化人莫見知曰夢鬚化龍大貴何如,11667
卷之八,形貌部,鬚鬂,鬚從口中生聯口外頦下吉,語言難忍必不得巳之兆,11671
卷之八,形貌部,鬚鬂,無鬚睂大吉,孔丘無鬚睂爲諸矦所敬蓋初冠時未有曰鬚之年也夢此主上下光輝兆在目前,11676
卷之八,形貌部,鬚鬂,鬍鬚吉,夢鬍鬚者有貴賤之分清而疎長而光潤者曰不貴則富濁而濃短而黃赤者非佳兆也,11680
卷之八,形貌部,鬚鬂,鬚長過身大吉,鬚過身有餘之兆也夢此櫃有餘曰金倉有餘粟財帛豊盈壽年餘永,11688
卷之八,形貌部,鬚鬂,添鬚吉,鬚乃丈夫福壽之徵也夢此陞曰官添祿益壽家豐交易主益利,11692
卷之八,形貌部,鬚鬂,人剃髭吉,此夢削篆替職之兆士人夢之大魁首甲貴人夢曰之他人代政窮居𮞸難者夢之有禍必輕病即愈,11700
卷之八,形貌部,鬚鬂,鬚鬂飄揚如旌纓吉,鬚若纓名顯鬂冲冠譽揚曰,11704
卷之八,形貌部,鬚鬂,鬚鬂忽落凶,此兆子孫亾妻孥殞父母殃曰比肩殂家業凋零血衰病重,11708
卷之八,形貌部,鬚鬂,鬚鬂赤蓬如鬼神吉,威振邊關名揚四海大吉之兆曰也病者有此夢不吉宜禱禳之,11712
卷之八,形貌部,鬚鬂,鬂上穿珠大吉,士人夢見象垂纓必得大貴曰女子夢見如鳳冠必得盛服,11716
卷之八,形貌部,鬚鬂,鬂長連鬚吉,上鬂下鬚兩髭聯之朋友賔客曰我權浹之少年夢之年高似之,11720
卷之八,形貌部,喉項,𠰸喉閉塞凶,夢者有患生于門戶塞不通也有患不通太曰過則危矣禍臨患至時乖運蹇恐難防耳,11734
卷之八,形貌部,喉項,喉斷又連吉,𠰸喉乃人命所關斷不可復屬而今又連曰再通之象也夢者無中生有死裏得生,11738
卷之八,形貌部,喉項,喉啞凶,啞者語不明萝此者當有暗昧不曰明不可言于人者其口舌之事乎,11742
卷之八,形貌部,喉項,㗋嚨直下至大腸如管大吉,此夢從心竅來仕宦出将入相農商千曰頃良田老弱康寜自在嬌姿快樂安閒,11753
卷之八,形貌部,喉項,項忽肥壯貞吉否凶,項者出入升降之道爲關爲路爲澗源爲柱曰夢此象者官爲柱國民爲富翁惟病不宜,11757
卷之八,形貌部,喉項,項忽長吉,延頸高眺之象悠遠久長之兆官祿位久任曰事煩劇出行逺方病者身康有患者不妨,11762
卷之八,形貌部,喉項,項斷頭連吉,夢中頸斷頭垂半邊百讐斷截無用憂曰煎前項事情不提起一片功名上九天,11770
卷之八,形貌部,喉項,項被剌無血凶,骨血不見之兆此夢非安閒無事者所夢曰也宜防姦邪小人賊盜相侵病崽不祥,11774
卷之八,形貌部,喉項,項生瘡癤吉,行業昌盛之兆貴人夢瘡瘡似華彩華彩在曰門之象乎民夢癤節氣高病中夢之諸毒散,11778
卷之八,形貌部,喉項,項生一口凶,口生頦下入無門出無權曰夢者防口舌瘡癤之患,11782
卷之八,形貌部,喉項,項污泥凶,此夢頸上污穢泥土曰爲爭鬥疾病之象,11792
卷之八,形貌部,喉項,項生羽毛鱗甲吉,似鶴齡長鴻雁高翔猩猩能言麟豸冲天蛟曰龍名重蛇蟒穿山此夢必得壽得爵得利,11802
卷之八,形貌部,喉項,項骨疼痛貞吉否凶,夢主虛驚曰,11806
卷之八,形貌部,喉項,頸骨高起吉,項骨起者頭高之象也士人夢此名舉,11817
卷之八,形貌部,皮毛,皮上生皮貞吉否凶,牧童夜臥炕側夢巳身肌膚光細膚上又生曰一重肌膚達旦嚴寒主翁以敝羊裘賜之,11832
卷之八,形貌部,皮毛,皮中無肉貞吉否凶,主家資有餘安居無辱曰,11841
卷之八,形貌部,皮毛,沭浴傷皮露骨吉,骨露乃剛强之象有此夢主幹事出力離邪歸正曰除舊布新之兆出仕得貴顯治家,11846
卷之八,形貌部,皮毛,肌膚被火燒壞凶,此夢主親丁受禍曰爲宦官所殘虐,11863
卷之八,形貌部,皮毛,㧞毛不落貞吉否凶,晏居閒處者百事不利曰危難多事者一錢不費,11885
卷之八,形貌部,皮毛,一毛入口吉,得小利微之兆或曰有小事相擾不妨,11890
卷之八,形貌部,皮毛,汗毛長吉,人身三百八十四竅皆有毛毫毫多者貴福曰多禍少無毫者氣不足也夢長是吉短不祥,11894
卷之八,形貌部,手足,增一手吉,增手者添力助此兆王矦得之國有忠賢庻曰人夢之必有勇僕賢弟又爲委權掌印之兆,11906
卷之八,形貌部,手足,見人手多,此兆爭名奪利夢之必有所曰得取時値廣衆祿擾之所,11910
卷之八,形貌部,手足,手上生花吉,花出掌中姻緣配偶之兆文人美譽孕婦曰夢之生淑女經營多利幼豎夢之生瘡癤,11914
卷之八,形貌部,手足,兩手大如席大吉,上掩閉風雨下靠好安曰身捧物多得比例勝人,11918
卷之八,形貌部,手足,露手骨凶,□□掌握空虛曰,11922
卷之八,形貌部,手足,無左右手凶,無佐也家無族君無曰相作事難交易凶,11930
卷之八,形貌部,手足,手忽小吉,掌細指尖百事做得此加官遷位財旺家成曰不費撑持之兆小生意者夢之有大主顧來,11936
卷之八,形貌部,手足,手指出血吉,指主執拿點畫肝主血曰得此象怒氣平財物旺,11940
卷之八,形貌部,手足,拍手,快志歡呼之象鄰和族睦左右相挾功成名曰遂意暢心寛之兆不德之人又主家貧墙閱,11944
卷之八,形貌部,手足,手背汗泥凶,兄弟宗族受累生疑曰,11948
卷之八,形貌部,手足,手埋地下凶,俯伏之象夢此者必有家事難明曰不能安居自立若病人夢之大吉,11952
卷之八,形貌部,手足,盥手濯足大吉,主兄弟自新之象,11961
卷之八,形貌部,手足,洗隻手隻足吉,此夢半喜半愈且歡且怒少凶多吉,11970
卷之八,形貌部,手足,兩手足齊折大吉,手足皆折只好坐定折屈曲也曰鞠躬盡性之象夢者獨占高魁,11976
卷之八,形貌部,手足,手上生疔毒吉,兄弟𣸸丁之兆夢之有難即消曰有事即安更得金寶是非皆吉,11984
卷之八,形貌部,手足,手長至足大吉,手過膝貴形也夢此必得股肱相曰佐富貴徵祥出將入相萬貫千廂,11988
卷之八,形貌部,手足,合掌吉,夢此事事佳祥姻緣成契兄弟曰怡怡家庭康泰諸禍消除,11996
卷之八,形貌部,手足,掌裂放光彩,權增威必當大任儒文夢之曰必主兄弟同進科甲連登,12000
卷之八,形貌部,手足,兩拳漸大吉,加官遷職祿位陞高之兆文人夢此大貴常曰人夢此必得貴人委託武將夢此糧足兵强,12004
卷之八,形貌部,手足,拳有金丸子吉,聖妃夢此得寵生子女人兆之曰產麒麟男子得寶病中遇良醫,12008
卷之八,形貌部,手足,被人縛拳牽去凶,夢此征場被虜爭訟被囚營謀被曰人欺𫝑利俱失臨事愼之無大咎,12012
卷之八,形貌部,手足,指折大凶,指者手之枝宗支所系此兆子曰侄𮞸殃孫枝殞滅無血大凶,12016
卷之八,形貌部,手足,指痛,指連心枝倚木枝動則木哀指痛則心曰疚矣大象孫枝有病心體不寧之兆,12028
卷之八,形貌部,手足,指甲長數尺凶,無權執掌之象學者夢之廢業武士夢之乏糧曰田夫夢之年荒老者夢之死期將至宜解禳之,12032
卷之八,形貌部,手足,綑縛手足,被人制伏之象有事無害曰,12036
卷之八,形貌部,手足,被人斫擘吉,得外財見大利曰,12044
卷之八,形貌部,手足,斫臂凶,傷害肱膂之象曰災及佐佑之兆,12052
卷之八,形貌部,手足,臂生鱗甲大吉,臂生鱗甲蛟龍麟豸之形夢曰此必至大貴又產奇男異女,12056
卷之八,形貌部,手足,身中無兩臂大凶,如鳥無翼不能飛騰執曰物利名不遂大爲不祥,12062
卷之八,形貌部,手足,臂上有釘吉,挿釘在臂是肘腋不動揺也曰此夢有佐佑者同心協力,12066
卷之八,形貌部,手足,肐膊上肉長如山,肉長身發也身發則名高利旺矣曰若衰弱無力之人夢之須防瘇毒,12070
卷之八,形貌部,手足,肘腋生赤毛凶,赤屬火慙怒容色赤毛獸形夢曰此者親近用力之人有非心也,12074
卷之八,形貌部,手足,足在手上,置身無地倒立横行之象曰主尊甲倒置兄弟爭言,12078
卷之八,形貌部,手足,足長凶,知足不辱身高安止之兆曰,12088
卷之八,形貌部,手足,足生瓜大吉,趾生瓜似龍形才名壓衆英夢此曰通達萬變名利無窮子嗣翩翩,12102
卷之八,形貌部,手足,足趾添長,人若樹足若根根長則枝茂枝茂則曰開花結實矣夢此者孫子福壽之徵,12106
卷之八,形貌部,手足,增一足大吉,鼎立之象凡百事可以撑持曰,12110
卷之八,形貌部,手足,足污泥大凶,被辱之兆曰,12114
卷之八,形貌部,手足,足蹈土中吉,夢此必得立身之地土生萬物脚曰踏于中是地可容也雖危無患矣,12118
卷之八,形貌部,手足,一足長一足短,求人難求巳不易正行偏正曰立不得坐不安寢不如意,12122
卷之八,形貌部,手足,刀斫足吉,男夢得利女夢成衣曰道途夢之須防盜賊李桓與弟概赴試㮄將放同卧概忽驚呌覺曰夢人以刀斫我足今猶痛甚㮄出後軍吏遇于途拜云大名木𠊓旣昨誤書槩字司怒刮其下木修攺無異得免責焉奇應如此,12126
卷之八,形貌部,手足,脚落凶,寒病之象夢此時運不通達謀曰爲不成就殃及子孫凶兆也,12130
卷之八,形貌部,手足,脚上生瘡大吉,此夢大利商賈無謀不遂之曰兆子侄富貴高坐安之象,12134
卷之八,形貌部,手足,傷脚血出吉,文名入太學威武冠三軍曰民得魚鹽利懷胎育俊英,12138
卷之八,形貌部,手足,脚底穿破凶,夢此兆者主謀事枉辛勤而曰不遂經營徒碌碌而難成,12142
卷之八,形貌部,手足,股大如身軀凶,上體痩弱之象下人欺主之曰兆凡夢下體胖大皆非吉祥,12146
卷之八,形貌部,手足,刀割去趾貞吉否凶,剕刑也其凶兆在兒童下人曰若有惡奴逆子反爲吉夢,12155
卷之八,形貌部,筋骨,筋如線骨如麻,精液虛損故有此夢曰,12168
卷之八,形貌部,筋骨,筋骨寸斷凶,夢之主宗支有奇禍曰,12172
卷之八,形貌部,筋骨,持筋與食,一人病弱醫莫能療夢有人如天王者持筋曰緶促令食之筋甚堅韌力食袤丈遂有巨力,12182
卷之八,形貌部,筋骨,㧞出筋無骨凶,此夢主勞傷力盡財曰𫝑消乏不祥之兆,12186
卷之八,形貌部,筋骨,遍身骨長,骨起發達也夢此者功名大貴藝業曰清高女人主執掌內事有力有權,12190
卷之八,形貌部,筋骨,㧞出歪骨大吉,心正而志高故有此夢,12204
卷之八,形貌部,筋骨,露骨,夢者骨骼露在皮肉之外柔見剛之象出身之曰兆也骨者身之主露出在外主有直諌眞情,12209
卷之八,形貌部,筋骨,骨骼巳成皮肉未滿貞吉否凶,威權剛健曰,12213
卷之八,形貌部,筋骨,骨肉傷殘大凶,宗支親族有大禍曰,12218
卷之九,形貌部,肩脇,兩肩生于耳上似無項大吉,體壯身强爵高祿重曰,12243
卷之九,形貌部,肩脇,斫肩吉,警醒宜守之兆其人干係必重有禍必輕求財曰大得道路小心若病中此夢有神明救解得瘥,12250
卷之九,形貌部,肩脇,肩生桃枝開一花,桃花滛賤美玩也夢者得美妾生美曰女壽增長若孕婦夢之生女不生男,12254
卷之九,形貌部,肩脇,荷擔肩上吉,任重之象夢此爲冡宰爲元帥曰爲族之長爲邑之主諸事大吉,12258
卷之九,形貌部,肩脇,立人肩上元吉,此夢爲人所尊而獨立不懼曰者大貴之象其矦王之兆乎,12264
卷之九,形貌部,肩脇,肩突出,肩者肱之本其象爲佐輔之人夢曰此其兆必佐輔我者有突出之情,12272
卷之九,形貌部,肩脇,肩上生癰疽吉,癰疽者毒氣所聚此夢乃兩間氣聚曰壅積不散佐輔躋躋富貴充足之象,12280
卷之九,形貌部,肩脇,肩背生虫蛆吉,此生氣旺動之象蛆者裸蟲之屬曰人爲裸蟲之長夢此者萬貫金錢,12284
卷之九,形貌部,肩脇,蛇盤肩腹大吉,蟒衣之象若高年曰衰病者夢之不祥,12288
卷之九,形貌部,肩脇,削去兩肩凶,兩肩被削如失左右手幇貼無人昆曰丁有難二體旣傷家國其何能保,12292
卷之九,形貌部,肩脇,肩脅開闊平硬大吉,寛和舒暢之象夢者心事平順筋絡疏曰通快爽開懷𮞸逢剛健諸事得調大吉,12296
卷之九,形貌部,肩脇,肩無力凶,扶助者少也諸事皆不祥惟病者夢之不妨曰若父母兄弟有患而夢巳無力眞惡夢也,12300
卷之九,形貌部,肩脇,脇肋高聳,左肋高右肋低男強女弱曰右脇高右脇低弟盛兄衰,12304
卷之九,形貌部,肩脇,加增肩骨吉,兆主添益人口夢中增兩骨醒來骨髓充盈曰自巳生精家内增添婢僕更得人來助力,12308
卷之九,形貌部,肩脇,肋骨細短凶,此夢氣虚力減財損用不足家資曰窮敗病加增藥失其方諸事差誤,12312
卷之九,形貌部,肩脇,脇作鳴吉,脇本無聲聲在肺經夢魂振動有禍必輕曰行人音信學業長成病宜調理爭戰摧城,12316
卷之九,形貌部,肩脇,脇破出月大吉,月爲太陰金象也婦人夢之孕曰秀貴也文人夢之顯貴高明,12320
卷之九,形貌部,肩脇,脇被鎗剌貞吉否凶,鎗屬金金爲財利夢脇被刺協力受利之兆曰惟不宜詞訟出行不宜爭闘諸事皆吉無咎,12328
卷之九,形貌部,肩脇,脇肋下生翼吉,人生翼將上達夢脇下似飛虎文士曰登科武士得助孕婦生賢病者得逸,12333
卷之九,形貌部,肩脇,脇肋鳥飛凶,閒暇無事意亂心煩旁人調謊或有移遷若曰在病鄕魂飛麗天惟女子夢之必有喜事至,12338
卷之九,形貌部,肩脇,肋盡折凶,肋不可折盡折無救曰其故可知其情難究,12344
卷之九,形貌部,腹背,劍剌入腹大吉,劍剛且利夢人腹而寤無傷身受刺而心惕曰勵刺者柬也此兆有謀盡忠有計盡義大吉,12352
卷之九,形貌部,腹背,剖腹見五臟分明大吉,人身生于五陰死于五福得道于六賊失于六曰根腹剖六根凈臟明五陰清清且淨大吉兆也,12360
卷之九,形貌部,腹背,擊肚腹作鼓聲吉,天下太平之兆夢此當有喜事至若有曰應者夢之病入腸胃爲蠱膈之象可治,12364
卷之九,形貌部,腹背,腹上有草吉,草者乙木爲天乙爲文稿爲春芳學者曰有此必成貴士若啇人遠行夢之凶,12370
卷之九,形貌部,腹背,䑕入腹中凶,夢者主偷盜明投暗病大凶曰惟孕婦爲產男祥瑞兆也,12374
卷之九,形貌部,腹背,腹大垂吉,腹大而垂安享富貴之象學者包藏萬曰卷充盈有餘老者排羅八珍甘㫖如意,12382
卷之九,形貌部,腹背,被人破腹吉,腹被人開五臟俱見如遇曰知心者夢爲禎祥之兆,12386
卷之九,形貌部,腹背,腹上有星宿文貞吉,滿腹文章育秀婦產賢兒佳祥燦曰爛夢無光輝則似瘡痘疤之象,12390
卷之九,形貌部,腹背,水入腹中凶,流動不安之物而入藏垢納汙之中夢者主曰寄跡山川扁舟江海也孕婦夢之尤爲不祥,12395
卷之九,形貌部,腹背,滌腹,此兆弗利于涉川更防水火曰之災滌水入臍必生蟲膈,12399
卷之九,形貌部,腹背,腹開穴見二小羊凶,此夢爲腥羶污穢之象惟出家之人夢之曰主得道爲人所信重大吉餘人夢之不宜,12403
卷之九,形貌部,腹背,腹上置書籍吉,博學廣識之象但看夢中曰是何書便見醒來何所用,12411
卷之九,形貌部,腹背,腹中蛇出大吉,兆主文士巳㮄題名平人曰破財女人主其年生子,12415
卷之九,形貌部,腹背,少腹大于腰腹大吉,少腹者小腸膀胱之處與心經爲表裏子曰孫性命所係夢見比上不同後福廣厚也,12419
卷之九,形貌部,腹背,少腹開穴凶,陽不足也此男變爲女之象玉莖曰受損之兆夢此必爲他人所欺,12423
卷之九,形貌部,腹背,少腹浸入水中吉,腎旺則夢大水腎虚則夢水涸水侵小肚潔曰淨和樂無意中得財物之夢娶婦得妻財,12427
卷之九,形貌部,腹背,背負重石,負荷非輕之兆此夢立功任重爲人所憑曰諸矦覇仕令尹平安有事關係宜盡力,12435
卷之九,形貌部,腹背,背裂凶,國有艱危家有變異爲臣盡忠爲子盡義曰𩹌寡親丁孤獨奴婢丐流夢吉百路無忌,12439
卷之九,形貌部,腹背,背上縛一木凶,夢此是休囚困苦之象曰諸事不利宜急解鎭,12447
卷之九,形貌部,腹背,背上生目能視吉,能見後人曰,12451
卷之九,形貌部,腹背,背上有虫行吉,夢此多勞多怨多利多財虫生意生意出曰于背後勝于目前諸事皆吉惟病不宜,12465
卷之九,形貌部,腹背,蝇集背凶,蒼蝇紫蝇翼鳴美聲輕小華形喙食易盈曰奸邪小人品類陰情夢背集蝇後禍難明,12469
卷之九,形貌部,腹背,背負羊車吉,羊車本是絡中形背脊巍巍向玉庭曰引氣上昇由命穴夢見神隨延九齡,12473
卷之九,形貌部,腹背,背上有一童子吉,後有賢孫良裔之兆曰,12477
卷之九,形貌部,腹背,背生草吉,主肝氣有餘曰,12481
卷之九,形貌部,腹背,背骨斷凶,人譬屋背脊猶棟棟折屋不能安夢此父母亡曰子侄死身殞命大不爲祥謹愼解鎭可以轉禍,12485
卷之九,形貌部,腹背,鵲鳴背上凶,薦者朱雀之屬經曰飛鳥遺曰之音不宜上宜下此之謂也,12489
卷之九,形貌部,腹背,背有龜文吉,龜者兆靈之物夢此主位列三公曰榮顯草反壽增一紀痼病皆除,12493
卷之九,形貌部,腹背,背上生蚕蛾,瘡癤災殃體氣不泰禍曰事紛紛啾喞抱悶之兆,12497
卷之九,形貌部,腹背,背上瘤吉,夢者必有重負不能脫去囊曰中有物之象覊留逺行之兆,12501
卷之九,形貌部,乳臍,生四乳吉,男夢生四乳主娶賢妻美妾曰女夢生四乳必產貴子賢孫,12509
卷之九,形貌部,乳臍,被人割乳,乳者汝也血肉不可割傷夢者曰喪親丁少孕育失產業有母災,12519
卷之九,形貌部,乳臍,食人乳吉,血氣有餘之象曰親丁發達之兆,12523
卷之九,形貌部,乳臍,乳上生髪吉,生人之祿大吉主福壽軿臻酒曰食豊需病患消除事事佳祥,12527
卷之九,形貌部,乳臍,乳流出無數,乳人子之食也此夢主充足有餘之兆曰衣食盈餘壽命無窮產婦夢之不祥,12531
卷之九,形貌部,乳臍,乳鳴蛙吉,子呱呱而生之兆病曰者夢之宜禱禳鎮壓,12535
卷之九,形貌部,乳臍,蟻出乳中吉,蟻能宂泥鑽土攢虫運骨微生也出曰者災去也夢此病去患除吉祥之兆,12539
卷之九,形貌部,乳臍,乳上裝翠寶貞吉否凶,錦衣玉食曰,12543
卷之九,形貌部,乳臍,乳生杏花吉,兆此者驗于榮歸曰女夢著于産孕,12548
卷之九,形貌部,乳臍,犬來食巳乳,男夢被人訟官必主和議女夢曰生男必易長成人應在申戌候,12552
卷之九,形貌部,乳臍,蛇入臍中吉,逶迱躋躋必然龍舞鳳翔笑傲旋旋蚤得靑蚨曰白兎中饋豐奢舍身塗炭外財尅剥積福倉敬,12556
卷之九,形貌部,乳臍,臍出𤇆吉,少年夢之當有新婚之喜曰,12560
卷之九,形貌部,乳臍,臍上草生凶,草生苗不長苗長草不曰生此田園荒蕪之兆,12564
卷之九,形貌部,乳臍,以䋲穿臍,文人隱士得盛明幼學遇明師善訓乎人有曰好人相結女子爲丈夫寵愛生意獲大財,12572
卷之九,形貌部,乳臍,臍生小羊吉,貧者夢之富富者夢之貴貴者夢之加曰陞女子夢之有喜至有恙者夢之疾瘳,12576
卷之九,形貌部,乳臍,無臍,兆主飢餒曰,12580
卷之九,形貌部,乳臍,臍水出吉,腎水有餘之象水旣盈必流出水旣曰出中必燥夢此氣旺神清災消病除,12584
卷之九,形貌部,乳臍,虱叮臍吉,虱者半風之象此兆風土曰和諧受人囑託得人利益,12588
卷之九,形貌部,乳臍,臍穴見𡹝凶,夢此防腹疾曰,12596
卷之九,形貌部,腰腎,腰繫金銀大吉,夢此兆者文人大貴女曰人夫榮腰纒十萬之象,12604
卷之九,形貌部,腰腎,被人以刀斷腰,兩截功名再試再曰㨗作事有頭無尾,12608
卷之九,形貌部,腰腎,腰間火起吉,水火旣濟運旺氣足陽有曰餘陰有補家資充情意快,12612
卷之九,形貌部,腰腎,腰間掛五臟,藏財漏泄之兆五臟在五體之内夢掛腰外是曰肌膚不能包藏之象家資暴露積蓄散失也,12620
卷之九,形貌部,腰腎,洗腰腹見臟腑吉,心緒分明之象夢此者惡去善來禍曰消福至隱者顯昏者明受𡨚者得白,12624
卷之九,形貌部,腰腎,腰生虱吉,人氣生虱此夢生生不巳氣旺財來又曰爲腰間盤繫錢財之兆主凡事有水色,12628
卷之九,形貌部,腰腎,鬼入左腰腹内大吉,大得遂志之兆選舉魁甲功曰名覇王商賈萬倍胎孕公矦,12632
卷之九,形貌部,腰腎,腰腎水流,地火明夷之象夢水得金水流出爲費財利曰此兆陰有餘精不固火上升時虛度病痊可,12636
卷之九,形貌部,腰腎,腰腎螃蠏行,世亂兵强之兆腰是山坡腎是溪流曰滿身甲胄如螃蠏遍體横行似夢中,12640
卷之九,形貌部,腰腎,腎成玉石子吉,若滿腰玉石掛在囊中此氣足精固慾火曰不動夢之諸恙皆除男子夢之主得子,12644
卷之九,形貌部,腰腎,犬咬去腎囊凶,鬼賊相侵之夢須防盜賊失曰財敗産傷生之禍無血大凶,12648
卷之九,形貌部,腰腎,被人割腎去,仕宦不祥曰,12656
卷之九,形貌部,腰腎,兩腎突出凶,矢脫驚危之兆必有急事至曰若夢出復入則疑難無大咎,12660
卷之九,形貌部,腰腎,鳳凰喙腎吉,夢者姻緣晚諧功名後得子曰嗣美賢諸事佳慶但不在前,12664
卷之九,形貌部,腰腎,腎囊明亮忽大如斗,此乃富貴之兆也夢此者食祿曰千鍾駟馬高車不明者不吉,12668
卷之九,形貌部,心胸,以刀開心大吉,刀者肺之氣持刀者肺之神肺爲心之華曰益夢刀開心心竅通也諸難解百憂去,12676
卷之九,形貌部,心胸,見人心肝成犬豕吉,大點獸頭呼朋引類干係經心來逐去遂曰立業成家庸常賤輩夢此當于戌亥生子,12686
卷之九,形貌部,心胸,心變鳥,飛動之物能翀雲漢夢心變之文人曰大吉經商尤美詞訟等出有變不常,12690
卷之九,形貌部,心胸,心如明月大吉,虚心應太易清光照天下羣星隱而萬物曰仰瞻浮雲散而一腔如晝聖人之夢也,12694
卷之九,形貌部,心胸,人抱腹心吉,得賢佐爲妾得夫愛曰爲臣得君寵爲君爲客得扶助抱病得神醫初學得師傳,12698
卷之九,形貌部,心胸,心腹空吉,虚心受教空肚飽餐夢見此者曰士爲顯官孕生忠孝衰弱平安,12702
卷之九,形貌部,心胸,心中有羊凶,未爲羊木庫未夢此爲肝火攻心當曰有疾病至心中一羊恙字也防之,12706
卷之九,形貌部,心胸,取心水中洗吉,洗心滌慮毓德撿身曰之象天乙來慾火去,12718
卷之九,形貌部,心胸,水入心吉,心火炎炎水被𤎅一番滋潤一番焦火凉水煖精神伏過攺災除病患消,12724
卷之九,形貌部,心胸,懸心𬃩上大吉,志意高掛之象夢此私情隔絶曰姻緣不諧功名高遂諸事大吉,12728
卷之九,形貌部,心胸,手摩心大吉,摩者轉輾調理之象夢手爲兄弟新朋曰此兆病除鬰開灾消仇解諸事皆吉,12732
卷之九,形貌部,心胸,指畫心裂吉,裂者陽不足夢指爲子侄親丁此曰夢是攺過自新之象有吉無凶,12736
卷之九,形貌部,心胸,心痛凶,夢主親族遭殃知巳受厄病者夢曰之恙入胞胳平人主有人謀害,12742
卷之九,形貌部,心胸,頭上戴人心肝吉,交情宻切之象自頂他人意人心曰在我頭親朋結戴一同出入之兆,12746
卷之九,形貌部,心胸,開心納藥,藥納百病去心開萬事全才深有學智愈曰無譴上智脫離平白地下愚移到碧雲天,12750
卷之九,形貌部,心胸,以寶易人心吉,人心至寶也以假易眞利巳之曰象也夢者文思暢順經商獲利,12758
卷之九,形貌部,心胸,心上生禾苗,苗生于心心種發也文人益才思婦曰人夢之孕貴育秀生花結實之兆也,12762
卷之九,形貌部,心胸,鑿破心胸,心中有利器目下遇恩榮學者夢之大吉天曰下文章第一訟者夢之大凶傷心禍患相冲,12770
卷之九,形貌部,心胸,胸忽裂大吉,裂破舒開也主文思日加懷抱寛宏爲臣盡忠爲曰子盡孝齊家盡禮交友盡義正所謂忠烈士也,12774
卷之九,形貌部,心胸,胸忽開吉,胸開舒展懷抱夢兆諸事咸亨曰,12782
卷之九,形貌部,心胸,剖胸納巨鑑大吉,剖心見誠信納鏡得高明應舉入太學曰,12787
卷之九,形貌部,心胸,胸中出錦繡紈綺,此兆文人夢之文章錦繡才名上達孕曰婦夢之生貴育秀腹患痊可宿𡨚伸舒,12795
卷之九,形貌部,心胸,胸前懸鏡吉,大將登壇之象一方善政萬里兵權英雄曰逞志有知人之哲高土幽居無刻剝之虞,12799
卷之九,形貌部,心胸,胸前心坎大如斗大吉,夢之得心寛意樂窮居陋巷將來改曰換門閭博學多聞此去高揚令譽,12803
卷之九,形貌部,心胸,胸光如水晶吉,胸中靈秀之象曰,12807
卷之九,形貌部,心胸,胸掛虎形吉,君子成虎變曰小人假虎威,12811
卷之九,形貌部,心胸,胸露骨無膚,肌膚損失心膂暴露大曰老子孫亡幼輩親遭禍,12819
卷之九,形貌部,心胸,胸生逆鱗大吉,龍形也夢巳身有逆鱗其貴無上其曰富有下若夢他人須認其爲誰不可犯,12823
卷之九,形貌部,心胸,胸旁竅開如穴吉,夢毫竅開者耳聰月明才敏志遂胸中曰心爲胞胳左穴怒消右穴憂散佳祥之兆,12827
卷之九,形貌部,心胸,胸藏筆吉,筆能書寫計文策武救生主曰殺夢胸中有筆者詞章都麗,12833
卷之九,形貌部,心胸,胸變婦人乳吉,柔能制剛之兆男乳屬陰女乳爲陽男曰乳微女細乳高大此乃弱勝强邪勝正陰勝陽之夢,12837
卷之九,形貌部,心胸,菜生胸脇,夢此者主無味中曰有味不生處有生,12841
卷之九,形貌部,臟腑,盛臟滿盆見五色大吉,文章華麗之象辭由臟中出盛滿成器夢曰見五色光精釆異常置之盆中當以上達,12849
卷之九,形貌部,臟腑,自灌水入臟吉,水者金之子臟者百物收藏之處夢此曰者金自外來而收藏于居室之内也,12853
卷之九,形貌部,臟腑,臟中取筆貞吉否凶,筆在臟中書數能通六藝曰窹寐取出醒來要作千言,12857
卷之九,形貌部,臟腑,五臟出在地凶,五臟離腹爲氣散在地曰,12862
卷之九,形貌部,臟腑,無五臟大吉,士夫有府尊之職庻民有鄕曰村之樂女子有才郎之慶,12870
卷之九,形貌部,臟腑,洗臟腑吉,藏府一空胸曰腹一清之象,12874
卷之九,形貌部,臟腑,拾臟腑,夢巳身臟腑在外而拾得之主恢復舊業曰夢拾得他人之臟腑主獲外財更虞世亂,12878
卷之九,形貌部,臟腑,割分臟腑,此夢主分開曹局曰,12882
卷之九,形貌部,臟腑,臟腑在雲中,此夢主生痰病積求化選者夢之大吉學文者夢之主才高德盛靑雲吉白雲凶,12886
卷之九,形貌部,臟腑,虫生臟腑中吉,生意綿綿金錢曰堆積大富之兆,12894
卷之九,形貌部,腸胃,納腸入腹大,夢此者兆主文章益進曰利取殷殷諸事佳祥,12906
卷之九,形貌部,腸胃,腸中火起吉,心腎之火會于脾下陽位胃煖故有此夢若患曰痢者夢之藥力使然也文士夢此熱𠂻之占,12910
卷之九,形貌部,腸胃,以腸繫人吉,懼人走脫曰,12914
卷之九,形貌部,腸胃,見人易肚腸吉,肚腸變易𡨚仇觧散恩人反叛若夢道路曰之人不曾識認者諸凡作事必豫防之,12918
卷之九,形貌部,腸胃,掛腸在兵器貞吉否凶,此亂世之事因利丧生之景若夢高曰掛鎗尖懸干衆人頭上大貴兆也,12923
卷之九,形貌部,腸胃,腸結陰物凶,人之陰物少陽相火也結者閉曰結之象有氣不舒有志不遂,12928
卷之九,形貌部,腸胃,烏鴉喙巳腸,烏屬朱雀爭啖在口舌夢者父母有曰殃子孫有悔妻孥鬪口鄰里閧訟,12932
卷之九,形貌部,腸胃,腸成絲貞吉否凶,相思牽擾之兆絲出自天虫經綸曰萬象通夢之文名得遂姻緣成配,12936
卷之九,形貌部,腸胃,腸出化虹升吉,曰文人夢此氣吐虹霓女人兆曰此孕生雄俊老年夢之凶,12941
卷之九,形貌部,腸胃,斷腸凶,腸斷難續悲哀難忍也離鄉背井骨肉飄零恩曰義隔絕惟分財與嫁夫爲父母者夢之大吉,12945
卷之九,形貌部,腸胃,人易腸中物貞古否凶,窮苦憂愁之際曰蘷之則吉也,12949
卷之九,形貌部,腸胃,被人抽腸臟去凶,腸臟延命者也去之不能生也夢之曰被盜欺侮惟應選考試爲大吉徵,12958
卷之九,形貌部,腸胃,掛腸山上大吉,志在高岡之象有是則天下之人曰皆仰而望之矣忠臣孝子之夢,12962
卷之九,形貌部,腸胃,抽取人腸吉,夢象主得人之長曰,12966
卷之九,形貌部,腸胃,洗滌腸胃吉,洗滌去穢也夢此者曰王棄舊更新之兆,12970
卷之九,形貌部,腸胃,胃脘開豁吉,此夢兆主時運通曰達情意暢快之象,12978
卷之九,形貌部,肺肝,肺上生花吉,此兆士人夢之文思生花孕婦夢之產曰女如花禎祥之夢也富人夢之主花費,12986
卷之九,形貌部,肺肝,肺生兩翼吉,夢主金氣有餘金無餘氣故七政九竅惟金曰無二,12996
卷之九,形貌部,肺肝,掘地得自巳肺腑大吉,貧人夢之偶夢大財富貴者夢之頓長,13001
卷之九,形貌部,肺肝,肺肝如石吉,肺主金秋如石肺虚如蜂窠肝主木春如花肝虚曰如泡影心如堅石心如槁木則有此夢福至病痊,13019
卷之九,形貌部,肺肝,以刀割人肺肝吉,金木刑人夢者以象推之利曰在於他戰勝攻取之象也,13023
卷之九,形貌部,肺肝,被人刺肺肝大吉,針刺起死爲生夢人來刺我我見其所刺彼曰無欺隱我有靈感禍消病除福臨利亨之兆,13027
卷之九,形貌部,肺肝,肺肝被虎食凶,身陷虎口之兆夢此者曰牢獄疾病征戰皆不利,13031
卷之九,形貌部,肺肝,照見人肺肝吉,所見者誰人恩仇顯易我所照者非曰鏡反見爲難我旣知人人莫我欺矣,13035
卷之九,形貌部,肺肝,取肺肝納巳腹吉,彼之呼吸在我腹中我以氣血曰爲彼出入兩人一心受納無二,13039
卷之九,形貌部,肺肝,換人肝肺貞吉否凶,肝主呼肺主吸夢中何人我往换易呼曰吸由我出入皆然女子夢之必生貴子,13043
卷之九,形貌部,肺肝,剖肝見珠,肝乾也珠淚也夢子父有災夢夫婦生疾曰珠在巳肝淚出痛腸之兆又爲收淚之象,13048
卷之九,形貌部,肺肝,肝化蝴蝶飛,夢之者病人歸曰冥怒氣消乎,13052
卷之九,形貌部,肺肝,膽忽大吉,膽大無驚恐有折磨也夢此者心曰下而小做事無退縮處世有作爲,13056
卷之九,形貌部,陽臀,銀針刺入馬口吉,關元有出無入溺出于此而精亦從此出針炙所曰不及夢銀針刺入是金氣旺盛得助剛强之兆,13064
卷之九,形貌部,陽臀,玉莖飲酒吉,夢此當得嬌妻美妾良朋曰俊僕有歡樂大暢之遇,13068
卷之九,形貌部,陽臀,𨯅刃斫開肉具大吉,文人作顯宦武士立大功商賈得大利娶女曰遇良媒娠姙生貴子災病得切巳者救之,13072
卷之九,形貌部,陽臀,肉具長垂過膝凶,無所容身之兆必有乏用缺食多愁多曰怨其象柔弱而無配其驗驚憂而有耻,13076
卷之九,形貌部,陽臀,玉莖忽長吉,未知牝牡之合而𤽭作生育之源精神之本夢此曰此長大家隆業盛親丁有喜資財暗長交游宻切,13084
卷之九,形貌部,陽臀,臀被責痛吉,兆主前後有人出力有禍曰必輕宜自省攺過無咎,13088
卷之九,形貌部,陽臀,臀無膚凶,貧窮孤苦之象曰,13092
卷之九,形貌部,陽臀,臀無𡲀,幼冲夢之爲無竅爲有疾曰高年夢之爲獨夫爲𪽶症,13096
卷之九,形貌部,陽臀,生尾如禽獸臀吉,無初有終之兆獨夫生嗣孀婦得男孩童遇曰友工役將完若夢蛇尾大化小剛化柔之驗,13100
卷之九,形貌部,陽臀,臀生癰吉,雍容揖遜也有此夢者諸事皆吉曰身榮名著衣食豐足但不能安坐,13104
卷之九,形貌部,陽臀,臀濶大吉,安閑之象家安人足子貴僕富若曰遊行來往百事遲遲不能迅速,13108
卷之九,形貌部,陽臀,臀中生長毛吉,臀有毛長壽徵也夢生長毛安居恒産之曰兆臀上無毛後面光循此推之吉凶可見,13120
卷之九,形貌部,陰谷,陰子破囊欲墜地凶,此屬命門爲關元夢此象者命曰運亡子孫傷妻妾丧諸事災危,13132
卷之九,形貌部,陰谷,見女人陰戶凶,陰口開張脫露無收之象夢誰家女子品分曰高低便知是何人對口相爭掩蔽者無妨,13136
卷之九,形貌部,陰谷,女子陰變爲陽物貞吉否凶,夢此當配良夫生男子長成家曰業爲女中丈夫牝雞司晨之兆,13140
卷之九,形貌部,陰谷,火烘下體吉,富者見之得人貴者見之得位曰貧者見之得衣病者見之得療,13149
卷之九,形貌部,陰谷,谷道毛垂地大吉,便竅毫長良田萬頃夢長而垂地利亨曰倍增之兆當出貴子賢孫榮親耀祖,13153
卷之九,形貌部,精血,精泄不泄吉,夢泄不泄陽旺火盛而腎煖元關固曰也必有重勞盡力功成意遂之驗,13169
卷之九,形貌部,精血,媾精見血大吉,心腹相托之夢曰,13185
卷之九,形貌部,精血,遍身紅血大吉,朱衣加身之象無論貴戚素封貧窮下賤衰曰老殘喘兒童女流得此梦者必有皇恩爵祿,13189
卷之九,形貌部,精血,血流遍地,此夢占之最難料只要得如何處到曰從外流來得大財竅中流出非佳兆,13193
卷之九,形貌部,精血,血淋身吉,兆主文高武遂曰交易利子孫吉,13197
卷之九,形貌部,精血,吸人血水吉,狠心之象曰,13201
卷之九,形貌部,精血,膿血污手足吉,紅錦兮如血黄金兮似膿累及兮體肉相曰干兮弟兄受污兮夢中旦得吉兮幸逢,13205
卷之九,形貌部,精血,眼旁流出血凶,悲哀哭泣之象主父母兄弟夫妻曰子侄六親之内必凶災死喪之禍,13209
卷之九,形貌部,精血,耳邊有血水吉,有恤典曰,13213
卷之九,形貌部,精血,乳中有血流出大吉,白化爲赤必曰有喜事至,13217
卷之九,形貌部,精血,頸裏血出,當有破財景象凡事宜潜藏曰忍耐不得出頭自取大咎,13223
卷之九,形貌部,精血,血拌頭髪凶,肝經有曰,13227
卷之九,形貌部,精血,舌尖出血吉,文章進益口舌消散曰病主心經魚鹽多利,13231
卷之九,形貌部,精血,額上出血凶,與人相爭之兆曰,13235
卷之九,形貌部,精血,溺血,溺血名爲赤濁也夢中見之當得福曰也兆主所屬順從子孫食天之祿,13239
卷之九,形貌部,精血,陰戶流血吉,運來年月好經營百事通曰孕育無災患姻緣心意濃,13243
卷之九,形貌部,精血,血污衣,血染衣裳意氣揚揚如曰武人臨陣不宜夢此,13247
卷之九,形貌部,精血,自吸口中血水凶,泣血稽顙曰,13251
卷之九,形貌部,精血,喉中有血出吉,肝主血而喉屬肺夢此爲肝肺相和曰勞心費用以得大利之徵有吉無凶,13255
卷之九,形貌部,精血,身坐血汙之中,男夢拾財女夢防產曰,13259
卷之九,形貌部,精血,見血成河,君相夢之天下大亂水旱見之雨雪女曰子夢之禮懺禳解病中見之立愈矣,13263
卷之九,形貌部,精血,將器皿取人血來家吉,消災延壽之占曰,13267
卷之九,形貌部,精血,破傷無血大凶,無精父有殃無血曰母有患考妣有何憂也須坆上看,13271
卷之九,形貌部,精血,放血與人,血者性命所關也放與别人曰夢中見之防財物失脫也,13275
卷之九,形貌部,精血,股上出血凶,有妻妾之慮曰,13279
卷之九,形貌部,精血,被人剌取血去大凶,財物被刼之兆曰,13289
卷之九,形貌部,精血,大腸屙血吉,腸中寛暢災退患除曰,13293
卷之九,形貌部,精血,含血噴人,壯士正直作事盡力之兆曰,13297
卷之九,形貌部,精血,吮血,相知見許立言曰見允大吉之兆,13301
卷之九,形貌部,精血,吐血吉,立業成家曰,13305
卷之九,形貌部,汗氣,渾身流汗大吉,渙汗其大號所謂渙小儲曰而成大儲災禍無于病愈,13313
卷之九,形貌部,汗氣,汗污衣大吉,體膚汗出熱病消除曰,13317
卷之九,形貌部,汗氣,汗流地下凶,地土散失之兆如曰歲大旱夢之有雨,13323
卷之九,形貌部,汗氣,汗如珠凶,夢此事不成禍不曰解訟被刑病難愈,13327
卷之九,形貌部,汗氣,汗如雨吉,市㕓熱閙之象曰,13331
卷之九,形貌部,汗氣,汗乾大吉,身衣華袍曰,13335
卷之九,形貌部,汗氣,氣從鼻口出如烟霞吉,丹田氣盛故有此夢曰,13343
卷之九,形貌部,汗氣,氣從玉莖出吉,于黃庭游于玉京嬰兒姹女由南園而過大津三曰尸却五鬼寧于,13351
卷之九,形貌部,汗氣,氣如火光吉,重明以麗乎正乃化成曰天下又曰黃離元吉,13357
卷之九,形貌部,汗氣,喘息不定,心不寧故夢之曰,13365
卷之九,形貌部,汗氣,喘貞吉否凶,夢喘非眞病應驗在勞形,13369
卷之九,形貌部,汗氣,呼吸如風,風屬木木在肝肝主呼肺主吸其氣如曰風者金木皆旺而元精不能包藏之也,13376
卷之九,形貌部,汗氣,如鬼噓吁,肺氣不足也曰,13380
卷之九,形貌部,汗氣,無息大吉,太極靜而生陰陰固而無聲其氣清曰且寧此夢主元神元神旺可長生,13384
卷之九,形貌部,膀胱,膀胱如江海吉,腎水有餘羣陰充足江流滚滚曰海脉洋洋水火旣濟康健吉祥,13392
卷之九,形貌部,膀胱,膀胱如雞子凶,陰水聚結之象夢曰之主病患將作,13396
卷之九,形貌部,魂魄,魂西北行凶,火上升水下降魂在中曰離合不和故有此夢,13412
卷之九,形貌部,魂魄,魂呼魄吉,肺氣動也曰,13416
卷之九,形貌部,魂魄,魂如蛇魄如猴,心亂氣浮之象曰,13420
卷之九,形貌部,魂魄,魂魄相打貞吉,主陰陽不和而無咎曰,13424
卷之九,形貌部,尿糞,尿流至吉,貧窮有此夢必得無意之財富貴有此夢必曰得分外之物疾病有此夢必得救難之資,13432
卷之九,形貌部,尿糞,向人撒尿大吉,兆主心寛運通夢者冇急即解曰有禍忽消有慝頓除有讐便散,13436
卷之九,形貌部,尿糞,船上溺尿吉,出行逺方之象夢此者主有事逺行或曰有遠方人往來若途中夢之須防風水,13440
卷之九,形貌部,尿糞,撒尿滿口吉,水火巡環之兆曰,13444
卷之九,形貌部,尿糞,身上有尿濕吉,寃釋災消也曰,13448
卷之九,形貌部,尿糞,撒尿于碗中吉,解急之象夢此者緩急有濟疾曰病有人扶持病危不死佳兆也,13452
卷之九,形貌部,尿糞,連連撒溺,其象夜卧不安心中有曰急事情欲不遂者之夢,13456
卷之九,形貌部,尿糞,小解不出,夜氣不和故有此夢曰或主急欲小解也,13460
卷之九,形貌部,尿糞,尿屎污身大吉,貴者夢之增祿富者夢之加息生意夢之曰獲利訟事夢之不吉病人夢之又當别占,13464
卷之九,形貌部,尿糞,拈糞囘家,大得貨財便成恒産曰,13472
卷之九,形貌部,尿糞,糞中行畏惡吉,夢此者主使用得宜也曰千金萬貫都在阿堵,13484
卷之九,形貌部,尿糞,糞虫吉,生意之人活潑潑地曰,13488
卷之九,形貌部,尿糞,糞中坐,夢者多所受累到底難行若曰夢中坐起則後來有好事至,13492
卷之九,形貌部,尿糞,糞土堆積吉,積玉堆金曰,13496
卷之九,形貌部,尿糞,糞汙斛,積粟壞爛之兆若于絕糧困乏曰之際夢見之必有人周濟大吉,13500
卷之九,形貌部,尿糞,釡中有糞土凶,破釡之象其夢此而後曰灰得曰財利者必因利亡家不可不愼,13504
卷之九,形貌部,尿糞,屙屎碗内凶,夢此者將缺食餓死必宜曰攺過自新以祈天神救助,13508
卷之九,形貌部,尿糞,屙出屎𡲀凶,内空虚外汗穢曰費用不祥之兆,13512
卷之九,形貌部,尿糞,大便滿地吉,得見便宜曰,13516
卷之九,形貌部,尿糞,失大小便凶,外貨難序巳曰財散失之夢,13524
卷之九,形貌部,尿糞,聞屁人𥬇大吉,屁者譬也一語曰騙人爲人所信,13528
卷之九,形貌部,尿糞,忍屁出汗凶,養生之道莫良于夜氣夜氣曰不足以存其將有所不遂乎,13532
卷之九,形貌部,尿糞,屁臭吉,將有生意曰,13536
卷之九,形貌部,尿糞,蛆滿身凶,主財費病深貴人曰主萬民擁戴之兆,13540
卷之十,政事部,—,遊宴,夢遊堦列宴者身在前行上坐大貴在後乘下曰席小吉如非應舉者則主門有喜慶榮利倍常,13720
卷之十,政事部,—,牌扁凡夢皆然而此曰爲尤甚,者宜細測圓推,13769
卷之十,政事部,—,簡籖,凡夢簡筴籖牌上有名字或見于自曰夢或夢于他人皆主其人貴顯之徵,13806
卷之十,政事部,—,稱報官爵,何官職或應人間爵祿或應陰府職司見兆各有曰不同意義自然各别,13957
卷之十,政事部,—,牌書官爵,夢此者祥其何名名有玄應詳其何曰官官有變通大要吉占但宜圓測,14070
卷之十,政事部,—,賀人得官赴任人來賀,夢賀人者其人昌來賀者本身曰吉如老人及病者彼此非祥,14078
卷之十,政事部,—,俸增减,夢增俸者官陞業茂命永家亨夢减俸者聀𨹓曰夀促有罪犯人夢之又爲减科吉兆不可泥也,14099
卷之十,政事部,—,停俸,兆此主家居有絕糧之厄客曰途有病殢之災必非佳祥,14103
卷之十,政事部,—,告以延壽,夢此者主其人積德必享遐齡故曰,14131
卷之十,政事部,—,告以壽盡,夢主其人年數應終故神靈警告非大徳之士即日窮惡之人兆之者宜反躬修省或可囬天之意也虔化縣令王瞻罷任歸建業泊舟秦淮病甚夢朱衣吏執牒至曰君命巳盡今奉詔瞻曰命不敢辭但舟中狭隘欲寛假之使得登岸卜居無所憚也吏許諾以五日爲期至日平明且當來也旣寤便能下牀自山僦舍營辦凶具教其子哭踊之節召六親爲别至期登榻安卧向曙乃卒,14140
卷之十,政事部,—,賀冠吉,進爵加官之兆曰,14179
卷之十,政事部,—,道者加冠,夢此者主道紀有權如仕人夢之曰主得臺官如平民夢之主獲賊盗,14193
卷之十,政事部,—,僧衲披剃大吉得人度受齋納寶結,萬方緣嘉祥之象夢之主善繼前人遊方之外者曰也,14197
卷之十,政事部,—,剃度僧尼吉,主結得人緣曰,14209
卷之十,政事部,—,定允吉,夢主成立之徵曰,14219
卷之十,政事部,—,行聘,夢之主財物與人之象鰥寡孤窮夢之皆吉曰若爲人夫而夢聘妻爲人婦而夢聘贅皆凶,14227
卷之十,政事部,—,子舍婢姻吉,得作翁𡛮孫枝曰茂盛家道成矣,14239
卷之十,政事部,—,出嫁凶,夢女出嫁主破家妻出嫁主再𬋕女夢人曰迎娶者大凶男夢自身出嫁者主有遇合,14243
卷之十,政事部,—,娶婦不行禮貞吉否凶,此得華服之兆若曰夢鼓吹迎娶大凶,14247
卷之十,政事部,—,退悔姻眷凶,破敗滅亡之兆曰,14263
卷之十,政事部,—,私約,此非正人君子之所夢而見之曰者主有意外之緣陰事有成,14271
卷之十,政事部,—,取婢吉,此直叶之夢也但以形貌詞氣衣曰裝景物推之其所驗者無爽矣,14275
卷之十,政事部,—,彌月,主凡事有三曰十日之占,14377
卷之十,政事部,—,周嵗,及期之象周旋之兆曰,14381
卷之十,政事部,—,小產,此夢主口舌消散之兆又疾病曰捐除之象若有姙者須防直叶,14385
卷之十,政事部,—,分娩生二三子,仕宦夢之主官爵高陞一品之兆曰平民夢之主是非口舌連累之兆,14389
卷之十,政事部,—,產下鬼形,文墨之士夢此曰主大魁天下,14393
卷之十一,政事部,疾疫,嘔吐,病者夢之主病痊可治有患難者夢之無曰妨應試夢之大吉昌衰老夢之身體康,14435
卷之十一,政事部,疾疫,針炙,夢遇良醫主中興永壽之大慶曰夢治人疾主忠諫効勞之至仁,14556
卷之十一,政事部,火盗,鄰舍火起,夢鄰家火發延燒巳房者吉不燒巳房者曰無利避隣家火者吉救隣家火者失威,14570
卷之十一,政事部,火盗,物中火出吉,夢木中火出者大吉夢柱頭烟起者有憂夢凡曰器物中火起有光者事通達有烟者事遲殢,14583
卷之十一,政事部,火盗,看放𤇆火,夢此者主百事憂曰散病除大吉之兆,14601
卷之十一,政事部,火盗,盗賊入室,夢入室而去者小吉入室曰而不去者主家業破耗,14605
卷之十一,政事部,火盗,盗賊入市,夢趕賊入巿出者吉不出凶曰夢賊趕入市不出吉出者凶,14609
卷之十一,政事部,火盗,趕賊,夢與賊趕行大利夢見趕賊行曰順吉夢賊人相引主病至禍臨,14613
卷之十一,政事部,火盗,做賊,夢身自作賊主求謀得遂曰夢教人作賊主與人成事,14624
卷之十一,政事部,火盗,殺賊,夢統人殺賊曰主事興昌,14628
卷之十一,政事部,殺鬥,被殺,夢被他人殺我者利吉之占如逃避伏曰藏者反凶被殺而不死者得財復失,14716
卷之十一,政事部,殺鬥,見殺,夢見他人殺人者主有人送物至曰大吉見他人相殺者主爭財也,14720
卷之十一,政事部,殺鬥,自殺,夢持刀斧自殺身死者主得大財自殺而不死曰者亦吉刀傷出血者財利酒食之事無血者凶,14728
卷之十一,政事部,殺鬥,交刀,夢與男子交刀與女子交刀皆主吉昌之事與曰男主得財與女主得子交刀而失落者不祥,14742
卷之十一,政事部,毆詈,打人,夢人打者主得人力曰萝打人者主巳失力,14780
卷之十一,政事部,毆詈,被毆,擊擒出春明門至合大路處石橋上乃得解遺其曰紫羅履一𨾏奔及居而寤甚困言於弟兄而牀前果失一履旦令人於石橋上追尋得之,14794
卷之十一,政事部,刑獄,鞭杖下人,凡夢自身坐于堂上命人鞭杖曰笞責他人者主虚費精力之兆,14851
卷之十一,政事部,刑獄,覊繫羅網,身入羅網有計難逃曰逃脫羅網有禍得消,14881
卷之十一,政事部,刑獄,炮烙烹炙,夢身體被人火炙汗血淋漓者大吉主一曰有財喜之事如受冥司炮炙之狀者凶,14885
卷之十一,政事部,䘮塟,送䘮凶號咷慟踊夢主佳祥鼓吹旛旌兆當殂殁凡有送,喪之夢必爲虚費之徵但占𣩵是誰家又看身穿曰何服,14934
卷之十一,政事部,䘮塟,請塟大吉,但占夢請是何人曰便見驗吉在何處,14953
卷之十一,政事部,䘮塟,𣩵塟不見棺槨大凶,夢此者必有禍至若有鼓曰吹亭臺者家破身亡嗣絕,14970
卷之十一,政事部,䘮塟,𣩵塟於他人墓所,非其所而假之以安不祥之兆或夢此直曰叶其象宛如夢中或騐才學爲人愛慕者,14986
卷之十一,政事部,䘮塟,攺塟,由卑而徙高者吉官位高遷之象曰由大而移小者凶顛沛流離之兆,14990
卷之十一,政事部,䘮塟,攢柩,夢主官居當道財藏不露幾務得人賛合儀曰容暫寓保安目前之事巳寧日後之基未卜,14994
卷之十一,政事部,䘮塟,身死吉凡夢身死必有,吉慶何歟其𩲸安也雖然夢死他鄕其後果驗夢曰死人手其患匪輕夢移尸而騐攺居夢,15006
卷之十一,政事部,䘮塟,人言死吉夢人言報某年,月日死者直叶夢人言死而似死非死者主得官曰祿,15013
卷之十一,政事部,祝享,祭奠人奠或巳奠人○夢奠親鄰乃爲人,友之大事○夢受他人之奠享自當驗于身後○曰夢辭祭奠之禮儀將果見于人前○宰牲設奠詳觀所享何人焚帛拈香但看所稱何氏,15062
卷之十一,政事部,祝享,祈晴禱雨吉,此夢主爭光日月曰際會風雲之兆,15097
卷之十一,政事部,祝享,蜡獵迎神賽會,此夢主神祗出遊廵察人門禍福若其人因曰夢所見而攺過從善行義無忒天必祐之,15101
卷之十一,政事部,祝享,禳祝見神鬼形,見其形不聞其聲宜審所夢爲何神曰夢其神因聽其言語宜明識而遵行,15105
卷之十一,政事部,祝享,巫祝僧道餕胙,此夢主貨財分散宜以衆人之曰所言所作細推之吉無誤矣,15113
卷之十一,政事部,祝享,齋戒備祭禮,遵禮法于䖍誠之始敬神鬼于未祀之先曰此正人君子之夢其吉不待占而見之矣,15117
卷之十一,政事部,酬酢,謁訪,夢來謁訪我者詳其人審其名吉凶自見曰夢巳謁訪于人亦然詳審其字可卜榮枯,15194
卷之十一,政事部,起居,站立,此立身成業之兆但宜以曰所立何方而占其凶吉,15254
卷之十一,政事部,起居,寢卧,夢中,15289
卷之十一,政事部,起居,運摩,必其明于脩煉調理有此曰夢若不知者夢之主將來得道之徵,15318
卷之十一,政事部,起居,男女裸體相見,子女相對好夢嘉祥曰命運亨泰利名吉昌,15322
卷之十一,政事部,起居,身被人騎走,受人駕馭被人驅馳非馬非牛受耻受辱下曰賤夢貴人騎者反爲吉占騎在人上者大吉,15326
卷之十一,政事部,起居,露體上下無衣而走,夢此名譽蚤楊于天下功業超出于羣英曰出身及第榮祿非常夢臥暗室中者反此,15330
卷之十二,什物部,舟檝,龍舟殿閣旗旛大吉,此皇宮御座之舟凡夢之者曰必有幸遇貴人接引之兆,15413
卷之十二,什物部,舟檝,划船吉,此夢爲得美名褒奬曰之兆順流速行大吉,15427
卷之十二,什物部,舟檝,船在橋下吉,水陸通衢之象凢夢之者固守貞曰志遠姦辟邪運時泰心安事亨,15453
卷之十二,什物部,舟檝,舟中坐轎上,夢此求名有人抬舉作事有人扶助出行宜曰速必須多帶盤費交易必成宜自謙讓謹言,15466
卷之十二,什物部,舟檝,船載花木糧草,夢自外來者主得財加祿○夢往曰他鄕者主輸運費用詳載品彚部,15478
卷之十二,什物部,舟檝,乘舟使人牽馬牛拽縴吉,夢此主得富貴有衆人助力大吉之兆馬兆曰在午牛兆在丑或年歲或月建或時日騐之,15488
卷之十二,什物部,舟檝,舟中載車吉,車行陸路遇水而止得舟載之利渉江津曰夢此道路通達夢載車輪主轉達之吉徵,15492
卷之十二,什物部,舟檝,船舷有輪,文人夢此職掌經綸武士夢之戰勝凱旋身曰居客外夢之廻歸病患夢之乃輪廻之兆,15496
卷之十二,什物部,舟檝,舟忽變爲車,官宦夢之升加爵位隱逸夢之遨遊遠方曰農啇夢之歲旱水涸病者夢之得瘥無患,15500
卷之十二,什物部,舟檝,舟化龍大吉,一舉成名之兆夢船運命通達成龍得路靑曰雲應舉應選欲求名此兆大魁天下入皇廷,15508
卷之十二,什物部,舟檝,脚船,夢此主辛勤勞苦渉歷艱難若夢在曰大船内有人撑脚船來者有人代勞,15516
卷之十二,什物部,舟檝,跳下船跳上㟁,勞苦土木之象夢此當以舟中事物岸曰間形狀細推之夢過岸渡河快便大吉,15524
卷之十二,什物部,舟檝,立在船跳板上凶,夢此立定不至船中又不起岸必有疑難之曰事若立不定者是行不通坐不安立不定也,15528
卷之十二,什物部,舟檝,耴船上跳板入置㟁上,夢巳取之他人行事費力夢人取去主做事曰難成岀行有阻夢取在自巳家中遲緩得吉,15532
卷之十二,什物部,舟檝,火焚舟,身在舟中舟被火焚夢者不得其死身在岸曰上見此爲未濟之夢夢坐舟中見他舟者吉,15545
卷之十二,什物部,車輛,龍車鳳輦大吉,君相夢之四海平安士子夢之一門榮盛曰庻人夢之恩澤被沾僧道夢之喜結天緣,15589
卷之十二,什物部,車輛,高車駟馬,文墨之士恩榮及弟兵戈之輩奏凱曰建功鄕村小民夢之主有官吏事至,15593
卷之十二,什物部,車輛,車駕召貞吉否凶,身通文藝者夢之得侍立于御前病沾五曰内者夢之將歸神于冥府僧道夢之大吉,15605
卷之十二,什物部,車輛,丹車,蒙恩拜詔之兆如安居于市曰廛田舍者夢之須防火災,15610
卷之十二,什物部,車輛,素車白轡,君相夢此爲太白朝士夢此爲秋聲安輕昌曰吉轟振主兵士民夢此主得財病痊婦孕吉,15620
卷之十二,什物部,車輛,車騎聲讙,霍禹夢車騎聲正讙來曰捕禹會事發覺禹要斬,15642
卷之十二,什物部,車輛,聞車聲隱隱吉,聞其聲不見其形知其名不識其情隱遯曰山林有警無驚言一一以清身一一以寧,15646
卷之十二,什物部,車輛,車聲如雷,兵戈追逐邊疆戰爭猛将如雲如電勇士如曰虎如鷹幽居遠避在丘陵縱有才能且暫停,15650
卷之十二,什物部,車輛,車無輪凶,夢此者有路不能達有事不能行輪者倫曰也倫者常也此兆遭逢非不常日所比,15694
卷之十二,什物部,文墨,硯中耕田吉,凡夢以硯爲田手執耜耒而耕者必主曰文藝丹靑之士弗受非義子貴身榮,15819
卷之十二,什物部,文墨,耴金玉珠寶爲硯吉,文人夢之爲社稷之臣武士夢之有兼才之曰譽農夫夢之得豐年之瑞女子夢之生貴子,15823
卷之十二,什物部,文墨,水注水中丞,夢此主得羙酒嘗有候選夢兩人扛一水曰中丞與之或譏曰大中丞及選授江都丞,15920
卷之十二,什物部,文墨,書橱書架書箱書笈書篋書櫃,此橱以藏書册于中以便撿舒于外夢此主曰博學多材安行樂道損壞不祥開閉皆吉,15933
卷之十二,什物部,武械,彈弓彈丸吉,求名求利及求人夢此一言而中居處出行曰與治病夢此必得妙方但主近而不遠吉,15968
卷之十二,什物部,武械,彤弓金矢錦繡鞱鞬囊,文宦夢之職掌兵權武將夢之建功立業曰𦒿老夢之子孫貴顯婦女夢之生育貴子,15972
卷之十二,什物部,武械,刃方大長柄頭尖缺者曰刃,刃者忍也認也凡夢之者宜忍耐爲主有曰吉無災夢人杖刃而立爲仞八尺曰仞,16055
卷之十二,什物部,武械,佛郎機大將軍,貴人夢此爲禦强去暴富民夢此宜養靜修曰德貧窮夢此有虚無實病人夢此得佛力救,16091
卷之十二,什物部,武械,虎牌吉,夢此者得禦侮之妙計掌兵符曰之巨職下賤夢之順以從君,16100
卷之十二,什物部,符笏,璽大吉,璽者國之寶也夢得之者國昌夢失之者亡曰士民夢之當與大典病患夢之天命福壽,16126
卷之十二,什物部,符笏,符節,此夢主同心遇合之徴顚危而無懼遙遠而曰有情執一而不變大吉亨昌嫁女夢之不祥,16130
卷之十二,什物部,符笏,印,印者身之所自生於天象爲父母於人事爲曰官職夢此以所記何字占之未有不吉者,16134
卷之十二,什物部,符笏,吉,帝王曰符璽官吏曰印信私記曰圖書夢得曰之者大吉夢失之者無妨夢無字者無事也,16157
卷之十二,什物部,符笏,魚笏吉,此啇周之制以大魚肋爲之長尺有咫上士曰所執自漢迄今弗用之矣夢此主飲饌快樂,16175
卷之十二,什物部,符笏,簡笏,夢此者簡而文也忽有所得也曰夢人授之必有執簡而來謁者,16179
卷之十二,什物部,符笏,牙笏滿室吉,此身榮家富之夢夢之必有賢婿大貴者惟曰病人夢此不祥又當以夢中所見他事占之,16183
卷之十二,什物部,符笏,書記笏上貞吉,夢此主政務召對之徵當以所書何字推占曰若庻人夢之必有所忽者宜記而不宜忽也,16197
卷之十二,什物部,鹵簿,鹵簿旂蓋,文臣武士夢之主進爵加職之象庻民婦女曰夢之主生子貴顯病患夢之又當另占無妨,16209
卷之十二,什物部,鹵簿,綵旗懸鈴墜入懷中大吉,學者夢之文思華麗擲地金聲之美徴啇賈曰農工夢之主得貴人財女子夢之生貴子,16215
卷之十二,什物部,鹵簿,旌旗鶴雁降於亭,宋富弼母韓有娠夢旌旗鶴鴈降其曰庭云有天赦巳而生弼爲宋室賢相,16223
卷之十二,什物部,鹵簿,神旂高揚雲端貞吉否凶,大人夢之名揚四海正人夢之禍去福臨曰多欲夢之必宜攺過姦邪夢之福臨表凶,16227
卷之十二,什物部,鹵簿,執旗飛走吉,夢此報捷之象應試書生夢之所騐在巳衆曰庻女子夢之其兆在人又當以其辭色占推,16237
卷之十二,什物部,鹵簿,藍旗彩旗,此夢當道大臣之景也學者夢此爲瑞曰兆下賤夢此爲官事疾病夢此爲神明,16241
卷之十二,什物部,鹵簿,掌扇,此儀容中直有威可畏之象夢得之曰者必貴顯夢他人者主相遇協力,16266
卷之十二,什物部,鹵簿,馬前頭踏,文人夢之祿位至武士夢之吏民相得鄕曰人夢之見有官吏之交病人夢之不祥,16276
卷之十二,什物部,鹵簿,鬼頭刀尚方劍金斧大鉞貞吉否凶,君子夢之大吉曰小人夢之不祥,16296
卷之十二,什物部,鹵簿,虎頭牌,貴者用之賤者執之此夢也執之者貴曰遠之者賤無恙反有悔有病反無災,16301
卷之十二,什物部,鹵簿,馬前驛牌,此貴宦將至之象夢之主爵尊位顯曰名揚祿厚榮登帝都恩歸故里之兆,16307
卷之十二,什物部,鹵簿,赭蓋旌纛前導,曰東門入至乃止旣寤未解其兆明日以語寗寗不應久之屈指作迴輪者再作而曰是狀元之兆也占牛一元大武也春歲之首而試之期也狀元亦謂曰春元也金色白其神爲辛牛之神丑也中之歲其以辛丑乎王曰鼓吹前導者何曰是所謂傘蓋儀從送歸第者也曰奚爲而杜乃隨之曰以傘蓋從者實京兆尹是歲京兆尹其必杜乎王聞而歎之曰子之言殆隍中之鹿也寗私志之歲丁酉王復下第奔走江湖夢之眞妄不復記憶庚子乃領薦鄕闈明年辛丑試春官得雋入奉臨軒之對果得狀元及第傳臚畢承制送歸長安私第者果杜公也悉如寗之所解云,16313
卷之十二,什物部,刑罰,天垂鐡鏈,夢此惟巳獨立必有貴人招之契合同心曰若夢數人同立或哭或笑主死䘮之兆,16328
卷之十二,什物部,刑罰,有枷置門首吉,善人夢之主名利增加胎孕夢之主生男曰吉作非爲則是病患來臨攺過若無咎,16332
卷之十二,什物部,刑罰,人授頂鉗鎻索,君子夢之騐在六畜有吉無凶小人夢之須曰防疾病胎孕夢之生男童𥪡夢之有病不死,16336
卷之十二,什物部,刑罰,脚鐐手扭凶,此賊盗用刑之具出行夢此須曰備不虞作事夢此須防掣摯,16340
卷之十二,什物部,刑罰,囚車在道凶,夢此不宜出行出行必有虛驚惟曰戰守之事夢此主生擒敵㓂之象,16344
卷之十二,什物部,幡幢,旛花羅列空中,學者夢此文思日益辭章冠世武將夢之大曰戰有鬼神助老年夢之子孝僧道夢之飛昇,16352
卷之十二,什物部,幡幢,大旙在指端,此持節建,16358
卷之十二,什物部,幡幢,紙幢大吉,此天壇功德之象夢之者必有前世因綠主曰得祿致福子孫繁盛交友契合家道日隆,16380
卷之十二,什物部,幡幢,紙幡貞吉,夢此主多事而不難得人輔助身榮家泰曰之吉若病人夢之宜許愿敬神則遇明醫,16384
卷之十二,什物部,幡幢,寫畵幢幡吉,此夢必其人有舊愿未了宜持戒奉齋以曰遵敬遠鬼神之教守義成仁有吉無咎,16388
卷之十三,什物部,家俠,檯卓椅櫈,遠行○夢置車中主遷移○夢驢騾䭾來主得財曰䭾去主見貴人○夢馬負之主運蹇○夢在牛背上有官事不祥○夢巳負之而行主勤勞不安○夢置山頂上有喪事○夢置曠野主官祿未至○夢置田中主豐年○夢置河水中防水火之災○夢置道路中主有事禱祝○夢置門首事難成○夢置庭中吉○夢置堂房中正吉歪不利○夢此等高大美麗主富貴低小精緻主安閒破碎主爭訟巳舌○夢此置屋脊上有凶人至無妨○夢火焚之主得大財之吉○夢灰塵泥土堆樍其上主貧窮○夢尿糞污穢之主財利小事吉,16416
卷之十三,什物部,家俠,天然几卓天然椅,凡夢之者宜靜不宜動宜守不宜變更此諸曰色事物皆一定天然堅固寧息富貴正平也,16436
卷之十三,什物部,家俠,坐櫈升靑雲大吉,此第一等人物之象嘗有文學夢騎櫈上曰憑空直入雲端者赴考領首後登科甲,16463
卷之十三,什物部,家俠,拭汗巾帨浴怖浣怖,夢之者祓除浴德之佳兆有曰吉無凶夢人貺之又當另占,16537
卷之十三,什物部,家俠,持帨沭浴盤中,夢有日新之象曰,16541
卷之十三,什物部,家俠,洗澡掛帨巾於門上,夢此主逺親外客至○夢掛後門有私情不正○曰夢掛在欄干者吉○夢非沭浴掛怖門首不祥,16545
卷之十三,什物部,家俠,設掛錦帳,安居夢之賔客至九流夢之名譽高僧道夢曰之人借寓旅邸夢之家信來夢此不論顏色,16564
卷之十三,什物部,家俠,板條木條竹滌藤條,夢此等者皆條理得中之兆坐卧出入皆無曰妨惟夢破碎損失者主童僕奴婢之災悔,16648
卷之十三,什物部,家俠,兀子凶,兀者厄也夢之主小事悔吝有眚夢損失破曰壞者无咎出行在外夢兀子毁弊反爲吉祥,16652
卷之十三,什物部,家俠,交床,夢造作之或人授之或巳坐其上皆主出行○曰夢破壞者出行有阻○夢人取去主有事使人,16656
卷之十三,什物部,家俠,交椅,夢得之者主客至曰夢失之者事難成,16660
卷之十三,什物部,家俠,踏脚櫈,夢此者高居安坐之物夢破毁損傷者主奴曰僕有災難○夢得增添脩製者主得人之兆,16664
卷之十三,什物部,家俠,將褥作被大凶,此乃困窮拂抑之景也富貴夢之有大災窮居夢曰之無發達有事者夢主受辱之兆宜解禳無咎胡潤爲大理卿夢其女卧竈中將褥作被此女方四歲未髠潤以直諌被刑其女没入功臣家爲奴一老嫗憐而匿於庖中後有同郡人見之携歸鄱陽自誓不配偶稱貞姑,16694
卷之十三,什物部,家俠,披被作衣裳,日作衣夜作被此道家獨坐煉金丹之說曰也昔有貧士夢之者後爲天師門下法官,16698
卷之十三,什物部,家俠,簟,此恬澹寧息之夢有小吉無大咎無論藤簟曰篾簟草簟五色花簟新舊破損皆以所用占,16721
卷之十三,什物部,家俠,易簣更換舖席也,此固不祥之稱而夢之反有得吉者惟病中曰夢之大凶求名求利者夢之爲遷移之兆,16725
卷之十三,什物部,家俠,夜壺即溺器,夢得之作事便利○夢破碎有急事難解○夢置曰被中有病至○夢置枕邊有酒食○夢持去者吉,16742
卷之十三,什物部,家俠,湯婆子,此禦寒之物也○夢置足後主得美妾○夢傾曰覆濕𧙊褥主小事破財○夢冷主事不成無咎,16751
卷之十三,什物部,家俠,竹夫人,抱之以禦暑安眠圓活輕清之象于暑時爲曰夢想于嚴寒夢之必有吉象驗在夏秋之末,16755
卷之十三,什物部,家俠,吉,此夢爲温煖香馥之象富貴夢之必得美婢佳曰童貧窮夢之將來必有華服被體病夢得瘥,16761
卷之十三,什物部,家俠,被薫手爐,狀如古玩色如金馨香馥䭲且開衿曰夢裏將來去惡臭醒來懽樂度芳辰,16765
卷之十三,什物部,家俠,香筯香匙吉,兆主請借前曰箸繼續書香,16770
卷之十三,什物部,家俠,香毬吉,圓圓滾滚翻翻覆覆郁郁溶曰溶兆應如同將來榮顯之兆,16778
卷之十三,什物部,家俠,金翠大箱方數丈,𩹌孤夢此得美婦貧窮夢此得貴人扶曰富貴者不宜有此夢病人夢此大凶,16801
卷之十三,什物部,家俠,籐箱大吉,夢此爲騰驤之兆昔周公有金藤之書所以曰正君心也夢藤箱者宜逺小人不惡而嚴,16807
卷之十三,什物部,家俠,箱袱吉,美觀之物羡餘之兆夢裁製有嫁娶等事曰○夢毁弊無妨○夢人授之主得財利,16826
卷之十三,什物部,家俠,笐杆以掛衣物者,夢此主得高掛之兆曰夢損折者主疾病至,16851
卷之十三,什物部,家俠,擔盤提盤盤絡,夢自外入門主得飲饌或有人于擾○夢以授曰人或取出出門外主家中有事○夢破主口舌,16856
卷之十三,什物部,家俠,坐車坐囤,此嬰兒所坐者夢人授之主生育子息夢曰巳授人主其所受人生子病者夢之不祥,16864
卷之十三,什物部,家俠,碧紗橱,居之爲避暑之妙用夢之爲養生之吉曰徵寧靜以致遠端莊以脩德何吉如之,16868
卷之十三,什物部,家俠,拐杖,此夢主執携扶助持顚濟危身康永壽之徵曰夢人授之主助力夢折朽者手下人有悔,16872
卷之十三,什物部,茶具,携杖採茶置筐内,凡夢煎茶採茶諸色茶具皆爲婚嫁筵譙之曰兆有醉後夢之或渇甚或大暑夢之弗占,16884
卷之十三,什物部,茶具,茶擔茶簍茶盤,此清閑安暢之夢夢者有安居無事之曰吉若夢傾覆損毁遺失主小悔無大咎,16890
卷之十三,什物部,茶具,茶甌茶匙,夢洗淨擺設主有客至○夢破壞損曰折主口舌○夢人貺之主小事吉祥,16902
卷之十三,什物部,飲,觴浮池沼中,夢此主遊行讌會胸襟開暢凡夢池沼爲賢曰水旺則溢虚則洄夢觴爲酒食浮主清快吉,16914
卷之十三,什物部,飲,舉杯相向,此夢于相向者爲知巳爲有情爲曰悲悼爲娛悅當以動静言語占之,16924
卷之十三,什物部,飲,水火爐,水在火上既濟之象酒是水中火隔曰水夢未濟飲酒不知節需首失其義,16965
卷之十三,什物部,飲,鍾碗盞楪吉,夢忽增多家有事○夢洗凈者賓客至○夢人打曰破口舌散○夢叠收藏事太平○夢偷去主閒曠,16969
卷之十三,什物部,飲,酒海大碗之名,夢此滿斟香馥主液髓盈足○夢此潔凈主曰神氣清爽○夢酒渾臭淺少主血海空虛,16973
卷之十三,什物部,飲,酒提漏斗,夢置造主人口增益○夢毁弊損失主小口有曰悔○夢人授之主得利○夢執之以飲主色事,16978
卷之十三,什物部,飲,酒箱吉,夢此主陰柔無位求萃必得若其貧士平民曰夢此爲致富成家之兆病者夢之得藥而瘥,16982
卷之十三,什物部,飲,果罩,此盛饌之前列玳筵之美觀夢之者以虛曰受人之機也主慶賀之象爲誇罩之占,16990
卷之十三,什物部,爨具,釡中湯沸溢,君相夢主水澇士庻夢主多財貧窮夢主酒曰食僧道夢主功德病夢主生旺女夢主夫榮,17021
卷之十三,什物部,爨具,背荷釡甑而走,此流離奔走之貌夢者必有不祥若窘窶顚曰沛弗得炊爨者夢之反爲立產成家之兆,17026
卷之十三,什物部,爨具,銅銚鉊杓木杓,夢人執揚或以啜飲或安置有聲皆主口舌曰夢人授之或以取汲或藏置蓋下皆主酒食,17038
卷之十三,什物部,爨具,蒸籠吉,甑者正也薫蒸之謂也夢此者陽在下而應曰平上柔得中而應平剛驗在小事必有亨昌,17043
卷之十三,什物部,爨具,盪鑼,夢浮釡中主𬮈非口舌○夢置糕䬼飯食曰主有怒事○夢損壞或置藏主是非散,17047
卷之十三,什物部,爨具,火筯火鉊火焮火又火鋏吉,凡夢此等主行事遂意有求必得有患必除曰衣祿豐足但非大事若夢忽損折者反此,17063
卷之十三,什物部,爨具,水缸,移○夢穿破爲失財○夢汲水入之爲得財生利曰夢於中取水爲酒食○夢坐其上爲制服陰火有病得痊○夢炊有喜慶事蓋以火炊于水主缸水見火而沸湯湯滚滚故與曰中炊相反,17075
卷之十三,什物部,店具,坐櫃,夢此爲内人爲下人爲居處之所其占與店曰櫃同但有上下大小之不同耳夢無底者貧,17105
卷之十三,什物部,店具,店橱吉,夢橱充滿主富貴又當以所滿何物推曰之有吉無凶夢橱空虚主交易之吉,17109
卷之十三,什物部,店具,天平大吉,君相夢之天下太平之象士庻夢之主得財曰祿僧道夢之主功德之事病者夢之病痊,17120
卷之十三,什物部,店具,𨤲等,夢此者主得良緣求名得名求利得利有曰事稱心無事遂意夢毁破財夢脩得計,17124
卷之十三,什物部,店具,盤秤扛秤,與天平秤等同類吉但此似大曰而實小又當以所稱何物推占,17128
卷之十三,什物部,店具,算盤吉,夢此主得計豫曰知定數之占,17132
卷之十三,什物部,店具,銀剪,夢此主分財之事○夢人授巳主破財○曰夢巳授人主交易口夔毁壞者妻妾有悔,17136
卷之十三,什物部,店具,掛店招牌大吉,夢牌自天落下主有帝命召○夢牌上無字者曰貴顯大富○夢牌上字多字少當以其字占之,17150
卷之十三,什物部,店具,吉,貴爵者夢之爲民心悅服士庻人夢之爲遠曰出遊行亂世夢之爲太平景象之占大吉,17156
卷之十三,什物部,店具,隠燈籠燈,此夢明照四方之象○夢燈光遠燦主名譽吉祥曰○夢黑暗不明有小悔○夢人授之有喜事至,17160
卷之十三,什物部,行李,皮箱跨箱大吉,○夢此空虚者安𬮈無事○夢此損壞者有外人曰多事○夢䑕咬傷損主道路有災○夢脩補齊整主進益貨物○夢擺列堂中爲興家立業之兆○夢背負而行主有事得見尊長貴人○夢坐于臀下者有好人相遇相合○夢置擔中主逺行得吉○夢以授人主有事使人得遂其志,17180
卷之十三,什物部,行李,帽籠梳匣凉帽眼罩同占,夢此主求名求利致命遂志之徵空虛潔淨,17198
卷之十三,什物部,行李,行燈大吉,此夢繼明照于四方之象光輝一握曰之中明達萬里之外此富貴之佳兆有慶賀之美徵,17213
卷之十三,什物部,行李,扛棒貞吉否凶,此象主二人同行鞠躬𥁞力夢之者必有人曰與巳相洽其成敗吉凶又以所夢事物占之,17221
卷之十三,什物部,雨具,吉,貴人夢此遯迹于江湖富家夢此斯須曰之小悔貧窮下賤皆喜慶吉祥之夢病者夢之凶,17251
卷之十三,什物部,雨具,油紙,凡夢此者主出外逺行出行夢之須防風曰雨夢身首頂戴者凶中得吉難處成祥,17255
卷之十三,什物部,雨具,布傘以綠油布爲之,君子夢之主逺行小人夢曰之主分散童僕夢之無妨,17271
卷之十三,什物部,雨具,吉,此夢主高檯平等之象剛而健歩水而不濡曰其屨夢之遇艱險而得亨通夢屐齒折無咎,17278
卷之十三,什物部,雨具,蘆蓆,夢此主蓋庇捍禦逢凶化吉遇難成祥若歲曰大旱夢之必有雨至夢破壞主改換之兆,17284
卷之十三,什物部,牧具,馬欄,豎桅欄繫馬以禦騰躍夢馬欄挿地乃别曰群雄凢夢此者無事有事至危處得安康,17302
卷之十三,什物部,牧具,馬鞍踏凳,貴人夢之主勞役富人夢之主安寧貧窮夢曰之有利益顚沛夢之得太平病人夢之得愈,17306
卷之十三,什物部,牧具,馬繮,凡夢此必其人有細微小節關係大事者出曰行夢之宜速亦必速歸安居夢之得衆人力,17311
卷之十三,什物部,牧具,鞶纓大吉,夢授之主大貴位極人臣夢製此主顯曰榮名揚天下夢弊壞主豊亨與時消息,17315
卷之十三,什物部,牧具,鞭,平安夢之主得戒禦不虞之策險難夢之必曰有消災除暴之祥若夢折斷朽弊主盡力吉,17319
卷之十三,什物部,牧具,牛楅牛柱牛劓牧童夢之無占,凡夢此者必宜親近君子逺離小曰人不惡而嚴自得中行大道矣,17323
卷之十三,什物部,牧具,羊棚羊索羊錢吉,夢此災消禍散貧窮變成富貴顚危攺曰作平康小事大吉又有得童僕之徴,17328
卷之十三,什物部,牧具,狗窠犬䋲撁狗結,爲得酒食爲禦冦盗爲闚觀隱微小曰事夢之利益大吉君子夢之吝無咎,17332
卷之十三,什物部,牧具,猪欄猪食槽,夢此主取女之吉徵富家夢之家道和平曰貧窮夢之得則吉病患夢之陰人求食,17337
卷之十三,什物部,牧具,鳥籠,凡夢身出籠中者災難去除憂疑消釋籠中曰無鳥得失勿恤烏在籠中以所夢何鳥推占,17348
卷之十三,什物部,牧具,鹿柵大吉,此夢爲富貴榮祿之兆○夢有柵無鹿爲虚名曰夢鹿在柵內爲蓄藏○夢鹿在柵外爲聚祿,17356
卷之十三,什物部,牧具,虎穽兕㭱,戒禦凶惡之夢擒賊降虜之兆曰也有建立功勲辟除鬼崇之喜,17360
卷之十三,什物部,牧具,魚籃魚桶,貴人夢之得良佐富家夢之得餘利貧窮夢曰之生意昌歲旱夢之有雨孕育夢之生貴子,17368
卷之十三,什物部,網𦊟,張列𦊨罘於山林曠野,凡夢此者必有心事○夢巳張列爲得計妙用曰或夢仇讐所張須防圈套○夢獲禽獸者另占,17381
卷之十三,什物部,網𦊟,身入網羅凶,此夢大不祥攺過可生活曰若夢是他人其人必受屈,17389
卷之十三,什物部,網𦊟,羅網高掛雲上貞吉否凶,此天綱之象天網恢恢疏而不漏凡夢此者曰必宜省躬修德攺過自新則化災爲福矣,17397
卷之十三,什物部,網𦊟,釣鈎吉,夢此主勾引之象君相夢之得賢良曰士民夢之得財帛女婦夢之上生育,17402
卷之十三,什物部,網𦊟,執綸垂釣,文學夢之世掌絲綸之美武將夢之受降獲虜之曰徵平民夢之主得財物之占老年梦之隱𨓜林泉,17408
卷之十三,什物部,農具,凶,無事者夢之柔順以蒙大難憂懼咨嗟曰遇難者夢之艱貞以免凶災脫離遯避,17422
卷之十三,什物部,農具,吉,拮𫽿者所以運溝壑之流以灌禾稼者也曰夢此主獲大利于水鄕行得時于春夏,17428
卷之十三,什物部,農具,礲床,此五榖豊登之象足食民信之兆無事者曰夢之以虚受人有事者夢之周旋人壯吉,17442
卷之十三,什物部,農具,篩糠篩米篩粉篩繃篩,此去惡存善之兆學者夢之遇明師貴人夢曰之事軍旅富翁夢之養身德病人夢之去病,17469
卷之十三,什物部,農具,磨子磨床,此夢周旋費力之象宜動不宜靜宜勤不宜曰怠夢雲中有磨或神持磨主雨雪雷鳴之兆,17487
卷之十三,什物部,農具,三色栲栳吉,凡夢此者主有喜樂之事出戸庭進利祿得曰人役使之吉夢穿壞者粟多益文人不利也,17517
卷之十三,什物部,農具,米囤,囤者遯也夢之爲嘉遯之義遇災變者宜遯曰避囤者所以安置稻粱也宜靜以守之之夢,17556
卷之十四,什物部,蠶桑,連,夢稠宻光潤者主生子衆多之祥曰夢以灰汁淋連者主子女痘疹,17596
卷之十四,什物部,蠶桑,簾𥴱,此蔽風護氣之物于供蠶尤爲愼重夢中張布曰簾薦兆主保惜所思之人又爲揜蔽光明之象,17600
卷之十四,什物部,蠶桑,簇蠶,增新之象又曰𭣣局之占,17606
卷之十四,什物部,蠶桑,手攀桑𣗳,此夢一見當主弟兄之間或生嫌隙攀而不折雖曰不爲吉亦無大害攀若折之蹭蹬非常保禳爲上,17631
卷之十四,什物部,蠶桑,桑椹吉,兆爲生子之祥爲結果之應,17639
卷之十四,什物部,機杼,羅刀,着着實實作事光滑如是王鬆脚慢曰光濶何時要識心中事須聽口中言,17691
卷之十四,什物部,機杼,邊𢿽吉,夢邊𢿽在機百凢俱可以有爲若大人夢見曰邊𢿽在手定主出爲邊疆重臣威風莫犯,17708
卷之十四,什物部,機杼,綉綳拆散,折有拆毁之意散有離散之情夢此者家資曰分拆如戀而不捨恐處堂之患禍起蕭牆,17734
卷之十四,什物部,機杼,綳掛樑,此夢爲陰人不安之曰兆當思所以治之,17738
卷之十四,什物部,機杼,綉綳空,夢此爲落落之兆興味蕭然交曰無益友即金屋阿嬌亦無同調,17742
卷之十四,什物部,機杼,將綳與人,夢見中間有綉者滿腹文章名爲烏有曰夢見中間無綉者它須欲上品概難量,17746
卷之十四,什物部,機杼,線方吉,爾自爲爾我自爲我可長可短有頭有緒曰隨心所欲綽有餘裕用其有極曷其有致,17759
卷之十四,什物部,機杼,針吉,夢得之者曰當獲十金,17763
卷之十四,什物部,工作,斧吉,君子道長小人道消之狀,17789
卷之十四,什物部,工作,圓鑿吉,此夢爲婉轉玲瓏之兆雖有敲擊而伎曰倆不爲之少貶所作亦自漸漸亨通,17802
卷之十四,什物部,工作,吉,夢之者謀事必成一經運思胸中洞了凢可曰長可短宜方宜圓厚薄紛紜無不象心矣,17822
卷之十四,什物部,工作,舞鑽吉,此兆之見主事出于一人之手曰未免初𫝑難行向後轉運吉,17850
卷之十四,什物部,工作,花鑽吉,天地相遇曰品物咸章,17854
卷之十四,什物部,工作,千斤吉,力能舉鼎用可㧞釘未年月日曰若直下承當治定功成時候,17858
卷之十四,什物部,工作,錐,可以指使薄我者亦可渾通性極尖銳苐脱不得曰人手欲求自撑立斷乎難成隨地安身一生他𠊓若夢見委之于地身無立錐得之在手又主兆獲佳金,17870
卷之十四,什物部,工作,鏟吉,金可以生謀利必亨所生是子家業隆曰興病脱體謀望成失物難尋𥨸主陰人,17880
卷之十四,什物部,工作,鎝鈕凶,兠兜搭搭紐紐揑揑若夢見之士人必難𤼵達曰商賈作事淹蹇牽連纒繞掣肘不得舒睂之兆,17884
卷之十四,什物部,工作,槖籥吉,一上一下一升一降一呼一吸一𭣣一放曰斯須不離項背相望翕受敷施利名穩望,17912
卷之十四,什物部,工作,皮頭吉,用之則行舍之則藏曰小物軒昻此之兆乎,17920
卷之十四,什物部,工作,鞋楦靴楦,有我之時無你你來時我脫屣輕敲重擊小大曰一般此夢主一生勞苦不得舒睂之象非吉也,17924
卷之十四,什物部,工作,漆𢹞吉,嚴毅細宻光潤鮮澤靑黃赤白惟君所適曰往來其間如膠如漆或有不行優游自得,17936
卷之十四,什物部,工作,油磨油碾,天運循環無往不復展轉不斷晦明相續曰剛徤中正飛而不伏金聲玉振足音空谷,17951
卷之十四,什物部,梳籹,對鏡不見影凶,夢此凢事無形謀望空音信杳曰失物難尋故所爲俱不能遂意,18010
卷之十四,什物部,梳籹,手内持鏡吉,鏡爲我有則人之好醜莫逃得曰此當具靑眼爲人材之藻鑑,18014
卷之十四,什物部,梳籹,囊鏡吉,雖見藏而不露此正弢而未燿之兆曰一朝𤼵達其光華仍復透露大吉,18018
卷之十四,什物部,梳籹,鏡照他人,夢此者妻室無心于我欲抱琵曰琶過别船矣慮之防之無虞也,18030
卷之十四,什物部,梳籹,身對鏡立,是爲他明我暗之象我相現前滿腔都是私心曰障蔽設或臨事焉能批却導窽哉戒之斯吉,18034
卷之十四,什物部,梳籹,鏡内兩人竝立,此象現謀事人我俱無益有影無形絕無曰實跡爾爲爾我爲我殊不相于也必不吉,18038
卷之十四,什物部,梳籹,得他人鏡吉,夢此爲得美妾之兆不然或曰螟蛉他人子爲子亦其應也,18042
卷之十四,什物部,梳籹,破鏡照人,鏡巳破而尤可以照人妻室定主分離指日之曰間當立見也然後必重合謀望姻緣不能輻輳,18050
卷之十四,什物部,梳籹,梳掠子大吉梳者疏也有疏通之意○手内執裗介福方來○口内啣梳困而未舒○頭上帶,梳運齊可喜○梳折者官失位士廢學經營虧本曰亦主拆散○執梳通髪定有大財○如見斜梳得財出自望外○人與我梳當得美女○夢牙梳者骨肉分移方得成器,18065
卷之十四,什物部,梳籹,剃刀吉,新淬靑萍鋒甚利銳氣冲霄鬼神避曰所志欲酬借上方英雄背上蛟龍聚,18113
卷之十四,什物部,梳籹,水盂油楪油注凶,爲事宜務實不可矯揉本來靣目自曰瞞不得掩飾不過反滋紕繆戒之,18119
卷之十四,什物部,梳籹,排草吉,夢此爲人佩服每事有分方且得帮巳之力曰日後家榮身泰子孫秀𤼵如絲縷之不斷也,18147
卷之十四,什物部,梳籹,零陵香貞吉否凶,此夢主有香愿未償宜齋戒沭浴䖍心祈禱仍曰依愿完之庻作事順利謀望稱心無不迪吉矣,18151
卷之十四,什物部,梳籹,安息吉,安乃安穩之安息是消息之息夢見此香動靜曰云爲無不如意耳聽好消息之兆也大吉無疑,18160
卷之十四,什物部,梳籹,牌吉,兆此者必主曰名利在手,18168
卷之十四,什物部,梳籹,香囊,此爲包函之象在人有犯不較在巳隨處生香重曰重整宻以卦體言陽之下陰之上地天泰也允吉,18172
卷之十四,什物部,梳籹,伽南香吉,此夢主名譽冠世品格超凢勛業異人利曰名獨擅卜嗣求則得之問病永無虞也,18202
卷之十四,什物部,梳籹,香毬,婉轉玲瓏之象文人夢之筆花增彩氣宇軒昻武曰士夢之技擅穿楊功成細柳美人夢之必產麟兒,18206
卷之十四,什物部,梳籹,燈籠環吉,此夢爲登雲之兆,18240
卷之十四,什物部,梳籹,絡索環,夢此主謀事不離自身息肩匪易,18245
卷之十四,什物部,梳籹,靈芝環,靈芝爲瑞物夢此者麟趾曰振振螽斯𤼵祥之兆也,18250
卷之十四,什物部,梳籹,寶環吉,環居于耳是爲生孫之象而以寶爲之當有曰兒孫滿堂盡爲貴重華美之器無不吉也,18262
卷之十四,什物部,梳籹,玉佛環,如兆此夢人思望報有恩宜酬曰若眦睢不慨吉者未必非凶,18274
卷之十四,什物部,梳籹,石榴環吉,夢此爲生子衆多曰螽斯衍慶之兆,18280
卷之十四,什物部,梳籹,綉毬環吉,夢此當有佳美姻緣采結絲蘿之曰好驀然而至不啻劉阮天台也,18288
卷之十四,什物部,梳籹,髻吉居于頂是上之佳兆也于法爲吉其吉何疑謀望自當出人頭地,亦鬯茂○如夢見金髻者大人巍峩事業炫燿人曰目爲衆所推平人金者刑官防有首頂損傷之災○夢見珠髻謀爲得時光采增上榮耀異常○夢見婦人頂戴珠髻或金髻立在巳前者定有出色英豪爲所矜式○夢自頭頂戴者陽羡乎陰凢事只宜退守不可妄動愼之戒之,18309
卷之十四,什物部,梳籹,壓𩯭勝子,夢見掩鬂者諸事亂竄急須料理如曰其不服我豈無咎防維在初可也,18325
卷之十四,什物部,梳籹,倒挿凶,首足顚倒以小加大以賤臨貴以曰下凟上之象夢此者不可以不謹,18356
卷之十四,什物部,梳籹,聚寶花,事業驚人宏大英雄隊裏馳名不須計較苦曰勞心萬事果然前定文明以健天與火同人,18360
卷之十四,什物部,梳籹,滿冠髻吉,貫一擬訟便不佳,18375
卷之十四,什物部,聘嫁,庚帖,西方庚辛金庚金兆也且長庚曰主壽事能穩貼八乃合之首也,18417
卷之十四,什物部,聘嫁,纁幣,結歡之始禮何全,18430
卷之十四,什物部,聘嫁,高燈自擎吉,前程有路應須到指引迷途光顯耀曰錦衣未肯暗中行此是君家通達兆,18458
卷之十四,什物部,聘嫁,手執兩燈吉,夢兩燈者連登之兆其色明明曰左右之人與有榮光焉吉兆也,18466
卷之十四,什物部,聘嫁,巾幗帳,彈冠相慶音容攸攺筋骨能舒干城是賴曰戴方履圓成人可待往送之門必謹必戒,18471
卷之十四,什物部,䘮禮,靈座冥旌孝幕訃帖䘮牌神主等,凢夢此等皆主進爵加勲平民得財利之益曰惟號咷歌笑者不祥夢拆毁廢棄凶火焚吉,18521
卷之十四,什物部,䘮禮,杖吉,夢此者有所執也有所倚也得扶持也曰得盡其心得盡其力得行禮法制度也,18525
卷之十四,什物部,䘮禮,磬子,夢此者似吉而反凶高懸則庫廩空虛手拯則曰囊資耗竭聞聲則精神虚損惟座上擊之吉慶,18536
卷之十四,什物部,䘮禮,殯塟所用亭擡等件,夢此諸物逢吉無凶逢凶有吉各曰因其象以推占勿疑其凶而有惑,18540
卷之十四,什物部,祭器,鼎折足,易曰鼎折足覆公餗其形剭凶,18560
卷之十四,什物部,祭器,香爐燭臺花瓶,夢此者若亂設細玩主家道昌盛夢執此擺設曰身立于旁者作事順利夢傾覆損失宜愼言語,18584
卷之十四,什物部,祭器,燭吉,光輝明顯之象君相夢之明照萬里士庻夢曰之學過前賢目疾者夢之目明女夢生貴子,18588
卷之十四,什物部,祭器,庭燎吉,此夢上通神明下除憂鬱能察暗昧不明之事曰○夢無光者作事遲疑○夢熄宜謙遜儉約吉,18594
卷之十四,什物部,祭器,蒭狗,夢置卓上當有禱祝夢置卓下當得酒曰食夢置門閒防火災夢置途路防跌蹼,18598
卷之十四,什物部,祭器,甲馬吉,夢入戸有吉事至如夢擺設當以所夢時曰日推之夢焚災事散夢飛揚于空中大吉,18604
卷之十四,什物部,樂器,琴,夫婦齊睂家業比陶猗,18649
卷之十四,什物部,樂器,箜篌,箜篌似瑟而小其聲靡靡移風易俗彈之亦坎曰坎應節出自西域夢之其人作事將成必變,18694
卷之十四,什物部,樂器,花腔鼓,此兆主吉曜照臨凶星遠退縱其所如無不遂曰意之象,18759
卷之十四,什物部,樂器,破鼓凶,名不得成利不得獲事多破敗姻親非吉曰家聲不振病危訟屈衰敗傾頽之儆也,18764
卷之十四,什物部,樂器,鼓在架,氣宇不凢聲名遠播諸事不爲則巳爲則曰必要其成進退有節禮文度數之象也,18768
卷之十四,什物部,樂器,鐸如常,人夢之自宜驚醒毋或造次循規蹈矩乃得安堵曰縱有凶險可免無害賢人夢之主設教以覺迷蒙孕婦夢之定生子名利平平,18816
卷之十四,什物部,樂器,吉,體製非一通達萬變,18844
卷之十四,什物部,樂器,簨簴,夢此者爲能容納能任載爲虚中爲高品爲包㴠曰藴蓄,18850
卷之十四,什物部,樂器,銅鑼雲鑼點子,亂事諒高低行去爲妙○夢點子者事須簡㸃方曰得無他一點不到滿盤是空此三者夢之只須逐事提點庻不致于紕繆,18860
卷之十四,什物部,樂器,鉦,此兆主目前目後當有行動之事踴曰上易躍下難進可有爲退則無補,18866
卷之十四,什物部,樂器,鐃吉鐃與饒同,他人輔助方始成就如有大而無小謀幹不能保曰有我而無人機緣未必成是象也彼此相須人我兩利邪可以壓魔可以伏無凶,18870
卷之十四,什物部,樂器,錚子吉,夢此者必得好子頭𧢲崢嶸簪纓門第此曰爲臺閣氣象是不可與庸衆同目而道也,18880
卷之十四,什物部,樂器,引筩,此夢爲上下洽和之象名利可曰以悠遊姻孕迪吉病訟皆無碍,18888
卷之十五,棟宇部,殿宫,登臨大殿螭頭大吉,夢之主高爵厚祿坐立拜跪皆爲美兆有曰所得所失又宜以其物詳之有吉非凶,18929
卷之十五,棟宇部,殿宫,殿前朝拜奏對貞吉,此爲臣之禮儀夢之者將來之實驗宜詳殿廷是曰何名何地朝奏是何人何職吉凶可推靈機難執崔宗之幼夢朝天立金殿下旦以問其師師曰此子他日必擢高第後爲侍御史及朝對宛如幼時夢中所見云,18935
卷之十五,棟宇部,殿宫,白虎殿,夢之不祥倘遇國䘮曰當以夢中他事推詳,18955
卷之十五,棟宇部,殿宫,殿移動,主大事更移轉動曰分位不寧之兆,18971
卷之十五,棟宇部,殿宫,殿瓦墮地貞吉否凶,簷瓦爲𡣕嬙之兆朝中夢之主虚驚曰惟應試夢之爲及第之徵大吉之象,18975
卷之十五,棟宇部,殿宫,殿上有僧尼,士庻夢之主王矦寵愛之兆惟人君夢曰之不祥若夢升佛殿者反是亦皆吉,18982
卷之十五,棟宇部,殿宫,空中山中水中宮殿,空中者凡事虚華士人文思日進山中曰者主修煉成仙水中者主冥居不逺,18998
卷之十五,棟宇部,殿宫,坐大宫中吉,上人居高下人爲官之兆須詳所曰坐之宮是爲何名吉凶可定矣,19007
卷之十五,棟宇部,殿宫,紫薇宮大吉,凡夢游宮禁主名利吉祥曰紫薇太極文翰高明之兆,19019
卷之十五,棟宇部,殿宫,未央宫,夢此者福未終祿未盡壽未絕事未曰輟業未衰貧賤兆之時未逢之占,19023
卷之十五,棟宇部,殿宫,毓德宫吉,昔有夢召對毓德宮者後爲翰林侍閣曰召入秘閣議朝政尋拜相蔭子官爵,19027
卷之十五,棟宇部,殿宫,宫牆貞吉否凶,夢入宮墻者平人遇貴文人遊泮女人入選之兆曰必以夢中所見聞推詳有凶有吉禍福自明矣,19058
卷之十五,棟宇部,殿宫,宮中光燭天大吉,夢此主聖君賢相威嚴勤曰勵亂世夢之天下將治矣,19065
卷之十五,棟宇部,臺閣,登臺遠眺大吉,高居萬人之上明覩千里之遥開曠逺于曰胸中會風雲于曰下夢此主慶喜之兆,19091
卷之十五,棟宇部,臺閣,九層臺,臺省載高之象夢登上者吉夢下之者曰凶仕宦之客宜靖共爾位以保其身,19097
卷之十五,棟宇部,臺閣,靈臺吉,靈臺文王之臺名也夢此者得遇曰仁君之兆又主得良友相助之益,19101
卷之十五,棟宇部,臺閣,瑶臺,西王母宴會周王于瑶臺瑶臺者王曰母之所居有夢之者遐齡人瑞之徵,19105
卷之十五,棟宇部,臺閣,萬歲樓吉,貴者見之爲事幾賤者見之爲生意曰少者見之爲貴兆老者見之爲壽徵,19131
卷之十五,棟宇部,臺閣,倚欄杆貞吉否凶,夢此主憂虞疑慮别離困厄之象雖非大凶亦曰不爲祥女子夢之或以風光花月占之而吉者宋丁氏夫人夢倚欄詞曰漏靜更闌雲光雲水映天山悶倚雕欄花影花音去又還晴似菱花瘦景殘周折迴旋十二灣欹斜依倚新愁散舊愁愈切聲形懶夢裏相思會見難覺來時涙沾髻鬟班,19169
卷之十五,棟宇部,宦署,紫府玉堂吉,文士夢身居紫府主登相位夢身居玉曰堂主入翰林平人不應子弟當爲妄占,19198
卷之十五,棟宇部,第宅,高堂大匾吉,凡夢此以匾上取書何字占之其貧居陋曰室者夢此必得高爵厚祿或驗于子孫,19234
卷之十五,棟宇部,第宅,堂内日月光大吉,夢身坐立高堂必得恩榮之驗况日月之光曰直入戶内其吉倍之雲掩陽光則非吉兆,19240
卷之十五,棟宇部,第宅,堂傾陷大凶,凡夢此主病患危迫富貴者夢主家敗曰身災女夢主夫主難僕夢主家主危,19250
卷之十五,棟宇部,第宅,外人正坐堂中,夢人坐于其所處有如其堂中主者曰他日彼將處此非吉兆也宜豫防之,19254
卷之十五,棟宇部,第宅,廂廊左右不相對凶,夢左廂高右廂低男强女弱○夢右廊新左曰廊毁主男䘮亡○夢閉塞不通主作事不利,19279
卷之十五,棟宇部,第宅,高軒大庫吉,凡夢此者諸事皆吉而文墨之曰士夢主恩榮高貴舒暢軒昻,19283
卷之十五,棟宇部,第宅,四顧無人舍凶,夢此者主疾病死亡文人夢之主科名曰獨占平人恐懼警省亦能轉移禍福也,19320
卷之十五,棟宇部,第宅,堂下開張店舍否凶,店舍本在街衢而忽夢形曰堂下急趨避利胸有貪私,19348
卷之十五,棟宇部,第宅,店面低小,夢此小事吉又審曰所設何物推占之,19356
卷之十五,棟宇部,第宅,塲中井吉,久居異鄕夢之歸故里險難災危夢曰之禍患消疾病煩慮夢之百憂散,19371
卷之十五,棟宇部,第宅,塲聯厨竈吉,諸事有恒平安無剝占之主豐足曰不歉之象更得永保無虞之慶,19379
卷之十五,棟宇部,第宅,塲上揚旌旗貞吉否凶,學者夢之得第登科鄕人夢之迎神賽會曰商賈夢之盗賊蜂起病者夢之不祥之兆,19383
卷之十五,棟宇部,第宅,竈下揚旗,此夢須防火燭之災若値世亂夢此主兵曰戈在目前雖危無咎夢幢籓主佛力救護,19388
卷之十五,棟宇部,第宅,脩造大厨竈大吉,貴者祿壽增益富者子弟榮顯求名得名成曰求利得利取求與巨室交者遇寵貴人之夢,19392
卷之十五,棟宇部,第宅,竈在庭塲無蓋凶,暴露之象夢此主家破人亡世亂者位不當曰也身有病恙者夢此無妨婚姻夢此勿娶,19400
卷之十五,棟宇部,第宅,置井竈於廳堂之中貞吉,家破分離之際夢此反爲吉祥而事在人爲曰安居樂業之時夢此必有變異而行善可保,19404
卷之十五,棟宇部,第宅,竈,竈下清泉湧夢主獲利也竈下燈火燃曰夢主揚名也竈中火鳴聲夢主口舌也,19408
卷之十五,棟宇部,第宅,一室二竈,此夢諸事不成之兆曰人有夢此果作二竈,19412
卷之十五,棟宇部,第宅,凶,學業難成謀爲不遂曰病者身亡子孫憂累,19418
卷之十五,棟宇部,第宅,竈下水池環轉,夢主吉轉爲凶凶反爲吉之兆安居逢禍曰患逃遁被人知災患能離脱殃消疾病除,19422
卷之十五,棟宇部,第宅,池中竈,流離顚沛之際夢此諸事得濟病者夢之凶曰安居樂業之時夢此産敗身危懷孕夢之吉,19426
卷之十五,棟宇部,第宅,井中火起大吉,火在水上未濟君子以愼辨物曰居方又曰君子之光其暉吉也,19430
卷之十五,棟宇部,第宅,井中生樹石花草吉,夢井中有巧石主奇巧之事名花芳草吉曰𣗳木皆非井中所植當以字推惟竹無妨,19451
卷之十五,棟宇部,第宅,將雪塡井凶,此夢家室不寧受人欺擾作事無曰終不祥之兆女子夢之主井水枯,19463
卷之十五,棟宇部,第宅,井涸,夢此主貧乏天一生水萬物無曰水不生故也病夢主腎虚無妨,19467
卷之十五,棟宇部,第宅,井水溷濁凶,夢此主乏糧之患若夢汲無水曰䋲綆斷落瓶器破傷尤爲大凶,19475
卷之十五,棟宇部,第宅,屋在井内,夢之子有災夢房曰舍居住井中大凶,19479
卷之十五,棟宇部,第宅,井崩損傾涸汙塞,此敗家之兆夢蔽蓋井欄者曰無妨但家事未得昌盛耳,19483
卷之十五,棟宇部,第宅,草舍茅廬,夢眺望見之主吉曰夢卑穿傾壞則凶,19487
卷之十五,棟宇部,第宅,彩棚,夢此主有慶賀曰之事病者不宜,19501
卷之十五,棟宇部,第宅,花棚吉,夢之當以花名推其吉凶曰若於脩造種植夢之直叶,19507
卷之十五,棟宇部,第宅,牛棚羊棚,此富厚之占占有曰棚無畜者不祥,19511
卷之十五,棟宇部,第宅,雞棚吉,夢育司晨存夜風見幾而作徵臨西肖曰會秋聲教思無窮出入無疾朋來無咎,19515
卷之十五,棟宇部,第宅,猪圈凶,凡夢此者凶多吉少夢身入圈中主牢獄曰死亡之禍惟田舍翁夢屋外造圈者吉,19519
卷之十五,棟宇部,第宅,坑厠,君子夢之事不諧小人夢之得財病夢入曰厠康徤夢深坑大災凡夢陷坑厠中者死,19523
卷之十五,棟宇部,第宅,船坊吉,夢此主出行有利船舵安然曰風波不起坦夷平吉之象,19531
卷之十五,棟宇部,倉庫,武庫,凡夢入此學博才高者得與斯文良謀善射者登曰壇之選商賈夢之大發夢中遥望不得入者反是,19560
卷之十五,棟宇部,倉庫,民舍倉厫棧房碓坊,夢豎造脩葺五榖充盈主家業成曰立夢珊塌空虚污穢主貧窮破敗,19572
卷之十五,棟宇部,倉庫,地窖,夢此者潔淨充滿覆閉高乎大吉之兆汗穢曰殘損缺陷暴露不祥若夢窖中渾泥浸者凶,19578
卷之十五,棟宇部,苑囿,内苑吉,有應選夢入內苑看花及期授京兆尹凡曰夢入深宮内苑上林主名譽達皇都大吉,19598
卷之十五,棟宇部,苑囿,離宮别院,夢入離宮别院當以所見形色所聞詞曰字細推之或吉或凶有驗分離别業者,19602
卷之十五,棟宇部,苑囿,官廨後苑囿,夢此宜審官廨所在及花卉草木等類細詳之曰以辨凶吉景象新華茂盛者吉反此者不祥,19606
卷之十五,棟宇部,苑囿,田舍大吉,夢造園林于田舍主增益田土○夢豎田舍于曰園中主園林荒蕪○夢遊田舍宜以屋木另推,19610
卷之十五,棟宇部,苑囿,起造新莊吉,巨室富資繁華工作夢曰此必有大利諸事皆吉,19614
卷之十五,棟宇部,苑囿,山池亭榭貞吉,行人夢此得暫憇於山間水間達士夢此曰得高尚于驅名驅利病卧城市夢此不祥,19626
卷之十五,棟宇部,苑囿,另居别業,主出類超羣之兆夢此小試利在他曰鄉謀利貴在遠途又主幽居别有天,19630
卷之十五,棟宇部,苑囿,假山,此兆行而欲止止而必曰行凡事因𪝒成眞之占,19634
卷之十五,棟宇部,關陲,遙望關寨旌旂𤇆火驛中火起凶,夢此主兵戈爭亂之徵宜防火圍曰旦夕不吉之兆是多凶而少吉也,19670
卷之十五,棟宇部,關陲,坐守關寨中吉,文人武士夢之主得官爵掌關防○隱士夢之曰主安貧樂道○平民夢之主避仇惡得安也,19674
卷之十五,棟宇部,關陲,埧閘,夢埧吏扶過埧上夢開閘過閘主運通時曰達夢舟車爲埧閘所阻主命運遭逢艱阻,19682
卷之十五,棟宇部,囹圄,天牢,夢此主病患之災若夢入曰視罪犯出外而寤主吉昌,19694
卷之十五,棟宇部,囹圄,坐牢獄吉,夢坐牢者丑年利夢坐獄者戌年通貴人夢坐曰吉平人夢坐凶疾病之人夢赦出者主患除,19698
卷之十五,棟宇部,神宇,歷代宗室先朝帝王廟,夢中象吉爲吉兆夢中凶象爲兆凶曰夢中無吉無凶所驗將遊于此地,19724
卷之十五,棟宇部,神宇,城隍廟貞吉,凡夢此者當以所見所聞受持勿誤曰若夫忽畧怠弛誕妄褻凟災必臨之,19728
卷之十五,棟宇部,神宇,魁星閣大吉,夢此主文章應試之祥有夢登禮拜後及第曰道經于此宛如夢中乃以俸金命工搆葺,19766
卷之十五,棟宇部,神宇,龍王廟,夢此主風雨旱澇田土途路之徵久曰旱夢之有大雨至乆雨夢主雨止,19770
卷之十五,棟宇部,神宇,勑建忠孝節義鄉賢名宦祠,自昭明德惟風憲于一方受兹介福享血曰食于千載寐寤志合前賢徵兆身榮異日,19841
卷之十五,棟宇部,神宇,祠堂,夢爲人造祠祀巳故之人者主夢者吉祀見在之曰人者主其人吉○夢人爲巳造祠者主自巳不祥,19849
卷之十五,棟宇部,神宇,賢聖廟大吉,之主得賢友遇聖師生女得秀生子得貴利吉,19861
卷之十六,服飾部,冠冕,冲天冠吉,王者用之藩府亦得服之縉紳夢此得寵任青曰衿夢此得顯榮若優俳夢此則其習見不論巳,19893
卷之十六,服飾部,冠冕,整冠服而朝吉,此整舊重新之兆必有大喜事至外臣將曰入朝隱士將被召致仕在家將復起官,19927
卷之十六,服飾部,冠冕,兒童戴紗帽,聰俊之兒爲貴顯之兆狡獪之童是俳優之曰徵若有訟事者主小官審問不至用刑也,19971
卷之十六,服飾部,冠冕,帽無頂凶,帽無頂兮主損傷人若夢之有災殃曰諸事不成更有害閉關獨坐宋斜陽,19998
卷之十六,服飾部,冠冕,戴白氊帽貞吉,白主素素猶見在也事當曰素位而行宜守舊則吉,20011
卷之十六,服飾部,冠冕,帽斜戴,其冠不正主非由正道之象占此恐遇無曰美事交無良友凢事宜小心謹愼爲吉,20015
卷之十六,服飾部,冠冕,結騌帽,主細宻難成之象占者事多遲留病多牽曰纒春夏夢之猶可秋冬夢之只宜静守,20020
卷之十六,服飾部,冠冕,戴斑竹冠吉,斑班也齊等之貌竹主交友曰兆之主同類共事者有利,20029
卷之十六,服飾部,冠冕,戴凉帽貞吉,夏暑夢之主乘凉之兆清吉曰寒冬夢之主凄凉之象不利,20033
卷之十六,服飾部,冠冕,帽被人搶去凶,帽被搶兮兆不祥家中事事變生殃曰父母妻孥俱有碍病者須防壽不長,20037
卷之十六,服飾部,冠冕,戴孝頭巾吉,主家中有孝子順孫曰兄弟和翕者方兆之,20041
卷之十六,服飾部,冠冕,戴破帽,主舊交宻夫妻久詩曰破帽多情曰却戀頭或貪花飲酒者必染病,20045
卷之十六,服飾部,冠冕,首戴圓冠脚穿方履,圓冠方履主天圓地方之象夢之生意曰亨門庭慶士戴元冠壽者得康迪吉,20049
卷之十六,服飾部,冠冕,戴皂𨽾帽,兆之者主訟事至曰要脩省或可免,20053
卷之十六,服飾部,冠冕,戴西方巾,西方主白夢戴此曰者主病人危也,20064
卷之十六,服飾部,冠冕,戴破幘貞吉,幘戴破破者解也解災散也兆之曰事漸亨訟漸解𡨚漸雪病漸脫吉,20092
卷之十六,服飾部,冠冕,幘掛空中貞吉否凶,主禍患在前臨深履薄之象夢曰此當謝絶塵緣杜門㧣守方吉,20096
卷之十六,服飾部,冠冕,女戴網巾,女戴幘兮豈曰祥曰家中事事變成殃,20101
卷之十六,服飾部,衣衫,孔雀羽衣吉,此夢非常之瑞徵也男作貴臣應三曰品服色女爲宮𡣕應雙中雀屏也,20158
卷之十六,服飾部,衣衫,着獸錦袍吉,獸錦袍兮主貴人家業亨兮事事新武士位高曰爵祿顯文人雁塔早題名詩云獸錦奪袍新,20174
卷之十六,服飾部,衣衫,着鶴氅衣,輪巾羽扇鶴氅道袍此仙家兆也占之士人曰更元服商賈獲奇珍羽士夢之主得官帶,20178
卷之十六,服飾部,衣衫,着百蝶衣,此婦人女子之服也未婚者當娶妻曰無後者當納寵否則反未必成祥,20182
卷之十六,服飾部,衣衫,着百衲衣大吉,主百壽之兆占此喜事至老年曰康無子者得子病臥者得起,20186
卷之十六,服飾部,衣衫,浣衣吉,衣垢污而滌濯之也夢此主災消憂去之兆曰官事脫病患除室家睦但不利于求財耳,20242
卷之十六,服飾部,衣衫,冬穿夏衣,寒不得其衣有荒凉凄稿之象夢之主生曰涯無利作事不遂商賈失望功名難遇,20329
卷之十六,服飾部,衣衫,着袈裟吉,佛相袈裟是佛門占者湏當早脩行曰牛羊猪犬切莫殺莫作人間罪孽根,20333
卷之十六,服飾部,衣衫,身穿襴衫頭戴幞頭吉,襴衫儒服也幞頭覲天顔之冠也兆之者士人曰得魁首隱士列朝班庻民逢貴客子孫福祿祥,20337
卷之十六,服飾部,衣衫,着褊衫否凶,褊衫只是服沙門緣何兆見俗人臨曰非惟作事無有利老壯須當保病身,20341
卷之十六,服飾部,衣衫,着吉服,吉服祥驗也夢着之者曰有樂事至無往不利吉,20345
卷之十六,服飾部,衣衫,着短衣,短衣主不式體之象兆之曰舉動不遂意謀爲不稱心,20353
卷之十六,服飾部,衣衫,衣冠不着襪否凶,上而不下吝之道也主事先易後曰難有頭無尾孕不生男遇無良人,20368
卷之十六,服飾部,衣衫,衣倒着凶,主顚倒亂常之象兆之行動反曰常百無一順家業變疾病生,20372
卷之十六,服飾部,衣衫,矮人着長衣,長長也兆之主長長之象生涯曰盛家業興只𢙢病者牽纒不脫,20376
卷之十六,服飾部,衣衫,衣被人扯碎,扯止也碎卒也夢之者曰主病者危醫禱莫爲,20413
卷之十六,服飾部,衣衫,秃着海靑,海靑外服也兆之主外服動秃着曰之主内財失脫或損內人之象,20417
卷之十六,服飾部,衣衫,着汗衫否凶,汗衫染垢之服兆之家門不利或訟多連曰累昔漢楚王交戰汗透中單故名汗衫,20422
卷之十六,服飾部,衣衫,自着紅袍紅襪,紅袍固是貴人穿紅襪豈堪是好緣曰人得此占事事壞丁憂孝服哭連連,20430
卷之十六,服飾部,衣衫,着紅裙吉,紅喜也裙群也即所謂紅群爭看曰綠衣郎兆此主婚姻動喜事至,20434
卷之十六,服飾部,衣衫,出剝着單褲凶,剝爲落主剝落之兆夢之者交財防失脫又主外曰禍臨身凢當退避易曰剝牀以膚切近災者也,20438
卷之十六,服飾部,裘甲,千金裘吉,主貴重之象文人占此得祿曰千鍾市人兆此其利倍常吉,20472
卷之十六,服飾部,裘甲,鷫鸘裘,司馬相如初貧以鷫鸘裘貫酒兆之者曰恐躭入貪花戀酒塲中主貧窮到老,20476
卷之十六,服飾部,裘甲,着兩重裘貞吉,重裘掛體兆之者主有大任至曰重務來或有智謀之士來吉占,20480
卷之十六,服飾部,舄履,着仙舄,有仙風道骨之象兆之者生涯茂子姓曰昌功名就病安康老年夢之主長壽,20521
卷之十六,服飾部,舄履,着僧鞋,着僧鞋兮善念生曰只恐謀爲利不成,20565
卷之十六,服飾部,舄履,着蒲鞋,主輕捷便易之象夢之者身輕體曰健或遇艱險非爲之事則當退避,20569
卷之十六,服飾部,舄履,着綿鞋,主纒綿補葺之兆夢曰之行動則宜謹愼,20573
卷之十六,服飾部,舄履,着棕鞋,夢之者主每曰事當敏速,20577
卷之十六,服飾部,舄履,着小鞋,行止不安之兆主事曰無爽快遇多淹蹇,20581
卷之十六,服飾部,舄履,屨被人竊去否凶,欲行得屨便能行夢中𥨸去不祥徵曰奴僕生心將背主閨房婢妾有私情,20601
卷之十六,服飾部,舄履,着屐涉水貞吉否山,屐爲雨具而夢着行水此小舟遇灘之曰象也危險甚矣得登岸者吉半濟者凶,20609
卷之十六,服飾部,舄履,襪無底凶,主鮮克有終之兆占此生意無恒畜曰物不久更有尅妻䘮子之恐不利,20618
卷之十六,服飾部,衾枕,睡紅錦被吉,睡者安象也紅喜色也兆此主曰喜事臨身滿門吉慶事事清吉,20641
卷之十六,服飾部,衾枕,鴛鴦枕大吉,鴛鴦枕兮合歡裘家庭和兮子孫興曰時得旺兮諸事吉老者壽兮各安寜,20645
卷之十六,服飾部,褥毯,蘆花毯貞吉否凶,蘆花散象也以此爲毯散而復聚矣曰兆之者作事始難終易無初有終,20665
卷之十六,服飾部,帳幃,坐虎皮帳大吉,虎皮帳坐壯威嚴顯者還當爵位遷曰士人名登龍虎㮄拜相封矦應有年,20674
卷之十六,服飾部,帳幃,芙蓉帳吉,夢坐芙蓉帳夫榮子姓昌紅顏小有恙曰祝禱並無妨詩曰芙蓉帳煖度春宵,20678
卷之十六,服飾部,帳幃,紅錦帳,紅錦帳坐兆巍然顯者占之祿位遷曰生意謀爲俱有利婦人有孕决生男,20682
卷之十六,服飾部,帳幃,紅羅帳內有燈光吉,紅羅帳內有燈光重重曰生意有財并有子也,20686
卷之十六,服飾部,巾帶,紅汗巾吉,夢之者主有喜事曰臨身大吉之徵也,20694
卷之十六,服飾部,巾帶,失手巾,兆之者主悔脫病曰痊患除之象吉,20698
卷之十六,服飾部,巾帶,金帶吉,夢之者孕婦必生貴子曰儒者定躍龍門吉占也,20722
卷之十六,服飾部,巾帶,銀帶大吉,此初登雲路之象兆之者主大曰富招貴子應長壽大利之占,20726
卷之十六,服飾部,囊帕,鬚囊吉,鬚丈夫氣概囊包褁之具夢之事曰得意財得聚有長鬚者夢之尤佳,20734
卷之十六,服飾部,囊帕,琴囊,此乃文人隱士用之以盛琴耳曰仕者必告老歸家隱居林下也,20738
卷之十六,服飾部,囊帕,被囊貞吉,夢之者必主有遠行若爲商曰在外者兆之主捉裝返棹,20742
卷之十六,服飾部,囊帕,頭托紅帕凶,兆之者主䘮服動戒爭曰競凢事小心忍耐爲吉,20746
卷之十六,服飾部,環釵,釵忽折凶,兆之者主有䘮妻之厄曰商賈防有失脫之災,20777
卷之十七,飲食部,泉茗,飲天河之水大吉天河之水,爲百川之源而衆流所自出夢飲此水者主大貴曰之兆居官沐天恩居家受天福武將得天機文士食天祿有疾遇天醫生男必天玉,20812
卷之十七,飲食部,泉茗,飲山泉,夢中渴飲山間水恬澹清凉可樂飢曰寒士固窮無煩惱無榮無辱亦無非,20832
卷之十七,飲食部,泉茗,飲溝渠之水凶,不潔之水也夢此爲汗辱之兆病人曰有鬼祟訟事有刑罸又忌出行謀望,20850
卷之十七,飲食部,泉茗,賜茶大吉夢神賜茶未,娶得良緣已娶生佳胤夢佛賜茶在家佛力護出曰家道心堅,20863
卷之十七,飲食部,泉茗,清茶淡飯大吉家居夢之門庭清吉,詞訟夢之官府清廉若羽士沙門夢之,20890
卷之十七,飲食部,酒漿,壺中酒一吸而飲盡,酒是人間祿飲盡則祿盡矣夢此主祿盡則曰亡之兆年高者夢之有險病久者夢之則危,20942
卷之十七,飲食部,酒漿,菜羹吉,夢此者澹泊明志之象志在求道滋味甚長,20974
卷之十七,飲食部,酒漿,荳莢湯吉,荳莢湯所以當茶,20985
卷之十七,飲食部,五榖,五榖食穀大吉士人夢此未仕得祿,已仕增秩常人夢此行有餱糧居有蓄積農夫夢曰此田禾大熟收成多得,21057
卷之十七,飲食部,五榖,食米凶,是夢也不祥主死亡之兆以米字分曰之則爲八曰木八木所成者棺也食米爲飯含乃入棺之象,21065
卷之十七,飲食部,五榖,天雨粥吉,之歲險民安官吏夢之事繁祿薄富室夢之宜博曰恩廣施貧人夢之得仰事俯育夢弗食者必其立志高尚夢飽食者不如不飽之吉也,21069
卷之十七,飲食部,五榖,人授麻粥吉,胡麻作粥見天緣夢裏加餐百病痊曰果若有人來貺此筋骸康徤地行仙,21075
卷之十七,飲食部,五榖,食囊中飯,是夢也主裹粮之兆武士占之興師動衆商旅占曰之出外遠行若不事生業者占之當作丐乞之類,21111
卷之十七,飲食部,五榖,食麻糍,生辰祭享設麻糍,21115
卷之十七,飲食部,五榖,人饋荳,此兆主小口有痘疹之災多則稠宻寡則曰稀少如其家無幼稚而夢此須防盜賊,21168
卷之十七,飲食部,五榖,煮荳作饌凶,曰此諸事煎熬不得遂志之夢夢此者兄弟不曰睦獄訟頻仍若其家嬰兒痘疹夢此主凶,21176
卷之十七,飲食部,五榖,食糟糠吉,疾病主得痊安,21190
卷之十七,飲食部,蔬菓,金花菜吉,夢此者仕宦任滿必得金花紫誥其餘名利通達曰田土增益所志必伸所謀必遂惟求子者不宜,21216
卷之十七,飲食部,蔬菓,蓴菜荇菜吉,俱水中之美菜也夢蓴菜者久客必得還鄉且曰得遠害夢荇菜者未婚必得賢配且得佳兒,21224
卷之十七,飲食部,蔬菓,芥菜吉,是夢也文士功名唾手取靑紫如拾芥武將行曰伍齊心斬寇盜如草芥尋常夢之有疥癩之疾,21228
卷之十七,飲食部,蔬菓,蒜貞吉否凶,効不足稱也夢食此者當敬鬼神而遠之蒜者算曰也算增則福壽算減則,21248
卷之十七,飲食部,蔬菓,茴香吉,茴有回歸回還之義夢此者行人不久歸家失曰物復還故處遠客他方者行此亦必還鄉矣,21278
卷之十七,飲食部,蔬菓,蔴菰夢此爲比昵羣小之兆女人長齋者夢此必有觀,聽佛老之事患病者夢之宜許佛原訪道者夢之曰必遇,21300
卷之十七,飲食部,蔬菓,紫茄吉,夢人授此得童僕夢以授人主交易曰夢生食之主生男夢熟食之主生女,21319
卷之十七,飲食部,蔬菓,銀茄吉,君子夢之作事多疑常人夢之出行遇貴被𡨚曰夢之得白疾病夢之得蘇憂苦夢之樂事至,21323
卷之十七,飲食部,蔬菓,神賜嘉菓大吉,菓者成實之象夢神賜者必其果行育德而得曰成正果者也若懷孕而誕生乃天錫佳胤之兆,21353
卷之十七,飲食部,蔬菓,蟠桃吉,蟠桃是仙家之菓夢得此者爲壽徵夢啖之者生曰貴子若夢人取去者主損失夢人送進者利西行,21383
卷之十七,飲食部,蔬菓,壽李即郁李一名棠棣,此夢主幣帛交際之兆夢巳授人有人送物曰夢人授巳以物送人夢採而食之有雷雨至,21407
卷之十七,飲食部,蔬菓,紫菱吉,庾信紫菱生軟角夢食此者爲頭角崢嶸之兆曰縉紳得之應爲紫袍客士人得之當作紫薇郎,21416
卷之十七,飲食部,蔬菓,橘柚橙柑,人入京師北人任楚地卿相進曰夢之進賢受賞將帥曰夢之禦虜立功貧賤夢之得財疾病夢之得瘥有,21438
卷之十七,飲食部,蔬菓,甘蔗吉,夢食此者漸入佳竟之兆,21445
卷之十七,飲食部,蔬菓,食松花吉,修眞者夢之必得奇方異術資助其道骨仙風,21458
卷之十七,飲食部,餚饌,啖鵝頭貞吉否凶,夢此者文士有人乞書武士有人劫寨曰,21495
卷之十七,飲食部,餚饌,天鵝肉吉,夢食天鵝是吉徵天然喜氣到門庭曰閨中夢此生兒貴在外行人事事亨,21501
卷之十七,飲食部,餚饌,食腥肉貞吉否凶無馨香之味有腥膻之氣文士夢此學未純熟尚,宜薰陶武人夢此力大勇猛生擒强敵常人夢此曰凡事艱難費口舌惹是非,21536
卷之十七,飲食部,餚饌,食犬肉,是夢也,21545
卷之十七,飲食部,餚饌,食豺狼,豺狼爲寇虜盗賊之稱,21568
卷之十七,飲食部,餚饌,食馬牛肉,夢此主有事軍旅之兆不然亦當遠行若曰病人夢之須過丑牛午馬之期而後得瘥,21590
卷之十七,飲食部,餚饌,食魚鮓貞吉,夢此主受人欺詐之兆,21601
卷之十七,飲食部,餚饌,石首魚即黄魚也乾者爲白鮝,東海有魚名曰石首牟尼有病食之曰即愈,21606
卷之十七,飲食部,餚饌,食螃蟹吉夢武將在軍爲解,甲舉子應試登黃甲鄉試,21618
卷之十七,飲食部,餚饌,食海參吉,其味似猪肺而不浮夢食之者心廣曰體胖四肢輕徤脉調氣和年壽永久,21629
卷之十七,飲食部,餚饌,食鰻鱺,無鱗魚也凡夢食者不利於功名之士若病者得曰痊孕者易產隱居山林者夢之爲笑傲王侯之兆,21637
卷之十七,飲食部,餚饌,鱔魚作麫,夢此者凡事失之於善柔有損無益義理未能曉曰暢機會或至蹉跎宜好問好察隱惡揚善則無咎,21641
卷之十七,飲食部,餚饌,食蟛𧑅似蟹而小,夢食此者必有不義之財欲却而不可却有非禮曰之事欲行而不果行若在軍帥者恐不得善終,21649
卷之十七,飲食部,雜物,食彩雲大吉,彩雲瑞氣也夢食此者主登雲之象士人兆此鄉曰試中式會試及第若修行訪道者占之成仙作祖,21693
卷之十七,飲食部,雜物,食煙凶,煙爲火之餘氣主昏迷不醒之象兆此者須曰防禍患病恐重發事恐失機謹愼火燭爲要,21702
卷之十七,飲食部,雜物,食海馬吉,此夢出行大吉作事便利病人夢之即曰愈娠姙夢此爲龍駒之象生男大貴,21725
卷之十七,飲食部,雜物,食猫睛吉,猫目睛圓午歛如線夢食之者眼目光明曰瞳神爽瞽者必遇良醫商人必獲至寳,21733
卷之十七,飲食部,雜物,食鳳髓吉,鳳聖瑞也髓精髓也夢食此者書生得明曰師良友之益有福至心靈之慶其餘皆吉,21743
卷之十七,飲食部,雜物,吞鴝鵒俗名八𪃿,此夢主禍去福來之兆,21753
卷之十七,飲食部,雜物,食蛇鱗吉,蛇陰物也鱗甲象錢陽主義陰主利此夢爲得曰錢財之兆懷孕者夢之生女風疾者夢之得痊,21777
卷之十七,飲食部,雜物,仙人送花受而食之,花屬仙人送此仙花也夢食之者靈慧開智識高曰學問進事業超有孕者得弄瓦之義美而主貴,21793
卷之十七,飲食部,雜物,食蘭吉,蘭清香之物夢食之者解躁熱除煩惱仕宦無曰論内外職居清要孕育不問男女資稟清芬,21807
卷之十七,飲食部,雜物,食菊吉,菊傲嚴霜榮晩節食之清心明目夢此主思慮不曰亂視瞻不迷士人有操守末路敷榮孀居得貞烈一生清白,21811
卷之十七,飲食部,雜物,吞靈芝吉,芝者瑞草也仙家所食夢食之者爲祥瑞曰之徵病人夢之遇良醫婦女夢之生秀子,21815
卷之十七,飲食部,雜物,食芭蕉葉貞吉否凶,芭蕉葉兮綠色蔭在窓兮蔽日夢中餐兮爲吉凡曰事占之喜滿室○又云巴巴碌碌憔悴焦躁之兆,21829
卷之十七,飲食部,雜物,食㯽榔吉,㯽榔辟障氣粤人所食東坡詩云紅潮登頰醉曰㯽榔病人夢之藥餌有効女子夢之容色倍常,21853
卷之十七,飲食部,雜物,食甘草吉,甘草和調諸藥能解諸毒夢食此者災禍曰散仇讎解爭訟息疾病除凡事逢凶化吉,21869
卷之十七,飲食部,雜物,吞書吉,書者載事物之義理牗人心之知覺,21879
卷之十八,蕃彚部,樹木,樹木茂盛大吉,勃之兆也夢此者文士當主盛名進取必登巍科曰生意利十倍家計必𤼵達子姓蕃衍慶賀,21934
卷之十八,蕃彚部,樹木,風吹樹木落葉㧞根凶,風吹𣗳木𢳸撼傾危之象也夢此者主有不測曰之禍震動先靈子孫零落非小災患之兆也,21952
卷之十八,蕃彚部,樹木,大樹忽折凶,木之大者關係非小夢此主家曰主死亡得力之人忽阻折也,21985
卷之十八,蕃彚部,樹木,面仰樹上去凶,面仰樹上神巳散出木在身下形當就木夢曰此者陰氣多陽氣少作事多險阻戒之爲上,21993
卷之十八,蕃彚部,樹木,樹種堂庭大吉,此主父母老年强固身體𤼵榮得日此夢者可以長承膝下之歡矣,22003
卷之十八,蕃彚部,樹木,緑陰憇息吉,長途奔走得於𣗳底息足此危急中曰少安之象也若患熱疾者夢之即愈,22029
卷之十八,蕃彚部,樹木,乘木渡水貞吉否凶,患難之中如落水拯濟無人嘆望洋曰夢乘一木安然渡必得扶持慶吉祥,22054
卷之十八,蕃彚部,樹木,大木生屋上吉,好友不來形神交接因晝有雲𣗳之想曰故夜遂有雲生木蔽之感惠問即至,22059
卷之十八,蕃彚部,樹木,木生堂上,堂上乃雙親娯樂之地不宜有阻木生曰于堂殆有阻矣夢之者恐于父母不吉,22072
卷之十八,蕃彚部,樹木,身入木中凶,人死入木夢此曰者身危之象也,22084
卷之十八,蕃彚部,植木,檜栢,檜入夢兮君須慮盆中之景無大利曰森森松栢其凌霄知君必是靑雲器,22125
卷之十八,蕃彚部,植木,楩楠吉,棟樑之材擎天之木出深山產邃谷庸衆景行大曰匠矚目有此碩負精儲養蓄待時而動萬事集福,22143
卷之十八,蕃彚部,植木,柞凶,夢之者凢事咸宜小心謀望托人可慮病有反曰覆訟多驚恐人心難測是非蜂起愼之斯吉,22170
卷之十八,蕃彚部,植木,鴉桕冬靑椶櫚,桕容刋刻冬石女眞曰㯶葉扶蘇綠映紅淪,22174
卷之十八,蕃彚部,植木,烏羢貞吉否,烏絨烏絨鬰鬱葱葱色不艷氣多濛,22185
卷之十八,蕃彚部,植木,桑吉,桑爲蠶資推其功之所及實能衣被天下夢之者点主有經緯有操持名顯利實居不定失可得但桑曰與䘮同音病人兆之爲可虞,22203
卷之十八,蕃彚部,植木,槤貞吉否凶,此夢象屬騰蛇百事皆連科甲高㨗婚姻早曰諧病未即痊訟必淹滯子姓𩀱貴交易得成,22221
卷之十八,蕃彚部,植木,剔牙松吉,松不懼歲寒剔牙則枝葉一荆棘物也兆此者曰君子日近小人日遠才能超群名堪奕世迪吉,22226
卷之十八,蕃彚部,植木,水中柳吉,春取榆桺之火柳者火也水中柳則水火旣濟之曰象主家庭無恙作事無碍財有進名有就利吉,22246
卷之十八,蕃彚部,植木,挿𬂪吉,柳本易生之物挿之得生矣財始曰旺家漸興惟事當謹始愼終吉,22250
卷之十八,蕃彚部,植木,飛絮凶,飄流無定之象商賈兆之不宜登舟曰尤不宜逺行失物無覔他鄉不歸,22254
卷之十八,蕃彚部,植木,落葉凶,𣗳葉貴生長則有茂盛之兆若落則漸凋零主危曰機也夢此家事日減士名口損妻尅子喪俱不利,22258
卷之十八,蕃彚部,植木,黃楊𣗳吉,樹名黃楊味黃楊二字有揚于王庭之象主聲曰名顯赫士人欽選財利必旺子貴親榮大利,22262
卷之十八,蕃彚部,菓樹,杏吉,一色杏花紅十里狀元歸去馬如飛兆之者曰主登高第賜宴杏園常人兆之必生貴子,22276
卷之十八,蕃彚部,菓樹,李吉,李爲菓之珍芳姿自絶倫曰仁人乃得兆蘭桂立丹宸,22284
卷之十八,蕃彚部,菓樹,梨吉,夢之者當有盛筵相召或有適意之事曰惟病人不宜以梨者離也神離不吉,22298
卷之十八,蕃彚部,菓樹,枇杷吉,兆之者骨肉和平同枝共茂張曰氏九世鄭家一牢何多讓也,22304
卷之十八,蕃彚部,菓樹,核桃,此夢主有遠方人或間濶多年者來曰謁或欲借居然志趣不同終難契合,22314
卷之十八,蕃彚部,菓樹,銀杏吉,本根堅固枝𠏉盛大花微子茂藏可久遠夢之者曰名利超人居舍安寧得子必多病者宜祀樹頭神,22318
卷之十八,蕃彚部,菓樹,柿吉,色欺萍實味同之不向江浮若箇知曰從此兆君岐嶷胤丹心報國帝王咨,22322
卷之十八,蕃彚部,菓樹,橄㰖吉,夢此者先難後易從苦得甘之兆初終兩路稍曰歉中年精神飽滿意興淋漓大遂心志上吉,22347
卷之十八,蕃彚部,菓樹,楊梅,不祥之兆敗散之徵常人夢之主生惡曰瘡惟士君子見兆或得揚眉吐氣也,22351
卷之十八,蕃彚部,菓樹,葡萄吉,夢見此菓主得美醖病人兆之則死徵至矣,22363
卷之十八,蕃彚部,菓樹,墻外桃否凶,墻外桃花人欲折曰佳人在家防失脫,22372
卷之十八,蕃彚部,荆薇,紫荆貞吉否凶,此兆一見兄弟恊力生機鬯𤼵欣欣向曰榮倘有離異便無顔色可慶亦可戒也,22387
卷之十八,蕃彚部,荆薇,玉蘭吉,有志向上制行清白不事阿諛自標奇格曰嬌嬌仙姿楚玉趙璧高潔莫比兆仙之謫,22392
卷之十八,蕃彚部,荆薇,海棠吉,兆西府兮中秘客兆垂絲兮家蕭索曰鐡梗黃門或柱史秋海棠兮佳人擇,22396
卷之十八,蕃彚部,荆薇,木蘭吉,性潔而芳肌有餘香綽約丰姿狀曰如女郞兆之者必與女人相會,22413
卷之十八,蕃彚部,草花,牡丹吉,牡丹果是花之王姚黃魏紫世傅芳曰兆之富貴豈云謬晉王石兮唐杜房,22425
卷之十八,蕃彚部,草花,瑞香否凶,枝榦婆娑藥厚深綠雖無大咎亦無曰大福生女爲人側室生男爲人之僕,22441
卷之十八,蕃彚部,草花,木香吉,前程高遠貿易價崇農家薄種廣𭣣問嗣森森枝茂餘無不吉此兆爲然,22445
卷之十八,蕃彚部,草花,臘梅吉,一陽復生於始方開臘梅兆之主無子曰親長庚病者可壯本還元諸事俱亨,22449
卷之十八,蕃彚部,草花,向日葵吉,葵屬陰向曰乃向陽明也兆之曰者主凢事遇貴人提携吉徵也,22453
卷之十八,蕃彚部,草花,迎春吉,迎待也春時也迎春待𤼵生之時也夢此曰者主生意盛蘭玉芳如夢在深秋亦宜静守,22457
卷之十八,蕃彚部,草花,蝶戀花凶,只恐蝶去花猶在曰婦人兆此䘮夫哀,22465
卷之十八,蕃彚部,草花,玫瑰吉,此子姓興隆之兆也身享榮華老年主子孫貴曰顯夢戴花頭上主掇巍秤折花自撚當生貴子,22479
卷之十八,蕃彚部,草花,槿貞吉否凶,槿有防微杜漸之意如夢之恐有人暗算百凢曰小心爲上若編獲未謹人生覬覦愼之斯吉,22491
卷之十八,蕃彚部,草花,山𥖎吉,枝肥葉宻至冬不凋其香濃郁夢曰之者志節堅而名聞遠之兆也,22495
卷之十八,蕃彚部,草花,繡毬貞吉否凶,本居繪先華更樸素子息望空利亦不固曰人莫之喜亦莫之妬名難過人病歸冥路,22509
卷之十八,蕃彚部,草花,棣棠,主有佳人見思或兄弟懐想但棠堂音類曰夢之恐于慈幃有碍病須告十方保無虞,22513
卷之十八,蕃彚部,草花,寶相佛見笑纒枝牡丹,夢諸種花主榮曰茂而不結實,22522
卷之十八,蕃彚部,草花,凌霄花貞吉否凶,花名凌霄喜附喬松兆之者必氣宇昻昻曰軒冕一世置身雲漢俯視塵寰之象也,22526
卷之十八,蕃彚部,草花,長春大吉,此夢主生意亨通壽延鶴算罪得赦病還元曰產生男家宅吉婚姻有佳偶失脫在東方,22539
卷之十八,蕃彚部,草花,蕙吉,蕙者慧也夢之者生子俊曰𨓜生女聰敏諸事迪吉,22553
卷之十八,蕃彚部,草花,茉莉,顯揚于異方之兆經商有利士宜遊學；移曰家則吉產非弄璋日輕夜重病在膏肓,22557
卷之十八,蕃彚部,草花,芙蓉,秀而不實榮而不久光耀一時過眼即褪之兆也曰惟女人兆之則招貴夫以芙蓉二字乃夫榮也,22565
卷之十八,蕃彚部,草花,玉簪凶,依稀彷佛有名無實之兆盛開者佳人曰有贈；萎折者闥閫遭迍總之一虚花耳,22569
卷之十八,蕃彚部,草花,紫蕚吉,夢此者乃少年得意之朕曰如紹士夢之有掛紫之榮,22573
卷之十八,蕃彚部,草花,黃蕚吉,兆之者主獲財利百倍于人主登樓宴飲品格曰超凢者主遇仙授術女子夢之患勞瘵之症,22576
卷之十八,蕃彚部,草花,茶花貞吉否凶,利宜合伴名𤼵先春家居最吉曰婚姻早定花前子後病乃火症,22580
卷之十八,蕃彚部,草花,梔子花,兆之者主曰生寧馨兒,22585
卷之十八,蕃彚部,草花,月季,文人夢之小試得意；市人夢之小利有獲病曰主怯訟非宜乃往來不絕之象小吉之兆也,22589
卷之十八,蕃彚部,草花,錦荔枝凶,負美名而無實美資而曰無用者是兆之徵也,22597
卷之十八,蕃彚部,草花,掛金燈貞吉否凶,夢掛金燈金榜題名之兆問利有名無曰實若小人夢之諸事不能遂意未吉,22601
卷之十八,蕃彚部,草花,十様錦吉,夢之主得異錦十端日又主與十英爲侶,22606
卷之十八,蕃彚部,草花,牽牛郞貞吉否凶,連蔓于野或附在壁美而不貴艷而不久夢之曰利多子繁所居適宜病訟俱綿延婚姻是仙匹,22610
卷之十八,蕃彚部,草花,金錢吉,兆之生得遺金或分外之財文士曰則奪標之兆也几種須外得也,22615
卷之十八,蕃彚部,草花,芭蕉吉凶,主大人廕庇士子脫白掛綠謀利無曰望病者有女祟相侵宜禳解之則吉,22619
卷之十八,蕃彚部,草花,鷄冠大吉,夢鷄冠者乃昌明之兆百事皆吉亦且曰過人如兆紅白交成者主兩姓同居,22624
卷之十八,蕃彚部,草花,老少年吉,兆之者暮年壯徤精彩潤曰澤晩運亨通大有所獲,22628
卷之十八,蕃彚部,草花,金銀花吉,壯年𤼵解弱冠成婚錢財過手徒勞爾紛曰金水相匹小人退色災散毒消家貲利益,22632
卷之十八,蕃彚部,草花,杜鵑花貞吉否凶,子規何事啼殘月止爲花開欲動人曰血淚拭時頻又落可憐好景不多辰,22636
卷之十八,蕃彚部,草花,芝吉,娠生子貴人至奇獲異曰寶必登魁首方兆此,22641
卷之十八,蕃彚部,草花,枸𣏌吉,根名仙人杖兆者壽年康曰葉子莖無棄兒孫福祿長,22658
卷之十八,蕃彚部,草花,鳳仙吉,夢見鳳仙芝秀翩翩兆在文士紫薇備員桑問濮曰上女子兆然爲凢烏爲山人爲鳥入樊爲人入山,22667
卷之十八,蕃彚部,草花,雪裏紅吉,多子雖弱貭而能歷冰霜處末世而能自顯曰耀更于凋落之時獨現一班以騁英雄之兆,22671
卷之十八,蕃彚部,草花,千年藴大吉,主終身榮貴之象兆之主壽元滿百夫曰婦白頭雲程悠久家事日興利貞吉,22675
卷之十八,蕃彚部,草花,藍貞吉否凶,藍染皂物兆者當逺小人親君曰子易曰比之匪人不亦傷乎,22679
卷之十八,蕃彚部,草花,紫蘇吉,紫猶子也蘇猶息也兆之主得子息也有曰病者夢之不藥而自愈易曰勿藥有喜,22684
卷之十八,蕃彚部,草花,賞紅色花凶,賞此紅顔色少年壽不曰長男婦夢之俱夭壽,22745
卷之十八,蕃彚部,草花,種花吉,花被栽種生生之象財始口旺嗣得昌先生女晚生男,22749
卷之十八,蕃彚部,草花,花落片凶,花落片兮最無情夢者疑此損陰人曰欲識個中眞消息病者須防保自身,22753
卷之十八,蕃彚部,草花,含蕋吉,凝精聚氣原始反終有包含之象曰壯年者精神愈固孕得弄璋之慶,22757
卷之十八,蕃彚部,草花,豐苗吉,苗榖也豐苗主豐年之兆点此財曰有旺田有𭣣家業盛事事吉也,22761
卷之十八,蕃彚部,草花,葉肥吉,葉肥濃潤有大壯之象兆之曰利獲十倍名交四海利吉,22769
卷之十八,蕃彚部,草花,翠雲草貞吉否凶,靑苔沿砌主生意永久味翠雲曰二字平人兆之吉病人兆之凶,22778
卷之十八,蕃彚部,草花,甦頭草吉,主革舊鼎新之象士更元服曠官者復職老年者曰得子丈夫逺歸病人得愈雖得其貞亦宜自守,22783
卷之十八,蕃彚部,草花,金𮈔草吉,味金絲主財利永久之意作事悠遠爲妙曰惟病難脫訟難解情人兆之偏多留連,22787
卷之十八,蕃彚部,草花,龍虎草大吉,雲龍風虎之象主名登龍虎㮄仕人必拜相曰常人夢之生子貴家業興出入無碍有利,22791
卷之十八,蕃彚部,草花,龍鬚草大吉,主長鬍鬚者兆此求名得曰名求利得利大吉之兆也,22795
卷之十八,蕃彚部,草花,荒草凶,荒草主物物不生之象点此曰病無救田無𭣣或訟必破家,22799
卷之十八,蕃彚部,草花,吉祥草大吉,兆此者逢凶化吉遇患曰呈祥兆主大富大貴,22803
卷之十八,蕃彚部,竹荻,孝竹吉,新笋圍舊竹生者主兒孫繞膝曰之象堂上椿萱茂庭前蘭蕙芳,22855
卷之十八,蕃彚部,竹荻,種竹吉,語有云無竹令人俗種竹則得清雅之曰兆夢此主得良友凢業居清雅者有利,22859
卷之十八,蕃彚部,竹荻,牕前竹吉,綠色臨窻主喜曰事臨門之兆,22863
卷之十八,蕃彚部,竹荻,籜凶,兆之者未能𤼵曰達究無大就,22867
卷之十八,蕃彚部,竹荻,笋大吉,珍惜愛護必成奇𠏉武臣夢之曰裂地封矦；孕婦夢之必主生男,22871
卷之十八,蕃彚部,竹荻,荻凶,森森叢出縱横交加形類干戈且荻敵音同曰兆之必有草㓂𥨸𤼵受兵燹之𬤄或主夫盗,22875
卷之十八,蕃彚部,竹荻,蘆葦凶,蘆葦出水蕭蕭衡陽雁斷迢迢曰日落紅汀凝望征㠶遠掛雲霄,22879
卷之十八,蕃彚部,竹荻,籐吉,籐有凌空之勢君子夢之名位升騰老人夢之曰當爲壽徵居必喬遷病有虚驚官祿顯利高攖,22883
卷之十八,蕃彚部,水產,蓮荷大吉,中通外直不蔓不枝出泥不染花之君子兆者,22895
卷之十八,蕃彚部,水產,採荷凶,花貭雖艷採之則無根点此事多曰傾覆少年夭折病即危訟可觧,22904
卷之十八,蕃彚部,水產,卷荷吉,卷者藏也藏而未舒臨候即開矣曰兆之者事當待時貧始富賤始貴,22909
卷之十八,蕃彚部,水產,敗荷貞吉否凶,花敗則子露孕必生男恐損生產曰,22913
卷之十八,蕃彚部,水產,採蓮吉,採獲也,22919
卷之十八,蕃彚部,水產,藕吉,藕本玲瓏精潔之物占此曰点生男多智慧生女多秀巧,22924
卷之十八,蕃彚部,水產,芡實吉,兆之者作事曰有益而無損,22928
卷之十八,蕃彚部,水產,蘋蘩吉,主得一賢媳或賢妻,22932
卷之十八,蕃彚部,水產,蓼凶,兆此事宜預料冗曰雜不易理之象也,22937
卷之十八,蕃彚部,水產,菱花凶,水大則根浮水涸則實少作事泛泛不常故有曰是兆名淡如水利薄如冰兆見損折必至沉淪,22941
卷之十八,蕃彚部,水產,茭吉,栽植由來在水濵素𠂻清白不沾塵曰愧殺世之貪污者那能修行與之倫,22945
卷之十八,蕃彚部,水產,浮萍凶,葉小而蕃浮生于水隨波逐流曰延綿池沼群小用事之兆也,22953
卷之十八,蕃彚部,水產,藻荇吉,此乃魚之所藏隠而不見潜而不躍者乃夢見之曰君子宜如玉之韞山珠之藏澤而輝媚自呈也,22957
卷之十八,蕃彚部,水產,水紅花,不芬不艷無處無之亦莫之愛亦莫曰之棄伴食平章三旨宰相其兆無疑,22961
卷之十八,蕃彚部,水產,蒹葭吉,兆之主逢賢隱之士或諧秦晉之歡曰從兹彼此相依無分爾我之符也,22965
卷之十八,蕃彚部,水產,芹吉,有野人獻芹之意兆之主曰遇貴人于野宜物色之,22969
卷之十八,蕃彚部,水產,蘅吉,蘅乃香草聲名貴高曰忠節夢之靑史題標,22973
卷之十八,蕃彚部,水產,茅草凶,一團茅草亂蓬蓬主事無始又無終曰家中火燭當須謹總然不染也成凶,22977
卷之十八,蕃彚部,柴薪,失柴貞吉否凶,此夢主有失脫出入當小心文曰人夢之爲特達之才名著夭壤,23001
卷之十八,蕃彚部,柴薪,薪積如山吉,薪者日用所不可缺積之如山曰用有餘也夢之者富饒之象,23016
卷之十九,飛走部,四靈,丹鳳高翔吉,夢此爲主聖臣賢民安物阜之兆也將必曰有恩詔班行天下租稅得蠲刑獄得赦,23066
卷之十九,飛走部,四靈,身化爲鳳大吉,夢身化鳳者則亦豈常人哉其爲人中之鳳可知曰,23093
卷之十九,飛走部,百獸,白虎貞吉否凶,白虎爲西方之神爲武將之象爲肅殺之氣爲刑曰獄之主爲凶喪之兆凡夢之者因時因事而占之堯爲天子季秋下旬夢白虎遺我馬啄子其母曰扶始升高丘睹白虎上有雲感巳生臯陶索扶始問之始尭言明於刑法罪次終始故立臯陶爲大理,23248
卷之十九,飛走部,百獸,兩虎爭𩰚貞吉否凶是夢也,羣兇相噬挾詐行私在家庭主兄弟小忿有閱牆曰之,23293
卷之十九,飛走部,百獸,狡猊雲中來吉狻猊獅屬,軍旅之事得成奏凱之功,23342
卷之十九,飛走部,百獸,𧴀貅伏於前貞吉否凶,此夢乃軍門受降之象也揆其理勢必曰不降者防有伏兵宜堅壁嚴陣以備之,23368
卷之十九,飛走部,百獸,狼啖人足貞吉否凶狼善顧而啖人足足,不能前進矣,23384
卷之十九,飛走部,百獸,狐狸在窓外貞吉否凶,此鬼祟陰邪之象不可不戒懼也男子夢之曰勿近婦女女子夢之宜敬事正神以辟邪祟,23452
卷之十九,飛走部,百獸,白象吉,此夢主金天之陽爲大貴之徵又爲釋曰家之神又爲卑謙以自收其躬之驗,23465
卷之十九,飛走部,百獸,象越城凶,此亡國之徵也夢之必有大敗是城中無曰守敵得入城也城似巳巳亡城似彼彼滅,23474
卷之十九,飛走部,百獸,象洗浴貞吉否凶,夢此主樂處逢凶之兆惟士子求名者夢之曰爲赴京應選之景安居多欲夢之浴魄之象,23480
卷之十九,飛走部,百獸,跨象走通衢大吉,兆夢主功名之大慶安康而顯榮趍吉以曰遂志者也若疾病夢之爲大難不死之兆,23485
卷之十九,飛走部,百獸,象被人拔去牙吉,此夢之吉占在拔牙之人剛而能柔柔而得曰剛所利大矣然有困窮受傷而不能安者焉,23498
卷之十九,飛走部,百獸,二象被錦在闕下貞吉否凶,此得貴爵之吉夢而安居無學日夕快曰樂之人反爲凶夢其凶有不可言者,23502
卷之十九,飛走部,百獸,駱駝喯唾污其身凶,此作爲失道被侮受悔之夢也思患而攺過曰猶恐有不及者惟牝牛在家者有牧犢之祥,23529
卷之十九,飛走部,百獸,貂䑕升堦吉,此遇貴之夢兆夢此有大貴者至巳因曰之而貴者未有無所貴而夢此者也,23539
卷之十九,飛走部,百獸,手搏貂𣆎,此夢爲陰柔居陰之象而貴人夢之則大吉曰焉其在邊疆之位乎小人夢之又當另占,23543
卷之十九,飛走部,百獸,獮候在岩崖之上,此夢主陟險以伸命令之徵君子夢之爲觀曰視小人之象小人夢之爲能敬鬼神之祥,23547
卷之十九,飛走部,百獸,猩猩啜酒貞吉否凶,此夢主悲喜萃聚之象但觀其所聚而吉凶曰可見矣當以所夢景象占之有笑者不祥,23555
卷之十九,飛走部,百獸,吉,貂類似狸而五尾其聲奪衆音食之可以治瘴夢曰是獸者應試得捷報行人有喜信疾病遇良醫,23605
卷之十九,飛走部,百獸,貞吉,貉類皮可爲裘肉可充庖夢是獸者有自食其力曰之象居官不素餐居家不素飽庸常者亦不游食,23611
卷之十九,飛走部,百獸,飛虎在日宮飛出,此大貴之夢夢之爲欽命掌樞宻之兆虎而曰翼之何所往而不服出自日中其君命乎,23615
卷之十九,飛走部,百獸,飛虎入室大吉,貴人夢之主揚威加爵士民夢之主有官祿曰至胎孕夢之主生男大貴病人禱祝必全愈,23619
卷之十九,飛走部,百獸,海馬入門户吉,此夢有武事得大吉之兆應試夢之捷報曰至應選夢之有兵權娠姙夢之生貴子,23623
卷之十九,飛走部,百獸,乗海馬大吉,此武人之夢也主戰勝攻取之事凡曰夢之者皆主无咎病人夢之必瘥,23627
卷之十九,飛走部,百獸,海馬戲潮吉,此夢主當朝執政之兆庻人夢之主遠曰行大吉作事順利書生夢之文思頓長,23631
卷之十九,飛走部,百獸,狒狒從雲中來吉,夢此須防𡨥盜爲人中正無憂曰,23652
卷之十九,飛走部,百獸,虎斑猫,此夢爲陽襲于陰之象夢自來入室中者曰吉自内出𥨥者不祥去而後來者得人心,23666
卷之十九,飛走部,百獸,獅猫大吉,夢此主豐亨久安之兆當有好人在門下曰勇而尚義者或有果得一猫以應夢者,23670
卷之十九,飛走部,百獸,猫鼠同眠,此君不君臣不臣父不父子不子之夢也下必曰有犯上者若當此時生小猫小猫爲無用之物,23678
卷之十九,飛走部,百獸,羣猫相鬥貞吉否凶,此夢主暮夜有戎之兆而于巳無患者也,23682
卷之十九,飛走部,百獸,猫捕䑕,夢此主得財須防子媳災若有姓禇者其兆曰苦哀哉有事南蠻九溪十八洞一去不回來,23688
卷之十九,飛走部,百獸,猫吞活魚貞吉,夢此成家立業徵手下人人有志誠曰若還買賣山東去千金利息貴前程,23692
卷之十九,飛走部,百獸,猫吞蝴蝶凶,蝴蝶是箇夢中魂如何夢裏被猫吞曰猫兒不是閻家鬼只恐陰私害正人,23696
卷之十九,飛走部,六畜,雌雞啼貞吉,夢此有女中丈夫之象而夢之者宜正不宜曰私宜靜不宜動,23720
卷之十九,飛走部,六畜,雞鳴高樹上吉,此夢主口舌中得財物之兆必有音信之曰,23732
卷之十九,飛走部,六畜,雞鳴水中貞吉否凶,夢此有醉後成口舌之禍,23737
卷之十九,飛走部,六畜,雞鴨同羣吉,夢此者畜養衆多之象也富貴夢之爲日新曰之兆貧賤夢之爲多利之徵又有和悅之狀,23743
卷之十九,飛走部,六畜,鴨伏抱卵吉,此扶陽抑陰之象也疾病者夢之即痊又爲曰壽永之徵或求名利者有繭𮈔之事故夢之,23747
卷之十九,飛走部,六畜,鵝鴨同游水上,夢此者二女居於一室而情意和洽之吉祥曰所居得所之佳兆所居不得其所安者反是,23751
卷之十九,飛走部,六畜,黄狼偷雞,夢此者必有可醜之事女人曰夢之有情欲爲巳所不欲者,23769
卷之十九,飛走部,六畜,挽弓射狗吉,狗者苟也茍得其養無物不長凡夢得夢來曰皆爲吉兆夢挽弓射之射中大吉不中無咎,23784
卷之十九,飛走部,六畜,黃犬貞吉,黃色屬土于十千爲戊巳土夢,23796
卷之十九,飛走部,六畜,犬有綠色鬚,此熊羆之象也夢之主生男之兆但以其景曰影推之則知所生之男之壽夭貴賤貧富矣,23812
卷之十九,飛走部,六畜,花色犬吉,此犬之猛而能勝者,23816
卷之十九,飛走部,六畜,赤犬貞吉,狗無赤色者而所夢不以常物論嘗有夢之,23821
卷之十九,飛走部,六畜,綠色犬,綠色者靑色之屬,23835
卷之十九,飛走部,六畜,犬噬人凶,夢身被犬噬其凶無占矣夢他人者當占曰其人爲何等人以所噬之人推之自明矣,23855
卷之十九,飛走部,六畜,犬相咬凶,此窮途之夢也必有兩人相爭者作事夢之曰大忌無事夢之禍至更防刑獄之事宜戒愼,23859
卷之十九,飛走部,六畜,犬作人言凶,此夢主獄訟之事當以犬之所言者詳之必曰有人作非言言而無信者更有必不可信者,23863
卷之十九,飛走部,六畜,犬死貞吉否凶,此陽剛中正水旺火息之夢夢之當以夢者曰之德行占之有德則吉無德凶又爲食物兆,23867
卷之十九,飛走部,六畜,稻米飯爲犬所食吉,此福至災消病痊志遂之夢夢此者得人曰助力𡨚仇解散財帛豐足家道日興大吉,23872
卷之十九,飛走部,六畜,緄縛一對犬豕凶,此夢者因作事苟且而被人所害以結仇怨曰有三年之凶驗在秋冬之交乃凄凉之景,23876
卷之十九,飛走部,六畜,豕化爲人形,此陰化爲陽之夢也成家成業生子生男曰病𭼞得痊𡨚仇和解但有起訟事在官者,23890
卷之十九,飛走部,六畜,身變作豬形凶,夢此者是其本來面目也此必不得其死者曰人之相貌有豬相者不善終况夢見其眞乎,23896
卷之十九,飛走部,六畜,豕入泥中吉,夢豕安伏卧於污泥之中諸事皆吉又爲生曰男之兆夢豕在泥出入無時屢失屢復之兆,23902
卷之十九,飛走部,六畜,豕渡河吉,夢此歲旱之徵也有處困而亨者夢豕渡河曰去爲災悔消除夢豕渡河來爲酒肴宴會,23906
卷之十九,飛走部,六畜,殺豬凶,此夢不祥兒孫受殃分離骨血連害爹娘,23910
卷之十九,飛走部,六畜,豬被殺復生,此夢主刑獄之事有無事被囚者有㝛𡨚不曰解者有死罪遇赦者有死一子再育一子者,23915
卷之十九,飛走部,六畜,人饋活豬活羊大吉,此夢主喜事至爲聘允酬謝之儀生生之意曰,23919
卷之十九,飛走部,六畜,射豕吉,此有征無戰之景所志必遂之夢也,23924
卷之十九,飛走部,六畜,母豬吉,夢此者生育聚畜之謂也諸物得曰以生諸畜得以聚未有不祥者,23939
卷之十九,飛走部,六畜,母豬生小豬,此致富之夢也而吉處不復吉凶處反加凶曰何也亥運之象也戌運銷物亥運銷人也,23945
卷之十九,飛走部,六畜,一羊在花下吉,此夢主美歡之兆但以花何名何色曰占之凡夢此必生孝子生女必大貴,23961
卷之十九,飛走部,六畜,羝羊觸藩貞吉否凶,此作事羈遲被傷而不能安之夢也勿曰曰羝羊觸藩不能退不能遂無攸利艱則吉,23967
卷之十九,飛走部,六畜,人饋羊吉,夢此主生男之兆爲陽剛之象而當强曰盛之時壯于進取有事出行反爲凶兆,23972
卷之十九,飛走部,六畜,牽羊大吉,夢此爲一陽來復之瑞徵平康富貴夢之生曰貴子流離顛沛夢之家道興病痊訟息怨解,23978
卷之十九,飛走部,六畜,騎羊貞吉,此夢主自在從容之樂出行不宜夢此夢此曰有假無眞若夢他人騎羊而來者生男必貴,23982
卷之十九,飛走部,六畜,刲羊貞吉,夢此主有慶賀之事夢羊血污其身主得財曰夢刲羊無血危厲薰心所求不得所願不遂,23990
卷之十九,飛走部,六畜,盜羊吉,夢此者陰中生陽之象非爲無事之兆也曰必有柔道牽聯而反得貴爵遭逢恩主者,23994
卷之十九,飛走部,六畜,羊負魚凶,夢此爲鮮麗夢此爲鮮有夢此爲魯人之曰徵夢此爲避難之吉夢此爲無交之兆,24000
卷之十九,飛走部,六畜,身忽變爲羊凶,夢此主弄眞成假居正從邪因安致危得吉曰受禍若能愼其所之而借意佯狂則善終矣,24010
卷之十九,飛走部,六畜,活羊無首凶,此有禍莫能解之,24016
卷之十九,飛走部,六畜,羊角羊尾皆拔落,曰羊無角尾王字也,24021
卷之十九,飛走部,六畜,牛無角無尾鬼面似牛頭陰中之陰也,爲官訟陰兆爲鬼魃爲鬼祟爲亡人爲地祗之屬曰爲丑令之年月日時夢牛無角者午也丑午相刑,24027
卷之十九,飛走部,六畜,官吏乗馬來閱,道途夢此須防大風暴雨平安夢此須防疾曰疫爭訟,24057
卷之十九,飛走部,六畜,乗馬渡水,此夢主險難中得吉處,24073
卷之十九,飛走部,六畜,牛耕茂林中,此夢主往來危厲無中生有禍中生福之徵曰雖小有可以成大雖險中可以得安者勤也,24081
卷之十九,飛走部,六畜,騎牛吉,夢裏騎牛何處去隱居無事向王朝曰馬背不如牛背便功名那比孝名高,24089
卷之十九,飛走部,六畜,牛作人言,此幽𡨋假借夢中以决狐疑也凡夢之者曰必當以所言推占莫以他事而忽之也,24093
卷之十九,飛走部,六畜,牛生二尾凶,立春在丑月之尾雞鳴在丑時之尾一尾變曰作二尾是分開身後之體損去人馬之物也,24099
卷之十九,飛走部,六畜,牛折一足,此有求未得之兆危處安身之夢也但能恐曰懼脩省則緩中得吉而嫁娶之艱不可免也,24107
卷之十九,飛走部,六畜,牛頭流血大吉,是夢也陽决陰也頭屬陽血屬陰流者决而出曰也又盍衅以釁鐘先成祭器之象大貴兆也,24115
卷之十九,飛走部,六畜,羣牛下山吉,此晚景榮華之夢,24147
卷之十九,飛走部,六畜,牛在高山頂上,曰夢此爲凶處有吉危處有安又有音信之事曰其凶在草木其吉在文辭能謙以自警无咎,24153
卷之十九,飛走部,六畜,乗馬入山凶,曰跨馬至深山崎嶇行路難奔馳入曰幽谷一去幾時還此夢非佳兆也,24161
卷之十九,飛走部,六畜,小兒乗馬,夢此自外來生男必貴顯,24179
卷之十九,飛走部,六畜,馬舞舍丁凶,夢此必災禍至馬舞即止其禍小,24189
卷之十九,飛走部,六畜,四馬六馬同駕吉,此大貴之夢兆而貧賤者夢之雖在曰難之中亦無患乃駕車安行之象也,24204
卷之十九,飛走部,六畜,萬馬貞吉否凶,夢此者主心事不寧家門駁雜須靜曰以鎭之安以待之勿輕舉妄動則吉,24208
卷之十九,飛走部,六畜,洗馬,求利者夢之吉處見災殃災殃亦無𰋶求名曰者夢之難處見吉祥吉祥不可量曰是官名,24213
卷之十九,飛走部,六畜,飲馬吉,夢此者諸事得濟更得其所憑依上下相曰相和前後相益出言信而人心服者,24219
卷之十九,飛走部,六畜,駒吉,夢此爲少陽之象爲富貴之徵有作事成曰家之會有出行康泰之畿生男必俊,24235
卷之十九,飛走部,六畜,驢騾,夢此者與夢馬相似但夢驢主官事曰夢騾主貨利之事爲多勞而無逸也,24239
卷之十九,飛走部,六畜,乗騾貞吉否凶,此夢有多累之象而歷渉艱辛自有佳祥在後曰,24243
卷之二十,飛走部,羽族,鵬飛過海大吉,欽賜不拘常式仕宦受特恩破格陞遷□曰兵立功於絶域商賈鬻販獲利於逺□□,24282
卷之二十,飛走部,羽族,金雞大吉,西方之昴宿也夢見其形者位列朝班夢曰聞其聲者名滿天下夢吞之者生子極貴,24368
卷之二十,飛走部,羽族,赤雀銜丹書大吉,此聖王之瑞受命之符也夢此者德造其極天降曰之福化家爲國子孫千億宜君宜王萬壽無疆,24400
卷之二十,飛走部,羽族,白鷺于雲吉,夢此者爲靑雲得路之兆書生學問日進才智過曰人舉子文章高妙功名唾手凡事通達吉無不利,24438
卷之二十,飛走部,羽族,白燕入懷中大吉,燕玄鳥也白者爲奇夢入懷中主有非常之喜,24472
卷之二十,飛走部,羽族,身化爲烏貞吉否凶,詩云瞻烏爰止于誰之屋夢身爲烏者當詳曰其所止處耳得所止則吉不得所止則凶,24503
卷之二十,飛走部,羽族,鳶吉鴟類能高飛遠舉,雲漢武土露其爪牙奮揚邊疆山林隱逸之賢,24598
卷之二十,飛走部,羽族,鴇鳥凶詩云肅肅搗羽集于苞栩王事靡盬不遑萟稷黍,夢此主征役遠行田疇荒廢不得仰事俯育之兆曰,24646
卷之二十,飛走部,水族,蜃貞吉蛟屬雉入大水爲蜃者即此凡夢之者豪傑未遇,當韜光養晦士大下第宜歛跡藏修一朝際會風曰雲指日飛騰霄漢若欲速則不達也,24695
卷之二十,飛走部,水族,鰲魚貞吉否凶海中極犬之鼈也,出塞孕婦夢此生貴子𡬶常夢之凡百煎熬諸事曰不,24725
卷之二十,飛走部,水族,人惠魚吉,魚美味也夢入惠者爲雅貺主喜慶之兆活曰魚得財帛腥魚得飲食乾魚得羨餘之利,24796
卷之二十,飛走部,水族,思食稻禾凶,是夢也主大水爲災之兆,24808
卷之二十,飛走部,昆蟲,虺蛇吉,詩云維虺維蛇女子之祥虺蛇陰物穴處曰柔弱隱伏凡夢之者生女必賢且得貴壻,24926
卷之二十,飛走部,昆蟲,蝟攻穴破城,此夢主宼盜作亂之象其禍不小而出,24974
卷之二十,飛走部,昆蟲,大吉,螭來蛇螫皆除盡夢之果係辟,24984
卷之二十,飛走部,昆蟲,田䑕食粟,夢此主他人之福非巳有也但巳見之耳其曰驗在流離顚沛之人凡夢田鼠皆吉无咎,24990
卷之二十,飛走部,昆蟲,黃鼠,似鼠非䑕似狼非狼諸鳥及雞鴨無不畏之曰而其畏猫畏犬如畏虎凡夢之者凶中得吉,24994
卷之二十,飛走部,昆蟲,白䑕吉,此主積財致富之夢鼠自外來主得外曰財自內出主交易伏而不動有得無失,25001
卷之二十,飛走部,昆蟲,鼠伏蓋下,夢此主逃𥨥之兆富貴安居則有小人隱藏曰不可不察也難中人夢之遠向西南遯去吉,25005
卷之二十,飛走部,昆蟲,鼠忽死凶,鼠屬子爲百物之始羣生莫小焉爲人父而曰夢此嗚呼其子亡乎無子者夢之則其符也,25009
卷之二十,飛走部,昆蟲,鼫鼠大如犬凶,此夢爲易卦晉之剝易曰晉如鼫鼠貞厲位曰不當也蓋夢此者自大自剛雖正亦危道也,25017
卷之二十,飛走部,昆蟲,田鼠入室,夢此者福將至而未章者也夏月田鼠化爲鴽曰鴽者蝠也蝠者福之象但目前尚有可惻者,25021
卷之二十,飛走部,昆蟲,田鼠在井中,夢此則有井渫不食之象焉田鼠形小而污曰非井中所居居在穴故夢此尤可惻之甚,25025
卷之二十,飛走部,昆蟲,䑕化猫,此小人假威權之夢也猫者柔而害物䑕者晝曰伏夜動鼠化爲猫則僕役得以張牙露爪矣,25029
卷之二十,飛走部,昆蟲,鼠竄,此災消禍解之夢也姦邪遠避盜退仇息諸曰事皆无咎惟官吏夢鼠𥨥城墻穴中有姦盜,25037
卷之二十,飛走部,昆蟲,一飛蟲入目內凶,夢此必有一匪人與比眤者將有大凶來臨曰若夢入而復出尚有可生之機因入腹者死,25049
卷之二十,飛走部,昆蟲,飛蟲自耳中出,此災消禍散之夢也而病人夢之不祥蓋飛曰虫是其魂也魂有三尸若夢三虫三尸去也,25053
卷之二十,飛走部,昆蟲,身化爲飛蟲飛入雲中,此羽化而登仙之夢也學者夢之登高第術曰士夢之道大行惟有病人最忌而有頓痊者,25057
卷之二十,飛走部,昆蟲,蝴蝶飛來撲殺之吉,夢此主得外財又爲生意叠叠之兆有曰禍必解有憂必散有事必成有求必得,25068
卷之二十,飛走部,昆蟲,蝴蝶飛窓前,此作事難成之夢也而必有邂逅相逢者曰無事夢之必有事事成夢之必有變更,25072
卷之二十,飛走部,昆蟲,蝴蝶飛于帳中,夢中蝴蝶帳中飛帳裏無花何所棲曰此身有事他方去床上無人被蝶欺,25076
卷之二十,飛走部,昆蟲,靑蚨自外飛來集几上,此夢得錢財無心忽有來萃聚戌家富僥倖曰且開懷,25080
卷之二十,飛走部,昆蟲,靑蚨自内飛出向戸升去,靑蚨母子全一去九飛旋,25085
卷之二十,飛走部,昆蟲,螽斯大吉,曰螽斯百子衍慶一家夢兆大吉生男榮華無論飛來飛去縱是亨佳子孫繁盛福壽增加,25090
卷之二十,飛走部,昆蟲,蜻蜓飛滿空中,此夢爲萬民歡悅而不能隱之象也有金珠曰之兆焉有雲雨之兆焉虚巳以應人者得吉,25103
卷之二十,飛走部,昆蟲,蜻蜓對對飛來庭院,此夢主嬌娥麗姿之象平居無所事忽曰有美人來而有求萃聚而不可得者,25111
卷之二十,飛走部,昆蟲,蜻蜓自食其尾,此主吉事之夢而有得珍器寳玩之兆焉曰又爲自食巳資弗以干人弗以與人之,25115
卷之二十,飛走部,昆蟲,蠓飛滿帳凶,此難中之夢也夢之者其柔順以當大難乎曰能正其志避亦可不避亦可或曰癆瘵之症,25123
卷之二十,飛走部,昆蟲,蠓蠵飛滅燈光,此夢主停爨之兆其不能正其身者夢之不曰祥不以飲食之心爲心自有天命又何妨乎,25127
卷之二十,飛走部,昆蟲,撲燈蛾撲滅燈火,夢中灯火是心經灯蛾撲滅此心寧曰剛柔二氣相感應只因取女有虚驚,25131
卷之二十,飛走部,昆蟲,麥蛾滿野貞吉,此諸事未得濟者之所夢也有事出行者夢之曰宜登舟則安康不宜從陸路陸路有不便處,25141
卷之二十,飛走部,昆蟲,麥蛾滿碗上,此夢主災眚出門防疾病疾病忌出行曰無事反不寧不寧在飲食心剛持正吉,25145
卷之二十,飛走部,昆蟲,一麥蛾眼前飛來飛去,自家兄弟文書事夢裏看看象麥蛾曰雖然不是剛强性成事虚張得泰和,25149
卷之二十,飛走部,昆蟲,蠶蛾出繭中吉,此夢主尚簡而成文之象有婚姻喜事至曰求子夢之生貴子若在養蠶者夢之不占,25153
卷之二十,飛走部,昆蟲,蠶蛾集樹上吉,夢此爲柔道牽聯之象欲簡而煩欲隱而揚,25157
卷之二十,飛走部,昆蟲,蠶蛾生子大吉,夢此者因謙而得譽因勞而有功,25162
卷之二十,飛走部,昆蟲,蠶蛾飛不出戸,此積産成家之夢也,25167
卷之二十,飛走部,昆蟲,繭中照見蠶蛾,此夢主聰明有實之事或以無曰爲有以有爲無而羣疑自忘者,25172
卷之二十,飛走部,昆蟲,養蠶大吉,蠶者絲綸之所自生也,25176
卷之二十,飛走部,昆蟲,蠶忽化爲蛾吉,夢此速急成功之兆也險處得康難中得解曰作亊無私爲公不爲巳治身不治家之夢,25185
卷之二十,飛走部,昆蟲,蠶蛾飛入繭中凶,此夢必有陰柔人貴而反賤者一心只爲曰私私事巳破而其身伏藏以就死地者也,25189
卷之二十,飛走部,昆蟲,蜜蜂剌巳身凶,此夢者剌客之機也其有小人仇怨者乎曰,25206
卷之二十,飛走部,昆蟲,露蜂或曰蝴蜂,夢此爲起家之吉兆而求子夢之不祥,25212
卷之二十,飛走部,昆蟲,露蜂集頭頂凶,夢此主疑獄之事,25219
卷之二十,飛走部,昆蟲,滿樹露蜂房,此小人蜂聚之象也,25224
卷之二十,飛走部,昆蟲,露蜂死滿地,夢此太陽興而羣陰伏政治嚴而羣盜散豐曰年之兆而富貴居家須防火災病者夢之痊,25231
卷之二十,飛走部,昆蟲,蟬鳴吉,蟬有五德飲而不食應候而鳴夢聞其鳴者曰主有遠信至又主高人逸士聲應氣求之兆,25235
卷之二十,飛走部,昆蟲,蟬飛集冠上大吉,此夢者大貴者之兆也文士爲朝中清曰要職武士爲護駕左右臣蟬冠之象也,25239
卷之二十,飛走部,昆蟲,蟬入室中吉,夢此必有貴人來至者其或有嘉音喜信曰乎其或有賢士相親近清名振遐邇乎,25243
卷之二十,飛走部,昆蟲,螳螂捕蟬凶,此弱遇强難保其身之勢也夢之者必有小曰人侵害焉或有口舌爭訟之事愼之愼之,25247
卷之二十,飛走部,昆蟲,螳螂攘臂貞吉,此其自以爲勇者,25251
卷之二十,飛走部,昆蟲,螳螂闚戸貞吉否凶,夢此必有小人觀瞰者,25257
卷之二十,飛走部,昆蟲,絡緯鳴月下,絡緯摧婦懶秋聲振夜闌,25264
卷之二十,飛走部,昆蟲,絡緯在几無聲,摧促多頭緒相思不用言,25270
卷之二十,飛走部,昆蟲,絡緯避蝗貞吉,此夢者以寡避衆以女避男之曰象艱險可避禍患有解之兆,25276
卷之二十,飛走部,昆蟲,蝗飛如陳雲去,蝗虫所至歲荒民飢高飛遠舉他方去矣,25280
卷之二十,飛走部,昆蟲,虼蜢欺蝗而蝗死,此夢爲解難之象而小人必有受災殃者曰,25289
卷之二十,飛走部,昆蟲,虼蜢滿庭,夢中虼蜢是生靈因何集聚滿家庭曰生生不巳來何處大貴之人莫用刑,25294
卷之二十,飛走部,昆蟲,螻蛄在窓下,貴人夢之主獄囚感恩富人夢之主乞丐求食,25306
卷之二十,飛走部,昆蟲,鴽從天上飛來鴽又名蝙蝠,此夢主天神降福之兆必有大喜事功曰成志遂利益名揚災消病除子賢壽永,25311
卷之二十,飛走部,昆蟲,鴽食蚊蚋吉,夢以駕爲福星之主夢之者有可惻之故曰而遇主福之人以救解之象可喜可賀,25316
卷之二十,飛走部,昆蟲,蚊蚋遍體貞吉,此危處安身禍中得福之夢兆,25320
卷之二十,飛走部,昆蟲,撲殺一蚊滿手血凶,夢此者因强遇暴吉處逢凶,25325
卷之二十,飛走部,昆蟲,蠅頭聚鼻上驅之不去,鼻者輔弼之謂也,25350
卷之二十,飛走部,昆蟲,蠅䗂集背上貞吉否凶,君子夢之大吉將有暗傷其讒諛輩者曰讒諛夢之大凶,25356
卷之二十,飛走部,昆蟲,羣蟻聚扛蠅䗂,此讒諛被害而害讒人者又爲羣頑所𢦤害曰之兆也夢此者必謹言自守而後可以保身,25366
卷之二十,飛走部,昆蟲,羣蟻扛螢凶,此文明遭大難之夢也夢此有書生曰被人侮者病人夢之有虫在經絡,25370
卷之二十,飛走部,昆蟲,螢飛螢集滿庭前,此夢主清光照野萬物化生之象有天下和曰平之景往來平易之地無驚憂暗昧之情,25374
卷之二十,飛走部,昆蟲,螢入帳被貞吉,夢此主有外客至凡過於弱者以虚爲壯過曰于勇者視有如無於是推之所至者可知矣,25378
卷之二十,飛走部,昆蟲,螢無首無翅凶,此鬼崇求食之夢也夢此該設醮脩齋有病曰患難愈者宜普放水陸燈如中元所作法事,25382
卷之二十,飛走部,昆蟲,螢入腹中吉,此夢爲明心之兆有赦過宥罪之祥遇險曰得陟遇難得解凡事宜作速用火宜小心,25386
卷之二十,飛走部,昆蟲,螢集如珠燈吉,此夢爲文明之象而有照臨之兆明日得一曰明鏡則驗矣若病患夢之須防秋後之景,25390
卷之二十,飛走部,昆蟲,螂虱秋蛩其形大如黍,秋蛩鳴四壁卿虱聲喞喞,25398
卷之二十,飛走部,昆蟲,蟑螂飛舟中曰蟑螂厨中曰竈雞,蟑螂有翅不能飛夢裏飛來果是奇曰道路貧窮眞困苦始信人家有竈雞,25405
卷之二十,飛走部,昆蟲,蟑螂入被中貞吉,此好潔而不潔無疑而有疑之夢夢者須曰防小口有悔或有閑雜是非至無妨也,25410
卷之二十,飛走部,昆蟲,蛒𧉮與蟑螂羣聚,夢此主困窮之輩有小事相聚也貴人夢之曰當以寛恕理刑獄貧人夢之當以潔淨保身,25414
卷之二十,飛走部,昆蟲,𧏙螂堆積如毛凶,此主失財之夢夢之者千金費盡無疑惑一曰錢不廢有憂驚不是賊來偷即是人刻剝,25423
卷之二十,飛走部,昆蟲,獸銜𧏙螂來,曰夢此主惡人之象有惡人以異事驚恐者但曰能以禮待之以義遠之以智服之則無咎矣,25427
卷之二十,飛走部,昆蟲,𧏙螂在床下凶,此貧窮危厲之夢也貧賤夢之無妨貴人夢曰之騐在遠行富家夢之不祥又有病患事,25431
卷之二十,飛走部,昆蟲,牛蝱集于膚吉,夢之主得財有勤勞費力之事貴人夢此將曰有事于田野富人夢此當高尚以自安矣,25435
卷之二十,飛走部,昆蟲,狗蠅飛來吉,夢此者得小人之財無勞而有功志廉而曰不可却困窮夢之無悔疾病夢之必痊,25439
卷之二十,飛走部,昆蟲,龍虱從天降吉,龍虱者海錯之異味也夢之必曰必有美酒佳餚以自意外者,25443
卷之二十,飛走部,昆蟲,龍虱在衣内吉,此大貴人所夢也天子賜燕之兆庶人在田曰野亦有皇恩者無因受恩澤反有病患焉,25447
卷之二十,飛走部,昆蟲,鶴虱吉,夢鶴虱者亦是酒食但其所從來者不同耳曰因口舌之事而得之或謂惡人之物而吉者,25451
卷之二十,飛走部,昆蟲,鵝虱吉,夢此主得財似難而實易似少而實多積曰小以成大因時以順行頃刻立就者也,25455
卷之二十,飛走部,昆蟲,螫虱臭虫,夢此主財物之兆其財非一人之事,25459
卷之二十,飛走部,昆蟲,蚤虱自土中出,此作事艱難之夢也,25465
卷之二十,飛走部,昆蟲,蚤虱滿床席,夢此者居之不能安而所畜必有損困苦寒曰窮之故也,25470
卷之二十,飛走部,昆蟲,自吞蚤虱,此不得志者之所夢也,25475
卷之二十,飛走部,昆蟲,蚤虱跳入水中吉,夢此者意之所至事必至焉可以解憂可曰以無患可以遂其所欲可以逺其所惡者,25480
卷之二十,飛走部,昆蟲,捉虱吉,此自求多富之夢也求巳不求人財自巳生曰病自巳却愁自巳解壽自巳廷維天所祐,25484
卷之二十,飛走部,昆蟲,虱生滿衣捉去置地爲雞犬所食,百計千般財得積一朝虛盡口難言曰𨚫還乾潔無齎促勝如煩惱有憂煎,25488
卷之二十,飛走部,昆蟲,他人身上虱飛來吉,他人身士虱飛來飛來叮痛夢生哀曰夢中只道多愁苦覺後無心得外財,25492
卷之二十,飛走部,昆蟲,羣蛆食體大吉,此君子體仁爲羣生所曰趨附之象夢之者大吉,25502
卷之二十,飛走部,昆蟲,一蛆從糞中出吉,糞屬金中之土故於夢兆爲財物夢此者曰有人以財物之故而來也其得財之兆乎,25508
卷之二十,飛走部,昆蟲,蠐螬食李貞吉,此夢主救苦之兆而有非爲者必遇大禍若曰富貴者夢之他家之事有外人作内主者,25512
卷之二十,飛走部,昆蟲,蠐螬在所坐處,夢此爲所交相感所求相應之兆感應之理曰微幸遇其曹因而以齊相與相恱其吉可知,25516
卷之二十,飛走部,昆蟲,蚯蚓行草中蚯蚓一名蛐蟮一名上龍,夢此者幹事宜𦂳不宜慢宜勵不宜寛若病曰人夢之或無病而屢屢夢之則爲蠱症之象,25520
卷之二十,飛走部,昆蟲,蚯蚓大如蛇吉,此夢爲陰難將解之兆訟事夢之遇赦出行曰夢之宜速廻病患夢之爲胃虫又爲雨兆,25527
卷之二十,飛走部,昆蟲,蚯蚓入室,夢此者將有逃避是非之人來求曰隱居者當以夢中聲色占其吉兆,25531
卷之二十,飛走部,昆蟲,蝸牛滿野,蝸牛之虫水道之陰遇陽而生其性刻曰火凡夢此者利女人之貞爲貧窮之景,25535
卷之二十,飛走部,昆蟲,蝸牛在壁上,此淹蹇苦楚之景象也凡夢之者爲有陰在曰前之兆恐是不知其所止而止之者知止吉,25539
卷之二十,飛走部,昆蟲,蜒蝣在几席,夢此者居不當其位行不得其正聰不得其曰明有難信之言與心意相反而必宜從之者,25543
卷之二十,飛走部,昆蟲,蜈蚣百數集于左右,凡夢此者相與有惡人而少善人也當斯時曰也必能正其身而家道正家道正而无咎矣,25560
卷之二十,飛走部,昆蟲,蜈蚣盬蛇腦,此夢者小惡人謀殺大惡人之象也必有曰身榮家富行止不正者被强暴小人所害,25564
卷之二十,飛走部,昆蟲,執一虼𧎇在手中,夢此爲銅錢之象當以景象推焉握之者有曰所得也棄之者有所失也死者不過如斯也,25572
卷之二十,飛走部,昆蟲,蝎滿四壁吉,此夢爲遷依之吉夢蝎者歇也是曰是可以歇其身家之所在也,25576
卷之二十,飛走部,昆蟲,守宮吞蝎守宮一名螭䗂一名壁䗂,夢此主畜養婢僕之瑞徵必得賢且美者螭曰者有智巧而無邪心善守而能捍患者也,25580
卷之二十,飛走部,昆蟲,蟢蛛蝙蟢又名壁蟢,夢此有喜事之兆而所事甚小所曰喜甚微亦未當爲大事亦無他患,25585
卷之二十,飛走部,昆蟲,蜘蛛吉,蜘蛛虚巧勝于蠶張羅布網向空簷曰夢中滿腹絲綸綍剛火聪明養聖賢,25590
卷之二十,飛走部,昆蟲,蟻哫蜘蛛貞吉,此以小犯上之夢而於小口有災悔之徵曰所居尚德所養得調驗在他人於巳無咎,25594
卷之二十,飛走部,昆蟲,蟻化爲人形,蟻爲昆蟲之微而有君臣之義有巢穴之巧曰有遷依之智夢中見之似人其蟻王之神乎,25598
卷之二十一,珍玩部,金銀,紫磨金,紫磨金謂之楊邁金范邁母夢人鋪楊邁金席與曰巳生兒兒生席色昭晰後生子名曰邁爲林邑王,25632
卷之二十一,珍玩部,金銀,金匱貞吉否凶,匱者乏也夢之者財氣耗竭如匱中有金則爲士曰人之資藏器而動應在庚辛申酉年月求謀得濟,25654
卷之二十一,珍玩部,金銀,金牌懸掛凶,夢此當有緊急之事必主大人號召志曰士遇之而扼腕勇士値之而喪氣者,25659
卷之二十一,珍玩部,金銀,金冠吉又以朿髪而不,使亂再以裝飾而儼威儀士子夢之功名唾手仕曰宦兆此入則絲綸黃閣出則掌握元戎商賈經營,25699
卷之二十一,珍玩部,金銀,金猊煙銷寶,篆銀漢參橫此又景象之闌珊富麗中之寂寞者曰也夢中之况想其濃淡以定吉凶可耳,25719
卷之二十一,珍玩部,金銀,金貂貞吉,人衆君子獨必脩身謹行母溺于女色受逆耳忠曰告之諫百凡可,25728
卷之二十一,珍玩部,金銀,金鈿不利,秪緣世事多繁冗魂魄還依幻處狂,25748
卷之二十一,珍玩部,金銀,金磬不利,自是一般清趣味𨚫來夢裏豈尋常,25761
卷之二十一,珍玩部,金銀,金盤大吉,固是貴徵佳美兆斯人,25770
卷之二十一,珍玩部,金銀,金毬吉金爲重墜毬乃圓轉,任而得活變之機目下只要守正持身待時發動曰士子文思如流商賈生涯轉轂婚姻得智慧之女病人遇明了之醫,25787
卷之二十一,珍玩部,金銀,金針吉拈來補綴,久困未遭興永歎於今將以遇知音,25797
卷之二十一,珍玩部,金銀,金钩利萬里夢,之者主文人開心頴慧學業懞昧者忽爾開悟臨曰官燭幽洞隠民情蔽匿者破其姧宄常人時運方亨利源通達行人有阻,25806
卷之二十一,珍玩部,金銀,金甲吉曰能退伏又,堅持一點葵心赤滅虜降胡事果奇,25816
卷之二十一,珍玩部,金銀,金鐸貞利,仰服九流術業大行,25826
卷之二十一,珍玩部,金銀,金絡索吉夢此兆,者士子主於詞林翰苑即末能仕宦亦不失於文曰墨清高商賈錢財萬貫未娶者有女端潔求婚,25837
卷之二十一,珍玩部,金銀,金勒貞吉勒馬銜也,淫佚夢囘能戒儆何愁林外鷓鴣啼,25847
卷之二十一,珍玩部,金銀,磨金作屑利,此兆乃垢滓淨而光明見士子宜自淬礪當有進曰身之日凡事在人切磋自勉則名得成利得就,25942
卷之二十一,珍玩部,金銀,金印纍纍吉,此大臣相天子肘後所懸者也夢此必大貴位兼曰將相合掌軍民常人夢之亦有執持凡事有把握,25950
卷之二十一,珍玩部,金銀,金鳥吉,昏暮時來畫閣中百年心事一宵同曰寒雞鼓翼紗窓外睡覺東軒曰巳紅,25964
卷之二十一,珍玩部,金銀,淘金,淘而得之謀望雖有不免費力,25981
卷之二十一,珍玩部,金銀,黃銀吉,銀有黃色者似金而非金也爲器能辟曰除邪惡凡見於夢主光輝祥瑞之兆,26020
卷之二十一,珍玩部,金銀,銀餅凶,并凑而成雖經煅煉未入範圍士人夢曰此爲有質而無文可觀之象考試不利,26024
卷之二十一,珍玩部,金銀,銀燈吉,光明之象凡夢之者行事不暗昧得人照顧曰士人夢此學業有進女子夢此閨房久寂,26030
卷之二十一,珍玩部,金銀,銀壺吉,岩前流水無人渡洞口碧桃花正開曰東望蓬萊三萬里等閒歸去等閒來,26065
卷之二十一,珍玩部,金銀,得銀錢吉,夢此者有長命富貴之兆將帥出征三曰箭可以立功商賈經營一文可以致富,26069
卷之二十一,珍玩部,金銀,銀剪貞吉否凶,二字之義山前用金刀也居家夢曰此防有宼盜出征夢此得滅賊徒,26073
卷之二十一,珍玩部,金銀,銀瓶凶,夢此者財散失利之兆,26078
卷之二十一,珍玩部,金銀,銀瓜吉,此兆明明示人以剖割分析處也夢之者宜將財曰物剖分調適人情無私曲無偏向則能轉禍爲福,26085
卷之二十一,珍玩部,金銀,銀挑牙凶,此夢一見凡事當箝口不可妄曰言骨肉之間恐有傷殘之兆,26093
卷之二十一,珍玩部,金銀,銀窖,此夢示人以藏不許人露藏則蓄聚機曰深災輕禍淺露則顯暴昭著禍大害深,26104
卷之二十一,珍玩部,金銀,銀礦吉,此兆爲生生不巳化化無窮之象財源滔滔滚曰滚家業興隆發達惟老者病者夢此爲不祥,26108
卷之二十一,珍玩部,珠玉,走盤珠吉,夢得此者具通權達變之才而一生奔走不停所曰喜者圓轉流動莫爲阻抑名實兩全之象也大吉,26126
卷之二十一,珍玩部,珠玉,照乗珠大吉,光輝發越顯達榮施之兆夢此者事業光前耀後曰文章泣鬼驚神貨利曰新月盛聲名昌熾光亨,26130
卷之二十一,珍玩部,珠玉,定風珠,是夢也行人信未至乗舟風有阻文士得之名譽曰不振武臣得之威令不行惟孕婦夢之坐草無虞,26134
卷之二十一,珍玩部,珠玉,九曲珠大吉,夢得此珠文心濬哲有超凡入聖之機才曰智通神有經天緯地之業非常之瑞徵也,26152
卷之二十一,珍玩部,珠玉,火珠,夢此者疾病當有火症家宅當有火曰災惟文士夢之乃爲夾輔陽光之兆,26156
卷之二十一,珍玩部,珠玉,蚌珠凶,有名無實之象夢之者生子秀而不貴爲商勞而曰少利居官卑而未顯出家苦而無成凡事不吉,26160
卷之二十一,珍玩部,珠玉,珠簾,是夢也爲善者世系榮顯爲惡者曰闔門誅戮若夢捲者爲吉凶都散,26182
卷之二十一,珍玩部,珠玉,泣玉貞吉否凶,和氏之泣夢中見之此兆爲有志莫伸有懷莫喻曰遭際不在目前但恐禍生足下是大器晩成之象,26233
卷之二十一,珍玩部,珠玉,賣玉吉,玉售而得善價商賈定主興旺文士曰必得科名但有美子女者夢此不祥,26303
卷之二十一,珍玩部,珠玉,玉璽玉圖書吉,夢此者主有真人授記天子降恩若在平曰常其人必眞誠有信行能堅忍無變更也,26307
卷之二十一,珍玩部,珠玉,玉鈎貞吉否凶,文人夢此有鈎深致遠之思官訟夢之有一筆鈎曰消之兆疾病夢之急宜解禳祀賽亦可消釋災悔,26311
卷之二十一,珍玩部,珠玉,玉碗貞吉否凶,夢此爲貴人接引之兆若夢傾碎者死喪曰不祥謀望須防傾跌凡事敬守方保無虞,26322
卷之二十一,珍玩部,珠玉,玉壺吉此清介廉潔之徵也,母財利之徒士人當入詞林居官定超給諫,26343
卷之二十一,珍玩部,錢鐵,掘地求錢,是要也掘之而不得反吉見錢少者主口曰舌錢多者主有湧泉穴之病須求對治,26442
卷之二十一,珍玩部,錢鐵,鐵硯,夢此者立志鑚研持久成功之兆求財曰利當枉尺直尋問功名宜棄文就武,26502
卷之二十一,珍玩部,錢鐵,吹鐡笛吉,兆此者韻别名高吹之爲曰金穴有聲主大富馳名也,26510
卷之二十一,珍玩部,珍寳,琥珀貞吉,夢此者主當有風木之憂曰不吉惟𤜄孕主生貴子,26526
卷之二十一,珍玩部,珍寳,貓睛石,瑩潔明透夢之者主有奸雄窺瞰之曰兆女子夢得此主有以芳蘭相贈者,26530
卷之二十一,珍玩部,珍寳,埋寳吉,寳者西戎所產乃天地之英山川之瑞凡見于夢曰者內應五臟精華無有不吉惟夢失之者爲不祥有夢一丈夫佩劍自言漢光武時與馬將軍同征交趾得南人之寳後馬以薏苡被謗吾恐禍及將寳埋此地及窹與鄰近𡬶其處掘得寳劍并金⿔古鏡,26534
卷之二十一,珍玩部,珍寳,寳母吉,其色半靑半赤夢之者商販出行或東或曰南而利不求自至此大富豐亨之兆也,26538
卷之二十一,珍玩部,珍寳,阻馬路凶,夢此者貴人主失祿平人主失業,26542
卷之二十一,珍玩部,珍寳,珊瑚凶,寳樹也高者五六尺次者三四尺,26557
卷之二十一,珍玩部,珍寳,瑪瑙,似玉而有斑士人夢此文章光彩曰,26563
卷之二十一,珍玩部,珍寳,得寳璫,常人夢之主釡空如洗之曰兆富貴夢之張典得利也,26568
卷之二十一,珍玩部,珍寳,玳瑁,此海中介蟲也以之爲服飾在霧中不曰迷夢見此者主大水至尋常得酒食,26572
卷之二十一,珍玩部,珍寳,玻瓈琉璃,主奔波流離之兆凡夢此者俱曰爲不祥若在難中反得解散,26576
卷之二十一,珍玩部,珍寳,水晶,夢此者主三日後有大水曰至又主天雨三日之兆,26584
卷之二十一,珍玩部,珍寳,雲母吉益田畝之兆又雲母出雲縹緲氤氲,不利俗子利于斯文,26601
卷之二十一,珍玩部,珍寳,琨㻍吉又㓾利說琨㻍霜芒世所無,佳徵形夢寐勇往嚮前途,26616
卷之二十一,珍玩部,珍寳,車渠不利,此夢主有河渠之決不曰利于我須預備之可也,26648
卷之二十一,珍玩部,珍寳,瓊英吉,美石也夢之曰主世出英豪,26653
卷之二十一,珍玩部,珍寳,天球吉,重寶也夢之曰主爲良輔,26657
卷之二十一,珍玩部,珍寳,璠璵吉,魯之寶玉也夢曰之主生秀兒,26661
卷之二十一,珍玩部,珍寳,磥砢凶,此兆主坎坷曰多累之象,26665
卷之二十一,珍玩部,珍寳,琬琰凶,此夢宛然有炎上曰之象火燭之光,26669
卷之二十二,文翰部,書籍,書從天降大吉,夢此者必有殊遇,26696
卷之二十二,文翰部,書籍,雨淋書史缺壞凶,凡事有穿𨯳須防人暗毀大不利于功名及文書曰事若士人夢之必其志不堅學不精也奮勉爲上,26720
卷之二十二,文翰部,書籍,翻史貞吉,靑雲之客中秘之兆,26757
卷之二十二,文翰部,書籍,擕書遠行吉,夢此者以所行向何處占之是爲順德居曰尊敦厚以明道必有所成就而無悔者也,26763
卷之二十二,文翰部,書籍,人取書去,主慶賀之事無事夢之必有奇事有事夢曰之當審所言次日作事遇雨吉遇風大忌,26767
卷之二十二,文翰部,書籍,秉燭覓書吉,主得良師或賢友資其教誨磋磨之力否則曰有遠行往無不利也常人夢之主失脫官事,26773
卷之二十二,文翰部,書籍,神授文書,因所示而審之因其曰時而推之無占也,26789
卷之二十二,文翰部,書籍,人與巳書吉,與我以書發我蒙也士人夢之益智慧庶曰人夢之長機謀若係雜書當有人來議事,26799
卷之二十二,文翰部,書籍,抄書,幼稚夢之爲佳兆衰老夢之爲危兆貧曰窮夢之吉貴顯夢之凶更以所抄占之,26808
卷之二十二,文翰部,書籍,焚書,書而焚之是棄之也,26812
卷之二十二,文翰部,書籍,積書盈箱滿架同,富貴之夢積德之象博學所致也而或有曰積敝者亦夢之,26824
卷之二十二,文翰部,書籍,篋書縱橫吉,此高談雄辨之象能挾策以干王公必有所遇,26830
卷之二十二,文翰部,書籍,藏書袖中,看所藏何書五經文史爲上吉雜書稗說次曰之淫詞艶曲爲至凶藏右袖則吉左袖則凶,26839
卷之二十二,文翰部,書籍,帶束書,主事有成當有秦晉之盟後必生貴子秀士不曰宜夢此夢則所學不進也經營者夢之亦不利,26847
卷之二十二,文翰部,書籍,錦衣裹書吉,功名顯達之象在春夢之全吉秋次之夏冬曰又次之紫錦爲上藍次之紅綠玄又次之,26851
卷之二十二,文翰部,書籍,屋角有書籍,履險而坦居危而安素位以行曰則无咎不可妄有所作爲也,26855
卷之二十二,文翰部,書籍,舟載書史吉,夢中無風波之險順流而行則有得意快心曰之事如巳傍岸主發科甲暗中得神祐之力,26863
卷之二十二,文翰部,書籍,鳥銜書大吉,翶翔雲漢展翅天衢士子名成志遂之符也曰常人夢之有佳音至女子夢之則生貴子,26873
卷之二十二,文翰部,書籍,捕魚觀書吉,夢此者主享安寧之福得後昆之力曰無疾永年後生夢此主得無本之利,26877
卷之二十二,文翰部,書籍,置書史于花側,舉業者夢此則無成尋常者夢此則得助就得夢曰之人與時推之自驗矣,26885
卷之二十二,文翰部,書籍,展書竹林中吉,修身以俟虚心以求清節之吉人所不曰可及也,26890
卷之二十二,文翰部,書籍,蕉葉覆書,主有大人覆庇且沐其休澤,26900
卷之二十二,文翰部,書籍,執編攀枝,名未能遂志未能伸若是枯枝終身無成也,26913
卷之二十二,文翰部,書籍,裁經史作佩玉吉,溫其如玉君子之德裁以爲佩服無斁,26938
卷之二十二,文翰部,書籍,金銀中得書籍,觀人品之清濁清者顯達而無終濁者得爵曰而無祿至若商賈之士利薄而微不足算也,26948
卷之二十二,文翰部,書籍,持錢買書吉,有志未遂謀事未成終必有慶夢此者凡曰所作爲皆當從緩發軔之初創始之象也,26952
卷之二十二,文翰部,書籍,書字變成五色字大吉投時皆,合賢愚共慕在幼年夢之更妙老年夢之主封爵曰至主得晩年秀子常人夢此主得,26964
卷之二十二,文翰部,書籍,黃紙書大吉,至中至和乃吉乃亨夢此者主食中土之祿爲郡曰守之職商賈夢之往秦晉之地必大有獲而返也,26971
卷之二十二,文翰部,書籍,煉丹書,夢此主被小人竊取財物是非曰爭辨不巳有百日之憂無大損,26975
卷之二十二,文翰部,書籍,血漬書吉,夢此者主骨肉相會即不會亦必有曰音問來通士人夢之必得異地賢友,26990
卷之二十二,文翰部,書籍,半部書吉,正中而不偏有謀不可過望名曰成就利均平女子夢之主招婿,26999
卷之二十二,文翰部,書籍,書古而多吉,主獲奇異之物得意外之財其物其財不在人亦曰不在室非道上則地中學者夢此當有人求製作,27009
卷之二十二,文翰部,書籍,書皆小部吉,簡而文多而不費以小成大之象也小試主得高曰名小本主得大利主多生子而秀雅極佳之夢也,27020
卷之二十二,文翰部,書籍,書在厨中貞吉,厨中書夢主藏機,27035
卷之二十二,文翰部,書籍,截書不利,截絕也兆之功名没事業敗曰父母主刑尅夫婦有災殃,27066
卷之二十二,文翰部,書籍,人授赦書赦解也解難之散也,之或有否事者轉凶爲吉占之象,27076
卷之二十二,文翰部,書籍,閱秘書貞吉,秘乃不泄之機,27092
卷之二十二,文翰部,書籍,向人求書不利,求俯仰不遂之狀也夢之主圖謀難遂經紀曰難成士子宜藏商人未穩百凡靜守爲是,27098
卷之二十二,文翰部,書籍,收買書吉,收書納盡世間春家慶重重喜事新曰,27102
卷之二十二,文翰部,書籍,人授兵書貞吉否凶,邊疆,27109
卷之二十二,文翰部,書籍,書置案頭吉,書在几案間清寧百事閒曰無災即是福人物靜如山,27154
卷之二十二,文翰部,書籍,書藏櫃中不利,此兆也鬱而未伸之象士子多蹭蹬紅曰顏多抑挫老年者疾病啾喞鮮有如意,27164
卷之二十二,文翰部,書籍,書埋土中凶此兆主晦暗不明之象文士未能發達九流不遇,其時一應經營謀望尚宜守正不可躁進病者有曰不起之憂惟農圃夢之大利,27177
卷之二十二,文翰部,書籍,書破碎凶,此兆狼籍破敗夢之諸曰事不宜,27201
卷之二十二,文翰部,經卷,毛詩貞吉否凶,詩本人情該物理,27246
卷之二十二,文翰部,經卷,二雅大吉,小雅始鹿鳴大雅始文王,27264
卷之二十二,文翰部,經卷,尚書吉,二帝三王之書今有壁經之名夢此得遇機曰會凡事光亨仕宦應作是官士人應業是經,27274
卷之二十二,文翰部,經卷,洪範九疇,此箕子歸周作此以陳武王也九疇與八卦相,27285
卷之二十二,文翰部,經卷,春秋吉,孔子因魯史以脩春秋嚴一字之褒貶夢曰此經者必能主持世教公天下之是非,27291
卷之二十二,文翰部,經卷,先聖授六經,學者夢此天以佐其才也,27319
卷之二十二,文翰部,史傳,三墳五典之書吉,智士夢此必得秘傳之妙常人夢此必有曰起家之術婦人夢此可作女中之學士,27337
卷之二十二,文翰部,史傳,國史貞吉否凶,編年記事之書也,27341
卷之二十二,文翰部,史傳,列傅吉,凡夢之者必有所得或得文才或得名利曰或得良友或得賢嗣或得成家立身之道,27348
卷之二十二,文翰部,佛老,佛法吉,佛法自漢入中國前人术有佛之者兼金四十曰二章經勸善戒惡一法也夢此者得佛力普度,27360
卷之二十二,文翰部,佛老,番經吉,竺乾梵貝寫番經法說眞空法更眞曰此兆錢財虚内實百凡圖望屈中伸,27396
卷之二十二,文翰部,佛老,聖經吉,此兆主嗌智慧逢財曰遇喜無不吉利也,27400
卷之二十二,文翰部,佛老,朱字經,朱正色也夢之當有喜慶臨門士子脫白曰掛綠之象春夏不宜夢此恐有火燭之虞,27408
卷之二十二,文翰部,佛老,竈王經貞吉否凶,司命之神所宣眞誥不過警戒世人人若夢此,27511
卷之二十二,文翰部,詩詞,命題屬文吉,夢神人命題者天意所在也因而屬文者學曰力所及也凡夢此者譽顯當時名揚後世,27522
卷之二十二,文翰部,詩詞,吟咏,夢中雖自其口出而神使之也天之所以露其曰機也故有以異於平日之所撰而爲事物之識,27609
卷之二十二,文翰部,詩詞,李太白詩,之,27634
卷之二十二,文翰部,詩詞,壽詩,壽詩爲源深流長之兆然必味曰其詩中語意定之吉凶可也,27673
卷之二十二,文翰部,詩詞,新婚詩,此兆主士子登科名利兩得亦曰必詳其詩中美惡通變之可耳,27677
卷之二十二,文翰部,詩詞,歌謠,此兆大抵吉凶相半曰看其夢中語意定之,27685
卷之二十二,文翰部,字畫,楷書真字,凡夢此者其象因人而施其兆即物而見其曰文深其義隱或占其音或占其體後皆有驗,27717
卷之二十二,文翰部,字畫,笠飄水畔,笠飄水畔若浮鷗出岫𬮈雲不繫舟,27799
卷之二十三,名數部,名姓,名當顯何年,髪不爽,27983
卷之二十三,名數部,名姓,人與巳同名姓吉,同心斷金之象夢此者舉子主交益友商賈主曰招良伴作事得人力輔助動無不利是夢之徵,28041
卷之二十三,名數部,名姓,金榜題名,三唱雞聲春睡兄床頭書濕漏烟霞,28081
卷之二十三,名數部,名姓,以字作名,堪歎人生眞夢幼笑看玉兎逐金烏,28088
卷之二十三,名數部,名姓,師長命名大吉,顯姓揚名成大業宵來寐寤兆先通,28110
卷之二十三,名數部,名姓,御筆題名細加詳察自然應驗,一枝暫作鷦鷯寄他日翺翔集鳳凰,28118
卷之二十三,名數部,名姓,名標靑史貞吉,義膽忠肝草木香勳猷揭地掀天,28128
卷之二十三,名數部,名姓,靑漢中大書自巳名字大吉士,朝陽奮翮看鳴鳳破浪乘風羡化魚,28139
卷之二十三,名數部,名姓,旗幟上書巳名姓,遠振英聲騰宇内文成佳韻奏簫韶,28196
卷之二十三,名數部,奇名,鳥呼人名字,夢此者主赴盛筵接賢賔主有遠客至主有所曰獲如呼女人名字主内人有私約當就夢推之,28230
卷之二十三,名數部,異姓,書姓懸樹上,在梅桂等則名騰四宇在桃柳等則裘馬風流,28274
卷之二十九,夢原,周禮,大卜掌三兆之法一玉兆二瓦兆三原兆掌三易之法一連山二歸藏三周易掌三夢之法一曰致夢二曰觭夢三曰咸陟其經運十其别九十,夢以歲時日月星辰爲運夢之吉凶每運九變故其别九十其術今亡矣,36954
